district,year,scenario,drought_probability,proj_rainfall_mm,proj_temp_c,proj_spi3,vulnerability,cdsi_mean,data_source,latitude,longitude
Adilabad,2026,SSP2-4.5,0.724,1301.4,27.04,0.455,0.82,0.616,NASA POWER 2000-2024 + IPCC AR6 SSP rates,19.6641,78.532
Adilabad,2027,SSP2-4.5,0.725,1311.4,27.06,0.47,0.82,0.616,NASA POWER 2000-2024 + IPCC AR6 SSP rates,19.6641,78.532
Adilabad,2028,SSP2-4.5,0.725,1321.4,27.07,0.486,0.82,0.617,NASA POWER 2000-2024 + IPCC AR6 SSP rates,19.6641,78.532
Adilabad,2029,SSP2-4.5,0.726,1331.4,27.09,0.501,0.82,0.617,NASA POWER 2000-2024 + IPCC AR6 SSP rates,19.6641,78.532
Adilabad,2030,SSP2-4.5,0.727,1341.4,27.11,0.516,0.82,0.618,NASA POWER 2000-2024 + IPCC AR6 SSP rates,19.6641,78.532
Adilabad,2031,SSP2-4.5,0.728,1351.4,27.12,0.531,0.82,0.618,NASA POWER 2000-2024 + IPCC AR6 SSP rates,19.6641,78.532
Adilabad,2032,SSP2-4.5,0.728,1361.4,27.14,0.546,0.82,0.619,NASA POWER 2000-2024 + IPCC AR6 SSP rates,19.6641,78.532
Adilabad,2033,SSP2-4.5,0.729,1371.5,27.16,0.561,0.82,0.62,NASA POWER 2000-2024 + IPCC AR6 SSP rates,19.6641,78.532
Adilabad,2034,SSP2-4.5,0.73,1381.5,27.18,0.576,0.82,0.62,NASA POWER 2000-2024 + IPCC AR6 SSP rates,19.6641,78.532
Adilabad,2035,SSP2-4.5,0.73,1391.5,27.19,0.591,0.82,0.621,NASA POWER 2000-2024 + IPCC AR6 SSP rates,19.6641,78.532
Adilabad,2036,SSP2-4.5,0.731,1401.5,27.21,0.606,0.82,0.621,NASA POWER 2000-2024 + IPCC AR6 SSP rates,19.6641,78.532
Adilabad,2037,SSP2-4.5,0.732,1411.5,27.23,0.621,0.82,0.622,NASA POWER 2000-2024 + IPCC AR6 SSP rates,19.6641,78.532
Adilabad,2038,SSP2-4.5,0.732,1421.5,27.24,0.636,0.82,0.622,NASA POWER 2000-2024 + IPCC AR6 SSP rates,19.6641,78.532
Adilabad,2039,SSP2-4.5,0.733,1431.5,27.26,0.651,0.82,0.623,NASA POWER 2000-2024 + IPCC AR6 SSP rates,19.6641,78.532
Adilabad,2040,SSP2-4.5,0.734,1441.5,27.28,0.666,0.82,0.624,NASA POWER 2000-2024 + IPCC AR6 SSP rates,19.6641,78.532
Adilabad,2026,SSP5-8.5,0.735,1259.2,27.32,0.371,0.82,0.625,NASA POWER 2000-2024 + IPCC AR6 SSP rates,19.6641,78.532
Adilabad,2027,SSP5-8.5,0.737,1266.2,27.36,0.38,0.82,0.626,NASA POWER 2000-2024 + IPCC AR6 SSP rates,19.6641,78.532
Adilabad,2028,SSP5-8.5,0.738,1273.2,27.39,0.39,0.82,0.628,NASA POWER 2000-2024 + IPCC AR6 SSP rates,19.6641,78.532
Adilabad,2029,SSP5-8.5,0.74,1280.2,27.43,0.399,0.82,0.629,NASA POWER 2000-2024 + IPCC AR6 SSP rates,19.6641,78.532
Adilabad,2030,SSP5-8.5,0.741,1287.2,27.47,0.408,0.82,0.63,NASA POWER 2000-2024 + IPCC AR6 SSP rates,19.6641,78.532
Adilabad,2031,SSP5-8.5,0.743,1294.1,27.5,0.417,0.82,0.631,NASA POWER 2000-2024 + IPCC AR6 SSP rates,19.6641,78.532
Adilabad,2032,SSP5-8.5,0.744,1301.1,27.54,0.426,0.82,0.633,NASA POWER 2000-2024 + IPCC AR6 SSP rates,19.6641,78.532
Adilabad,2033,SSP5-8.5,0.746,1308.1,27.58,0.435,0.82,0.634,NASA POWER 2000-2024 + IPCC AR6 SSP rates,19.6641,78.532
Adilabad,2034,SSP5-8.5,0.747,1315.1,27.62,0.444,0.82,0.635,NASA POWER 2000-2024 + IPCC AR6 SSP rates,19.6641,78.532
Adilabad,2035,SSP5-8.5,0.749,1322.1,27.65,0.453,0.82,0.636,NASA POWER 2000-2024 + IPCC AR6 SSP rates,19.6641,78.532
Adilabad,2036,SSP5-8.5,0.75,1329.1,27.69,0.462,0.82,0.638,NASA POWER 2000-2024 + IPCC AR6 SSP rates,19.6641,78.532
Adilabad,2037,SSP5-8.5,0.752,1336.1,27.73,0.471,0.82,0.639,NASA POWER 2000-2024 + IPCC AR6 SSP rates,19.6641,78.532
Adilabad,2038,SSP5-8.5,0.753,1343.1,27.76,0.48,0.82,0.64,NASA POWER 2000-2024 + IPCC AR6 SSP rates,19.6641,78.532
Adilabad,2039,SSP5-8.5,0.755,1350.0,27.8,0.489,0.82,0.641,NASA POWER 2000-2024 + IPCC AR6 SSP rates,19.6641,78.532
Adilabad,2040,SSP5-8.5,0.756,1357.0,27.84,0.498,0.82,0.643,NASA POWER 2000-2024 + IPCC AR6 SSP rates,19.6641,78.532
Bhadradri Kothagudem,2026,SSP2-4.5,0.821,1372.6,27.92,0.445,0.9,0.698,NASA POWER 2000-2024 + IPCC AR6 SSP rates,17.5543,80.6198
Bhadradri Kothagudem,2027,SSP2-4.5,0.822,1381.3,27.95,0.46,0.9,0.699,NASA POWER 2000-2024 + IPCC AR6 SSP rates,17.5543,80.6198
Bhadradri Kothagudem,2028,SSP2-4.5,0.824,1390.0,27.98,0.476,0.9,0.7,NASA POWER 2000-2024 + IPCC AR6 SSP rates,17.5543,80.6198
Bhadradri Kothagudem,2029,SSP2-4.5,0.825,1398.8,28.01,0.491,0.9,0.701,NASA POWER 2000-2024 + IPCC AR6 SSP rates,17.5543,80.6198
Bhadradri Kothagudem,2030,SSP2-4.5,0.826,1407.5,28.05,0.506,0.9,0.702,NASA POWER 2000-2024 + IPCC AR6 SSP rates,17.5543,80.6198
Bhadradri Kothagudem,2031,SSP2-4.5,0.828,1416.2,28.08,0.521,0.9,0.703,NASA POWER 2000-2024 + IPCC AR6 SSP rates,17.5543,80.6198
Bhadradri Kothagudem,2032,SSP2-4.5,0.829,1425.0,28.11,0.536,0.9,0.705,NASA POWER 2000-2024 + IPCC AR6 SSP rates,17.5543,80.6198
Bhadradri Kothagudem,2033,SSP2-4.5,0.83,1433.7,28.15,0.551,0.9,0.706,NASA POWER 2000-2024 + IPCC AR6 SSP rates,17.5543,80.6198
Bhadradri Kothagudem,2034,SSP2-4.5,0.831,1442.4,28.18,0.566,0.9,0.707,NASA POWER 2000-2024 + IPCC AR6 SSP rates,17.5543,80.6198
Bhadradri Kothagudem,2035,SSP2-4.5,0.833,1451.2,28.21,0.581,0.9,0.708,NASA POWER 2000-2024 + IPCC AR6 SSP rates,17.5543,80.6198
Bhadradri Kothagudem,2036,SSP2-4.5,0.834,1459.9,28.25,0.596,0.9,0.709,NASA POWER 2000-2024 + IPCC AR6 SSP rates,17.5543,80.6198
Bhadradri Kothagudem,2037,SSP2-4.5,0.835,1468.6,28.28,0.611,0.9,0.71,NASA POWER 2000-2024 + IPCC AR6 SSP rates,17.5543,80.6198
Bhadradri Kothagudem,2038,SSP2-4.5,0.837,1477.4,28.31,0.626,0.9,0.711,NASA POWER 2000-2024 + IPCC AR6 SSP rates,17.5543,80.6198
Bhadradri Kothagudem,2039,SSP2-4.5,0.838,1486.1,28.35,0.641,0.9,0.712,NASA POWER 2000-2024 + IPCC AR6 SSP rates,17.5543,80.6198
Bhadradri Kothagudem,2040,SSP2-4.5,0.839,1494.8,28.38,0.656,0.9,0.713,NASA POWER 2000-2024 + IPCC AR6 SSP rates,17.5543,80.6198
Bhadradri Kothagudem,2026,SSP5-8.5,0.832,1326.1,28.2,0.361,0.9,0.707,NASA POWER 2000-2024 + IPCC AR6 SSP rates,17.5543,80.6198
Bhadradri Kothagudem,2027,SSP5-8.5,0.834,1331.6,28.25,0.37,0.9,0.709,NASA POWER 2000-2024 + IPCC AR6 SSP rates,17.5543,80.6198
Bhadradri Kothagudem,2028,SSP5-8.5,0.836,1337.0,28.3,0.38,0.9,0.711,NASA POWER 2000-2024 + IPCC AR6 SSP rates,17.5543,80.6198
Bhadradri Kothagudem,2029,SSP5-8.5,0.838,1342.4,28.35,0.389,0.9,0.713,NASA POWER 2000-2024 + IPCC AR6 SSP rates,17.5543,80.6198
Bhadradri Kothagudem,2030,SSP5-8.5,0.841,1347.8,28.41,0.398,0.9,0.714,NASA POWER 2000-2024 + IPCC AR6 SSP rates,17.5543,80.6198
Bhadradri Kothagudem,2031,SSP5-8.5,0.843,1353.2,28.46,0.407,0.9,0.716,NASA POWER 2000-2024 + IPCC AR6 SSP rates,17.5543,80.6198
Bhadradri Kothagudem,2032,SSP5-8.5,0.845,1358.6,28.51,0.416,0.9,0.718,NASA POWER 2000-2024 + IPCC AR6 SSP rates,17.5543,80.6198
Bhadradri Kothagudem,2033,SSP5-8.5,0.847,1364.0,28.57,0.425,0.9,0.72,NASA POWER 2000-2024 + IPCC AR6 SSP rates,17.5543,80.6198
Bhadradri Kothagudem,2034,SSP5-8.5,0.849,1369.4,28.62,0.434,0.9,0.722,NASA POWER 2000-2024 + IPCC AR6 SSP rates,17.5543,80.6198
Bhadradri Kothagudem,2035,SSP5-8.5,0.851,1374.9,28.67,0.443,0.9,0.724,NASA POWER 2000-2024 + IPCC AR6 SSP rates,17.5543,80.6198
Bhadradri Kothagudem,2036,SSP5-8.5,0.853,1380.3,28.73,0.452,0.9,0.725,NASA POWER 2000-2024 + IPCC AR6 SSP rates,17.5543,80.6198
Bhadradri Kothagudem,2037,SSP5-8.5,0.855,1385.7,28.78,0.461,0.9,0.727,NASA POWER 2000-2024 + IPCC AR6 SSP rates,17.5543,80.6198
Bhadradri Kothagudem,2038,SSP5-8.5,0.858,1391.1,28.83,0.47,0.9,0.729,NASA POWER 2000-2024 + IPCC AR6 SSP rates,17.5543,80.6198
Bhadradri Kothagudem,2039,SSP5-8.5,0.86,1396.5,28.89,0.479,0.9,0.731,NASA POWER 2000-2024 + IPCC AR6 SSP rates,17.5543,80.6198
Bhadradri Kothagudem,2040,SSP5-8.5,0.862,1401.9,28.94,0.488,0.9,0.733,NASA POWER 2000-2024 + IPCC AR6 SSP rates,17.5543,80.6198
Hyderabad,2026,SSP2-4.5,0.86,862.4,26.55,-0.047,0.94,0.731,NASA POWER 2000-2024 + IPCC AR6 SSP rates,17.385,78.4867
Hyderabad,2027,SSP2-4.5,0.861,862.2,26.58,-0.051,0.94,0.732,NASA POWER 2000-2024 + IPCC AR6 SSP rates,17.385,78.4867
Hyderabad,2028,SSP2-4.5,0.863,862.0,26.61,-0.055,0.94,0.733,NASA POWER 2000-2024 + IPCC AR6 SSP rates,17.385,78.4867
Hyderabad,2029,SSP2-4.5,0.864,861.7,26.64,-0.059,0.94,0.734,NASA POWER 2000-2024 + IPCC AR6 SSP rates,17.385,78.4867
Hyderabad,2030,SSP2-4.5,0.865,861.5,26.68,-0.063,0.94,0.735,NASA POWER 2000-2024 + IPCC AR6 SSP rates,17.385,78.4867
Hyderabad,2031,SSP2-4.5,0.866,861.2,26.71,-0.067,0.94,0.736,NASA POWER 2000-2024 + IPCC AR6 SSP rates,17.385,78.4867
Hyderabad,2032,SSP2-4.5,0.868,861.0,26.74,-0.071,0.94,0.738,NASA POWER 2000-2024 + IPCC AR6 SSP rates,17.385,78.4867
Hyderabad,2033,SSP2-4.5,0.869,860.8,26.77,-0.075,0.94,0.739,NASA POWER 2000-2024 + IPCC AR6 SSP rates,17.385,78.4867
Hyderabad,2034,SSP2-4.5,0.87,860.5,26.8,-0.079,0.94,0.74,NASA POWER 2000-2024 + IPCC AR6 SSP rates,17.385,78.4867
Hyderabad,2035,SSP2-4.5,0.872,860.3,26.84,-0.083,0.94,0.741,NASA POWER 2000-2024 + IPCC AR6 SSP rates,17.385,78.4867
Hyderabad,2036,SSP2-4.5,0.873,860.1,26.87,-0.087,0.94,0.742,NASA POWER 2000-2024 + IPCC AR6 SSP rates,17.385,78.4867
Hyderabad,2037,SSP2-4.5,0.874,859.8,26.9,-0.091,0.94,0.743,NASA POWER 2000-2024 + IPCC AR6 SSP rates,17.385,78.4867
Hyderabad,2038,SSP2-4.5,0.875,859.6,26.93,-0.095,0.94,0.744,NASA POWER 2000-2024 + IPCC AR6 SSP rates,17.385,78.4867
Hyderabad,2039,SSP2-4.5,0.877,859.3,26.96,-0.099,0.94,0.745,NASA POWER 2000-2024 + IPCC AR6 SSP rates,17.385,78.4867
Hyderabad,2040,SSP2-4.5,0.878,859.1,27.0,-0.103,0.94,0.746,NASA POWER 2000-2024 + IPCC AR6 SSP rates,17.385,78.4867
Hyderabad,2026,SSP5-8.5,0.875,827.2,26.83,-0.131,0.94,0.744,NASA POWER 2000-2024 + IPCC AR6 SSP rates,17.385,78.4867
Hyderabad,2027,SSP5-8.5,0.878,824.5,26.88,-0.141,0.94,0.747,NASA POWER 2000-2024 + IPCC AR6 SSP rates,17.385,78.4867
Hyderabad,2028,SSP5-8.5,0.881,821.7,26.93,-0.151,0.94,0.749,NASA POWER 2000-2024 + IPCC AR6 SSP rates,17.385,78.4867
Hyderabad,2029,SSP5-8.5,0.884,819.0,26.98,-0.161,0.94,0.752,NASA POWER 2000-2024 + IPCC AR6 SSP rates,17.385,78.4867
Hyderabad,2030,SSP5-8.5,0.887,816.2,27.04,-0.171,0.94,0.754,NASA POWER 2000-2024 + IPCC AR6 SSP rates,17.385,78.4867
Hyderabad,2031,SSP5-8.5,0.891,813.5,27.09,-0.181,0.94,0.757,NASA POWER 2000-2024 + IPCC AR6 SSP rates,17.385,78.4867
Hyderabad,2032,SSP5-8.5,0.894,810.7,27.14,-0.191,0.94,0.76,NASA POWER 2000-2024 + IPCC AR6 SSP rates,17.385,78.4867
Hyderabad,2033,SSP5-8.5,0.897,807.9,27.19,-0.201,0.94,0.762,NASA POWER 2000-2024 + IPCC AR6 SSP rates,17.385,78.4867
Hyderabad,2034,SSP5-8.5,0.9,805.2,27.24,-0.211,0.94,0.765,NASA POWER 2000-2024 + IPCC AR6 SSP rates,17.385,78.4867
Hyderabad,2035,SSP5-8.5,0.903,802.4,27.3,-0.221,0.94,0.767,NASA POWER 2000-2024 + IPCC AR6 SSP rates,17.385,78.4867
Hyderabad,2036,SSP5-8.5,0.906,799.7,27.35,-0.231,0.94,0.77,NASA POWER 2000-2024 + IPCC AR6 SSP rates,17.385,78.4867
Hyderabad,2037,SSP5-8.5,0.909,796.9,27.4,-0.241,0.94,0.773,NASA POWER 2000-2024 + IPCC AR6 SSP rates,17.385,78.4867
Hyderabad,2038,SSP5-8.5,0.912,794.2,27.45,-0.251,0.94,0.775,NASA POWER 2000-2024 + IPCC AR6 SSP rates,17.385,78.4867
Hyderabad,2039,SSP5-8.5,0.915,791.4,27.5,-0.261,0.94,0.778,NASA POWER 2000-2024 + IPCC AR6 SSP rates,17.385,78.4867
Hyderabad,2040,SSP5-8.5,0.918,788.7,27.56,-0.271,0.94,0.78,NASA POWER 2000-2024 + IPCC AR6 SSP rates,17.385,78.4867
Jagtial,2026,SSP2-4.5,0.768,1220.1,27.26,0.37,0.86,0.653,NASA POWER 2000-2024 + IPCC AR6 SSP rates,18.7945,78.9182
Jagtial,2027,SSP2-4.5,0.769,1229.3,27.28,0.382,0.86,0.653,NASA POWER 2000-2024 + IPCC AR6 SSP rates,18.7945,78.9182
Jagtial,2028,SSP2-4.5,0.77,1238.6,27.3,0.393,0.86,0.654,NASA POWER 2000-2024 + IPCC AR6 SSP rates,18.7945,78.9182
Jagtial,2029,SSP2-4.5,0.77,1247.8,27.32,0.405,0.86,0.655,NASA POWER 2000-2024 + IPCC AR6 SSP rates,18.7945,78.9182
Jagtial,2030,SSP2-4.5,0.771,1257.1,27.34,0.417,0.86,0.656,NASA POWER 2000-2024 + IPCC AR6 SSP rates,18.7945,78.9182
Jagtial,2031,SSP2-4.5,0.772,1266.3,27.36,0.428,0.86,0.656,NASA POWER 2000-2024 + IPCC AR6 SSP rates,18.7945,78.9182
Jagtial,2032,SSP2-4.5,0.773,1275.5,27.38,0.44,0.86,0.657,NASA POWER 2000-2024 + IPCC AR6 SSP rates,18.7945,78.9182
Jagtial,2033,SSP2-4.5,0.774,1284.8,27.4,0.452,0.86,0.658,NASA POWER 2000-2024 + IPCC AR6 SSP rates,18.7945,78.9182
Jagtial,2034,SSP2-4.5,0.775,1294.0,27.42,0.463,0.86,0.658,NASA POWER 2000-2024 + IPCC AR6 SSP rates,18.7945,78.9182
Jagtial,2035,SSP2-4.5,0.775,1303.3,27.44,0.475,0.86,0.659,NASA POWER 2000-2024 + IPCC AR6 SSP rates,18.7945,78.9182
Jagtial,2036,SSP2-4.5,0.776,1312.5,27.46,0.487,0.86,0.66,NASA POWER 2000-2024 + IPCC AR6 SSP rates,18.7945,78.9182
Jagtial,2037,SSP2-4.5,0.777,1321.7,27.48,0.499,0.86,0.66,NASA POWER 2000-2024 + IPCC AR6 SSP rates,18.7945,78.9182
Jagtial,2038,SSP2-4.5,0.778,1331.0,27.5,0.51,0.86,0.661,NASA POWER 2000-2024 + IPCC AR6 SSP rates,18.7945,78.9182
Jagtial,2039,SSP2-4.5,0.779,1340.2,27.52,0.522,0.86,0.662,NASA POWER 2000-2024 + IPCC AR6 SSP rates,18.7945,78.9182
Jagtial,2040,SSP2-4.5,0.779,1349.4,27.54,0.534,0.86,0.663,NASA POWER 2000-2024 + IPCC AR6 SSP rates,18.7945,78.9182
Jagtial,2026,SSP5-8.5,0.779,1180.4,27.54,0.286,0.86,0.662,NASA POWER 2000-2024 + IPCC AR6 SSP rates,18.7945,78.9182
Jagtial,2027,SSP5-8.5,0.781,1186.8,27.58,0.292,0.86,0.664,NASA POWER 2000-2024 + IPCC AR6 SSP rates,18.7945,78.9182
Jagtial,2028,SSP5-8.5,0.782,1193.2,27.62,0.297,0.86,0.665,NASA POWER 2000-2024 + IPCC AR6 SSP rates,18.7945,78.9182
Jagtial,2029,SSP5-8.5,0.784,1199.6,27.66,0.303,0.86,0.666,NASA POWER 2000-2024 + IPCC AR6 SSP rates,18.7945,78.9182
Jagtial,2030,SSP5-8.5,0.786,1206.0,27.7,0.309,0.86,0.668,NASA POWER 2000-2024 + IPCC AR6 SSP rates,18.7945,78.9182
Jagtial,2031,SSP5-8.5,0.787,1212.4,27.74,0.314,0.86,0.669,NASA POWER 2000-2024 + IPCC AR6 SSP rates,18.7945,78.9182
Jagtial,2032,SSP5-8.5,0.789,1218.8,27.78,0.32,0.86,0.671,NASA POWER 2000-2024 + IPCC AR6 SSP rates,18.7945,78.9182
Jagtial,2033,SSP5-8.5,0.791,1225.2,27.82,0.326,0.86,0.672,NASA POWER 2000-2024 + IPCC AR6 SSP rates,18.7945,78.9182
Jagtial,2034,SSP5-8.5,0.792,1231.6,27.86,0.331,0.86,0.673,NASA POWER 2000-2024 + IPCC AR6 SSP rates,18.7945,78.9182
Jagtial,2035,SSP5-8.5,0.794,1238.0,27.9,0.337,0.86,0.675,NASA POWER 2000-2024 + IPCC AR6 SSP rates,18.7945,78.9182
Jagtial,2036,SSP5-8.5,0.795,1244.4,27.94,0.343,0.86,0.676,NASA POWER 2000-2024 + IPCC AR6 SSP rates,18.7945,78.9182
Jagtial,2037,SSP5-8.5,0.797,1250.8,27.98,0.349,0.86,0.677,NASA POWER 2000-2024 + IPCC AR6 SSP rates,18.7945,78.9182
Jagtial,2038,SSP5-8.5,0.799,1257.2,28.02,0.354,0.86,0.679,NASA POWER 2000-2024 + IPCC AR6 SSP rates,18.7945,78.9182
Jagtial,2039,SSP5-8.5,0.8,1263.6,28.06,0.36,0.86,0.68,NASA POWER 2000-2024 + IPCC AR6 SSP rates,18.7945,78.9182
Jagtial,2040,SSP5-8.5,0.802,1270.0,28.1,0.366,0.86,0.682,NASA POWER 2000-2024 + IPCC AR6 SSP rates,18.7945,78.9182
Jangoan,2026,SSP2-4.5,0.817,974.6,27.68,0.112,0.9,0.694,NASA POWER 2000-2024 + IPCC AR6 SSP rates,17.5,79.5
Jangoan,2027,SSP2-4.5,0.818,978.5,27.71,0.115,0.9,0.695,NASA POWER 2000-2024 + IPCC AR6 SSP rates,17.5,79.5
Jangoan,2028,SSP2-4.5,0.819,982.3,27.74,0.117,0.9,0.696,NASA POWER 2000-2024 + IPCC AR6 SSP rates,17.5,79.5
Jangoan,2029,SSP2-4.5,0.82,986.2,27.77,0.119,0.9,0.697,NASA POWER 2000-2024 + IPCC AR6 SSP rates,17.5,79.5
Jangoan,2030,SSP2-4.5,0.822,990.0,27.8,0.121,0.9,0.698,NASA POWER 2000-2024 + IPCC AR6 SSP rates,17.5,79.5
Jangoan,2031,SSP2-4.5,0.823,993.9,27.83,0.123,0.9,0.699,NASA POWER 2000-2024 + IPCC AR6 SSP rates,17.5,79.5
Jangoan,2032,SSP2-4.5,0.824,997.7,27.86,0.125,0.9,0.7,NASA POWER 2000-2024 + IPCC AR6 SSP rates,17.5,79.5
Jangoan,2033,SSP2-4.5,0.825,1001.6,27.89,0.127,0.9,0.701,NASA POWER 2000-2024 + IPCC AR6 SSP rates,17.5,79.5
Jangoan,2034,SSP2-4.5,0.826,1005.4,27.92,0.129,0.9,0.702,NASA POWER 2000-2024 + IPCC AR6 SSP rates,17.5,79.5
Jangoan,2035,SSP2-4.5,0.827,1009.3,27.95,0.131,0.9,0.703,NASA POWER 2000-2024 + IPCC AR6 SSP rates,17.5,79.5
Jangoan,2036,SSP2-4.5,0.829,1013.1,27.98,0.133,0.9,0.704,NASA POWER 2000-2024 + IPCC AR6 SSP rates,17.5,79.5
Jangoan,2037,SSP2-4.5,0.83,1017.0,28.01,0.135,0.9,0.705,NASA POWER 2000-2024 + IPCC AR6 SSP rates,17.5,79.5
Jangoan,2038,SSP2-4.5,0.831,1020.8,28.04,0.137,0.9,0.706,NASA POWER 2000-2024 + IPCC AR6 SSP rates,17.5,79.5
Jangoan,2039,SSP2-4.5,0.832,1024.7,28.06,0.14,0.9,0.707,NASA POWER 2000-2024 + IPCC AR6 SSP rates,17.5,79.5
Jangoan,2040,SSP2-4.5,0.833,1028.5,28.09,0.142,0.9,0.708,NASA POWER 2000-2024 + IPCC AR6 SSP rates,17.5,79.5
Jangoan,2026,SSP5-8.5,0.828,939.2,27.96,0.028,0.9,0.704,NASA POWER 2000-2024 + IPCC AR6 SSP rates,17.5,79.5
Jangoan,2027,SSP5-8.5,0.83,940.5,28.01,0.025,0.9,0.706,NASA POWER 2000-2024 + IPCC AR6 SSP rates,17.5,79.5
Jangoan,2028,SSP5-8.5,0.832,941.8,28.06,0.021,0.9,0.707,NASA POWER 2000-2024 + IPCC AR6 SSP rates,17.5,79.5
Jangoan,2029,SSP5-8.5,0.834,943.1,28.11,0.017,0.9,0.709,NASA POWER 2000-2024 + IPCC AR6 SSP rates,17.5,79.5
Jangoan,2030,SSP5-8.5,0.836,944.4,28.16,0.013,0.9,0.711,NASA POWER 2000-2024 + IPCC AR6 SSP rates,17.5,79.5
Jangoan,2031,SSP5-8.5,0.838,945.8,28.21,0.009,0.9,0.712,NASA POWER 2000-2024 + IPCC AR6 SSP rates,17.5,79.5
Jangoan,2032,SSP5-8.5,0.84,947.1,28.26,0.005,0.9,0.714,NASA POWER 2000-2024 + IPCC AR6 SSP rates,17.5,79.5
Jangoan,2033,SSP5-8.5,0.842,948.4,28.31,0.001,0.9,0.716,NASA POWER 2000-2024 + IPCC AR6 SSP rates,17.5,79.5
Jangoan,2034,SSP5-8.5,0.844,949.7,28.36,-0.003,0.9,0.717,NASA POWER 2000-2024 + IPCC AR6 SSP rates,17.5,79.5
Jangoan,2035,SSP5-8.5,0.846,951.0,28.41,-0.007,0.9,0.719,NASA POWER 2000-2024 + IPCC AR6 SSP rates,17.5,79.5
Jangoan,2036,SSP5-8.5,0.848,952.3,28.46,-0.011,0.9,0.721,NASA POWER 2000-2024 + IPCC AR6 SSP rates,17.5,79.5
Jangoan,2037,SSP5-8.5,0.85,953.7,28.51,-0.015,0.9,0.722,NASA POWER 2000-2024 + IPCC AR6 SSP rates,17.5,79.5
Jangoan,2038,SSP5-8.5,0.852,955.0,28.56,-0.019,0.9,0.724,NASA POWER 2000-2024 + IPCC AR6 SSP rates,17.5,79.5
Jangoan,2039,SSP5-8.5,0.854,956.3,28.6,-0.022,0.9,0.726,NASA POWER 2000-2024 + IPCC AR6 SSP rates,17.5,79.5
Jangoan,2040,SSP5-8.5,0.856,957.6,28.65,-0.026,0.9,0.727,NASA POWER 2000-2024 + IPCC AR6 SSP rates,17.5,79.5
Jayashankar Bhupalpally,2026,SSP2-4.5,0.767,1653.1,27.86,0.728,0.86,0.652,NASA POWER 2000-2024 + IPCC AR6 SSP rates,18.4352,79.9537
Jayashankar Bhupalpally,2027,SSP2-4.5,0.768,1671.7,27.88,0.754,0.86,0.653,NASA POWER 2000-2024 + IPCC AR6 SSP rates,18.4352,79.9537
Jayashankar Bhupalpally,2028,SSP2-4.5,0.769,1690.3,27.9,0.78,0.86,0.654,NASA POWER 2000-2024 + IPCC AR6 SSP rates,18.4352,79.9537
Jayashankar Bhupalpally,2029,SSP2-4.5,0.77,1708.9,27.92,0.806,0.86,0.654,NASA POWER 2000-2024 + IPCC AR6 SSP rates,18.4352,79.9537
Jayashankar Bhupalpally,2030,SSP2-4.5,0.771,1727.5,27.94,0.832,0.86,0.655,NASA POWER 2000-2024 + IPCC AR6 SSP rates,18.4352,79.9537
Jayashankar Bhupalpally,2031,SSP2-4.5,0.771,1746.1,27.96,0.858,0.86,0.656,NASA POWER 2000-2024 + IPCC AR6 SSP rates,18.4352,79.9537
Jayashankar Bhupalpally,2032,SSP2-4.5,0.772,1764.7,27.98,0.884,0.86,0.656,NASA POWER 2000-2024 + IPCC AR6 SSP rates,18.4352,79.9537
Jayashankar Bhupalpally,2033,SSP2-4.5,0.773,1783.2,28.0,0.91,0.86,0.657,NASA POWER 2000-2024 + IPCC AR6 SSP rates,18.4352,79.9537
Jayashankar Bhupalpally,2034,SSP2-4.5,0.774,1801.8,28.02,0.936,0.86,0.658,NASA POWER 2000-2024 + IPCC AR6 SSP rates,18.4352,79.9537
Jayashankar Bhupalpally,2035,SSP2-4.5,0.775,1820.4,28.04,0.962,0.86,0.658,NASA POWER 2000-2024 + IPCC AR6 SSP rates,18.4352,79.9537
Jayashankar Bhupalpally,2036,SSP2-4.5,0.775,1839.0,28.06,0.988,0.86,0.659,NASA POWER 2000-2024 + IPCC AR6 SSP rates,18.4352,79.9537
Jayashankar Bhupalpally,2037,SSP2-4.5,0.776,1857.6,28.08,1.014,0.86,0.66,NASA POWER 2000-2024 + IPCC AR6 SSP rates,18.4352,79.9537
Jayashankar Bhupalpally,2038,SSP2-4.5,0.777,1876.2,28.1,1.04,0.86,0.66,NASA POWER 2000-2024 + IPCC AR6 SSP rates,18.4352,79.9537
Jayashankar Bhupalpally,2039,SSP2-4.5,0.778,1894.8,28.12,1.067,0.86,0.661,NASA POWER 2000-2024 + IPCC AR6 SSP rates,18.4352,79.9537
Jayashankar Bhupalpally,2040,SSP2-4.5,0.779,1913.3,28.14,1.093,0.86,0.662,NASA POWER 2000-2024 + IPCC AR6 SSP rates,18.4352,79.9537
Jayashankar Bhupalpally,2026,SSP5-8.5,0.779,1605.7,28.14,0.644,0.86,0.662,NASA POWER 2000-2024 + IPCC AR6 SSP rates,18.4352,79.9537
Jayashankar Bhupalpally,2027,SSP5-8.5,0.78,1620.9,28.18,0.664,0.86,0.663,NASA POWER 2000-2024 + IPCC AR6 SSP rates,18.4352,79.9537
Jayashankar Bhupalpally,2028,SSP5-8.5,0.782,1636.1,28.22,0.684,0.86,0.665,NASA POWER 2000-2024 + IPCC AR6 SSP rates,18.4352,79.9537
Jayashankar Bhupalpally,2029,SSP5-8.5,0.783,1651.3,28.26,0.704,0.86,0.666,NASA POWER 2000-2024 + IPCC AR6 SSP rates,18.4352,79.9537
Jayashankar Bhupalpally,2030,SSP5-8.5,0.785,1666.5,28.3,0.724,0.86,0.667,NASA POWER 2000-2024 + IPCC AR6 SSP rates,18.4352,79.9537
Jayashankar Bhupalpally,2031,SSP5-8.5,0.787,1681.7,28.34,0.744,0.86,0.669,NASA POWER 2000-2024 + IPCC AR6 SSP rates,18.4352,79.9537
Jayashankar Bhupalpally,2032,SSP5-8.5,0.788,1696.9,28.38,0.764,0.86,0.67,NASA POWER 2000-2024 + IPCC AR6 SSP rates,18.4352,79.9537
Jayashankar Bhupalpally,2033,SSP5-8.5,0.79,1712.1,28.42,0.784,0.86,0.671,NASA POWER 2000-2024 + IPCC AR6 SSP rates,18.4352,79.9537
Jayashankar Bhupalpally,2034,SSP5-8.5,0.791,1727.3,28.46,0.804,0.86,0.673,NASA POWER 2000-2024 + IPCC AR6 SSP rates,18.4352,79.9537
Jayashankar Bhupalpally,2035,SSP5-8.5,0.793,1742.5,28.5,0.824,0.86,0.674,NASA POWER 2000-2024 + IPCC AR6 SSP rates,18.4352,79.9537
Jayashankar Bhupalpally,2036,SSP5-8.5,0.795,1757.7,28.54,0.844,0.86,0.675,NASA POWER 2000-2024 + IPCC AR6 SSP rates,18.4352,79.9537
Jayashankar Bhupalpally,2037,SSP5-8.5,0.796,1772.9,28.58,0.864,0.86,0.677,NASA POWER 2000-2024 + IPCC AR6 SSP rates,18.4352,79.9537
Jayashankar Bhupalpally,2038,SSP5-8.5,0.798,1788.1,28.62,0.884,0.86,0.678,NASA POWER 2000-2024 + IPCC AR6 SSP rates,18.4352,79.9537
Jayashankar Bhupalpally,2039,SSP5-8.5,0.799,1803.3,28.66,0.905,0.86,0.68,NASA POWER 2000-2024 + IPCC AR6 SSP rates,18.4352,79.9537
Jayashankar Bhupalpally,2040,SSP5-8.5,0.801,1818.5,28.7,0.925,0.86,0.681,NASA POWER 2000-2024 + IPCC AR6 SSP rates,18.4352,79.9537
Jogulamba Gadwal,2026,SSP2-4.5,0.907,541.1,28.54,-0.374,0.9,0.771,NASA POWER 2000-2024 + IPCC AR6 SSP rates,16.2305,77.8058
Jogulamba Gadwal,2027,SSP2-4.5,0.912,534.9,28.6,-0.391,0.9,0.775,NASA POWER 2000-2024 + IPCC AR6 SSP rates,16.2305,77.8058
Jogulamba Gadwal,2028,SSP2-4.5,0.917,528.7,28.66,-0.408,0.9,0.78,NASA POWER 2000-2024 + IPCC AR6 SSP rates,16.2305,77.8058
Jogulamba Gadwal,2029,SSP2-4.5,0.922,522.4,28.72,-0.425,0.9,0.784,NASA POWER 2000-2024 + IPCC AR6 SSP rates,16.2305,77.8058
Jogulamba Gadwal,2030,SSP2-4.5,0.927,516.2,28.77,-0.442,0.9,0.788,NASA POWER 2000-2024 + IPCC AR6 SSP rates,16.2305,77.8058
Jogulamba Gadwal,2031,SSP2-4.5,0.932,510.0,28.83,-0.458,0.9,0.793,NASA POWER 2000-2024 + IPCC AR6 SSP rates,16.2305,77.8058
Jogulamba Gadwal,2032,SSP2-4.5,0.938,503.8,28.89,-0.475,0.9,0.797,NASA POWER 2000-2024 + IPCC AR6 SSP rates,16.2305,77.8058
Jogulamba Gadwal,2033,SSP2-4.5,0.943,497.5,28.95,-0.492,0.9,0.801,NASA POWER 2000-2024 + IPCC AR6 SSP rates,16.2305,77.8058
Jogulamba Gadwal,2034,SSP2-4.5,0.948,491.3,29.01,-0.509,0.9,0.806,NASA POWER 2000-2024 + IPCC AR6 SSP rates,16.2305,77.8058
Jogulamba Gadwal,2035,SSP2-4.5,0.95,485.1,29.06,-0.526,0.9,0.808,NASA POWER 2000-2024 + IPCC AR6 SSP rates,16.2305,77.8058
Jogulamba Gadwal,2036,SSP2-4.5,0.95,478.9,29.12,-0.543,0.9,0.808,NASA POWER 2000-2024 + IPCC AR6 SSP rates,16.2305,77.8058
Jogulamba Gadwal,2037,SSP2-4.5,0.95,472.6,29.18,-0.56,0.9,0.808,NASA POWER 2000-2024 + IPCC AR6 SSP rates,16.2305,77.8058
Jogulamba Gadwal,2038,SSP2-4.5,0.95,466.4,29.24,-0.576,0.9,0.808,NASA POWER 2000-2024 + IPCC AR6 SSP rates,16.2305,77.8058
Jogulamba Gadwal,2039,SSP2-4.5,0.95,460.2,29.29,-0.593,0.9,0.808,NASA POWER 2000-2024 + IPCC AR6 SSP rates,16.2305,77.8058
Jogulamba Gadwal,2040,SSP2-4.5,0.95,454.0,29.35,-0.61,0.9,0.808,NASA POWER 2000-2024 + IPCC AR6 SSP rates,16.2305,77.8058
Jogulamba Gadwal,2026,SSP5-8.5,0.931,512.6,28.82,-0.458,0.9,0.791,NASA POWER 2000-2024 + IPCC AR6 SSP rates,16.2305,77.8058
Jogulamba Gadwal,2027,SSP5-8.5,0.938,504.4,28.9,-0.481,0.9,0.797,NASA POWER 2000-2024 + IPCC AR6 SSP rates,16.2305,77.8058
Jogulamba Gadwal,2028,SSP5-8.5,0.945,496.1,28.98,-0.504,0.9,0.803,NASA POWER 2000-2024 + IPCC AR6 SSP rates,16.2305,77.8058
Jogulamba Gadwal,2029,SSP5-8.5,0.95,487.8,29.06,-0.527,0.9,0.808,NASA POWER 2000-2024 + IPCC AR6 SSP rates,16.2305,77.8058
Jogulamba Gadwal,2030,SSP5-8.5,0.95,479.6,29.13,-0.55,0.9,0.808,NASA POWER 2000-2024 + IPCC AR6 SSP rates,16.2305,77.8058
Jogulamba Gadwal,2031,SSP5-8.5,0.95,471.3,29.21,-0.572,0.9,0.808,NASA POWER 2000-2024 + IPCC AR6 SSP rates,16.2305,77.8058
Jogulamba Gadwal,2032,SSP5-8.5,0.95,463.0,29.29,-0.595,0.9,0.808,NASA POWER 2000-2024 + IPCC AR6 SSP rates,16.2305,77.8058
Jogulamba Gadwal,2033,SSP5-8.5,0.95,454.8,29.37,-0.618,0.9,0.808,NASA POWER 2000-2024 + IPCC AR6 SSP rates,16.2305,77.8058
Jogulamba Gadwal,2034,SSP5-8.5,0.95,446.5,29.45,-0.641,0.9,0.808,NASA POWER 2000-2024 + IPCC AR6 SSP rates,16.2305,77.8058
Jogulamba Gadwal,2035,SSP5-8.5,0.95,438.3,29.52,-0.664,0.9,0.808,NASA POWER 2000-2024 + IPCC AR6 SSP rates,16.2305,77.8058
Jogulamba Gadwal,2036,SSP5-8.5,0.95,430.0,29.6,-0.687,0.9,0.808,NASA POWER 2000-2024 + IPCC AR6 SSP rates,16.2305,77.8058
Jogulamba Gadwal,2037,SSP5-8.5,0.95,421.7,29.68,-0.71,0.9,0.808,NASA POWER 2000-2024 + IPCC AR6 SSP rates,16.2305,77.8058
Jogulamba Gadwal,2038,SSP5-8.5,0.95,413.5,29.76,-0.732,0.9,0.808,NASA POWER 2000-2024 + IPCC AR6 SSP rates,16.2305,77.8058
Jogulamba Gadwal,2039,SSP5-8.5,0.95,405.2,29.83,-0.755,0.9,0.808,NASA POWER 2000-2024 + IPCC AR6 SSP rates,16.2305,77.8058
Jogulamba Gadwal,2040,SSP5-8.5,0.95,397.0,29.91,-0.778,0.9,0.808,NASA POWER 2000-2024 + IPCC AR6 SSP rates,16.2305,77.8058
Kamareddy,2026,SSP2-4.5,0.781,967.3,27.28,-0.118,0.86,0.664,NASA POWER 2000-2024 + IPCC AR6 SSP rates,18.322,78.334
Kamareddy,2027,SSP2-4.5,0.782,968.8,27.32,-0.125,0.86,0.665,NASA POWER 2000-2024 + IPCC AR6 SSP rates,18.322,78.334
Kamareddy,2028,SSP2-4.5,0.783,970.3,27.35,-0.132,0.86,0.666,NASA POWER 2000-2024 + IPCC AR6 SSP rates,18.322,78.334
Kamareddy,2029,SSP2-4.5,0.785,971.8,27.38,-0.139,0.86,0.667,NASA POWER 2000-2024 + IPCC AR6 SSP rates,18.322,78.334
Kamareddy,2030,SSP2-4.5,0.786,973.2,27.42,-0.146,0.86,0.668,NASA POWER 2000-2024 + IPCC AR6 SSP rates,18.322,78.334
Kamareddy,2031,SSP2-4.5,0.787,974.7,27.45,-0.153,0.86,0.669,NASA POWER 2000-2024 + IPCC AR6 SSP rates,18.322,78.334
Kamareddy,2032,SSP2-4.5,0.789,976.2,27.48,-0.16,0.86,0.67,NASA POWER 2000-2024 + IPCC AR6 SSP rates,18.322,78.334
Kamareddy,2033,SSP2-4.5,0.79,977.7,27.51,-0.167,0.86,0.671,NASA POWER 2000-2024 + IPCC AR6 SSP rates,18.322,78.334
Kamareddy,2034,SSP2-4.5,0.791,979.2,27.55,-0.175,0.86,0.673,NASA POWER 2000-2024 + IPCC AR6 SSP rates,18.322,78.334
Kamareddy,2035,SSP2-4.5,0.793,980.7,27.58,-0.182,0.86,0.674,NASA POWER 2000-2024 + IPCC AR6 SSP rates,18.322,78.334
Kamareddy,2036,SSP2-4.5,0.794,982.2,27.61,-0.189,0.86,0.675,NASA POWER 2000-2024 + IPCC AR6 SSP rates,18.322,78.334
Kamareddy,2037,SSP2-4.5,0.795,983.6,27.65,-0.196,0.86,0.676,NASA POWER 2000-2024 + IPCC AR6 SSP rates,18.322,78.334
Kamareddy,2038,SSP2-4.5,0.796,985.1,27.68,-0.203,0.86,0.677,NASA POWER 2000-2024 + IPCC AR6 SSP rates,18.322,78.334
Kamareddy,2039,SSP2-4.5,0.798,986.6,27.71,-0.21,0.86,0.678,NASA POWER 2000-2024 + IPCC AR6 SSP rates,18.322,78.334
Kamareddy,2040,SSP2-4.5,0.799,988.1,27.74,-0.217,0.86,0.679,NASA POWER 2000-2024 + IPCC AR6 SSP rates,18.322,78.334
Kamareddy,2026,SSP5-8.5,0.792,929.7,27.56,-0.202,0.86,0.673,NASA POWER 2000-2024 + IPCC AR6 SSP rates,18.322,78.334
Kamareddy,2027,SSP5-8.5,0.794,928.4,27.62,-0.215,0.86,0.675,NASA POWER 2000-2024 + IPCC AR6 SSP rates,18.322,78.334
Kamareddy,2028,SSP5-8.5,0.796,927.2,27.67,-0.228,0.86,0.677,NASA POWER 2000-2024 + IPCC AR6 SSP rates,18.322,78.334
Kamareddy,2029,SSP5-8.5,0.798,926.0,27.72,-0.241,0.86,0.678,NASA POWER 2000-2024 + IPCC AR6 SSP rates,18.322,78.334
Kamareddy,2030,SSP5-8.5,0.8,924.8,27.78,-0.254,0.86,0.68,NASA POWER 2000-2024 + IPCC AR6 SSP rates,18.322,78.334
Kamareddy,2031,SSP5-8.5,0.802,923.6,27.83,-0.267,0.86,0.682,NASA POWER 2000-2024 + IPCC AR6 SSP rates,18.322,78.334
Kamareddy,2032,SSP5-8.5,0.805,922.4,27.88,-0.28,0.86,0.684,NASA POWER 2000-2024 + IPCC AR6 SSP rates,18.322,78.334
Kamareddy,2033,SSP5-8.5,0.807,921.2,27.93,-0.293,0.86,0.686,NASA POWER 2000-2024 + IPCC AR6 SSP rates,18.322,78.334
Kamareddy,2034,SSP5-8.5,0.809,920.0,27.99,-0.307,0.86,0.687,NASA POWER 2000-2024 + IPCC AR6 SSP rates,18.322,78.334
Kamareddy,2035,SSP5-8.5,0.811,918.8,28.04,-0.32,0.86,0.689,NASA POWER 2000-2024 + IPCC AR6 SSP rates,18.322,78.334
Kamareddy,2036,SSP5-8.5,0.813,917.6,28.09,-0.333,0.86,0.691,NASA POWER 2000-2024 + IPCC AR6 SSP rates,18.322,78.334
Kamareddy,2037,SSP5-8.5,0.815,916.4,28.15,-0.346,0.86,0.693,NASA POWER 2000-2024 + IPCC AR6 SSP rates,18.322,78.334
Kamareddy,2038,SSP5-8.5,0.817,915.2,28.2,-0.359,0.86,0.695,NASA POWER 2000-2024 + IPCC AR6 SSP rates,18.322,78.334
Kamareddy,2039,SSP5-8.5,0.819,914.0,28.25,-0.372,0.86,0.696,NASA POWER 2000-2024 + IPCC AR6 SSP rates,18.322,78.334
Kamareddy,2040,SSP5-8.5,0.821,912.8,28.3,-0.385,0.86,0.698,NASA POWER 2000-2024 + IPCC AR6 SSP rates,18.322,78.334
Karimnagar,2026,SSP2-4.5,0.761,1387.6,27.57,0.616,0.86,0.647,NASA POWER 2000-2024 + IPCC AR6 SSP rates,18.4386,79.1288
Karimnagar,2027,SSP2-4.5,0.762,1402.5,27.59,0.638,0.86,0.648,NASA POWER 2000-2024 + IPCC AR6 SSP rates,18.4386,79.1288
Karimnagar,2028,SSP2-4.5,0.763,1417.3,27.6,0.659,0.86,0.648,NASA POWER 2000-2024 + IPCC AR6 SSP rates,18.4386,79.1288
Karimnagar,2029,SSP2-4.5,0.763,1432.2,27.61,0.681,0.86,0.649,NASA POWER 2000-2024 + IPCC AR6 SSP rates,18.4386,79.1288
Karimnagar,2030,SSP2-4.5,0.764,1447.0,27.63,0.702,0.86,0.649,NASA POWER 2000-2024 + IPCC AR6 SSP rates,18.4386,79.1288
Karimnagar,2031,SSP2-4.5,0.764,1461.9,27.64,0.724,0.86,0.65,NASA POWER 2000-2024 + IPCC AR6 SSP rates,18.4386,79.1288
Karimnagar,2032,SSP2-4.5,0.765,1476.7,27.66,0.745,0.86,0.65,NASA POWER 2000-2024 + IPCC AR6 SSP rates,18.4386,79.1288
Karimnagar,2033,SSP2-4.5,0.765,1491.6,27.67,0.767,0.86,0.651,NASA POWER 2000-2024 + IPCC AR6 SSP rates,18.4386,79.1288
Karimnagar,2034,SSP2-4.5,0.766,1506.4,27.69,0.788,0.86,0.651,NASA POWER 2000-2024 + IPCC AR6 SSP rates,18.4386,79.1288
Karimnagar,2035,SSP2-4.5,0.767,1521.3,27.7,0.81,0.86,0.652,NASA POWER 2000-2024 + IPCC AR6 SSP rates,18.4386,79.1288
Karimnagar,2036,SSP2-4.5,0.767,1536.1,27.71,0.831,0.86,0.652,NASA POWER 2000-2024 + IPCC AR6 SSP rates,18.4386,79.1288
Karimnagar,2037,SSP2-4.5,0.768,1551.0,27.73,0.853,0.86,0.653,NASA POWER 2000-2024 + IPCC AR6 SSP rates,18.4386,79.1288
Karimnagar,2038,SSP2-4.5,0.768,1565.8,27.74,0.875,0.86,0.653,NASA POWER 2000-2024 + IPCC AR6 SSP rates,18.4386,79.1288
Karimnagar,2039,SSP2-4.5,0.769,1580.7,27.76,0.896,0.86,0.654,NASA POWER 2000-2024 + IPCC AR6 SSP rates,18.4386,79.1288
Karimnagar,2040,SSP2-4.5,0.769,1595.5,27.77,0.918,0.86,0.654,NASA POWER 2000-2024 + IPCC AR6 SSP rates,18.4386,79.1288
Karimnagar,2026,SSP5-8.5,0.773,1347.0,27.85,0.532,0.86,0.657,NASA POWER 2000-2024 + IPCC AR6 SSP rates,18.4386,79.1288
Karimnagar,2027,SSP5-8.5,0.774,1359.0,27.89,0.548,0.86,0.658,NASA POWER 2000-2024 + IPCC AR6 SSP rates,18.4386,79.1288
Karimnagar,2028,SSP5-8.5,0.775,1370.9,27.92,0.563,0.86,0.659,NASA POWER 2000-2024 + IPCC AR6 SSP rates,18.4386,79.1288
Karimnagar,2029,SSP5-8.5,0.777,1382.9,27.95,0.579,0.86,0.66,NASA POWER 2000-2024 + IPCC AR6 SSP rates,18.4386,79.1288
Karimnagar,2030,SSP5-8.5,0.778,1394.8,27.99,0.594,0.86,0.661,NASA POWER 2000-2024 + IPCC AR6 SSP rates,18.4386,79.1288
Karimnagar,2031,SSP5-8.5,0.78,1406.8,28.02,0.61,0.86,0.663,NASA POWER 2000-2024 + IPCC AR6 SSP rates,18.4386,79.1288
Karimnagar,2032,SSP5-8.5,0.781,1418.7,28.06,0.625,0.86,0.664,NASA POWER 2000-2024 + IPCC AR6 SSP rates,18.4386,79.1288
Karimnagar,2033,SSP5-8.5,0.782,1430.7,28.09,0.641,0.86,0.665,NASA POWER 2000-2024 + IPCC AR6 SSP rates,18.4386,79.1288
Karimnagar,2034,SSP5-8.5,0.784,1442.6,28.13,0.656,0.86,0.666,NASA POWER 2000-2024 + IPCC AR6 SSP rates,18.4386,79.1288
Karimnagar,2035,SSP5-8.5,0.785,1454.6,28.16,0.672,0.86,0.667,NASA POWER 2000-2024 + IPCC AR6 SSP rates,18.4386,79.1288
Karimnagar,2036,SSP5-8.5,0.786,1466.5,28.19,0.687,0.86,0.668,NASA POWER 2000-2024 + IPCC AR6 SSP rates,18.4386,79.1288
Karimnagar,2037,SSP5-8.5,0.788,1478.5,28.23,0.703,0.86,0.67,NASA POWER 2000-2024 + IPCC AR6 SSP rates,18.4386,79.1288
Karimnagar,2038,SSP5-8.5,0.789,1490.4,28.26,0.719,0.86,0.671,NASA POWER 2000-2024 + IPCC AR6 SSP rates,18.4386,79.1288
Karimnagar,2039,SSP5-8.5,0.79,1502.4,28.3,0.734,0.86,0.672,NASA POWER 2000-2024 + IPCC AR6 SSP rates,18.4386,79.1288
Karimnagar,2040,SSP5-8.5,0.792,1514.3,28.33,0.75,0.86,0.673,NASA POWER 2000-2024 + IPCC AR6 SSP rates,18.4386,79.1288
Khammam,2026,SSP2-4.5,0.743,1017.6,28.52,0.225,0.82,0.632,NASA POWER 2000-2024 + IPCC AR6 SSP rates,17.2473,80.1514
Khammam,2027,SSP2-4.5,0.745,1020.6,28.55,0.232,0.82,0.633,NASA POWER 2000-2024 + IPCC AR6 SSP rates,17.2473,80.1514
Khammam,2028,SSP2-4.5,0.746,1023.6,28.59,0.238,0.82,0.634,NASA POWER 2000-2024 + IPCC AR6 SSP rates,17.2473,80.1514
Khammam,2029,SSP2-4.5,0.748,1026.6,28.62,0.245,0.82,0.635,NASA POWER 2000-2024 + IPCC AR6 SSP rates,17.2473,80.1514
Khammam,2030,SSP2-4.5,0.749,1029.6,28.66,0.251,0.82,0.637,NASA POWER 2000-2024 + IPCC AR6 SSP rates,17.2473,80.1514
Khammam,2031,SSP2-4.5,0.75,1032.6,28.69,0.258,0.82,0.638,NASA POWER 2000-2024 + IPCC AR6 SSP rates,17.2473,80.1514
Khammam,2032,SSP2-4.5,0.752,1035.6,28.73,0.264,0.82,0.639,NASA POWER 2000-2024 + IPCC AR6 SSP rates,17.2473,80.1514
Khammam,2033,SSP2-4.5,0.753,1038.7,28.76,0.271,0.82,0.64,NASA POWER 2000-2024 + IPCC AR6 SSP rates,17.2473,80.1514
Khammam,2034,SSP2-4.5,0.755,1041.7,28.8,0.277,0.82,0.641,NASA POWER 2000-2024 + IPCC AR6 SSP rates,17.2473,80.1514
Khammam,2035,SSP2-4.5,0.756,1044.7,28.83,0.283,0.82,0.643,NASA POWER 2000-2024 + IPCC AR6 SSP rates,17.2473,80.1514
Khammam,2036,SSP2-4.5,0.757,1047.7,28.87,0.29,0.82,0.644,NASA POWER 2000-2024 + IPCC AR6 SSP rates,17.2473,80.1514
Khammam,2037,SSP2-4.5,0.759,1050.7,28.91,0.296,0.82,0.645,NASA POWER 2000-2024 + IPCC AR6 SSP rates,17.2473,80.1514
Khammam,2038,SSP2-4.5,0.76,1053.7,28.94,0.303,0.82,0.646,NASA POWER 2000-2024 + IPCC AR6 SSP rates,17.2473,80.1514
Khammam,2039,SSP2-4.5,0.762,1056.7,28.98,0.309,0.82,0.647,NASA POWER 2000-2024 + IPCC AR6 SSP rates,17.2473,80.1514
Khammam,2040,SSP2-4.5,0.763,1059.7,29.01,0.316,0.82,0.649,NASA POWER 2000-2024 + IPCC AR6 SSP rates,17.2473,80.1514
Khammam,2026,SSP5-8.5,0.755,979.5,28.8,0.141,0.82,0.641,NASA POWER 2000-2024 + IPCC AR6 SSP rates,17.2473,80.1514
Khammam,2027,SSP5-8.5,0.757,979.8,28.85,0.142,0.82,0.643,NASA POWER 2000-2024 + IPCC AR6 SSP rates,17.2473,80.1514
Khammam,2028,SSP5-8.5,0.759,980.1,28.91,0.142,0.82,0.645,NASA POWER 2000-2024 + IPCC AR6 SSP rates,17.2473,80.1514
Khammam,2029,SSP5-8.5,0.761,980.4,28.96,0.143,0.82,0.647,NASA POWER 2000-2024 + IPCC AR6 SSP rates,17.2473,80.1514
Khammam,2030,SSP5-8.5,0.763,980.7,29.02,0.143,0.82,0.649,NASA POWER 2000-2024 + IPCC AR6 SSP rates,17.2473,80.1514
Khammam,2031,SSP5-8.5,0.766,981.0,29.07,0.144,0.82,0.651,NASA POWER 2000-2024 + IPCC AR6 SSP rates,17.2473,80.1514
Khammam,2032,SSP5-8.5,0.768,981.2,29.13,0.144,0.82,0.653,NASA POWER 2000-2024 + IPCC AR6 SSP rates,17.2473,80.1514
Khammam,2033,SSP5-8.5,0.77,981.5,29.18,0.145,0.82,0.655,NASA POWER 2000-2024 + IPCC AR6 SSP rates,17.2473,80.1514
Khammam,2034,SSP5-8.5,0.772,981.8,29.24,0.145,0.82,0.656,NASA POWER 2000-2024 + IPCC AR6 SSP rates,17.2473,80.1514
Khammam,2035,SSP5-8.5,0.774,982.1,29.29,0.145,0.82,0.658,NASA POWER 2000-2024 + IPCC AR6 SSP rates,17.2473,80.1514
Khammam,2036,SSP5-8.5,0.777,982.4,29.35,0.146,0.82,0.66,NASA POWER 2000-2024 + IPCC AR6 SSP rates,17.2473,80.1514
Khammam,2037,SSP5-8.5,0.779,982.7,29.41,0.146,0.82,0.662,NASA POWER 2000-2024 + IPCC AR6 SSP rates,17.2473,80.1514
Khammam,2038,SSP5-8.5,0.781,983.0,29.46,0.147,0.82,0.664,NASA POWER 2000-2024 + IPCC AR6 SSP rates,17.2473,80.1514
Khammam,2039,SSP5-8.5,0.783,983.2,29.52,0.147,0.82,0.666,NASA POWER 2000-2024 + IPCC AR6 SSP rates,17.2473,80.1514
Khammam,2040,SSP5-8.5,0.786,983.5,29.57,0.148,0.82,0.668,NASA POWER 2000-2024 + IPCC AR6 SSP rates,17.2473,80.1514
Kumuram Bheem,2026,SSP2-4.5,0.721,1618.3,27.3,0.744,0.82,0.613,NASA POWER 2000-2024 + IPCC AR6 SSP rates,17.5,79.5
Kumuram Bheem,2027,SSP2-4.5,0.722,1634.8,27.32,0.771,0.82,0.614,NASA POWER 2000-2024 + IPCC AR6 SSP rates,17.5,79.5
Kumuram Bheem,2028,SSP2-4.5,0.723,1651.4,27.33,0.797,0.82,0.614,NASA POWER 2000-2024 + IPCC AR6 SSP rates,17.5,79.5
Kumuram Bheem,2029,SSP2-4.5,0.723,1668.0,27.34,0.823,0.82,0.615,NASA POWER 2000-2024 + IPCC AR6 SSP rates,17.5,79.5
Kumuram Bheem,2030,SSP2-4.5,0.724,1684.5,27.36,0.85,0.82,0.615,NASA POWER 2000-2024 + IPCC AR6 SSP rates,17.5,79.5
Kumuram Bheem,2031,SSP2-4.5,0.724,1701.1,27.37,0.876,0.82,0.616,NASA POWER 2000-2024 + IPCC AR6 SSP rates,17.5,79.5
Kumuram Bheem,2032,SSP2-4.5,0.725,1717.7,27.39,0.902,0.82,0.616,NASA POWER 2000-2024 + IPCC AR6 SSP rates,17.5,79.5
Kumuram Bheem,2033,SSP2-4.5,0.726,1734.2,27.4,0.929,0.82,0.617,NASA POWER 2000-2024 + IPCC AR6 SSP rates,17.5,79.5
Kumuram Bheem,2034,SSP2-4.5,0.726,1750.8,27.42,0.955,0.82,0.617,NASA POWER 2000-2024 + IPCC AR6 SSP rates,17.5,79.5
Kumuram Bheem,2035,SSP2-4.5,0.727,1767.4,27.43,0.982,0.82,0.618,NASA POWER 2000-2024 + IPCC AR6 SSP rates,17.5,79.5
Kumuram Bheem,2036,SSP2-4.5,0.727,1783.9,27.45,1.008,0.82,0.618,NASA POWER 2000-2024 + IPCC AR6 SSP rates,17.5,79.5
Kumuram Bheem,2037,SSP2-4.5,0.728,1800.5,27.46,1.034,0.82,0.619,NASA POWER 2000-2024 + IPCC AR6 SSP rates,17.5,79.5
Kumuram Bheem,2038,SSP2-4.5,0.728,1817.0,27.47,1.061,0.82,0.619,NASA POWER 2000-2024 + IPCC AR6 SSP rates,17.5,79.5
Kumuram Bheem,2039,SSP2-4.5,0.729,1833.6,27.49,1.087,0.82,0.62,NASA POWER 2000-2024 + IPCC AR6 SSP rates,17.5,79.5
Kumuram Bheem,2040,SSP2-4.5,0.73,1850.2,27.5,1.113,0.82,0.62,NASA POWER 2000-2024 + IPCC AR6 SSP rates,17.5,79.5
Kumuram Bheem,2026,SSP5-8.5,0.733,1570.1,27.58,0.66,0.82,0.623,NASA POWER 2000-2024 + IPCC AR6 SSP rates,17.5,79.5
Kumuram Bheem,2027,SSP5-8.5,0.734,1583.2,27.62,0.681,0.82,0.624,NASA POWER 2000-2024 + IPCC AR6 SSP rates,17.5,79.5
Kumuram Bheem,2028,SSP5-8.5,0.735,1596.4,27.65,0.701,0.82,0.625,NASA POWER 2000-2024 + IPCC AR6 SSP rates,17.5,79.5
Kumuram Bheem,2029,SSP5-8.5,0.737,1609.5,27.68,0.721,0.82,0.626,NASA POWER 2000-2024 + IPCC AR6 SSP rates,17.5,79.5
Kumuram Bheem,2030,SSP5-8.5,0.738,1622.6,27.72,0.742,0.82,0.627,NASA POWER 2000-2024 + IPCC AR6 SSP rates,17.5,79.5
Kumuram Bheem,2031,SSP5-8.5,0.74,1635.8,27.75,0.762,0.82,0.629,NASA POWER 2000-2024 + IPCC AR6 SSP rates,17.5,79.5
Kumuram Bheem,2032,SSP5-8.5,0.741,1648.9,27.79,0.782,0.82,0.63,NASA POWER 2000-2024 + IPCC AR6 SSP rates,17.5,79.5
Kumuram Bheem,2033,SSP5-8.5,0.742,1662.0,27.82,0.803,0.82,0.631,NASA POWER 2000-2024 + IPCC AR6 SSP rates,17.5,79.5
Kumuram Bheem,2034,SSP5-8.5,0.744,1675.1,27.86,0.823,0.82,0.632,NASA POWER 2000-2024 + IPCC AR6 SSP rates,17.5,79.5
Kumuram Bheem,2035,SSP5-8.5,0.745,1688.3,27.89,0.844,0.82,0.633,NASA POWER 2000-2024 + IPCC AR6 SSP rates,17.5,79.5
Kumuram Bheem,2036,SSP5-8.5,0.746,1701.4,27.93,0.864,0.82,0.634,NASA POWER 2000-2024 + IPCC AR6 SSP rates,17.5,79.5
Kumuram Bheem,2037,SSP5-8.5,0.748,1714.5,27.96,0.884,0.82,0.636,NASA POWER 2000-2024 + IPCC AR6 SSP rates,17.5,79.5
Kumuram Bheem,2038,SSP5-8.5,0.749,1727.6,27.99,0.905,0.82,0.637,NASA POWER 2000-2024 + IPCC AR6 SSP rates,17.5,79.5
Kumuram Bheem,2039,SSP5-8.5,0.751,1740.8,28.03,0.925,0.82,0.638,NASA POWER 2000-2024 + IPCC AR6 SSP rates,17.5,79.5
Kumuram Bheem,2040,SSP5-8.5,0.752,1753.9,28.06,0.945,0.82,0.639,NASA POWER 2000-2024 + IPCC AR6 SSP rates,17.5,79.5
Mahabubabad,2026,SSP2-4.5,0.778,1175.3,27.92,0.257,0.86,0.662,NASA POWER 2000-2024 + IPCC AR6 SSP rates,17.5974,80.0015
Mahabubabad,2027,SSP2-4.5,0.78,1182.7,27.95,0.264,0.86,0.663,NASA POWER 2000-2024 + IPCC AR6 SSP rates,17.5974,80.0015
Mahabubabad,2028,SSP2-4.5,0.781,1190.1,27.98,0.272,0.86,0.664,NASA POWER 2000-2024 + IPCC AR6 SSP rates,17.5974,80.0015
Mahabubabad,2029,SSP2-4.5,0.782,1197.6,28.01,0.28,0.86,0.665,NASA POWER 2000-2024 + IPCC AR6 SSP rates,17.5974,80.0015
Mahabubabad,2030,SSP2-4.5,0.783,1205.0,28.05,0.287,0.86,0.666,NASA POWER 2000-2024 + IPCC AR6 SSP rates,17.5974,80.0015
Mahabubabad,2031,SSP2-4.5,0.785,1212.4,28.08,0.295,0.86,0.667,NASA POWER 2000-2024 + IPCC AR6 SSP rates,17.5974,80.0015
Mahabubabad,2032,SSP2-4.5,0.786,1219.9,28.11,0.303,0.86,0.668,NASA POWER 2000-2024 + IPCC AR6 SSP rates,17.5974,80.0015
Mahabubabad,2033,SSP2-4.5,0.787,1227.3,28.14,0.31,0.86,0.669,NASA POWER 2000-2024 + IPCC AR6 SSP rates,17.5974,80.0015
Mahabubabad,2034,SSP2-4.5,0.788,1234.7,28.17,0.318,0.86,0.67,NASA POWER 2000-2024 + IPCC AR6 SSP rates,17.5974,80.0015
Mahabubabad,2035,SSP2-4.5,0.789,1242.2,28.2,0.326,0.86,0.671,NASA POWER 2000-2024 + IPCC AR6 SSP rates,17.5974,80.0015
Mahabubabad,2036,SSP2-4.5,0.791,1249.6,28.23,0.334,0.86,0.672,NASA POWER 2000-2024 + IPCC AR6 SSP rates,17.5974,80.0015
Mahabubabad,2037,SSP2-4.5,0.792,1257.0,28.26,0.341,0.86,0.673,NASA POWER 2000-2024 + IPCC AR6 SSP rates,17.5974,80.0015
Mahabubabad,2038,SSP2-4.5,0.793,1264.5,28.29,0.349,0.86,0.674,NASA POWER 2000-2024 + IPCC AR6 SSP rates,17.5974,80.0015
Mahabubabad,2039,SSP2-4.5,0.794,1271.9,28.32,0.357,0.86,0.675,NASA POWER 2000-2024 + IPCC AR6 SSP rates,17.5974,80.0015
Mahabubabad,2040,SSP2-4.5,0.796,1279.3,28.35,0.364,0.86,0.676,NASA POWER 2000-2024 + IPCC AR6 SSP rates,17.5974,80.0015
Mahabubabad,2026,SSP5-8.5,0.79,1135.4,28.2,0.173,0.86,0.671,NASA POWER 2000-2024 + IPCC AR6 SSP rates,17.5974,80.0015
Mahabubabad,2027,SSP5-8.5,0.792,1140.0,28.25,0.174,0.86,0.673,NASA POWER 2000-2024 + IPCC AR6 SSP rates,17.5974,80.0015
Mahabubabad,2028,SSP5-8.5,0.794,1144.6,28.3,0.176,0.86,0.675,NASA POWER 2000-2024 + IPCC AR6 SSP rates,17.5974,80.0015
Mahabubabad,2029,SSP5-8.5,0.796,1149.2,28.35,0.178,0.86,0.676,NASA POWER 2000-2024 + IPCC AR6 SSP rates,17.5974,80.0015
Mahabubabad,2030,SSP5-8.5,0.798,1153.8,28.41,0.179,0.86,0.678,NASA POWER 2000-2024 + IPCC AR6 SSP rates,17.5974,80.0015
Mahabubabad,2031,SSP5-8.5,0.8,1158.4,28.46,0.181,0.86,0.68,NASA POWER 2000-2024 + IPCC AR6 SSP rates,17.5974,80.0015
Mahabubabad,2032,SSP5-8.5,0.802,1163.0,28.51,0.183,0.86,0.682,NASA POWER 2000-2024 + IPCC AR6 SSP rates,17.5974,80.0015
Mahabubabad,2033,SSP5-8.5,0.804,1167.6,28.56,0.184,0.86,0.683,NASA POWER 2000-2024 + IPCC AR6 SSP rates,17.5974,80.0015
Mahabubabad,2034,SSP5-8.5,0.806,1172.2,28.61,0.186,0.86,0.685,NASA POWER 2000-2024 + IPCC AR6 SSP rates,17.5974,80.0015
Mahabubabad,2035,SSP5-8.5,0.808,1176.8,28.66,0.188,0.86,0.687,NASA POWER 2000-2024 + IPCC AR6 SSP rates,17.5974,80.0015
Mahabubabad,2036,SSP5-8.5,0.81,1181.3,28.71,0.19,0.86,0.688,NASA POWER 2000-2024 + IPCC AR6 SSP rates,17.5974,80.0015
Mahabubabad,2037,SSP5-8.5,0.812,1185.9,28.76,0.191,0.86,0.69,NASA POWER 2000-2024 + IPCC AR6 SSP rates,17.5974,80.0015
Mahabubabad,2038,SSP5-8.5,0.814,1190.5,28.81,0.193,0.86,0.692,NASA POWER 2000-2024 + IPCC AR6 SSP rates,17.5974,80.0015
Mahabubabad,2039,SSP5-8.5,0.816,1195.1,28.86,0.195,0.86,0.694,NASA POWER 2000-2024 + IPCC AR6 SSP rates,17.5974,80.0015
Mahabubabad,2040,SSP5-8.5,0.818,1199.7,28.91,0.196,0.86,0.695,NASA POWER 2000-2024 + IPCC AR6 SSP rates,17.5974,80.0015
Mahabubnagar,2026,SSP2-4.5,0.854,620.1,27.71,-0.416,0.86,0.726,NASA POWER 2000-2024 + IPCC AR6 SSP rates,17.5,79.5
Mahabubnagar,2027,SSP2-4.5,0.858,614.1,27.76,-0.435,0.86,0.729,NASA POWER 2000-2024 + IPCC AR6 SSP rates,17.5,79.5
Mahabubnagar,2028,SSP2-4.5,0.863,608.2,27.82,-0.453,0.86,0.733,NASA POWER 2000-2024 + IPCC AR6 SSP rates,17.5,79.5
Mahabubnagar,2029,SSP2-4.5,0.867,602.2,27.87,-0.471,0.86,0.737,NASA POWER 2000-2024 + IPCC AR6 SSP rates,17.5,79.5
Mahabubnagar,2030,SSP2-4.5,0.872,596.3,27.93,-0.49,0.86,0.741,NASA POWER 2000-2024 + IPCC AR6 SSP rates,17.5,79.5
Mahabubnagar,2031,SSP2-4.5,0.876,590.3,27.98,-0.508,0.86,0.745,NASA POWER 2000-2024 + IPCC AR6 SSP rates,17.5,79.5
Mahabubnagar,2032,SSP2-4.5,0.881,584.4,28.03,-0.526,0.86,0.749,NASA POWER 2000-2024 + IPCC AR6 SSP rates,17.5,79.5
Mahabubnagar,2033,SSP2-4.5,0.885,578.4,28.09,-0.545,0.86,0.753,NASA POWER 2000-2024 + IPCC AR6 SSP rates,17.5,79.5
Mahabubnagar,2034,SSP2-4.5,0.89,572.4,28.14,-0.563,0.86,0.756,NASA POWER 2000-2024 + IPCC AR6 SSP rates,17.5,79.5
Mahabubnagar,2035,SSP2-4.5,0.894,566.5,28.19,-0.582,0.86,0.76,NASA POWER 2000-2024 + IPCC AR6 SSP rates,17.5,79.5
Mahabubnagar,2036,SSP2-4.5,0.899,560.5,28.25,-0.6,0.86,0.764,NASA POWER 2000-2024 + IPCC AR6 SSP rates,17.5,79.5
Mahabubnagar,2037,SSP2-4.5,0.903,554.6,28.3,-0.618,0.86,0.768,NASA POWER 2000-2024 + IPCC AR6 SSP rates,17.5,79.5
Mahabubnagar,2038,SSP2-4.5,0.908,548.6,28.35,-0.637,0.86,0.772,NASA POWER 2000-2024 + IPCC AR6 SSP rates,17.5,79.5
Mahabubnagar,2039,SSP2-4.5,0.913,542.6,28.41,-0.655,0.86,0.776,NASA POWER 2000-2024 + IPCC AR6 SSP rates,17.5,79.5
Mahabubnagar,2040,SSP2-4.5,0.917,536.7,28.46,-0.673,0.86,0.78,NASA POWER 2000-2024 + IPCC AR6 SSP rates,17.5,79.5
Mahabubnagar,2026,SSP5-8.5,0.877,588.7,27.99,-0.5,0.86,0.746,NASA POWER 2000-2024 + IPCC AR6 SSP rates,17.5,79.5
Mahabubnagar,2027,SSP5-8.5,0.884,580.5,28.06,-0.525,0.86,0.751,NASA POWER 2000-2024 + IPCC AR6 SSP rates,17.5,79.5
Mahabubnagar,2028,SSP5-8.5,0.89,572.3,28.14,-0.549,0.86,0.756,NASA POWER 2000-2024 + IPCC AR6 SSP rates,17.5,79.5
Mahabubnagar,2029,SSP5-8.5,0.896,564.1,28.21,-0.573,0.86,0.762,NASA POWER 2000-2024 + IPCC AR6 SSP rates,17.5,79.5
Mahabubnagar,2030,SSP5-8.5,0.902,555.9,28.29,-0.598,0.86,0.767,NASA POWER 2000-2024 + IPCC AR6 SSP rates,17.5,79.5
Mahabubnagar,2031,SSP5-8.5,0.909,547.7,28.36,-0.622,0.86,0.772,NASA POWER 2000-2024 + IPCC AR6 SSP rates,17.5,79.5
Mahabubnagar,2032,SSP5-8.5,0.915,539.5,28.43,-0.646,0.86,0.778,NASA POWER 2000-2024 + IPCC AR6 SSP rates,17.5,79.5
Mahabubnagar,2033,SSP5-8.5,0.921,531.3,28.51,-0.671,0.86,0.783,NASA POWER 2000-2024 + IPCC AR6 SSP rates,17.5,79.5
Mahabubnagar,2034,SSP5-8.5,0.927,523.1,28.58,-0.695,0.86,0.788,NASA POWER 2000-2024 + IPCC AR6 SSP rates,17.5,79.5
Mahabubnagar,2035,SSP5-8.5,0.934,514.9,28.65,-0.72,0.86,0.793,NASA POWER 2000-2024 + IPCC AR6 SSP rates,17.5,79.5
Mahabubnagar,2036,SSP5-8.5,0.94,506.7,28.73,-0.744,0.86,0.799,NASA POWER 2000-2024 + IPCC AR6 SSP rates,17.5,79.5
Mahabubnagar,2037,SSP5-8.5,0.946,498.5,28.8,-0.768,0.86,0.804,NASA POWER 2000-2024 + IPCC AR6 SSP rates,17.5,79.5
Mahabubnagar,2038,SSP5-8.5,0.95,490.2,28.87,-0.793,0.86,0.808,NASA POWER 2000-2024 + IPCC AR6 SSP rates,17.5,79.5
Mahabubnagar,2039,SSP5-8.5,0.95,482.0,28.95,-0.817,0.86,0.808,NASA POWER 2000-2024 + IPCC AR6 SSP rates,17.5,79.5
Mahabubnagar,2040,SSP5-8.5,0.95,473.8,29.02,-0.841,0.86,0.808,NASA POWER 2000-2024 + IPCC AR6 SSP rates,17.5,79.5
Mancherial,2026,SSP2-4.5,0.761,1538.8,27.59,0.751,0.86,0.647,NASA POWER 2000-2024 + IPCC AR6 SSP rates,18.8681,79.4616
Mancherial,2027,SSP2-4.5,0.762,1556.1,27.6,0.777,0.86,0.648,NASA POWER 2000-2024 + IPCC AR6 SSP rates,18.8681,79.4616
Mancherial,2028,SSP2-4.5,0.762,1573.4,27.61,0.804,0.86,0.648,NASA POWER 2000-2024 + IPCC AR6 SSP rates,18.8681,79.4616
Mancherial,2029,SSP2-4.5,0.763,1590.7,27.63,0.83,0.86,0.649,NASA POWER 2000-2024 + IPCC AR6 SSP rates,18.8681,79.4616
Mancherial,2030,SSP2-4.5,0.764,1608.0,27.64,0.857,0.86,0.649,NASA POWER 2000-2024 + IPCC AR6 SSP rates,18.8681,79.4616
Mancherial,2031,SSP2-4.5,0.764,1625.3,27.66,0.884,0.86,0.65,NASA POWER 2000-2024 + IPCC AR6 SSP rates,18.8681,79.4616
Mancherial,2032,SSP2-4.5,0.765,1642.6,27.67,0.91,0.86,0.65,NASA POWER 2000-2024 + IPCC AR6 SSP rates,18.8681,79.4616
Mancherial,2033,SSP2-4.5,0.765,1659.9,27.69,0.937,0.86,0.651,NASA POWER 2000-2024 + IPCC AR6 SSP rates,18.8681,79.4616
Mancherial,2034,SSP2-4.5,0.766,1677.2,27.7,0.963,0.86,0.651,NASA POWER 2000-2024 + IPCC AR6 SSP rates,18.8681,79.4616
Mancherial,2035,SSP2-4.5,0.766,1694.5,27.71,0.99,0.86,0.651,NASA POWER 2000-2024 + IPCC AR6 SSP rates,18.8681,79.4616
Mancherial,2036,SSP2-4.5,0.767,1711.8,27.73,1.016,0.86,0.652,NASA POWER 2000-2024 + IPCC AR6 SSP rates,18.8681,79.4616
Mancherial,2037,SSP2-4.5,0.768,1729.1,27.74,1.043,0.86,0.652,NASA POWER 2000-2024 + IPCC AR6 SSP rates,18.8681,79.4616
Mancherial,2038,SSP2-4.5,0.768,1746.4,27.76,1.069,0.86,0.653,NASA POWER 2000-2024 + IPCC AR6 SSP rates,18.8681,79.4616
Mancherial,2039,SSP2-4.5,0.769,1763.7,27.77,1.096,0.86,0.653,NASA POWER 2000-2024 + IPCC AR6 SSP rates,18.8681,79.4616
Mancherial,2040,SSP2-4.5,0.769,1781.0,27.79,1.122,0.86,0.654,NASA POWER 2000-2024 + IPCC AR6 SSP rates,18.8681,79.4616
Mancherial,2026,SSP5-8.5,0.773,1494.6,27.87,0.667,0.86,0.657,NASA POWER 2000-2024 + IPCC AR6 SSP rates,18.8681,79.4616
Mancherial,2027,SSP5-8.5,0.774,1508.8,27.9,0.687,0.86,0.658,NASA POWER 2000-2024 + IPCC AR6 SSP rates,18.8681,79.4616
Mancherial,2028,SSP5-8.5,0.775,1522.9,27.93,0.708,0.86,0.659,NASA POWER 2000-2024 + IPCC AR6 SSP rates,18.8681,79.4616
Mancherial,2029,SSP5-8.5,0.777,1537.1,27.97,0.728,0.86,0.66,NASA POWER 2000-2024 + IPCC AR6 SSP rates,18.8681,79.4616
Mancherial,2030,SSP5-8.5,0.778,1551.2,28.0,0.749,0.86,0.661,NASA POWER 2000-2024 + IPCC AR6 SSP rates,18.8681,79.4616
Mancherial,2031,SSP5-8.5,0.779,1565.4,28.04,0.77,0.86,0.662,NASA POWER 2000-2024 + IPCC AR6 SSP rates,18.8681,79.4616
Mancherial,2032,SSP5-8.5,0.781,1579.5,28.07,0.79,0.86,0.664,NASA POWER 2000-2024 + IPCC AR6 SSP rates,18.8681,79.4616
Mancherial,2033,SSP5-8.5,0.782,1593.7,28.11,0.811,0.86,0.665,NASA POWER 2000-2024 + IPCC AR6 SSP rates,18.8681,79.4616
Mancherial,2034,SSP5-8.5,0.783,1607.9,28.14,0.831,0.86,0.666,NASA POWER 2000-2024 + IPCC AR6 SSP rates,18.8681,79.4616
Mancherial,2035,SSP5-8.5,0.785,1622.0,28.17,0.852,0.86,0.667,NASA POWER 2000-2024 + IPCC AR6 SSP rates,18.8681,79.4616
Mancherial,2036,SSP5-8.5,0.786,1636.2,28.21,0.872,0.86,0.668,NASA POWER 2000-2024 + IPCC AR6 SSP rates,18.8681,79.4616
Mancherial,2037,SSP5-8.5,0.788,1650.3,28.24,0.893,0.86,0.669,NASA POWER 2000-2024 + IPCC AR6 SSP rates,18.8681,79.4616
Mancherial,2038,SSP5-8.5,0.789,1664.5,28.28,0.913,0.86,0.671,NASA POWER 2000-2024 + IPCC AR6 SSP rates,18.8681,79.4616
Mancherial,2039,SSP5-8.5,0.79,1678.6,28.31,0.934,0.86,0.672,NASA POWER 2000-2024 + IPCC AR6 SSP rates,18.8681,79.4616
Mancherial,2040,SSP5-8.5,0.792,1692.8,28.35,0.954,0.86,0.673,NASA POWER 2000-2024 + IPCC AR6 SSP rates,18.8681,79.4616
Medak,2026,SSP2-4.5,0.819,921.9,26.71,-0.123,0.9,0.696,NASA POWER 2000-2024 + IPCC AR6 SSP rates,18.0531,78.2604
Medak,2027,SSP2-4.5,0.821,922.1,26.74,-0.13,0.9,0.697,NASA POWER 2000-2024 + IPCC AR6 SSP rates,18.0531,78.2604
Medak,2028,SSP2-4.5,0.822,922.4,26.77,-0.138,0.9,0.699,NASA POWER 2000-2024 + IPCC AR6 SSP rates,18.0531,78.2604
Medak,2029,SSP2-4.5,0.823,922.6,26.8,-0.145,0.9,0.7,NASA POWER 2000-2024 + IPCC AR6 SSP rates,18.0531,78.2604
Medak,2030,SSP2-4.5,0.824,922.8,26.83,-0.152,0.9,0.701,NASA POWER 2000-2024 + IPCC AR6 SSP rates,18.0531,78.2604
Medak,2031,SSP2-4.5,0.826,923.1,26.86,-0.159,0.9,0.702,NASA POWER 2000-2024 + IPCC AR6 SSP rates,18.0531,78.2604
Medak,2032,SSP2-4.5,0.827,923.3,26.9,-0.167,0.9,0.703,NASA POWER 2000-2024 + IPCC AR6 SSP rates,18.0531,78.2604
Medak,2033,SSP2-4.5,0.828,923.6,26.93,-0.174,0.9,0.704,NASA POWER 2000-2024 + IPCC AR6 SSP rates,18.0531,78.2604
Medak,2034,SSP2-4.5,0.829,923.8,26.96,-0.181,0.9,0.705,NASA POWER 2000-2024 + IPCC AR6 SSP rates,18.0531,78.2604
Medak,2035,SSP2-4.5,0.831,924.0,26.99,-0.188,0.9,0.706,NASA POWER 2000-2024 + IPCC AR6 SSP rates,18.0531,78.2604
Medak,2036,SSP2-4.5,0.832,924.3,27.02,-0.196,0.9,0.707,NASA POWER 2000-2024 + IPCC AR6 SSP rates,18.0531,78.2604
Medak,2037,SSP2-4.5,0.833,924.5,27.05,-0.203,0.9,0.708,NASA POWER 2000-2024 + IPCC AR6 SSP rates,18.0531,78.2604
Medak,2038,SSP2-4.5,0.834,924.7,27.08,-0.21,0.9,0.709,NASA POWER 2000-2024 + IPCC AR6 SSP rates,18.0531,78.2604
Medak,2039,SSP2-4.5,0.836,925.0,27.12,-0.217,0.9,0.71,NASA POWER 2000-2024 + IPCC AR6 SSP rates,18.0531,78.2604
Medak,2040,SSP2-4.5,0.837,925.2,27.15,-0.225,0.9,0.711,NASA POWER 2000-2024 + IPCC AR6 SSP rates,18.0531,78.2604
Medak,2026,SSP5-8.5,0.83,884.8,26.99,-0.207,0.9,0.706,NASA POWER 2000-2024 + IPCC AR6 SSP rates,18.0531,78.2604
Medak,2027,SSP5-8.5,0.833,882.4,27.04,-0.22,0.9,0.708,NASA POWER 2000-2024 + IPCC AR6 SSP rates,18.0531,78.2604
Medak,2028,SSP5-8.5,0.836,879.9,27.09,-0.234,0.9,0.711,NASA POWER 2000-2024 + IPCC AR6 SSP rates,18.0531,78.2604
Medak,2029,SSP5-8.5,0.839,877.5,27.14,-0.247,0.9,0.713,NASA POWER 2000-2024 + IPCC AR6 SSP rates,18.0531,78.2604
Medak,2030,SSP5-8.5,0.842,875.1,27.19,-0.26,0.9,0.715,NASA POWER 2000-2024 + IPCC AR6 SSP rates,18.0531,78.2604
Medak,2031,SSP5-8.5,0.845,872.7,27.24,-0.273,0.9,0.718,NASA POWER 2000-2024 + IPCC AR6 SSP rates,18.0531,78.2604
Medak,2032,SSP5-8.5,0.847,870.3,27.3,-0.287,0.9,0.72,NASA POWER 2000-2024 + IPCC AR6 SSP rates,18.0531,78.2604
Medak,2033,SSP5-8.5,0.85,867.9,27.35,-0.3,0.9,0.723,NASA POWER 2000-2024 + IPCC AR6 SSP rates,18.0531,78.2604
Medak,2034,SSP5-8.5,0.853,865.5,27.4,-0.313,0.9,0.725,NASA POWER 2000-2024 + IPCC AR6 SSP rates,18.0531,78.2604
Medak,2035,SSP5-8.5,0.856,863.0,27.45,-0.326,0.9,0.728,NASA POWER 2000-2024 + IPCC AR6 SSP rates,18.0531,78.2604
Medak,2036,SSP5-8.5,0.859,860.6,27.5,-0.34,0.9,0.73,NASA POWER 2000-2024 + IPCC AR6 SSP rates,18.0531,78.2604
Medak,2037,SSP5-8.5,0.862,858.2,27.55,-0.353,0.9,0.733,NASA POWER 2000-2024 + IPCC AR6 SSP rates,18.0531,78.2604
Medak,2038,SSP5-8.5,0.865,855.8,27.6,-0.366,0.9,0.735,NASA POWER 2000-2024 + IPCC AR6 SSP rates,18.0531,78.2604
Medak,2039,SSP5-8.5,0.868,853.4,27.66,-0.379,0.9,0.737,NASA POWER 2000-2024 + IPCC AR6 SSP rates,18.0531,78.2604
Medak,2040,SSP5-8.5,0.871,851.0,27.71,-0.393,0.9,0.74,NASA POWER 2000-2024 + IPCC AR6 SSP rates,18.0531,78.2604
Medchal_Malkajgiri,2026,SSP2-4.5,0.86,862.4,26.55,-0.047,0.94,0.731,NASA POWER 2000-2024 + IPCC AR6 SSP rates,17.5,79.5
Medchal_Malkajgiri,2027,SSP2-4.5,0.861,862.2,26.58,-0.051,0.94,0.732,NASA POWER 2000-2024 + IPCC AR6 SSP rates,17.5,79.5
Medchal_Malkajgiri,2028,SSP2-4.5,0.863,862.0,26.61,-0.055,0.94,0.733,NASA POWER 2000-2024 + IPCC AR6 SSP rates,17.5,79.5
Medchal_Malkajgiri,2029,SSP2-4.5,0.864,861.7,26.64,-0.059,0.94,0.734,NASA POWER 2000-2024 + IPCC AR6 SSP rates,17.5,79.5
Medchal_Malkajgiri,2030,SSP2-4.5,0.865,861.5,26.68,-0.063,0.94,0.735,NASA POWER 2000-2024 + IPCC AR6 SSP rates,17.5,79.5
Medchal_Malkajgiri,2031,SSP2-4.5,0.866,861.2,26.71,-0.067,0.94,0.736,NASA POWER 2000-2024 + IPCC AR6 SSP rates,17.5,79.5
Medchal_Malkajgiri,2032,SSP2-4.5,0.868,861.0,26.74,-0.071,0.94,0.738,NASA POWER 2000-2024 + IPCC AR6 SSP rates,17.5,79.5
Medchal_Malkajgiri,2033,SSP2-4.5,0.869,860.8,26.77,-0.075,0.94,0.739,NASA POWER 2000-2024 + IPCC AR6 SSP rates,17.5,79.5
Medchal_Malkajgiri,2034,SSP2-4.5,0.87,860.5,26.8,-0.079,0.94,0.74,NASA POWER 2000-2024 + IPCC AR6 SSP rates,17.5,79.5
Medchal_Malkajgiri,2035,SSP2-4.5,0.872,860.3,26.84,-0.083,0.94,0.741,NASA POWER 2000-2024 + IPCC AR6 SSP rates,17.5,79.5
Medchal_Malkajgiri,2036,SSP2-4.5,0.873,860.1,26.87,-0.087,0.94,0.742,NASA POWER 2000-2024 + IPCC AR6 SSP rates,17.5,79.5
Medchal_Malkajgiri,2037,SSP2-4.5,0.874,859.8,26.9,-0.091,0.94,0.743,NASA POWER 2000-2024 + IPCC AR6 SSP rates,17.5,79.5
Medchal_Malkajgiri,2038,SSP2-4.5,0.875,859.6,26.93,-0.095,0.94,0.744,NASA POWER 2000-2024 + IPCC AR6 SSP rates,17.5,79.5
Medchal_Malkajgiri,2039,SSP2-4.5,0.877,859.3,26.96,-0.099,0.94,0.745,NASA POWER 2000-2024 + IPCC AR6 SSP rates,17.5,79.5
Medchal_Malkajgiri,2040,SSP2-4.5,0.878,859.1,27.0,-0.103,0.94,0.746,NASA POWER 2000-2024 + IPCC AR6 SSP rates,17.5,79.5
Medchal_Malkajgiri,2026,SSP5-8.5,0.875,827.2,26.83,-0.131,0.94,0.744,NASA POWER 2000-2024 + IPCC AR6 SSP rates,17.5,79.5
Medchal_Malkajgiri,2027,SSP5-8.5,0.878,824.5,26.88,-0.141,0.94,0.747,NASA POWER 2000-2024 + IPCC AR6 SSP rates,17.5,79.5
Medchal_Malkajgiri,2028,SSP5-8.5,0.881,821.7,26.93,-0.151,0.94,0.749,NASA POWER 2000-2024 + IPCC AR6 SSP rates,17.5,79.5
Medchal_Malkajgiri,2029,SSP5-8.5,0.884,819.0,26.98,-0.161,0.94,0.752,NASA POWER 2000-2024 + IPCC AR6 SSP rates,17.5,79.5
Medchal_Malkajgiri,2030,SSP5-8.5,0.887,816.2,27.04,-0.171,0.94,0.754,NASA POWER 2000-2024 + IPCC AR6 SSP rates,17.5,79.5
Medchal_Malkajgiri,2031,SSP5-8.5,0.891,813.5,27.09,-0.181,0.94,0.757,NASA POWER 2000-2024 + IPCC AR6 SSP rates,17.5,79.5
Medchal_Malkajgiri,2032,SSP5-8.5,0.894,810.7,27.14,-0.191,0.94,0.76,NASA POWER 2000-2024 + IPCC AR6 SSP rates,17.5,79.5
Medchal_Malkajgiri,2033,SSP5-8.5,0.897,807.9,27.19,-0.201,0.94,0.762,NASA POWER 2000-2024 + IPCC AR6 SSP rates,17.5,79.5
Medchal_Malkajgiri,2034,SSP5-8.5,0.9,805.2,27.24,-0.211,0.94,0.765,NASA POWER 2000-2024 + IPCC AR6 SSP rates,17.5,79.5
Medchal_Malkajgiri,2035,SSP5-8.5,0.903,802.4,27.3,-0.221,0.94,0.767,NASA POWER 2000-2024 + IPCC AR6 SSP rates,17.5,79.5
Medchal_Malkajgiri,2036,SSP5-8.5,0.906,799.7,27.35,-0.231,0.94,0.77,NASA POWER 2000-2024 + IPCC AR6 SSP rates,17.5,79.5
Medchal_Malkajgiri,2037,SSP5-8.5,0.909,796.9,27.4,-0.241,0.94,0.773,NASA POWER 2000-2024 + IPCC AR6 SSP rates,17.5,79.5
Medchal_Malkajgiri,2038,SSP5-8.5,0.912,794.2,27.45,-0.251,0.94,0.775,NASA POWER 2000-2024 + IPCC AR6 SSP rates,17.5,79.5
Medchal_Malkajgiri,2039,SSP5-8.5,0.915,791.4,27.5,-0.261,0.94,0.778,NASA POWER 2000-2024 + IPCC AR6 SSP rates,17.5,79.5
Medchal_Malkajgiri,2040,SSP5-8.5,0.918,788.7,27.56,-0.271,0.94,0.78,NASA POWER 2000-2024 + IPCC AR6 SSP rates,17.5,79.5
Mulugu,2026,SSP2-4.5,0.771,1410.5,27.65,0.476,0.86,0.655,NASA POWER 2000-2024 + IPCC AR6 SSP rates,18.1901,80.0584
Mulugu,2027,SSP2-4.5,0.772,1424.0,27.68,0.492,0.86,0.656,NASA POWER 2000-2024 + IPCC AR6 SSP rates,18.1901,80.0584
Mulugu,2028,SSP2-4.5,0.773,1437.6,27.7,0.509,0.86,0.657,NASA POWER 2000-2024 + IPCC AR6 SSP rates,18.1901,80.0584
Mulugu,2029,SSP2-4.5,0.774,1451.1,27.73,0.525,0.86,0.658,NASA POWER 2000-2024 + IPCC AR6 SSP rates,18.1901,80.0584
Mulugu,2030,SSP2-4.5,0.775,1464.6,27.75,0.542,0.86,0.658,NASA POWER 2000-2024 + IPCC AR6 SSP rates,18.1901,80.0584
Mulugu,2031,SSP2-4.5,0.776,1478.1,27.77,0.558,0.86,0.659,NASA POWER 2000-2024 + IPCC AR6 SSP rates,18.1901,80.0584
Mulugu,2032,SSP2-4.5,0.777,1491.7,27.8,0.574,0.86,0.66,NASA POWER 2000-2024 + IPCC AR6 SSP rates,18.1901,80.0584
Mulugu,2033,SSP2-4.5,0.778,1505.2,27.82,0.591,0.86,0.661,NASA POWER 2000-2024 + IPCC AR6 SSP rates,18.1901,80.0584
Mulugu,2034,SSP2-4.5,0.778,1518.7,27.84,0.607,0.86,0.662,NASA POWER 2000-2024 + IPCC AR6 SSP rates,18.1901,80.0584
Mulugu,2035,SSP2-4.5,0.779,1532.2,27.87,0.623,0.86,0.662,NASA POWER 2000-2024 + IPCC AR6 SSP rates,18.1901,80.0584
Mulugu,2036,SSP2-4.5,0.78,1545.8,27.89,0.64,0.86,0.663,NASA POWER 2000-2024 + IPCC AR6 SSP rates,18.1901,80.0584
Mulugu,2037,SSP2-4.5,0.781,1559.3,27.91,0.656,0.86,0.664,NASA POWER 2000-2024 + IPCC AR6 SSP rates,18.1901,80.0584
Mulugu,2038,SSP2-4.5,0.782,1572.8,27.94,0.673,0.86,0.665,NASA POWER 2000-2024 + IPCC AR6 SSP rates,18.1901,80.0584
Mulugu,2039,SSP2-4.5,0.783,1586.3,27.96,0.689,0.86,0.666,NASA POWER 2000-2024 + IPCC AR6 SSP rates,18.1901,80.0584
Mulugu,2040,SSP2-4.5,0.784,1599.9,27.98,0.705,0.86,0.666,NASA POWER 2000-2024 + IPCC AR6 SSP rates,18.1901,80.0584
Mulugu,2026,SSP5-8.5,0.782,1367.6,27.93,0.392,0.86,0.665,NASA POWER 2000-2024 + IPCC AR6 SSP rates,18.1901,80.0584
Mulugu,2027,SSP5-8.5,0.784,1378.0,27.98,0.402,0.86,0.666,NASA POWER 2000-2024 + IPCC AR6 SSP rates,18.1901,80.0584
Mulugu,2028,SSP5-8.5,0.786,1388.5,28.02,0.413,0.86,0.668,NASA POWER 2000-2024 + IPCC AR6 SSP rates,18.1901,80.0584
Mulugu,2029,SSP5-8.5,0.787,1399.0,28.07,0.423,0.86,0.669,NASA POWER 2000-2024 + IPCC AR6 SSP rates,18.1901,80.0584
Mulugu,2030,SSP5-8.5,0.789,1409.4,28.11,0.434,0.86,0.671,NASA POWER 2000-2024 + IPCC AR6 SSP rates,18.1901,80.0584
Mulugu,2031,SSP5-8.5,0.791,1419.9,28.15,0.444,0.86,0.672,NASA POWER 2000-2024 + IPCC AR6 SSP rates,18.1901,80.0584
Mulugu,2032,SSP5-8.5,0.793,1430.3,28.2,0.454,0.86,0.674,NASA POWER 2000-2024 + IPCC AR6 SSP rates,18.1901,80.0584
Mulugu,2033,SSP5-8.5,0.794,1440.8,28.24,0.465,0.86,0.675,NASA POWER 2000-2024 + IPCC AR6 SSP rates,18.1901,80.0584
Mulugu,2034,SSP5-8.5,0.796,1451.3,28.28,0.475,0.86,0.677,NASA POWER 2000-2024 + IPCC AR6 SSP rates,18.1901,80.0584
Mulugu,2035,SSP5-8.5,0.798,1461.7,28.33,0.485,0.86,0.678,NASA POWER 2000-2024 + IPCC AR6 SSP rates,18.1901,80.0584
Mulugu,2036,SSP5-8.5,0.8,1472.2,28.37,0.496,0.86,0.68,NASA POWER 2000-2024 + IPCC AR6 SSP rates,18.1901,80.0584
Mulugu,2037,SSP5-8.5,0.801,1482.6,28.41,0.506,0.86,0.681,NASA POWER 2000-2024 + IPCC AR6 SSP rates,18.1901,80.0584
Mulugu,2038,SSP5-8.5,0.803,1493.1,28.46,0.517,0.86,0.683,NASA POWER 2000-2024 + IPCC AR6 SSP rates,18.1901,80.0584
Mulugu,2039,SSP5-8.5,0.805,1503.5,28.5,0.527,0.86,0.684,NASA POWER 2000-2024 + IPCC AR6 SSP rates,18.1901,80.0584
Mulugu,2040,SSP5-8.5,0.806,1514.0,28.54,0.537,0.86,0.686,NASA POWER 2000-2024 + IPCC AR6 SSP rates,18.1901,80.0584
Nagarkurnool,2026,SSP2-4.5,0.854,620.1,27.71,-0.416,0.86,0.726,NASA POWER 2000-2024 + IPCC AR6 SSP rates,16.4806,78.3131
Nagarkurnool,2027,SSP2-4.5,0.858,614.1,27.76,-0.435,0.86,0.729,NASA POWER 2000-2024 + IPCC AR6 SSP rates,16.4806,78.3131
Nagarkurnool,2028,SSP2-4.5,0.863,608.2,27.82,-0.453,0.86,0.733,NASA POWER 2000-2024 + IPCC AR6 SSP rates,16.4806,78.3131
Nagarkurnool,2029,SSP2-4.5,0.867,602.2,27.87,-0.471,0.86,0.737,NASA POWER 2000-2024 + IPCC AR6 SSP rates,16.4806,78.3131
Nagarkurnool,2030,SSP2-4.5,0.872,596.3,27.93,-0.49,0.86,0.741,NASA POWER 2000-2024 + IPCC AR6 SSP rates,16.4806,78.3131
Nagarkurnool,2031,SSP2-4.5,0.876,590.3,27.98,-0.508,0.86,0.745,NASA POWER 2000-2024 + IPCC AR6 SSP rates,16.4806,78.3131
Nagarkurnool,2032,SSP2-4.5,0.881,584.4,28.03,-0.526,0.86,0.749,NASA POWER 2000-2024 + IPCC AR6 SSP rates,16.4806,78.3131
Nagarkurnool,2033,SSP2-4.5,0.885,578.4,28.09,-0.545,0.86,0.753,NASA POWER 2000-2024 + IPCC AR6 SSP rates,16.4806,78.3131
Nagarkurnool,2034,SSP2-4.5,0.89,572.4,28.14,-0.563,0.86,0.756,NASA POWER 2000-2024 + IPCC AR6 SSP rates,16.4806,78.3131
Nagarkurnool,2035,SSP2-4.5,0.894,566.5,28.19,-0.582,0.86,0.76,NASA POWER 2000-2024 + IPCC AR6 SSP rates,16.4806,78.3131
Nagarkurnool,2036,SSP2-4.5,0.899,560.5,28.25,-0.6,0.86,0.764,NASA POWER 2000-2024 + IPCC AR6 SSP rates,16.4806,78.3131
Nagarkurnool,2037,SSP2-4.5,0.903,554.6,28.3,-0.618,0.86,0.768,NASA POWER 2000-2024 + IPCC AR6 SSP rates,16.4806,78.3131
Nagarkurnool,2038,SSP2-4.5,0.908,548.6,28.35,-0.637,0.86,0.772,NASA POWER 2000-2024 + IPCC AR6 SSP rates,16.4806,78.3131
Nagarkurnool,2039,SSP2-4.5,0.913,542.6,28.41,-0.655,0.86,0.776,NASA POWER 2000-2024 + IPCC AR6 SSP rates,16.4806,78.3131
Nagarkurnool,2040,SSP2-4.5,0.917,536.7,28.46,-0.673,0.86,0.78,NASA POWER 2000-2024 + IPCC AR6 SSP rates,16.4806,78.3131
Nagarkurnool,2026,SSP5-8.5,0.877,588.7,27.99,-0.5,0.86,0.746,NASA POWER 2000-2024 + IPCC AR6 SSP rates,16.4806,78.3131
Nagarkurnool,2027,SSP5-8.5,0.884,580.5,28.06,-0.525,0.86,0.751,NASA POWER 2000-2024 + IPCC AR6 SSP rates,16.4806,78.3131
Nagarkurnool,2028,SSP5-8.5,0.89,572.3,28.14,-0.549,0.86,0.756,NASA POWER 2000-2024 + IPCC AR6 SSP rates,16.4806,78.3131
Nagarkurnool,2029,SSP5-8.5,0.896,564.1,28.21,-0.573,0.86,0.762,NASA POWER 2000-2024 + IPCC AR6 SSP rates,16.4806,78.3131
Nagarkurnool,2030,SSP5-8.5,0.902,555.9,28.29,-0.598,0.86,0.767,NASA POWER 2000-2024 + IPCC AR6 SSP rates,16.4806,78.3131
Nagarkurnool,2031,SSP5-8.5,0.909,547.7,28.36,-0.622,0.86,0.772,NASA POWER 2000-2024 + IPCC AR6 SSP rates,16.4806,78.3131
Nagarkurnool,2032,SSP5-8.5,0.915,539.5,28.43,-0.646,0.86,0.778,NASA POWER 2000-2024 + IPCC AR6 SSP rates,16.4806,78.3131
Nagarkurnool,2033,SSP5-8.5,0.921,531.3,28.51,-0.671,0.86,0.783,NASA POWER 2000-2024 + IPCC AR6 SSP rates,16.4806,78.3131
Nagarkurnool,2034,SSP5-8.5,0.927,523.1,28.58,-0.695,0.86,0.788,NASA POWER 2000-2024 + IPCC AR6 SSP rates,16.4806,78.3131
Nagarkurnool,2035,SSP5-8.5,0.934,514.9,28.65,-0.72,0.86,0.793,NASA POWER 2000-2024 + IPCC AR6 SSP rates,16.4806,78.3131
Nagarkurnool,2036,SSP5-8.5,0.94,506.7,28.73,-0.744,0.86,0.799,NASA POWER 2000-2024 + IPCC AR6 SSP rates,16.4806,78.3131
Nagarkurnool,2037,SSP5-8.5,0.946,498.5,28.8,-0.768,0.86,0.804,NASA POWER 2000-2024 + IPCC AR6 SSP rates,16.4806,78.3131
Nagarkurnool,2038,SSP5-8.5,0.95,490.2,28.87,-0.793,0.86,0.808,NASA POWER 2000-2024 + IPCC AR6 SSP rates,16.4806,78.3131
Nagarkurnool,2039,SSP5-8.5,0.95,482.0,28.95,-0.817,0.86,0.808,NASA POWER 2000-2024 + IPCC AR6 SSP rates,16.4806,78.3131
Nagarkurnool,2040,SSP5-8.5,0.95,473.8,29.02,-0.841,0.86,0.808,NASA POWER 2000-2024 + IPCC AR6 SSP rates,16.4806,78.3131
Nalgonda,2026,SSP2-4.5,0.826,808.0,28.41,-0.066,0.9,0.702,NASA POWER 2000-2024 + IPCC AR6 SSP rates,17.0583,79.2671
Nalgonda,2027,SSP2-4.5,0.828,807.5,28.45,-0.071,0.9,0.704,NASA POWER 2000-2024 + IPCC AR6 SSP rates,17.0583,79.2671
Nalgonda,2028,SSP2-4.5,0.829,807.0,28.49,-0.075,0.9,0.705,NASA POWER 2000-2024 + IPCC AR6 SSP rates,17.0583,79.2671
Nalgonda,2029,SSP2-4.5,0.831,806.5,28.53,-0.08,0.9,0.706,NASA POWER 2000-2024 + IPCC AR6 SSP rates,17.0583,79.2671
Nalgonda,2030,SSP2-4.5,0.832,806.1,28.57,-0.085,0.9,0.708,NASA POWER 2000-2024 + IPCC AR6 SSP rates,17.0583,79.2671
Nalgonda,2031,SSP2-4.5,0.834,805.6,28.6,-0.09,0.9,0.709,NASA POWER 2000-2024 + IPCC AR6 SSP rates,17.0583,79.2671
Nalgonda,2032,SSP2-4.5,0.836,805.1,28.64,-0.095,0.9,0.71,NASA POWER 2000-2024 + IPCC AR6 SSP rates,17.0583,79.2671
Nalgonda,2033,SSP2-4.5,0.837,804.6,28.68,-0.1,0.9,0.712,NASA POWER 2000-2024 + IPCC AR6 SSP rates,17.0583,79.2671
Nalgonda,2034,SSP2-4.5,0.839,804.1,28.72,-0.104,0.9,0.713,NASA POWER 2000-2024 + IPCC AR6 SSP rates,17.0583,79.2671
Nalgonda,2035,SSP2-4.5,0.84,803.7,28.76,-0.109,0.9,0.714,NASA POWER 2000-2024 + IPCC AR6 SSP rates,17.0583,79.2671
Nalgonda,2036,SSP2-4.5,0.842,803.2,28.8,-0.114,0.9,0.715,NASA POWER 2000-2024 + IPCC AR6 SSP rates,17.0583,79.2671
Nalgonda,2037,SSP2-4.5,0.843,802.7,28.83,-0.119,0.9,0.717,NASA POWER 2000-2024 + IPCC AR6 SSP rates,17.0583,79.2671
Nalgonda,2038,SSP2-4.5,0.845,802.2,28.87,-0.124,0.9,0.718,NASA POWER 2000-2024 + IPCC AR6 SSP rates,17.0583,79.2671
Nalgonda,2039,SSP2-4.5,0.846,801.7,28.91,-0.129,0.9,0.719,NASA POWER 2000-2024 + IPCC AR6 SSP rates,17.0583,79.2671
Nalgonda,2040,SSP2-4.5,0.848,801.3,28.95,-0.133,0.9,0.721,NASA POWER 2000-2024 + IPCC AR6 SSP rates,17.0583,79.2671
Nalgonda,2026,SSP5-8.5,0.844,774.7,28.69,-0.15,0.9,0.717,NASA POWER 2000-2024 + IPCC AR6 SSP rates,17.0583,79.2671
Nalgonda,2027,SSP5-8.5,0.848,771.9,28.75,-0.161,0.9,0.72,NASA POWER 2000-2024 + IPCC AR6 SSP rates,17.0583,79.2671
Nalgonda,2028,SSP5-8.5,0.851,769.0,28.81,-0.171,0.9,0.723,NASA POWER 2000-2024 + IPCC AR6 SSP rates,17.0583,79.2671
Nalgonda,2029,SSP5-8.5,0.854,766.2,28.87,-0.182,0.9,0.726,NASA POWER 2000-2024 + IPCC AR6 SSP rates,17.0583,79.2671
Nalgonda,2030,SSP5-8.5,0.858,763.3,28.93,-0.193,0.9,0.729,NASA POWER 2000-2024 + IPCC AR6 SSP rates,17.0583,79.2671
Nalgonda,2031,SSP5-8.5,0.861,760.4,28.98,-0.204,0.9,0.732,NASA POWER 2000-2024 + IPCC AR6 SSP rates,17.0583,79.2671
Nalgonda,2032,SSP5-8.5,0.865,757.6,29.04,-0.215,0.9,0.735,NASA POWER 2000-2024 + IPCC AR6 SSP rates,17.0583,79.2671
Nalgonda,2033,SSP5-8.5,0.868,754.7,29.1,-0.226,0.9,0.738,NASA POWER 2000-2024 + IPCC AR6 SSP rates,17.0583,79.2671
Nalgonda,2034,SSP5-8.5,0.871,751.9,29.16,-0.236,0.9,0.741,NASA POWER 2000-2024 + IPCC AR6 SSP rates,17.0583,79.2671
Nalgonda,2035,SSP5-8.5,0.875,749.0,29.22,-0.247,0.9,0.744,NASA POWER 2000-2024 + IPCC AR6 SSP rates,17.0583,79.2671
Nalgonda,2036,SSP5-8.5,0.878,746.2,29.28,-0.258,0.9,0.746,NASA POWER 2000-2024 + IPCC AR6 SSP rates,17.0583,79.2671
Nalgonda,2037,SSP5-8.5,0.882,743.3,29.33,-0.269,0.9,0.749,NASA POWER 2000-2024 + IPCC AR6 SSP rates,17.0583,79.2671
Nalgonda,2038,SSP5-8.5,0.885,740.4,29.39,-0.28,0.9,0.752,NASA POWER 2000-2024 + IPCC AR6 SSP rates,17.0583,79.2671
Nalgonda,2039,SSP5-8.5,0.888,737.6,29.45,-0.291,0.9,0.755,NASA POWER 2000-2024 + IPCC AR6 SSP rates,17.0583,79.2671
Nalgonda,2040,SSP5-8.5,0.892,734.7,29.51,-0.301,0.9,0.758,NASA POWER 2000-2024 + IPCC AR6 SSP rates,17.0583,79.2671
Narayanpet,2026,SSP2-4.5,0.86,590.0,28.19,-0.442,0.86,0.731,NASA POWER 2000-2024 + IPCC AR6 SSP rates,16.7447,77.496
Narayanpet,2027,SSP2-4.5,0.865,583.9,28.25,-0.461,0.86,0.735,NASA POWER 2000-2024 + IPCC AR6 SSP rates,16.7447,77.496
Narayanpet,2028,SSP2-4.5,0.869,577.7,28.3,-0.481,0.86,0.739,NASA POWER 2000-2024 + IPCC AR6 SSP rates,16.7447,77.496
Narayanpet,2029,SSP2-4.5,0.874,571.5,28.36,-0.5,0.86,0.743,NASA POWER 2000-2024 + IPCC AR6 SSP rates,16.7447,77.496
Narayanpet,2030,SSP2-4.5,0.879,565.4,28.41,-0.52,0.86,0.747,NASA POWER 2000-2024 + IPCC AR6 SSP rates,16.7447,77.496
Narayanpet,2031,SSP2-4.5,0.884,559.2,28.47,-0.539,0.86,0.751,NASA POWER 2000-2024 + IPCC AR6 SSP rates,16.7447,77.496
Narayanpet,2032,SSP2-4.5,0.889,553.0,28.52,-0.559,0.86,0.755,NASA POWER 2000-2024 + IPCC AR6 SSP rates,16.7447,77.496
Narayanpet,2033,SSP2-4.5,0.893,546.9,28.58,-0.578,0.86,0.759,NASA POWER 2000-2024 + IPCC AR6 SSP rates,16.7447,77.496
Narayanpet,2034,SSP2-4.5,0.898,540.7,28.64,-0.598,0.86,0.763,NASA POWER 2000-2024 + IPCC AR6 SSP rates,16.7447,77.496
Narayanpet,2035,SSP2-4.5,0.903,534.5,28.69,-0.617,0.86,0.767,NASA POWER 2000-2024 + IPCC AR6 SSP rates,16.7447,77.496
Narayanpet,2036,SSP2-4.5,0.908,528.4,28.75,-0.637,0.86,0.772,NASA POWER 2000-2024 + IPCC AR6 SSP rates,16.7447,77.496
Narayanpet,2037,SSP2-4.5,0.912,522.2,28.8,-0.656,0.86,0.776,NASA POWER 2000-2024 + IPCC AR6 SSP rates,16.7447,77.496
Narayanpet,2038,SSP2-4.5,0.917,516.0,28.86,-0.676,0.86,0.78,NASA POWER 2000-2024 + IPCC AR6 SSP rates,16.7447,77.496
Narayanpet,2039,SSP2-4.5,0.922,509.9,28.91,-0.695,0.86,0.784,NASA POWER 2000-2024 + IPCC AR6 SSP rates,16.7447,77.496
Narayanpet,2040,SSP2-4.5,0.927,503.7,28.97,-0.715,0.86,0.788,NASA POWER 2000-2024 + IPCC AR6 SSP rates,16.7447,77.496
Narayanpet,2026,SSP5-8.5,0.884,559.6,28.47,-0.526,0.86,0.751,NASA POWER 2000-2024 + IPCC AR6 SSP rates,16.7447,77.496
Narayanpet,2027,SSP5-8.5,0.89,551.3,28.55,-0.551,0.86,0.757,NASA POWER 2000-2024 + IPCC AR6 SSP rates,16.7447,77.496
Narayanpet,2028,SSP5-8.5,0.897,542.9,28.62,-0.577,0.86,0.762,NASA POWER 2000-2024 + IPCC AR6 SSP rates,16.7447,77.496
Narayanpet,2029,SSP5-8.5,0.903,534.6,28.7,-0.602,0.86,0.768,NASA POWER 2000-2024 + IPCC AR6 SSP rates,16.7447,77.496
Narayanpet,2030,SSP5-8.5,0.91,526.3,28.77,-0.628,0.86,0.773,NASA POWER 2000-2024 + IPCC AR6 SSP rates,16.7447,77.496
Narayanpet,2031,SSP5-8.5,0.916,517.9,28.85,-0.653,0.86,0.779,NASA POWER 2000-2024 + IPCC AR6 SSP rates,16.7447,77.496
Narayanpet,2032,SSP5-8.5,0.923,509.6,28.92,-0.679,0.86,0.784,NASA POWER 2000-2024 + IPCC AR6 SSP rates,16.7447,77.496
Narayanpet,2033,SSP5-8.5,0.929,501.2,29.0,-0.704,0.86,0.79,NASA POWER 2000-2024 + IPCC AR6 SSP rates,16.7447,77.496
Narayanpet,2034,SSP5-8.5,0.936,492.9,29.08,-0.73,0.86,0.795,NASA POWER 2000-2024 + IPCC AR6 SSP rates,16.7447,77.496
Narayanpet,2035,SSP5-8.5,0.942,484.6,29.15,-0.755,0.86,0.801,NASA POWER 2000-2024 + IPCC AR6 SSP rates,16.7447,77.496
Narayanpet,2036,SSP5-8.5,0.948,476.2,29.23,-0.781,0.86,0.806,NASA POWER 2000-2024 + IPCC AR6 SSP rates,16.7447,77.496
Narayanpet,2037,SSP5-8.5,0.95,467.9,29.3,-0.806,0.86,0.808,NASA POWER 2000-2024 + IPCC AR6 SSP rates,16.7447,77.496
Narayanpet,2038,SSP5-8.5,0.95,459.5,29.38,-0.832,0.86,0.808,NASA POWER 2000-2024 + IPCC AR6 SSP rates,16.7447,77.496
Narayanpet,2039,SSP5-8.5,0.95,451.2,29.45,-0.857,0.86,0.808,NASA POWER 2000-2024 + IPCC AR6 SSP rates,16.7447,77.496
Narayanpet,2040,SSP5-8.5,0.95,442.9,29.53,-0.883,0.86,0.808,NASA POWER 2000-2024 + IPCC AR6 SSP rates,16.7447,77.496
Nirmal,2026,SSP2-4.5,0.781,986.1,27.49,-0.129,0.86,0.664,NASA POWER 2000-2024 + IPCC AR6 SSP rates,19.096,78.3446
Nirmal,2027,SSP2-4.5,0.783,987.7,27.52,-0.137,0.86,0.665,NASA POWER 2000-2024 + IPCC AR6 SSP rates,19.096,78.3446
Nirmal,2028,SSP2-4.5,0.784,989.3,27.56,-0.144,0.86,0.666,NASA POWER 2000-2024 + IPCC AR6 SSP rates,19.096,78.3446
Nirmal,2029,SSP2-4.5,0.785,990.8,27.59,-0.152,0.86,0.668,NASA POWER 2000-2024 + IPCC AR6 SSP rates,19.096,78.3446
Nirmal,2030,SSP2-4.5,0.787,992.4,27.62,-0.159,0.86,0.669,NASA POWER 2000-2024 + IPCC AR6 SSP rates,19.096,78.3446
Nirmal,2031,SSP2-4.5,0.788,994.0,27.66,-0.167,0.86,0.67,NASA POWER 2000-2024 + IPCC AR6 SSP rates,19.096,78.3446
Nirmal,2032,SSP2-4.5,0.789,995.6,27.69,-0.174,0.86,0.671,NASA POWER 2000-2024 + IPCC AR6 SSP rates,19.096,78.3446
Nirmal,2033,SSP2-4.5,0.791,997.1,27.73,-0.181,0.86,0.672,NASA POWER 2000-2024 + IPCC AR6 SSP rates,19.096,78.3446
Nirmal,2034,SSP2-4.5,0.792,998.7,27.76,-0.189,0.86,0.673,NASA POWER 2000-2024 + IPCC AR6 SSP rates,19.096,78.3446
Nirmal,2035,SSP2-4.5,0.793,1000.3,27.79,-0.196,0.86,0.674,NASA POWER 2000-2024 + IPCC AR6 SSP rates,19.096,78.3446
Nirmal,2036,SSP2-4.5,0.795,1001.9,27.83,-0.204,0.86,0.676,NASA POWER 2000-2024 + IPCC AR6 SSP rates,19.096,78.3446
Nirmal,2037,SSP2-4.5,0.796,1003.4,27.86,-0.211,0.86,0.677,NASA POWER 2000-2024 + IPCC AR6 SSP rates,19.096,78.3446
Nirmal,2038,SSP2-4.5,0.798,1005.0,27.89,-0.219,0.86,0.678,NASA POWER 2000-2024 + IPCC AR6 SSP rates,19.096,78.3446
Nirmal,2039,SSP2-4.5,0.799,1006.6,27.93,-0.226,0.86,0.679,NASA POWER 2000-2024 + IPCC AR6 SSP rates,19.096,78.3446
Nirmal,2040,SSP2-4.5,0.8,1008.2,27.96,-0.233,0.86,0.68,NASA POWER 2000-2024 + IPCC AR6 SSP rates,19.096,78.3446
Nirmal,2026,SSP5-8.5,0.793,947.8,27.77,-0.213,0.86,0.674,NASA POWER 2000-2024 + IPCC AR6 SSP rates,19.096,78.3446
Nirmal,2027,SSP5-8.5,0.795,946.6,27.82,-0.227,0.86,0.676,NASA POWER 2000-2024 + IPCC AR6 SSP rates,19.096,78.3446
Nirmal,2028,SSP5-8.5,0.797,945.5,27.88,-0.24,0.86,0.677,NASA POWER 2000-2024 + IPCC AR6 SSP rates,19.096,78.3446
Nirmal,2029,SSP5-8.5,0.799,944.3,27.93,-0.254,0.86,0.679,NASA POWER 2000-2024 + IPCC AR6 SSP rates,19.096,78.3446
Nirmal,2030,SSP5-8.5,0.801,943.2,27.98,-0.267,0.86,0.681,NASA POWER 2000-2024 + IPCC AR6 SSP rates,19.096,78.3446
Nirmal,2031,SSP5-8.5,0.803,942.0,28.04,-0.281,0.86,0.683,NASA POWER 2000-2024 + IPCC AR6 SSP rates,19.096,78.3446
Nirmal,2032,SSP5-8.5,0.805,940.8,28.09,-0.294,0.86,0.685,NASA POWER 2000-2024 + IPCC AR6 SSP rates,19.096,78.3446
Nirmal,2033,SSP5-8.5,0.808,939.7,28.15,-0.307,0.86,0.686,NASA POWER 2000-2024 + IPCC AR6 SSP rates,19.096,78.3446
Nirmal,2034,SSP5-8.5,0.81,938.5,28.2,-0.321,0.86,0.688,NASA POWER 2000-2024 + IPCC AR6 SSP rates,19.096,78.3446
Nirmal,2035,SSP5-8.5,0.812,937.3,28.25,-0.334,0.86,0.69,NASA POWER 2000-2024 + IPCC AR6 SSP rates,19.096,78.3446
Nirmal,2036,SSP5-8.5,0.814,936.2,28.31,-0.348,0.86,0.692,NASA POWER 2000-2024 + IPCC AR6 SSP rates,19.096,78.3446
Nirmal,2037,SSP5-8.5,0.816,935.0,28.36,-0.361,0.86,0.694,NASA POWER 2000-2024 + IPCC AR6 SSP rates,19.096,78.3446
Nirmal,2038,SSP5-8.5,0.818,933.8,28.41,-0.375,0.86,0.696,NASA POWER 2000-2024 + IPCC AR6 SSP rates,19.096,78.3446
Nirmal,2039,SSP5-8.5,0.82,932.7,28.47,-0.388,0.86,0.697,NASA POWER 2000-2024 + IPCC AR6 SSP rates,19.096,78.3446
Nirmal,2040,SSP5-8.5,0.823,931.5,28.52,-0.401,0.86,0.699,NASA POWER 2000-2024 + IPCC AR6 SSP rates,19.096,78.3446
Nizamabad,2026,SSP2-4.5,0.781,967.3,27.28,-0.118,0.86,0.664,NASA POWER 2000-2024 + IPCC AR6 SSP rates,18.6725,78.094
Nizamabad,2027,SSP2-4.5,0.782,968.8,27.32,-0.125,0.86,0.665,NASA POWER 2000-2024 + IPCC AR6 SSP rates,18.6725,78.094
Nizamabad,2028,SSP2-4.5,0.783,970.3,27.35,-0.132,0.86,0.666,NASA POWER 2000-2024 + IPCC AR6 SSP rates,18.6725,78.094
Nizamabad,2029,SSP2-4.5,0.785,971.8,27.38,-0.139,0.86,0.667,NASA POWER 2000-2024 + IPCC AR6 SSP rates,18.6725,78.094
Nizamabad,2030,SSP2-4.5,0.786,973.2,27.42,-0.146,0.86,0.668,NASA POWER 2000-2024 + IPCC AR6 SSP rates,18.6725,78.094
Nizamabad,2031,SSP2-4.5,0.787,974.7,27.45,-0.153,0.86,0.669,NASA POWER 2000-2024 + IPCC AR6 SSP rates,18.6725,78.094
Nizamabad,2032,SSP2-4.5,0.789,976.2,27.48,-0.16,0.86,0.67,NASA POWER 2000-2024 + IPCC AR6 SSP rates,18.6725,78.094
Nizamabad,2033,SSP2-4.5,0.79,977.7,27.51,-0.167,0.86,0.671,NASA POWER 2000-2024 + IPCC AR6 SSP rates,18.6725,78.094
Nizamabad,2034,SSP2-4.5,0.791,979.2,27.55,-0.175,0.86,0.673,NASA POWER 2000-2024 + IPCC AR6 SSP rates,18.6725,78.094
Nizamabad,2035,SSP2-4.5,0.793,980.7,27.58,-0.182,0.86,0.674,NASA POWER 2000-2024 + IPCC AR6 SSP rates,18.6725,78.094
Nizamabad,2036,SSP2-4.5,0.794,982.2,27.61,-0.189,0.86,0.675,NASA POWER 2000-2024 + IPCC AR6 SSP rates,18.6725,78.094
Nizamabad,2037,SSP2-4.5,0.795,983.6,27.65,-0.196,0.86,0.676,NASA POWER 2000-2024 + IPCC AR6 SSP rates,18.6725,78.094
Nizamabad,2038,SSP2-4.5,0.796,985.1,27.68,-0.203,0.86,0.677,NASA POWER 2000-2024 + IPCC AR6 SSP rates,18.6725,78.094
Nizamabad,2039,SSP2-4.5,0.798,986.6,27.71,-0.21,0.86,0.678,NASA POWER 2000-2024 + IPCC AR6 SSP rates,18.6725,78.094
Nizamabad,2040,SSP2-4.5,0.799,988.1,27.74,-0.217,0.86,0.679,NASA POWER 2000-2024 + IPCC AR6 SSP rates,18.6725,78.094
Nizamabad,2026,SSP5-8.5,0.792,929.7,27.56,-0.202,0.86,0.673,NASA POWER 2000-2024 + IPCC AR6 SSP rates,18.6725,78.094
Nizamabad,2027,SSP5-8.5,0.794,928.4,27.62,-0.215,0.86,0.675,NASA POWER 2000-2024 + IPCC AR6 SSP rates,18.6725,78.094
Nizamabad,2028,SSP5-8.5,0.796,927.2,27.67,-0.228,0.86,0.677,NASA POWER 2000-2024 + IPCC AR6 SSP rates,18.6725,78.094
Nizamabad,2029,SSP5-8.5,0.798,926.0,27.72,-0.241,0.86,0.678,NASA POWER 2000-2024 + IPCC AR6 SSP rates,18.6725,78.094
Nizamabad,2030,SSP5-8.5,0.8,924.8,27.78,-0.254,0.86,0.68,NASA POWER 2000-2024 + IPCC AR6 SSP rates,18.6725,78.094
Nizamabad,2031,SSP5-8.5,0.802,923.6,27.83,-0.267,0.86,0.682,NASA POWER 2000-2024 + IPCC AR6 SSP rates,18.6725,78.094
Nizamabad,2032,SSP5-8.5,0.805,922.4,27.88,-0.28,0.86,0.684,NASA POWER 2000-2024 + IPCC AR6 SSP rates,18.6725,78.094
Nizamabad,2033,SSP5-8.5,0.807,921.2,27.93,-0.293,0.86,0.686,NASA POWER 2000-2024 + IPCC AR6 SSP rates,18.6725,78.094
Nizamabad,2034,SSP5-8.5,0.809,920.0,27.99,-0.307,0.86,0.687,NASA POWER 2000-2024 + IPCC AR6 SSP rates,18.6725,78.094
Nizamabad,2035,SSP5-8.5,0.811,918.8,28.04,-0.32,0.86,0.689,NASA POWER 2000-2024 + IPCC AR6 SSP rates,18.6725,78.094
Nizamabad,2036,SSP5-8.5,0.813,917.6,28.09,-0.333,0.86,0.691,NASA POWER 2000-2024 + IPCC AR6 SSP rates,18.6725,78.094
Nizamabad,2037,SSP5-8.5,0.815,916.4,28.15,-0.346,0.86,0.693,NASA POWER 2000-2024 + IPCC AR6 SSP rates,18.6725,78.094
Nizamabad,2038,SSP5-8.5,0.817,915.2,28.2,-0.359,0.86,0.695,NASA POWER 2000-2024 + IPCC AR6 SSP rates,18.6725,78.094
Nizamabad,2039,SSP5-8.5,0.819,914.0,28.25,-0.372,0.86,0.696,NASA POWER 2000-2024 + IPCC AR6 SSP rates,18.6725,78.094
Nizamabad,2040,SSP5-8.5,0.821,912.8,28.3,-0.385,0.86,0.698,NASA POWER 2000-2024 + IPCC AR6 SSP rates,18.6725,78.094
Peddapalli,2026,SSP2-4.5,0.761,1387.6,27.57,0.616,0.86,0.647,NASA POWER 2000-2024 + IPCC AR6 SSP rates,18.6151,79.3782
Peddapalli,2027,SSP2-4.5,0.762,1402.5,27.59,0.638,0.86,0.648,NASA POWER 2000-2024 + IPCC AR6 SSP rates,18.6151,79.3782
Peddapalli,2028,SSP2-4.5,0.763,1417.3,27.6,0.659,0.86,0.648,NASA POWER 2000-2024 + IPCC AR6 SSP rates,18.6151,79.3782
Peddapalli,2029,SSP2-4.5,0.763,1432.2,27.61,0.681,0.86,0.649,NASA POWER 2000-2024 + IPCC AR6 SSP rates,18.6151,79.3782
Peddapalli,2030,SSP2-4.5,0.764,1447.0,27.63,0.702,0.86,0.649,NASA POWER 2000-2024 + IPCC AR6 SSP rates,18.6151,79.3782
Peddapalli,2031,SSP2-4.5,0.764,1461.9,27.64,0.724,0.86,0.65,NASA POWER 2000-2024 + IPCC AR6 SSP rates,18.6151,79.3782
Peddapalli,2032,SSP2-4.5,0.765,1476.7,27.66,0.745,0.86,0.65,NASA POWER 2000-2024 + IPCC AR6 SSP rates,18.6151,79.3782
Peddapalli,2033,SSP2-4.5,0.765,1491.6,27.67,0.767,0.86,0.651,NASA POWER 2000-2024 + IPCC AR6 SSP rates,18.6151,79.3782
Peddapalli,2034,SSP2-4.5,0.766,1506.4,27.69,0.788,0.86,0.651,NASA POWER 2000-2024 + IPCC AR6 SSP rates,18.6151,79.3782
Peddapalli,2035,SSP2-4.5,0.767,1521.3,27.7,0.81,0.86,0.652,NASA POWER 2000-2024 + IPCC AR6 SSP rates,18.6151,79.3782
Peddapalli,2036,SSP2-4.5,0.767,1536.1,27.71,0.831,0.86,0.652,NASA POWER 2000-2024 + IPCC AR6 SSP rates,18.6151,79.3782
Peddapalli,2037,SSP2-4.5,0.768,1551.0,27.73,0.853,0.86,0.653,NASA POWER 2000-2024 + IPCC AR6 SSP rates,18.6151,79.3782
Peddapalli,2038,SSP2-4.5,0.768,1565.8,27.74,0.875,0.86,0.653,NASA POWER 2000-2024 + IPCC AR6 SSP rates,18.6151,79.3782
Peddapalli,2039,SSP2-4.5,0.769,1580.7,27.76,0.896,0.86,0.654,NASA POWER 2000-2024 + IPCC AR6 SSP rates,18.6151,79.3782
Peddapalli,2040,SSP2-4.5,0.769,1595.5,27.77,0.918,0.86,0.654,NASA POWER 2000-2024 + IPCC AR6 SSP rates,18.6151,79.3782
Peddapalli,2026,SSP5-8.5,0.773,1347.0,27.85,0.532,0.86,0.657,NASA POWER 2000-2024 + IPCC AR6 SSP rates,18.6151,79.3782
Peddapalli,2027,SSP5-8.5,0.774,1359.0,27.89,0.548,0.86,0.658,NASA POWER 2000-2024 + IPCC AR6 SSP rates,18.6151,79.3782
Peddapalli,2028,SSP5-8.5,0.775,1370.9,27.92,0.563,0.86,0.659,NASA POWER 2000-2024 + IPCC AR6 SSP rates,18.6151,79.3782
Peddapalli,2029,SSP5-8.5,0.777,1382.9,27.95,0.579,0.86,0.66,NASA POWER 2000-2024 + IPCC AR6 SSP rates,18.6151,79.3782
Peddapalli,2030,SSP5-8.5,0.778,1394.8,27.99,0.594,0.86,0.661,NASA POWER 2000-2024 + IPCC AR6 SSP rates,18.6151,79.3782
Peddapalli,2031,SSP5-8.5,0.78,1406.8,28.02,0.61,0.86,0.663,NASA POWER 2000-2024 + IPCC AR6 SSP rates,18.6151,79.3782
Peddapalli,2032,SSP5-8.5,0.781,1418.7,28.06,0.625,0.86,0.664,NASA POWER 2000-2024 + IPCC AR6 SSP rates,18.6151,79.3782
Peddapalli,2033,SSP5-8.5,0.782,1430.7,28.09,0.641,0.86,0.665,NASA POWER 2000-2024 + IPCC AR6 SSP rates,18.6151,79.3782
Peddapalli,2034,SSP5-8.5,0.784,1442.6,28.13,0.656,0.86,0.666,NASA POWER 2000-2024 + IPCC AR6 SSP rates,18.6151,79.3782
Peddapalli,2035,SSP5-8.5,0.785,1454.6,28.16,0.672,0.86,0.667,NASA POWER 2000-2024 + IPCC AR6 SSP rates,18.6151,79.3782
Peddapalli,2036,SSP5-8.5,0.786,1466.5,28.19,0.687,0.86,0.668,NASA POWER 2000-2024 + IPCC AR6 SSP rates,18.6151,79.3782
Peddapalli,2037,SSP5-8.5,0.788,1478.5,28.23,0.703,0.86,0.67,NASA POWER 2000-2024 + IPCC AR6 SSP rates,18.6151,79.3782
Peddapalli,2038,SSP5-8.5,0.789,1490.4,28.26,0.719,0.86,0.671,NASA POWER 2000-2024 + IPCC AR6 SSP rates,18.6151,79.3782
Peddapalli,2039,SSP5-8.5,0.79,1502.4,28.3,0.734,0.86,0.672,NASA POWER 2000-2024 + IPCC AR6 SSP rates,18.6151,79.3782
Peddapalli,2040,SSP5-8.5,0.792,1514.3,28.33,0.75,0.86,0.673,NASA POWER 2000-2024 + IPCC AR6 SSP rates,18.6151,79.3782
Rajanna Sircilla,2026,SSP2-4.5,0.811,1129.5,27.13,0.219,0.9,0.689,NASA POWER 2000-2024 + IPCC AR6 SSP rates,18.3873,78.8101
Rajanna Sircilla,2027,SSP2-4.5,0.812,1136.5,27.15,0.225,0.9,0.69,NASA POWER 2000-2024 + IPCC AR6 SSP rates,18.3873,78.8101
Rajanna Sircilla,2028,SSP2-4.5,0.813,1143.5,27.18,0.231,0.9,0.691,NASA POWER 2000-2024 + IPCC AR6 SSP rates,18.3873,78.8101
Rajanna Sircilla,2029,SSP2-4.5,0.814,1150.5,27.2,0.237,0.9,0.692,NASA POWER 2000-2024 + IPCC AR6 SSP rates,18.3873,78.8101
Rajanna Sircilla,2030,SSP2-4.5,0.815,1157.4,27.22,0.243,0.9,0.693,NASA POWER 2000-2024 + IPCC AR6 SSP rates,18.3873,78.8101
Rajanna Sircilla,2031,SSP2-4.5,0.816,1164.4,27.25,0.249,0.9,0.694,NASA POWER 2000-2024 + IPCC AR6 SSP rates,18.3873,78.8101
Rajanna Sircilla,2032,SSP2-4.5,0.817,1171.4,27.27,0.255,0.9,0.694,NASA POWER 2000-2024 + IPCC AR6 SSP rates,18.3873,78.8101
Rajanna Sircilla,2033,SSP2-4.5,0.818,1178.4,27.29,0.26,0.9,0.695,NASA POWER 2000-2024 + IPCC AR6 SSP rates,18.3873,78.8101
Rajanna Sircilla,2034,SSP2-4.5,0.819,1185.4,27.32,0.266,0.9,0.696,NASA POWER 2000-2024 + IPCC AR6 SSP rates,18.3873,78.8101
Rajanna Sircilla,2035,SSP2-4.5,0.82,1192.4,27.34,0.272,0.9,0.697,NASA POWER 2000-2024 + IPCC AR6 SSP rates,18.3873,78.8101
Rajanna Sircilla,2036,SSP2-4.5,0.821,1199.4,27.36,0.278,0.9,0.698,NASA POWER 2000-2024 + IPCC AR6 SSP rates,18.3873,78.8101
Rajanna Sircilla,2037,SSP2-4.5,0.822,1206.4,27.39,0.284,0.9,0.698,NASA POWER 2000-2024 + IPCC AR6 SSP rates,18.3873,78.8101
Rajanna Sircilla,2038,SSP2-4.5,0.823,1213.4,27.41,0.29,0.9,0.699,NASA POWER 2000-2024 + IPCC AR6 SSP rates,18.3873,78.8101
Rajanna Sircilla,2039,SSP2-4.5,0.823,1220.4,27.44,0.296,0.9,0.7,NASA POWER 2000-2024 + IPCC AR6 SSP rates,18.3873,78.8101
Rajanna Sircilla,2040,SSP2-4.5,0.824,1227.3,27.46,0.302,0.9,0.701,NASA POWER 2000-2024 + IPCC AR6 SSP rates,18.3873,78.8101
Rajanna Sircilla,2026,SSP5-8.5,0.822,1091.1,27.41,0.135,0.9,0.699,NASA POWER 2000-2024 + IPCC AR6 SSP rates,18.3873,78.8101
Rajanna Sircilla,2027,SSP5-8.5,0.824,1095.3,27.45,0.135,0.9,0.7,NASA POWER 2000-2024 + IPCC AR6 SSP rates,18.3873,78.8101
Rajanna Sircilla,2028,SSP5-8.5,0.826,1099.6,27.5,0.135,0.9,0.702,NASA POWER 2000-2024 + IPCC AR6 SSP rates,18.3873,78.8101
Rajanna Sircilla,2029,SSP5-8.5,0.828,1103.8,27.54,0.135,0.9,0.703,NASA POWER 2000-2024 + IPCC AR6 SSP rates,18.3873,78.8101
Rajanna Sircilla,2030,SSP5-8.5,0.829,1108.0,27.58,0.135,0.9,0.705,NASA POWER 2000-2024 + IPCC AR6 SSP rates,18.3873,78.8101
Rajanna Sircilla,2031,SSP5-8.5,0.831,1112.3,27.63,0.135,0.9,0.706,NASA POWER 2000-2024 + IPCC AR6 SSP rates,18.3873,78.8101
Rajanna Sircilla,2032,SSP5-8.5,0.833,1116.5,27.67,0.135,0.9,0.708,NASA POWER 2000-2024 + IPCC AR6 SSP rates,18.3873,78.8101
Rajanna Sircilla,2033,SSP5-8.5,0.835,1120.8,27.71,0.134,0.9,0.709,NASA POWER 2000-2024 + IPCC AR6 SSP rates,18.3873,78.8101
Rajanna Sircilla,2034,SSP5-8.5,0.836,1125.0,27.76,0.134,0.9,0.711,NASA POWER 2000-2024 + IPCC AR6 SSP rates,18.3873,78.8101
Rajanna Sircilla,2035,SSP5-8.5,0.838,1129.3,27.8,0.134,0.9,0.712,NASA POWER 2000-2024 + IPCC AR6 SSP rates,18.3873,78.8101
Rajanna Sircilla,2036,SSP5-8.5,0.84,1133.5,27.84,0.134,0.9,0.714,NASA POWER 2000-2024 + IPCC AR6 SSP rates,18.3873,78.8101
Rajanna Sircilla,2037,SSP5-8.5,0.842,1137.8,27.89,0.134,0.9,0.715,NASA POWER 2000-2024 + IPCC AR6 SSP rates,18.3873,78.8101
Rajanna Sircilla,2038,SSP5-8.5,0.843,1142.0,27.93,0.134,0.9,0.717,NASA POWER 2000-2024 + IPCC AR6 SSP rates,18.3873,78.8101
Rajanna Sircilla,2039,SSP5-8.5,0.845,1146.3,27.98,0.134,0.9,0.718,NASA POWER 2000-2024 + IPCC AR6 SSP rates,18.3873,78.8101
Rajanna Sircilla,2040,SSP5-8.5,0.847,1150.5,28.02,0.134,0.9,0.72,NASA POWER 2000-2024 + IPCC AR6 SSP rates,18.3873,78.8101
Rangareddy,2026,SSP2-4.5,0.86,862.4,26.55,-0.047,0.94,0.731,NASA POWER 2000-2024 + IPCC AR6 SSP rates,17.2543,78.1317
Rangareddy,2027,SSP2-4.5,0.861,862.2,26.58,-0.051,0.94,0.732,NASA POWER 2000-2024 + IPCC AR6 SSP rates,17.2543,78.1317
Rangareddy,2028,SSP2-4.5,0.863,862.0,26.61,-0.055,0.94,0.733,NASA POWER 2000-2024 + IPCC AR6 SSP rates,17.2543,78.1317
Rangareddy,2029,SSP2-4.5,0.864,861.7,26.64,-0.059,0.94,0.734,NASA POWER 2000-2024 + IPCC AR6 SSP rates,17.2543,78.1317
Rangareddy,2030,SSP2-4.5,0.865,861.5,26.68,-0.063,0.94,0.735,NASA POWER 2000-2024 + IPCC AR6 SSP rates,17.2543,78.1317
Rangareddy,2031,SSP2-4.5,0.866,861.2,26.71,-0.067,0.94,0.736,NASA POWER 2000-2024 + IPCC AR6 SSP rates,17.2543,78.1317
Rangareddy,2032,SSP2-4.5,0.868,861.0,26.74,-0.071,0.94,0.738,NASA POWER 2000-2024 + IPCC AR6 SSP rates,17.2543,78.1317
Rangareddy,2033,SSP2-4.5,0.869,860.8,26.77,-0.075,0.94,0.739,NASA POWER 2000-2024 + IPCC AR6 SSP rates,17.2543,78.1317
Rangareddy,2034,SSP2-4.5,0.87,860.5,26.8,-0.079,0.94,0.74,NASA POWER 2000-2024 + IPCC AR6 SSP rates,17.2543,78.1317
Rangareddy,2035,SSP2-4.5,0.872,860.3,26.84,-0.083,0.94,0.741,NASA POWER 2000-2024 + IPCC AR6 SSP rates,17.2543,78.1317
Rangareddy,2036,SSP2-4.5,0.873,860.1,26.87,-0.087,0.94,0.742,NASA POWER 2000-2024 + IPCC AR6 SSP rates,17.2543,78.1317
Rangareddy,2037,SSP2-4.5,0.874,859.8,26.9,-0.091,0.94,0.743,NASA POWER 2000-2024 + IPCC AR6 SSP rates,17.2543,78.1317
Rangareddy,2038,SSP2-4.5,0.875,859.6,26.93,-0.095,0.94,0.744,NASA POWER 2000-2024 + IPCC AR6 SSP rates,17.2543,78.1317
Rangareddy,2039,SSP2-4.5,0.877,859.3,26.96,-0.099,0.94,0.745,NASA POWER 2000-2024 + IPCC AR6 SSP rates,17.2543,78.1317
Rangareddy,2040,SSP2-4.5,0.878,859.1,27.0,-0.103,0.94,0.746,NASA POWER 2000-2024 + IPCC AR6 SSP rates,17.2543,78.1317
Rangareddy,2026,SSP5-8.5,0.875,827.2,26.83,-0.131,0.94,0.744,NASA POWER 2000-2024 + IPCC AR6 SSP rates,17.2543,78.1317
Rangareddy,2027,SSP5-8.5,0.878,824.5,26.88,-0.141,0.94,0.747,NASA POWER 2000-2024 + IPCC AR6 SSP rates,17.2543,78.1317
Rangareddy,2028,SSP5-8.5,0.881,821.7,26.93,-0.151,0.94,0.749,NASA POWER 2000-2024 + IPCC AR6 SSP rates,17.2543,78.1317
Rangareddy,2029,SSP5-8.5,0.884,819.0,26.98,-0.161,0.94,0.752,NASA POWER 2000-2024 + IPCC AR6 SSP rates,17.2543,78.1317
Rangareddy,2030,SSP5-8.5,0.887,816.2,27.04,-0.171,0.94,0.754,NASA POWER 2000-2024 + IPCC AR6 SSP rates,17.2543,78.1317
Rangareddy,2031,SSP5-8.5,0.891,813.5,27.09,-0.181,0.94,0.757,NASA POWER 2000-2024 + IPCC AR6 SSP rates,17.2543,78.1317
Rangareddy,2032,SSP5-8.5,0.894,810.7,27.14,-0.191,0.94,0.76,NASA POWER 2000-2024 + IPCC AR6 SSP rates,17.2543,78.1317
Rangareddy,2033,SSP5-8.5,0.897,807.9,27.19,-0.201,0.94,0.762,NASA POWER 2000-2024 + IPCC AR6 SSP rates,17.2543,78.1317
Rangareddy,2034,SSP5-8.5,0.9,805.2,27.24,-0.211,0.94,0.765,NASA POWER 2000-2024 + IPCC AR6 SSP rates,17.2543,78.1317
Rangareddy,2035,SSP5-8.5,0.903,802.4,27.3,-0.221,0.94,0.767,NASA POWER 2000-2024 + IPCC AR6 SSP rates,17.2543,78.1317
Rangareddy,2036,SSP5-8.5,0.906,799.7,27.35,-0.231,0.94,0.77,NASA POWER 2000-2024 + IPCC AR6 SSP rates,17.2543,78.1317
Rangareddy,2037,SSP5-8.5,0.909,796.9,27.4,-0.241,0.94,0.773,NASA POWER 2000-2024 + IPCC AR6 SSP rates,17.2543,78.1317
Rangareddy,2038,SSP5-8.5,0.912,794.2,27.45,-0.251,0.94,0.775,NASA POWER 2000-2024 + IPCC AR6 SSP rates,17.2543,78.1317
Rangareddy,2039,SSP5-8.5,0.915,791.4,27.5,-0.261,0.94,0.778,NASA POWER 2000-2024 + IPCC AR6 SSP rates,17.2543,78.1317
Rangareddy,2040,SSP5-8.5,0.918,788.7,27.56,-0.271,0.94,0.78,NASA POWER 2000-2024 + IPCC AR6 SSP rates,17.2543,78.1317
Sangareddy,2026,SSP2-4.5,0.788,833.9,26.44,-0.158,0.86,0.67,NASA POWER 2000-2024 + IPCC AR6 SSP rates,17.6247,78.0891
Sangareddy,2027,SSP2-4.5,0.79,832.2,26.48,-0.167,0.86,0.672,NASA POWER 2000-2024 + IPCC AR6 SSP rates,17.6247,78.0891
Sangareddy,2028,SSP2-4.5,0.792,830.6,26.51,-0.175,0.86,0.674,NASA POWER 2000-2024 + IPCC AR6 SSP rates,17.6247,78.0891
Sangareddy,2029,SSP2-4.5,0.794,829.0,26.55,-0.184,0.86,0.675,NASA POWER 2000-2024 + IPCC AR6 SSP rates,17.6247,78.0891
Sangareddy,2030,SSP2-4.5,0.796,827.3,26.58,-0.192,0.86,0.677,NASA POWER 2000-2024 + IPCC AR6 SSP rates,17.6247,78.0891
Sangareddy,2031,SSP2-4.5,0.798,825.7,26.62,-0.201,0.86,0.679,NASA POWER 2000-2024 + IPCC AR6 SSP rates,17.6247,78.0891
Sangareddy,2032,SSP2-4.5,0.8,824.0,26.66,-0.209,0.86,0.68,NASA POWER 2000-2024 + IPCC AR6 SSP rates,17.6247,78.0891
Sangareddy,2033,SSP2-4.5,0.802,822.4,26.69,-0.218,0.86,0.682,NASA POWER 2000-2024 + IPCC AR6 SSP rates,17.6247,78.0891
Sangareddy,2034,SSP2-4.5,0.804,820.8,26.73,-0.226,0.86,0.684,NASA POWER 2000-2024 + IPCC AR6 SSP rates,17.6247,78.0891
Sangareddy,2035,SSP2-4.5,0.807,819.1,26.76,-0.234,0.86,0.686,NASA POWER 2000-2024 + IPCC AR6 SSP rates,17.6247,78.0891
Sangareddy,2036,SSP2-4.5,0.809,817.5,26.8,-0.243,0.86,0.687,NASA POWER 2000-2024 + IPCC AR6 SSP rates,17.6247,78.0891
Sangareddy,2037,SSP2-4.5,0.811,815.8,26.84,-0.251,0.86,0.689,NASA POWER 2000-2024 + IPCC AR6 SSP rates,17.6247,78.0891
Sangareddy,2038,SSP2-4.5,0.813,814.2,26.87,-0.26,0.86,0.691,NASA POWER 2000-2024 + IPCC AR6 SSP rates,17.6247,78.0891
Sangareddy,2039,SSP2-4.5,0.815,812.6,26.91,-0.268,0.86,0.692,NASA POWER 2000-2024 + IPCC AR6 SSP rates,17.6247,78.0891
Sangareddy,2040,SSP2-4.5,0.817,810.9,26.94,-0.277,0.86,0.694,NASA POWER 2000-2024 + IPCC AR6 SSP rates,17.6247,78.0891
Sangareddy,2026,SSP5-8.5,0.812,798.3,26.72,-0.242,0.86,0.69,NASA POWER 2000-2024 + IPCC AR6 SSP rates,17.6247,78.0891
Sangareddy,2027,SSP5-8.5,0.816,794.2,26.78,-0.257,0.86,0.693,NASA POWER 2000-2024 + IPCC AR6 SSP rates,17.6247,78.0891
Sangareddy,2028,SSP5-8.5,0.82,790.0,26.83,-0.271,0.86,0.697,NASA POWER 2000-2024 + IPCC AR6 SSP rates,17.6247,78.0891
Sangareddy,2029,SSP5-8.5,0.823,785.8,26.89,-0.286,0.86,0.7,NASA POWER 2000-2024 + IPCC AR6 SSP rates,17.6247,78.0891
Sangareddy,2030,SSP5-8.5,0.827,781.6,26.94,-0.3,0.86,0.703,NASA POWER 2000-2024 + IPCC AR6 SSP rates,17.6247,78.0891
Sangareddy,2031,SSP5-8.5,0.831,777.5,27.0,-0.315,0.86,0.706,NASA POWER 2000-2024 + IPCC AR6 SSP rates,17.6247,78.0891
Sangareddy,2032,SSP5-8.5,0.834,773.3,27.06,-0.329,0.86,0.709,NASA POWER 2000-2024 + IPCC AR6 SSP rates,17.6247,78.0891
Sangareddy,2033,SSP5-8.5,0.838,769.1,27.11,-0.344,0.86,0.712,NASA POWER 2000-2024 + IPCC AR6 SSP rates,17.6247,78.0891
Sangareddy,2034,SSP5-8.5,0.842,764.9,27.17,-0.358,0.86,0.716,NASA POWER 2000-2024 + IPCC AR6 SSP rates,17.6247,78.0891
Sangareddy,2035,SSP5-8.5,0.846,760.7,27.22,-0.372,0.86,0.719,NASA POWER 2000-2024 + IPCC AR6 SSP rates,17.6247,78.0891
Sangareddy,2036,SSP5-8.5,0.849,756.6,27.28,-0.387,0.86,0.722,NASA POWER 2000-2024 + IPCC AR6 SSP rates,17.6247,78.0891
Sangareddy,2037,SSP5-8.5,0.853,752.4,27.34,-0.401,0.86,0.725,NASA POWER 2000-2024 + IPCC AR6 SSP rates,17.6247,78.0891
Sangareddy,2038,SSP5-8.5,0.857,748.2,27.39,-0.416,0.86,0.728,NASA POWER 2000-2024 + IPCC AR6 SSP rates,17.6247,78.0891
Sangareddy,2039,SSP5-8.5,0.861,744.0,27.45,-0.43,0.86,0.731,NASA POWER 2000-2024 + IPCC AR6 SSP rates,17.6247,78.0891
Sangareddy,2040,SSP5-8.5,0.864,739.9,27.5,-0.445,0.86,0.735,NASA POWER 2000-2024 + IPCC AR6 SSP rates,17.6247,78.0891
Siddipet,2026,SSP2-4.5,0.853,1010.5,26.53,0.096,0.94,0.725,NASA POWER 2000-2024 + IPCC AR6 SSP rates,18.1019,78.8529
Siddipet,2027,SSP2-4.5,0.854,1013.8,26.55,0.098,0.94,0.726,NASA POWER 2000-2024 + IPCC AR6 SSP rates,18.1019,78.8529
Siddipet,2028,SSP2-4.5,0.855,1017.2,26.58,0.099,0.94,0.727,NASA POWER 2000-2024 + IPCC AR6 SSP rates,18.1019,78.8529
Siddipet,2029,SSP2-4.5,0.856,1020.6,26.61,0.101,0.94,0.728,NASA POWER 2000-2024 + IPCC AR6 SSP rates,18.1019,78.8529
Siddipet,2030,SSP2-4.5,0.857,1024.0,26.63,0.103,0.94,0.729,NASA POWER 2000-2024 + IPCC AR6 SSP rates,18.1019,78.8529
Siddipet,2031,SSP2-4.5,0.858,1027.3,26.66,0.104,0.94,0.73,NASA POWER 2000-2024 + IPCC AR6 SSP rates,18.1019,78.8529
Siddipet,2032,SSP2-4.5,0.859,1030.7,26.68,0.106,0.94,0.731,NASA POWER 2000-2024 + IPCC AR6 SSP rates,18.1019,78.8529
Siddipet,2033,SSP2-4.5,0.861,1034.1,26.71,0.108,0.94,0.731,NASA POWER 2000-2024 + IPCC AR6 SSP rates,18.1019,78.8529
Siddipet,2034,SSP2-4.5,0.862,1037.5,26.73,0.109,0.94,0.732,NASA POWER 2000-2024 + IPCC AR6 SSP rates,18.1019,78.8529
Siddipet,2035,SSP2-4.5,0.863,1040.8,26.76,0.111,0.94,0.733,NASA POWER 2000-2024 + IPCC AR6 SSP rates,18.1019,78.8529
Siddipet,2036,SSP2-4.5,0.864,1044.2,26.79,0.113,0.94,0.734,NASA POWER 2000-2024 + IPCC AR6 SSP rates,18.1019,78.8529
Siddipet,2037,SSP2-4.5,0.865,1047.6,26.81,0.115,0.94,0.735,NASA POWER 2000-2024 + IPCC AR6 SSP rates,18.1019,78.8529
Siddipet,2038,SSP2-4.5,0.866,1051.0,26.84,0.116,0.94,0.736,NASA POWER 2000-2024 + IPCC AR6 SSP rates,18.1019,78.8529
Siddipet,2039,SSP2-4.5,0.867,1054.3,26.86,0.118,0.94,0.737,NASA POWER 2000-2024 + IPCC AR6 SSP rates,18.1019,78.8529
Siddipet,2040,SSP2-4.5,0.868,1057.7,26.89,0.12,0.94,0.738,NASA POWER 2000-2024 + IPCC AR6 SSP rates,18.1019,78.8529
Siddipet,2026,SSP5-8.5,0.865,973.1,26.81,0.012,0.94,0.735,NASA POWER 2000-2024 + IPCC AR6 SSP rates,18.1019,78.8529
Siddipet,2027,SSP5-8.5,0.866,973.8,26.85,0.008,0.94,0.736,NASA POWER 2000-2024 + IPCC AR6 SSP rates,18.1019,78.8529
Siddipet,2028,SSP5-8.5,0.868,974.5,26.9,0.003,0.94,0.738,NASA POWER 2000-2024 + IPCC AR6 SSP rates,18.1019,78.8529
Siddipet,2029,SSP5-8.5,0.87,975.2,26.95,-0.001,0.94,0.739,NASA POWER 2000-2024 + IPCC AR6 SSP rates,18.1019,78.8529
Siddipet,2030,SSP5-8.5,0.872,975.9,26.99,-0.005,0.94,0.741,NASA POWER 2000-2024 + IPCC AR6 SSP rates,18.1019,78.8529
Siddipet,2031,SSP5-8.5,0.874,976.6,27.04,-0.01,0.94,0.743,NASA POWER 2000-2024 + IPCC AR6 SSP rates,18.1019,78.8529
Siddipet,2032,SSP5-8.5,0.875,977.3,27.08,-0.014,0.94,0.744,NASA POWER 2000-2024 + IPCC AR6 SSP rates,18.1019,78.8529
Siddipet,2033,SSP5-8.5,0.877,978.0,27.13,-0.018,0.94,0.746,NASA POWER 2000-2024 + IPCC AR6 SSP rates,18.1019,78.8529
Siddipet,2034,SSP5-8.5,0.879,978.7,27.17,-0.023,0.94,0.747,NASA POWER 2000-2024 + IPCC AR6 SSP rates,18.1019,78.8529
Siddipet,2035,SSP5-8.5,0.881,979.4,27.22,-0.027,0.94,0.749,NASA POWER 2000-2024 + IPCC AR6 SSP rates,18.1019,78.8529
Siddipet,2036,SSP5-8.5,0.883,980.1,27.27,-0.031,0.94,0.75,NASA POWER 2000-2024 + IPCC AR6 SSP rates,18.1019,78.8529
Siddipet,2037,SSP5-8.5,0.885,980.8,27.31,-0.035,0.94,0.752,NASA POWER 2000-2024 + IPCC AR6 SSP rates,18.1019,78.8529
Siddipet,2038,SSP5-8.5,0.886,981.5,27.36,-0.04,0.94,0.753,NASA POWER 2000-2024 + IPCC AR6 SSP rates,18.1019,78.8529
Siddipet,2039,SSP5-8.5,0.888,982.2,27.4,-0.044,0.94,0.755,NASA POWER 2000-2024 + IPCC AR6 SSP rates,18.1019,78.8529
Siddipet,2040,SSP5-8.5,0.89,982.9,27.45,-0.048,0.94,0.757,NASA POWER 2000-2024 + IPCC AR6 SSP rates,18.1019,78.8529
Suryapet,2026,SSP2-4.5,0.826,808.0,28.41,-0.066,0.9,0.702,NASA POWER 2000-2024 + IPCC AR6 SSP rates,17.14,79.6286
Suryapet,2027,SSP2-4.5,0.828,807.5,28.45,-0.071,0.9,0.704,NASA POWER 2000-2024 + IPCC AR6 SSP rates,17.14,79.6286
Suryapet,2028,SSP2-4.5,0.829,807.0,28.49,-0.075,0.9,0.705,NASA POWER 2000-2024 + IPCC AR6 SSP rates,17.14,79.6286
Suryapet,2029,SSP2-4.5,0.831,806.5,28.53,-0.08,0.9,0.706,NASA POWER 2000-2024 + IPCC AR6 SSP rates,17.14,79.6286
Suryapet,2030,SSP2-4.5,0.832,806.1,28.57,-0.085,0.9,0.708,NASA POWER 2000-2024 + IPCC AR6 SSP rates,17.14,79.6286
Suryapet,2031,SSP2-4.5,0.834,805.6,28.6,-0.09,0.9,0.709,NASA POWER 2000-2024 + IPCC AR6 SSP rates,17.14,79.6286
Suryapet,2032,SSP2-4.5,0.836,805.1,28.64,-0.095,0.9,0.71,NASA POWER 2000-2024 + IPCC AR6 SSP rates,17.14,79.6286
Suryapet,2033,SSP2-4.5,0.837,804.6,28.68,-0.1,0.9,0.712,NASA POWER 2000-2024 + IPCC AR6 SSP rates,17.14,79.6286
Suryapet,2034,SSP2-4.5,0.839,804.1,28.72,-0.104,0.9,0.713,NASA POWER 2000-2024 + IPCC AR6 SSP rates,17.14,79.6286
Suryapet,2035,SSP2-4.5,0.84,803.7,28.76,-0.109,0.9,0.714,NASA POWER 2000-2024 + IPCC AR6 SSP rates,17.14,79.6286
Suryapet,2036,SSP2-4.5,0.842,803.2,28.8,-0.114,0.9,0.715,NASA POWER 2000-2024 + IPCC AR6 SSP rates,17.14,79.6286
Suryapet,2037,SSP2-4.5,0.843,802.7,28.83,-0.119,0.9,0.717,NASA POWER 2000-2024 + IPCC AR6 SSP rates,17.14,79.6286
Suryapet,2038,SSP2-4.5,0.845,802.2,28.87,-0.124,0.9,0.718,NASA POWER 2000-2024 + IPCC AR6 SSP rates,17.14,79.6286
Suryapet,2039,SSP2-4.5,0.846,801.7,28.91,-0.129,0.9,0.719,NASA POWER 2000-2024 + IPCC AR6 SSP rates,17.14,79.6286
Suryapet,2040,SSP2-4.5,0.848,801.3,28.95,-0.133,0.9,0.721,NASA POWER 2000-2024 + IPCC AR6 SSP rates,17.14,79.6286
Suryapet,2026,SSP5-8.5,0.844,774.7,28.69,-0.15,0.9,0.717,NASA POWER 2000-2024 + IPCC AR6 SSP rates,17.14,79.6286
Suryapet,2027,SSP5-8.5,0.848,771.9,28.75,-0.161,0.9,0.72,NASA POWER 2000-2024 + IPCC AR6 SSP rates,17.14,79.6286
Suryapet,2028,SSP5-8.5,0.851,769.0,28.81,-0.171,0.9,0.723,NASA POWER 2000-2024 + IPCC AR6 SSP rates,17.14,79.6286
Suryapet,2029,SSP5-8.5,0.854,766.2,28.87,-0.182,0.9,0.726,NASA POWER 2000-2024 + IPCC AR6 SSP rates,17.14,79.6286
Suryapet,2030,SSP5-8.5,0.858,763.3,28.93,-0.193,0.9,0.729,NASA POWER 2000-2024 + IPCC AR6 SSP rates,17.14,79.6286
Suryapet,2031,SSP5-8.5,0.861,760.4,28.98,-0.204,0.9,0.732,NASA POWER 2000-2024 + IPCC AR6 SSP rates,17.14,79.6286
Suryapet,2032,SSP5-8.5,0.865,757.6,29.04,-0.215,0.9,0.735,NASA POWER 2000-2024 + IPCC AR6 SSP rates,17.14,79.6286
Suryapet,2033,SSP5-8.5,0.868,754.7,29.1,-0.226,0.9,0.738,NASA POWER 2000-2024 + IPCC AR6 SSP rates,17.14,79.6286
Suryapet,2034,SSP5-8.5,0.871,751.9,29.16,-0.236,0.9,0.741,NASA POWER 2000-2024 + IPCC AR6 SSP rates,17.14,79.6286
Suryapet,2035,SSP5-8.5,0.875,749.0,29.22,-0.247,0.9,0.744,NASA POWER 2000-2024 + IPCC AR6 SSP rates,17.14,79.6286
Suryapet,2036,SSP5-8.5,0.878,746.2,29.28,-0.258,0.9,0.746,NASA POWER 2000-2024 + IPCC AR6 SSP rates,17.14,79.6286
Suryapet,2037,SSP5-8.5,0.882,743.3,29.33,-0.269,0.9,0.749,NASA POWER 2000-2024 + IPCC AR6 SSP rates,17.14,79.6286
Suryapet,2038,SSP5-8.5,0.885,740.4,29.39,-0.28,0.9,0.752,NASA POWER 2000-2024 + IPCC AR6 SSP rates,17.14,79.6286
Suryapet,2039,SSP5-8.5,0.888,737.6,29.45,-0.291,0.9,0.755,NASA POWER 2000-2024 + IPCC AR6 SSP rates,17.14,79.6286
Suryapet,2040,SSP5-8.5,0.892,734.7,29.51,-0.301,0.9,0.758,NASA POWER 2000-2024 + IPCC AR6 SSP rates,17.14,79.6286
Vikarabad,2026,SSP2-4.5,0.788,833.9,26.44,-0.158,0.86,0.67,NASA POWER 2000-2024 + IPCC AR6 SSP rates,17.3384,77.9048
Vikarabad,2027,SSP2-4.5,0.79,832.2,26.48,-0.167,0.86,0.672,NASA POWER 2000-2024 + IPCC AR6 SSP rates,17.3384,77.9048
Vikarabad,2028,SSP2-4.5,0.792,830.6,26.51,-0.175,0.86,0.674,NASA POWER 2000-2024 + IPCC AR6 SSP rates,17.3384,77.9048
Vikarabad,2029,SSP2-4.5,0.794,829.0,26.55,-0.184,0.86,0.675,NASA POWER 2000-2024 + IPCC AR6 SSP rates,17.3384,77.9048
Vikarabad,2030,SSP2-4.5,0.796,827.3,26.58,-0.192,0.86,0.677,NASA POWER 2000-2024 + IPCC AR6 SSP rates,17.3384,77.9048
Vikarabad,2031,SSP2-4.5,0.798,825.7,26.62,-0.201,0.86,0.679,NASA POWER 2000-2024 + IPCC AR6 SSP rates,17.3384,77.9048
Vikarabad,2032,SSP2-4.5,0.8,824.0,26.66,-0.209,0.86,0.68,NASA POWER 2000-2024 + IPCC AR6 SSP rates,17.3384,77.9048
Vikarabad,2033,SSP2-4.5,0.802,822.4,26.69,-0.218,0.86,0.682,NASA POWER 2000-2024 + IPCC AR6 SSP rates,17.3384,77.9048
Vikarabad,2034,SSP2-4.5,0.804,820.8,26.73,-0.226,0.86,0.684,NASA POWER 2000-2024 + IPCC AR6 SSP rates,17.3384,77.9048
Vikarabad,2035,SSP2-4.5,0.807,819.1,26.76,-0.234,0.86,0.686,NASA POWER 2000-2024 + IPCC AR6 SSP rates,17.3384,77.9048
Vikarabad,2036,SSP2-4.5,0.809,817.5,26.8,-0.243,0.86,0.687,NASA POWER 2000-2024 + IPCC AR6 SSP rates,17.3384,77.9048
Vikarabad,2037,SSP2-4.5,0.811,815.8,26.84,-0.251,0.86,0.689,NASA POWER 2000-2024 + IPCC AR6 SSP rates,17.3384,77.9048
Vikarabad,2038,SSP2-4.5,0.813,814.2,26.87,-0.26,0.86,0.691,NASA POWER 2000-2024 + IPCC AR6 SSP rates,17.3384,77.9048
Vikarabad,2039,SSP2-4.5,0.815,812.6,26.91,-0.268,0.86,0.692,NASA POWER 2000-2024 + IPCC AR6 SSP rates,17.3384,77.9048
Vikarabad,2040,SSP2-4.5,0.817,810.9,26.94,-0.277,0.86,0.694,NASA POWER 2000-2024 + IPCC AR6 SSP rates,17.3384,77.9048
Vikarabad,2026,SSP5-8.5,0.812,798.3,26.72,-0.242,0.86,0.69,NASA POWER 2000-2024 + IPCC AR6 SSP rates,17.3384,77.9048
Vikarabad,2027,SSP5-8.5,0.816,794.2,26.78,-0.257,0.86,0.693,NASA POWER 2000-2024 + IPCC AR6 SSP rates,17.3384,77.9048
Vikarabad,2028,SSP5-8.5,0.82,790.0,26.83,-0.271,0.86,0.697,NASA POWER 2000-2024 + IPCC AR6 SSP rates,17.3384,77.9048
Vikarabad,2029,SSP5-8.5,0.823,785.8,26.89,-0.286,0.86,0.7,NASA POWER 2000-2024 + IPCC AR6 SSP rates,17.3384,77.9048
Vikarabad,2030,SSP5-8.5,0.827,781.6,26.94,-0.3,0.86,0.703,NASA POWER 2000-2024 + IPCC AR6 SSP rates,17.3384,77.9048
Vikarabad,2031,SSP5-8.5,0.831,777.5,27.0,-0.315,0.86,0.706,NASA POWER 2000-2024 + IPCC AR6 SSP rates,17.3384,77.9048
Vikarabad,2032,SSP5-8.5,0.834,773.3,27.06,-0.329,0.86,0.709,NASA POWER 2000-2024 + IPCC AR6 SSP rates,17.3384,77.9048
Vikarabad,2033,SSP5-8.5,0.838,769.1,27.11,-0.344,0.86,0.712,NASA POWER 2000-2024 + IPCC AR6 SSP rates,17.3384,77.9048
Vikarabad,2034,SSP5-8.5,0.842,764.9,27.17,-0.358,0.86,0.716,NASA POWER 2000-2024 + IPCC AR6 SSP rates,17.3384,77.9048
Vikarabad,2035,SSP5-8.5,0.846,760.7,27.22,-0.372,0.86,0.719,NASA POWER 2000-2024 + IPCC AR6 SSP rates,17.3384,77.9048
Vikarabad,2036,SSP5-8.5,0.849,756.6,27.28,-0.387,0.86,0.722,NASA POWER 2000-2024 + IPCC AR6 SSP rates,17.3384,77.9048
Vikarabad,2037,SSP5-8.5,0.853,752.4,27.34,-0.401,0.86,0.725,NASA POWER 2000-2024 + IPCC AR6 SSP rates,17.3384,77.9048
Vikarabad,2038,SSP5-8.5,0.857,748.2,27.39,-0.416,0.86,0.728,NASA POWER 2000-2024 + IPCC AR6 SSP rates,17.3384,77.9048
Vikarabad,2039,SSP5-8.5,0.861,744.0,27.45,-0.43,0.86,0.731,NASA POWER 2000-2024 + IPCC AR6 SSP rates,17.3384,77.9048
Vikarabad,2040,SSP5-8.5,0.864,739.9,27.5,-0.445,0.86,0.735,NASA POWER 2000-2024 + IPCC AR6 SSP rates,17.3384,77.9048
Wanaparthy,2026,SSP2-4.5,0.854,620.1,27.71,-0.416,0.86,0.726,NASA POWER 2000-2024 + IPCC AR6 SSP rates,16.3625,78.0612
Wanaparthy,2027,SSP2-4.5,0.858,614.1,27.76,-0.435,0.86,0.729,NASA POWER 2000-2024 + IPCC AR6 SSP rates,16.3625,78.0612
Wanaparthy,2028,SSP2-4.5,0.863,608.2,27.82,-0.453,0.86,0.733,NASA POWER 2000-2024 + IPCC AR6 SSP rates,16.3625,78.0612
Wanaparthy,2029,SSP2-4.5,0.867,602.2,27.87,-0.471,0.86,0.737,NASA POWER 2000-2024 + IPCC AR6 SSP rates,16.3625,78.0612
Wanaparthy,2030,SSP2-4.5,0.872,596.3,27.93,-0.49,0.86,0.741,NASA POWER 2000-2024 + IPCC AR6 SSP rates,16.3625,78.0612
Wanaparthy,2031,SSP2-4.5,0.876,590.3,27.98,-0.508,0.86,0.745,NASA POWER 2000-2024 + IPCC AR6 SSP rates,16.3625,78.0612
Wanaparthy,2032,SSP2-4.5,0.881,584.4,28.03,-0.526,0.86,0.749,NASA POWER 2000-2024 + IPCC AR6 SSP rates,16.3625,78.0612
Wanaparthy,2033,SSP2-4.5,0.885,578.4,28.09,-0.545,0.86,0.753,NASA POWER 2000-2024 + IPCC AR6 SSP rates,16.3625,78.0612
Wanaparthy,2034,SSP2-4.5,0.89,572.4,28.14,-0.563,0.86,0.756,NASA POWER 2000-2024 + IPCC AR6 SSP rates,16.3625,78.0612
Wanaparthy,2035,SSP2-4.5,0.894,566.5,28.19,-0.582,0.86,0.76,NASA POWER 2000-2024 + IPCC AR6 SSP rates,16.3625,78.0612
Wanaparthy,2036,SSP2-4.5,0.899,560.5,28.25,-0.6,0.86,0.764,NASA POWER 2000-2024 + IPCC AR6 SSP rates,16.3625,78.0612
Wanaparthy,2037,SSP2-4.5,0.903,554.6,28.3,-0.618,0.86,0.768,NASA POWER 2000-2024 + IPCC AR6 SSP rates,16.3625,78.0612
Wanaparthy,2038,SSP2-4.5,0.908,548.6,28.35,-0.637,0.86,0.772,NASA POWER 2000-2024 + IPCC AR6 SSP rates,16.3625,78.0612
Wanaparthy,2039,SSP2-4.5,0.913,542.6,28.41,-0.655,0.86,0.776,NASA POWER 2000-2024 + IPCC AR6 SSP rates,16.3625,78.0612
Wanaparthy,2040,SSP2-4.5,0.917,536.7,28.46,-0.673,0.86,0.78,NASA POWER 2000-2024 + IPCC AR6 SSP rates,16.3625,78.0612
Wanaparthy,2026,SSP5-8.5,0.877,588.7,27.99,-0.5,0.86,0.746,NASA POWER 2000-2024 + IPCC AR6 SSP rates,16.3625,78.0612
Wanaparthy,2027,SSP5-8.5,0.884,580.5,28.06,-0.525,0.86,0.751,NASA POWER 2000-2024 + IPCC AR6 SSP rates,16.3625,78.0612
Wanaparthy,2028,SSP5-8.5,0.89,572.3,28.14,-0.549,0.86,0.756,NASA POWER 2000-2024 + IPCC AR6 SSP rates,16.3625,78.0612
Wanaparthy,2029,SSP5-8.5,0.896,564.1,28.21,-0.573,0.86,0.762,NASA POWER 2000-2024 + IPCC AR6 SSP rates,16.3625,78.0612
Wanaparthy,2030,SSP5-8.5,0.902,555.9,28.29,-0.598,0.86,0.767,NASA POWER 2000-2024 + IPCC AR6 SSP rates,16.3625,78.0612
Wanaparthy,2031,SSP5-8.5,0.909,547.7,28.36,-0.622,0.86,0.772,NASA POWER 2000-2024 + IPCC AR6 SSP rates,16.3625,78.0612
Wanaparthy,2032,SSP5-8.5,0.915,539.5,28.43,-0.646,0.86,0.778,NASA POWER 2000-2024 + IPCC AR6 SSP rates,16.3625,78.0612
Wanaparthy,2033,SSP5-8.5,0.921,531.3,28.51,-0.671,0.86,0.783,NASA POWER 2000-2024 + IPCC AR6 SSP rates,16.3625,78.0612
Wanaparthy,2034,SSP5-8.5,0.927,523.1,28.58,-0.695,0.86,0.788,NASA POWER 2000-2024 + IPCC AR6 SSP rates,16.3625,78.0612
Wanaparthy,2035,SSP5-8.5,0.934,514.9,28.65,-0.72,0.86,0.793,NASA POWER 2000-2024 + IPCC AR6 SSP rates,16.3625,78.0612
Wanaparthy,2036,SSP5-8.5,0.94,506.7,28.73,-0.744,0.86,0.799,NASA POWER 2000-2024 + IPCC AR6 SSP rates,16.3625,78.0612
Wanaparthy,2037,SSP5-8.5,0.946,498.5,28.8,-0.768,0.86,0.804,NASA POWER 2000-2024 + IPCC AR6 SSP rates,16.3625,78.0612
Wanaparthy,2038,SSP5-8.5,0.95,490.2,28.87,-0.793,0.86,0.808,NASA POWER 2000-2024 + IPCC AR6 SSP rates,16.3625,78.0612
Wanaparthy,2039,SSP5-8.5,0.95,482.0,28.95,-0.817,0.86,0.808,NASA POWER 2000-2024 + IPCC AR6 SSP rates,16.3625,78.0612
Wanaparthy,2040,SSP5-8.5,0.95,473.8,29.02,-0.841,0.86,0.808,NASA POWER 2000-2024 + IPCC AR6 SSP rates,16.3625,78.0612
Warangal_Rural,2026,SSP2-4.5,0.846,1185.3,27.28,0.353,0.94,0.719,NASA POWER 2000-2024 + IPCC AR6 SSP rates,17.5,79.5
Warangal_Rural,2027,SSP2-4.5,0.847,1195.0,27.3,0.364,0.94,0.72,NASA POWER 2000-2024 + IPCC AR6 SSP rates,17.5,79.5
Warangal_Rural,2028,SSP2-4.5,0.847,1204.6,27.32,0.376,0.94,0.72,NASA POWER 2000-2024 + IPCC AR6 SSP rates,17.5,79.5
Warangal_Rural,2029,SSP2-4.5,0.848,1214.3,27.34,0.387,0.94,0.721,NASA POWER 2000-2024 + IPCC AR6 SSP rates,17.5,79.5
Warangal_Rural,2030,SSP2-4.5,0.849,1224.0,27.36,0.398,0.94,0.722,NASA POWER 2000-2024 + IPCC AR6 SSP rates,17.5,79.5
Warangal_Rural,2031,SSP2-4.5,0.85,1233.7,27.38,0.41,0.94,0.722,NASA POWER 2000-2024 + IPCC AR6 SSP rates,17.5,79.5
Warangal_Rural,2032,SSP2-4.5,0.85,1243.3,27.39,0.421,0.94,0.723,NASA POWER 2000-2024 + IPCC AR6 SSP rates,17.5,79.5
Warangal_Rural,2033,SSP2-4.5,0.851,1253.0,27.41,0.433,0.94,0.724,NASA POWER 2000-2024 + IPCC AR6 SSP rates,17.5,79.5
Warangal_Rural,2034,SSP2-4.5,0.852,1262.7,27.43,0.444,0.94,0.724,NASA POWER 2000-2024 + IPCC AR6 SSP rates,17.5,79.5
Warangal_Rural,2035,SSP2-4.5,0.853,1272.3,27.45,0.455,0.94,0.725,NASA POWER 2000-2024 + IPCC AR6 SSP rates,17.5,79.5
Warangal_Rural,2036,SSP2-4.5,0.853,1282.0,27.47,0.467,0.94,0.725,NASA POWER 2000-2024 + IPCC AR6 SSP rates,17.5,79.5
Warangal_Rural,2037,SSP2-4.5,0.854,1291.7,27.49,0.478,0.94,0.726,NASA POWER 2000-2024 + IPCC AR6 SSP rates,17.5,79.5
Warangal_Rural,2038,SSP2-4.5,0.855,1301.4,27.51,0.49,0.94,0.727,NASA POWER 2000-2024 + IPCC AR6 SSP rates,17.5,79.5
Warangal_Rural,2039,SSP2-4.5,0.856,1311.0,27.53,0.501,0.94,0.727,NASA POWER 2000-2024 + IPCC AR6 SSP rates,17.5,79.5
Warangal_Rural,2040,SSP2-4.5,0.856,1320.7,27.54,0.512,0.94,0.728,NASA POWER 2000-2024 + IPCC AR6 SSP rates,17.5,79.5
Warangal_Rural,2026,SSP5-8.5,0.857,1147.4,27.56,0.269,0.94,0.729,NASA POWER 2000-2024 + IPCC AR6 SSP rates,17.5,79.5
Warangal_Rural,2027,SSP5-8.5,0.859,1154.4,27.6,0.274,0.94,0.73,NASA POWER 2000-2024 + IPCC AR6 SSP rates,17.5,79.5
Warangal_Rural,2028,SSP5-8.5,0.86,1161.4,27.64,0.28,0.94,0.731,NASA POWER 2000-2024 + IPCC AR6 SSP rates,17.5,79.5
Warangal_Rural,2029,SSP5-8.5,0.862,1168.3,27.68,0.285,0.94,0.733,NASA POWER 2000-2024 + IPCC AR6 SSP rates,17.5,79.5
Warangal_Rural,2030,SSP5-8.5,0.863,1175.3,27.72,0.29,0.94,0.734,NASA POWER 2000-2024 + IPCC AR6 SSP rates,17.5,79.5
Warangal_Rural,2031,SSP5-8.5,0.865,1182.3,27.76,0.296,0.94,0.735,NASA POWER 2000-2024 + IPCC AR6 SSP rates,17.5,79.5
Warangal_Rural,2032,SSP5-8.5,0.866,1189.2,27.79,0.301,0.94,0.736,NASA POWER 2000-2024 + IPCC AR6 SSP rates,17.5,79.5
Warangal_Rural,2033,SSP5-8.5,0.868,1196.2,27.83,0.307,0.94,0.738,NASA POWER 2000-2024 + IPCC AR6 SSP rates,17.5,79.5
Warangal_Rural,2034,SSP5-8.5,0.87,1203.2,27.87,0.312,0.94,0.739,NASA POWER 2000-2024 + IPCC AR6 SSP rates,17.5,79.5
Warangal_Rural,2035,SSP5-8.5,0.871,1210.1,27.91,0.317,0.94,0.74,NASA POWER 2000-2024 + IPCC AR6 SSP rates,17.5,79.5
Warangal_Rural,2036,SSP5-8.5,0.873,1217.1,27.95,0.323,0.94,0.742,NASA POWER 2000-2024 + IPCC AR6 SSP rates,17.5,79.5
Warangal_Rural,2037,SSP5-8.5,0.874,1224.1,27.99,0.328,0.94,0.743,NASA POWER 2000-2024 + IPCC AR6 SSP rates,17.5,79.5
Warangal_Rural,2038,SSP5-8.5,0.876,1231.0,28.03,0.334,0.94,0.744,NASA POWER 2000-2024 + IPCC AR6 SSP rates,17.5,79.5
Warangal_Rural,2039,SSP5-8.5,0.877,1238.0,28.07,0.339,0.94,0.746,NASA POWER 2000-2024 + IPCC AR6 SSP rates,17.5,79.5
Warangal_Rural,2040,SSP5-8.5,0.879,1245.0,28.1,0.344,0.94,0.747,NASA POWER 2000-2024 + IPCC AR6 SSP rates,17.5,79.5
Warangal_Urban,2026,SSP2-4.5,0.846,1185.3,27.28,0.353,0.94,0.719,NASA POWER 2000-2024 + IPCC AR6 SSP rates,17.5,79.5
Warangal_Urban,2027,SSP2-4.5,0.847,1195.0,27.3,0.364,0.94,0.72,NASA POWER 2000-2024 + IPCC AR6 SSP rates,17.5,79.5
Warangal_Urban,2028,SSP2-4.5,0.847,1204.6,27.32,0.376,0.94,0.72,NASA POWER 2000-2024 + IPCC AR6 SSP rates,17.5,79.5
Warangal_Urban,2029,SSP2-4.5,0.848,1214.3,27.34,0.387,0.94,0.721,NASA POWER 2000-2024 + IPCC AR6 SSP rates,17.5,79.5
Warangal_Urban,2030,SSP2-4.5,0.849,1224.0,27.36,0.398,0.94,0.722,NASA POWER 2000-2024 + IPCC AR6 SSP rates,17.5,79.5
Warangal_Urban,2031,SSP2-4.5,0.85,1233.7,27.38,0.41,0.94,0.722,NASA POWER 2000-2024 + IPCC AR6 SSP rates,17.5,79.5
Warangal_Urban,2032,SSP2-4.5,0.85,1243.3,27.39,0.421,0.94,0.723,NASA POWER 2000-2024 + IPCC AR6 SSP rates,17.5,79.5
Warangal_Urban,2033,SSP2-4.5,0.851,1253.0,27.41,0.433,0.94,0.724,NASA POWER 2000-2024 + IPCC AR6 SSP rates,17.5,79.5
Warangal_Urban,2034,SSP2-4.5,0.852,1262.7,27.43,0.444,0.94,0.724,NASA POWER 2000-2024 + IPCC AR6 SSP rates,17.5,79.5
Warangal_Urban,2035,SSP2-4.5,0.853,1272.3,27.45,0.455,0.94,0.725,NASA POWER 2000-2024 + IPCC AR6 SSP rates,17.5,79.5
Warangal_Urban,2036,SSP2-4.5,0.853,1282.0,27.47,0.467,0.94,0.725,NASA POWER 2000-2024 + IPCC AR6 SSP rates,17.5,79.5
Warangal_Urban,2037,SSP2-4.5,0.854,1291.7,27.49,0.478,0.94,0.726,NASA POWER 2000-2024 + IPCC AR6 SSP rates,17.5,79.5
Warangal_Urban,2038,SSP2-4.5,0.855,1301.4,27.51,0.49,0.94,0.727,NASA POWER 2000-2024 + IPCC AR6 SSP rates,17.5,79.5
Warangal_Urban,2039,SSP2-4.5,0.856,1311.0,27.53,0.501,0.94,0.727,NASA POWER 2000-2024 + IPCC AR6 SSP rates,17.5,79.5
Warangal_Urban,2040,SSP2-4.5,0.856,1320.7,27.54,0.512,0.94,0.728,NASA POWER 2000-2024 + IPCC AR6 SSP rates,17.5,79.5
Warangal_Urban,2026,SSP5-8.5,0.857,1147.4,27.56,0.269,0.94,0.729,NASA POWER 2000-2024 + IPCC AR6 SSP rates,17.5,79.5
Warangal_Urban,2027,SSP5-8.5,0.859,1154.4,27.6,0.274,0.94,0.73,NASA POWER 2000-2024 + IPCC AR6 SSP rates,17.5,79.5
Warangal_Urban,2028,SSP5-8.5,0.86,1161.4,27.64,0.28,0.94,0.731,NASA POWER 2000-2024 + IPCC AR6 SSP rates,17.5,79.5
Warangal_Urban,2029,SSP5-8.5,0.862,1168.3,27.68,0.285,0.94,0.733,NASA POWER 2000-2024 + IPCC AR6 SSP rates,17.5,79.5
Warangal_Urban,2030,SSP5-8.5,0.863,1175.3,27.72,0.29,0.94,0.734,NASA POWER 2000-2024 + IPCC AR6 SSP rates,17.5,79.5
Warangal_Urban,2031,SSP5-8.5,0.865,1182.3,27.76,0.296,0.94,0.735,NASA POWER 2000-2024 + IPCC AR6 SSP rates,17.5,79.5
Warangal_Urban,2032,SSP5-8.5,0.866,1189.2,27.79,0.301,0.94,0.736,NASA POWER 2000-2024 + IPCC AR6 SSP rates,17.5,79.5
Warangal_Urban,2033,SSP5-8.5,0.868,1196.2,27.83,0.307,0.94,0.738,NASA POWER 2000-2024 + IPCC AR6 SSP rates,17.5,79.5
Warangal_Urban,2034,SSP5-8.5,0.87,1203.2,27.87,0.312,0.94,0.739,NASA POWER 2000-2024 + IPCC AR6 SSP rates,17.5,79.5
Warangal_Urban,2035,SSP5-8.5,0.871,1210.1,27.91,0.317,0.94,0.74,NASA POWER 2000-2024 + IPCC AR6 SSP rates,17.5,79.5
Warangal_Urban,2036,SSP5-8.5,0.873,1217.1,27.95,0.323,0.94,0.742,NASA POWER 2000-2024 + IPCC AR6 SSP rates,17.5,79.5
Warangal_Urban,2037,SSP5-8.5,0.874,1224.1,27.99,0.328,0.94,0.743,NASA POWER 2000-2024 + IPCC AR6 SSP rates,17.5,79.5
Warangal_Urban,2038,SSP5-8.5,0.876,1231.0,28.03,0.334,0.94,0.744,NASA POWER 2000-2024 + IPCC AR6 SSP rates,17.5,79.5
Warangal_Urban,2039,SSP5-8.5,0.877,1238.0,28.07,0.339,0.94,0.746,NASA POWER 2000-2024 + IPCC AR6 SSP rates,17.5,79.5
Warangal_Urban,2040,SSP5-8.5,0.879,1245.0,28.1,0.344,0.94,0.747,NASA POWER 2000-2024 + IPCC AR6 SSP rates,17.5,79.5
Yadadri Bhuvanagiri,2026,SSP2-4.5,0.86,862.4,26.55,-0.047,0.94,0.731,NASA POWER 2000-2024 + IPCC AR6 SSP rates,17.5858,78.959
Yadadri Bhuvanagiri,2027,SSP2-4.5,0.861,862.2,26.58,-0.051,0.94,0.732,NASA POWER 2000-2024 + IPCC AR6 SSP rates,17.5858,78.959
Yadadri Bhuvanagiri,2028,SSP2-4.5,0.863,862.0,26.61,-0.055,0.94,0.733,NASA POWER 2000-2024 + IPCC AR6 SSP rates,17.5858,78.959
Yadadri Bhuvanagiri,2029,SSP2-4.5,0.864,861.7,26.64,-0.059,0.94,0.734,NASA POWER 2000-2024 + IPCC AR6 SSP rates,17.5858,78.959
Yadadri Bhuvanagiri,2030,SSP2-4.5,0.865,861.5,26.68,-0.063,0.94,0.735,NASA POWER 2000-2024 + IPCC AR6 SSP rates,17.5858,78.959
Yadadri Bhuvanagiri,2031,SSP2-4.5,0.866,861.2,26.71,-0.067,0.94,0.736,NASA POWER 2000-2024 + IPCC AR6 SSP rates,17.5858,78.959
Yadadri Bhuvanagiri,2032,SSP2-4.5,0.868,861.0,26.74,-0.071,0.94,0.738,NASA POWER 2000-2024 + IPCC AR6 SSP rates,17.5858,78.959
Yadadri Bhuvanagiri,2033,SSP2-4.5,0.869,860.8,26.77,-0.075,0.94,0.739,NASA POWER 2000-2024 + IPCC AR6 SSP rates,17.5858,78.959
Yadadri Bhuvanagiri,2034,SSP2-4.5,0.87,860.5,26.8,-0.079,0.94,0.74,NASA POWER 2000-2024 + IPCC AR6 SSP rates,17.5858,78.959
Yadadri Bhuvanagiri,2035,SSP2-4.5,0.872,860.3,26.84,-0.083,0.94,0.741,NASA POWER 2000-2024 + IPCC AR6 SSP rates,17.5858,78.959
Yadadri Bhuvanagiri,2036,SSP2-4.5,0.873,860.1,26.87,-0.087,0.94,0.742,NASA POWER 2000-2024 + IPCC AR6 SSP rates,17.5858,78.959
Yadadri Bhuvanagiri,2037,SSP2-4.5,0.874,859.8,26.9,-0.091,0.94,0.743,NASA POWER 2000-2024 + IPCC AR6 SSP rates,17.5858,78.959
Yadadri Bhuvanagiri,2038,SSP2-4.5,0.875,859.6,26.93,-0.095,0.94,0.744,NASA POWER 2000-2024 + IPCC AR6 SSP rates,17.5858,78.959
Yadadri Bhuvanagiri,2039,SSP2-4.5,0.877,859.3,26.96,-0.099,0.94,0.745,NASA POWER 2000-2024 + IPCC AR6 SSP rates,17.5858,78.959
Yadadri Bhuvanagiri,2040,SSP2-4.5,0.878,859.1,27.0,-0.103,0.94,0.746,NASA POWER 2000-2024 + IPCC AR6 SSP rates,17.5858,78.959
Yadadri Bhuvanagiri,2026,SSP5-8.5,0.875,827.2,26.83,-0.131,0.94,0.744,NASA POWER 2000-2024 + IPCC AR6 SSP rates,17.5858,78.959
Yadadri Bhuvanagiri,2027,SSP5-8.5,0.878,824.5,26.88,-0.141,0.94,0.747,NASA POWER 2000-2024 + IPCC AR6 SSP rates,17.5858,78.959
Yadadri Bhuvanagiri,2028,SSP5-8.5,0.881,821.7,26.93,-0.151,0.94,0.749,NASA POWER 2000-2024 + IPCC AR6 SSP rates,17.5858,78.959
Yadadri Bhuvanagiri,2029,SSP5-8.5,0.884,819.0,26.98,-0.161,0.94,0.752,NASA POWER 2000-2024 + IPCC AR6 SSP rates,17.5858,78.959
Yadadri Bhuvanagiri,2030,SSP5-8.5,0.887,816.2,27.04,-0.171,0.94,0.754,NASA POWER 2000-2024 + IPCC AR6 SSP rates,17.5858,78.959
Yadadri Bhuvanagiri,2031,SSP5-8.5,0.891,813.5,27.09,-0.181,0.94,0.757,NASA POWER 2000-2024 + IPCC AR6 SSP rates,17.5858,78.959
Yadadri Bhuvanagiri,2032,SSP5-8.5,0.894,810.7,27.14,-0.191,0.94,0.76,NASA POWER 2000-2024 + IPCC AR6 SSP rates,17.5858,78.959
Yadadri Bhuvanagiri,2033,SSP5-8.5,0.897,807.9,27.19,-0.201,0.94,0.762,NASA POWER 2000-2024 + IPCC AR6 SSP rates,17.5858,78.959
Yadadri Bhuvanagiri,2034,SSP5-8.5,0.9,805.2,27.24,-0.211,0.94,0.765,NASA POWER 2000-2024 + IPCC AR6 SSP rates,17.5858,78.959
Yadadri Bhuvanagiri,2035,SSP5-8.5,0.903,802.4,27.3,-0.221,0.94,0.767,NASA POWER 2000-2024 + IPCC AR6 SSP rates,17.5858,78.959
Yadadri Bhuvanagiri,2036,SSP5-8.5,0.906,799.7,27.35,-0.231,0.94,0.77,NASA POWER 2000-2024 + IPCC AR6 SSP rates,17.5858,78.959
Yadadri Bhuvanagiri,2037,SSP5-8.5,0.909,796.9,27.4,-0.241,0.94,0.773,NASA POWER 2000-2024 + IPCC AR6 SSP rates,17.5858,78.959
Yadadri Bhuvanagiri,2038,SSP5-8.5,0.912,794.2,27.45,-0.251,0.94,0.775,NASA POWER 2000-2024 + IPCC AR6 SSP rates,17.5858,78.959
Yadadri Bhuvanagiri,2039,SSP5-8.5,0.915,791.4,27.5,-0.261,0.94,0.778,NASA POWER 2000-2024 + IPCC AR6 SSP rates,17.5858,78.959
Yadadri Bhuvanagiri,2040,SSP5-8.5,0.918,788.7,27.56,-0.271,0.94,0.78,NASA POWER 2000-2024 + IPCC AR6 SSP rates,17.5858,78.959
