{"type":"FeatureCollection","name":"TS_mandal_boundary","features":[{"type":"Feature","properties":{"uid":"TSSD0001","mandal_name":"Abdullapurmet","district_name":"Rangareddy","centroid":[78.6612,17.315],"area":254.22,"zonalstat":{"min":0.1322,"max":0.8639,"mean":0.6336,"count":1073,"sum":679.8286,"median":0.6425}},"geometry":{"type":"Polygon","coordinates":[[[78.5856,17.3467],[78.6019,17.3419],[78.619,17.3437],[78.6174,17.3118],[78.604,17.3066],[78.5724,17.3082],[78.5715,17.2926],[78.5652,17.2803],[78.56,17.2484],[78.5607,17.2473],[78.5669,17.2418],[78.5888,17.2394],[78.6018,17.2468],[78.6003,17.258],[78.6241,17.2544],[78.6602,17.2441],[78.6596,17.2343],[78.6765,17.2397],[78.704,17.2523],[78.7135,17.2624],[78.7265,17.2667],[78.7514,17.2685],[78.7537,17.2724],[78.7476,17.2953],[78.7625,17.3035],[78.7536,17.3326],[78.7311,17.3267],[78.7123,17.3354],[78.7094,17.3487],[78.7156,17.3566],[78.7295,17.3515],[78.7374,17.3846],[78.7292,17.3848],[78.7159,17.4001],[78.7041,17.3941],[78.6919,17.4038],[78.6755,17.3986],[78.6724,17.3826],[78.6622,17.3779],[78.65,17.3847],[78.6226,17.387],[78.6184,17.3874],[78.5927,17.3879],[78.5893,17.3881],[78.5833,17.3626],[78.5856,17.3467]]]}},{"type":"Feature","properties":{"uid":"TSSD0002","mandal_name":"Achampet","district_name":"Nagarkurnool","centroid":[78.8079,16.449],"area":502.12,"zonalstat":{"min":0.1279,"max":0.9275,"mean":0.6757,"count":2109,"sum":1425.1213,"median":0.6736}},"geometry":{"type":"Polygon","coordinates":[[[79.0627,16.4461],[79.0474,16.4588],[79.027,16.4672],[78.9809,16.4955],[78.9636,16.4991],[78.9364,16.5121],[78.9236,16.5224],[78.9092,16.5524],[78.8702,16.5445],[78.8571,16.5514],[78.8429,16.5471],[78.833,16.5426],[78.8,16.5149],[78.7878,16.5166],[78.7807,16.5248],[78.7687,16.5094],[78.7534,16.4982],[78.7194,16.5004],[78.7189,16.4855],[78.7303,16.4667],[78.7109,16.454],[78.7006,16.4559],[78.6982,16.4714],[78.6808,16.4708],[78.6812,16.4489],[78.6506,16.4579],[78.6309,16.4599],[78.6355,16.4376],[78.6165,16.4361],[78.6138,16.4313],[78.5874,16.4287],[78.582,16.4134],[78.5932,16.3998],[78.6161,16.3977],[78.6234,16.3933],[78.6237,16.3799],[78.6329,16.3773],[78.6406,16.3661],[78.629,16.3528],[78.644,16.3375],[78.6647,16.3288],[78.6831,16.3304],[78.6852,16.3401],[78.6773,16.347],[78.686,16.356],[78.6923,16.3449],[78.7051,16.3525],[78.6951,16.366],[78.7244,16.3828],[78.7369,16.397],[78.747,16.3933],[78.7566,16.3751],[78.7811,16.3828],[78.7908,16.3938],[78.8034,16.3947],[78.8195,16.4104],[78.8311,16.4153],[78.8722,16.4059],[78.8687,16.4225],[78.8596,16.4279],[78.859,16.4473],[78.8756,16.4588],[78.892,16.4595],[78.9059,16.4499],[78.9095,16.4421],[78.9263,16.4427],[78.9316,16.4614],[78.9733,16.4523],[78.9795,16.4325],[78.9919,16.4235],[79.0173,16.4215],[79.0305,16.412],[79.0387,16.3978],[79.0531,16.3951],[79.0564,16.4159],[79.0642,16.4311],[79.0627,16.4461]]]}},{"type":"Feature","properties":{"uid":"TSSD0003","mandal_name":"Adavidevulapally","district_name":"Nalgonda","centroid":[79.4929,16.667],"area":124.12,"zonalstat":{"min":-0.1494,"max":0.9275,"mean":0.6824,"count":505,"sum":344.6088,"median":0.7033}},"geometry":{"type":"Polygon","coordinates":[[[79.5243,16.7252],[79.4867,16.7137],[79.4665,16.7277],[79.4687,16.7066],[79.4506,16.7034],[79.4297,16.6746],[79.4403,16.6615],[79.4393,16.6508],[79.4276,16.6516],[79.4055,16.6412],[79.4233,16.6287],[79.4391,16.6125],[79.4457,16.6196],[79.4596,16.6241],[79.4865,16.6257],[79.4936,16.6333],[79.5116,16.6362],[79.5265,16.6315],[79.5454,16.6343],[79.5761,16.6506],[79.585,16.6599],[79.5722,16.6718],[79.5385,16.6811],[79.5323,16.6961],[79.5319,16.711],[79.5243,16.7252]]]}},{"type":"Feature","properties":{"uid":"TSSD0004","mandal_name":"Addagudur","district_name":"Yadadri Bhuvanagiri","centroid":[79.3729,17.4021],"area":141.84,"zonalstat":{"min":0.3183,"max":0.8688,"mean":0.6863,"count":599,"sum":411.1003,"median":0.7015}},"geometry":{"type":"Polygon","coordinates":[[[79.3652,17.4843],[79.3452,17.4691],[79.3353,17.4533],[79.3451,17.4395],[79.3375,17.4257],[79.32,17.4294],[79.3177,17.4021],[79.3089,17.4036],[79.3095,17.3814],[79.3048,17.3584],[79.3312,17.3593],[79.3763,17.3433],[79.4017,17.3474],[79.4388,17.3458],[79.4581,17.3432],[79.443,17.3626],[79.4256,17.3738],[79.4125,17.398],[79.4234,17.4114],[79.4189,17.4341],[79.4057,17.4527],[79.3888,17.4685],[79.3652,17.4843]]]}},{"type":"Feature","properties":{"uid":"TSSD0005","mandal_name":"Addakal","district_name":"Mahabubnagar","centroid":[77.9323,16.5244],"area":133.19,"zonalstat":{"min":0.0858,"max":0.8725,"mean":0.6804,"count":562,"sum":382.3811,"median":0.6822}},"geometry":{"type":"Polygon","coordinates":[[[78.0055,16.5673],[78.0011,16.5759],[77.9836,16.5712],[77.9669,16.5741],[77.957,16.5599],[77.946,16.5693],[77.9437,16.5796],[77.93,16.5788],[77.9176,16.5835],[77.9089,16.5636],[77.8882,16.5694],[77.8648,16.5653],[77.8596,16.5565],[77.8644,16.5426],[77.8843,16.528],[77.8947,16.5246],[77.8917,16.5147],[77.8984,16.5019],[77.8926,16.4875],[77.8935,16.4724],[77.871,16.455],[77.8644,16.4468],[77.8972,16.451],[77.902,16.4446],[77.9176,16.442],[77.9233,16.459],[77.9308,16.4669],[77.9344,16.4803],[77.9465,16.4911],[77.9656,16.4927],[77.9709,16.5022],[77.9831,16.5018],[77.9847,16.5146],[77.9944,16.5216],[77.9969,16.5309],[78.0064,16.5351],[78.0128,16.5452],[78.0006,16.5569],[78.0055,16.5673]]]}},{"type":"Feature","properties":{"uid":"TSSD0006","mandal_name":"Adilabad Rural","district_name":"Adilabad","centroid":[78.6121,19.6209],"area":296.11,"zonalstat":{"min":0.4834,"max":0.8519,"mean":0.7542,"count":1276,"sum":962.3988,"median":0.7627}},"geometry":{"type":"Polygon","coordinates":[[[78.6821,19.6082],[78.6566,19.6078],[78.6416,19.6167],[78.6523,19.6323],[78.6524,19.6576],[78.6224,19.6858],[78.6016,19.6878],[78.5991,19.7122],[78.5808,19.7187],[78.5781,19.7346],[78.5651,19.7394],[78.5628,19.7293],[78.5474,19.7337],[78.533,19.7319],[78.5263,19.7435],[78.5158,19.744],[78.5125,19.727],[78.5005,19.724],[78.4948,19.7085],[78.4848,19.6983],[78.4679,19.6983],[78.4735,19.6847],[78.4837,19.6931],[78.5008,19.6819],[78.5114,19.6837],[78.5159,19.6909],[78.53,19.6883],[78.5373,19.6967],[78.5554,19.6923],[78.5552,19.6655],[78.5609,19.6608],[78.5599,19.6454],[78.5431,19.6411],[78.5355,19.6297],[78.5382,19.6148],[78.5308,19.6045],[78.5323,19.5924],[78.5187,19.5764],[78.5251,19.5624],[78.5506,19.5569],[78.5554,19.5524],[78.5725,19.5586],[78.6181,19.5437],[78.6213,19.5531],[78.6445,19.5635],[78.6699,19.5465],[78.676,19.5388],[78.6963,19.5295],[78.7353,19.5337],[78.7426,19.553],[78.7508,19.5651],[78.7489,19.5902],[78.7387,19.6042],[78.7201,19.6137],[78.7118,19.6083],[78.6926,19.6108],[78.6821,19.6082]]]}},{"type":"Feature","properties":{"uid":"TSSD0007","mandal_name":"Adilabad Urban","district_name":"Adilabad","centroid":[78.54,19.6712],"area":18.64,"zonalstat":{"min":0.3275,"max":0.8587,"mean":0.5914,"count":78,"sum":46.1322,"median":0.6064}},"geometry":{"type":"Polygon","coordinates":[[[78.5431,19.6411],[78.5599,19.6454],[78.5609,19.6608],[78.5552,19.6655],[78.5554,19.6923],[78.5373,19.6967],[78.53,19.6883],[78.5159,19.6909],[78.5114,19.6837],[78.5207,19.668],[78.5292,19.6644],[78.5431,19.6411]]]}},{"type":"Feature","properties":{"uid":"TSSD0008","mandal_name":"Aiza","district_name":"Jogulamba Gadwal","centroid":[77.6419,15.9816],"area":281.08,"zonalstat":{"min":-0.0657,"max":0.9034,"mean":0.6403,"count":1171,"sum":749.7738,"median":0.6268}},"geometry":{"type":"Polygon","coordinates":[[[77.7475,16.0115],[77.7318,16.0145],[77.7239,16.0377],[77.7142,16.0511],[77.7047,16.05],[77.6983,16.0374],[77.6798,16.0481],[77.678,16.0739],[77.6497,16.066],[77.6319,16.073],[77.6214,16.0634],[77.6257,16.0438],[77.6185,16.0369],[77.6096,16.016],[77.5881,16.0081],[77.5854,15.9989],[77.5506,15.9883],[77.5297,15.9855],[77.5109,15.9767],[77.52,15.9673],[77.5137,15.9277],[77.5503,15.9196],[77.5806,15.9191],[77.5906,15.913],[77.6099,15.9183],[77.6253,15.9096],[77.6447,15.8926],[77.6567,15.9195],[77.6793,15.9326],[77.6821,15.9463],[77.7112,15.9499],[77.7123,15.9557],[77.7192,15.9807],[77.7414,15.9729],[77.7676,15.9695],[77.769,15.9819],[77.7862,15.997],[77.7912,16.0094],[77.7708,16.012],[77.7475,16.0115]]]}},{"type":"Feature","properties":{"uid":"TSSD0009","mandal_name":"Akkannapet","district_name":"Siddipet","centroid":[79.1886,18.0489],"area":181.57,"zonalstat":{"min":0.2167,"max":0.879,"mean":0.7322,"count":768,"sum":562.2941,"median":0.7457}},"geometry":{"type":"Polygon","coordinates":[[[79.2807,18.088],[79.2426,18.0907],[79.2371,18.0977],[79.2153,18.0847],[79.2081,18.0934],[79.185,18.0969],[79.1712,18.1086],[79.1392,18.1079],[79.1178,18.0888],[79.1255,18.0759],[79.111,18.0649],[79.0987,18.0467],[79.1081,18.0411],[79.1103,18.0271],[79.11,18.024],[79.107,18.0131],[79.1224,18.0048],[79.1447,18.0034],[79.1531,17.992],[79.1709,17.9912],[79.1918,17.9989],[79.2308,17.9925],[79.2496,18.0091],[79.2599,18.0076],[79.258,18.0265],[79.2616,18.0365],[79.2775,18.0556],[79.2826,18.079],[79.2807,18.088]]]}},{"type":"Feature","properties":{"uid":"TSSD0010","mandal_name":"Alair","district_name":"Yadadri Bhuvanagiri","centroid":[79.0763,17.6483],"area":165.31,"zonalstat":{"min":0.4497,"max":0.8544,"mean":0.6834,"count":700,"sum":478.3968,"median":0.6896}},"geometry":{"type":"Polygon","coordinates":[[[79.046,17.7259],[79.0377,17.7092],[79.028,17.7112],[79.016,17.7258],[79.0149,17.7106],[78.9926,17.7096],[78.9923,17.6865],[78.998,17.685],[79.0164,17.6634],[79.0157,17.6425],[79.0227,17.6325],[79.0175,17.6244],[79.0383,17.6173],[79.035,17.6056],[79.0442,17.6081],[79.0545,17.6017],[79.0627,17.6142],[79.0781,17.605],[79.0749,17.5771],[79.0832,17.5773],[79.0928,17.5863],[79.1179,17.5847],[79.131,17.5869],[79.135,17.5771],[79.1468,17.5701],[79.1628,17.5671],[79.1671,17.5754],[79.1565,17.5857],[79.1522,17.5978],[79.1558,17.6229],[79.1433,17.628],[79.1326,17.6444],[79.1302,17.6686],[79.1024,17.6755],[79.0905,17.6901],[79.09,17.6991],[79.072,17.7194],[79.046,17.7259]]]}},{"type":"Feature","properties":{"uid":"TSSD0011","mandal_name":"Alampur","district_name":"Jogulamba Gadwal","centroid":[78.1281,15.9194],"area":212.17,"zonalstat":{"min":-0.3,"max":0.872,"mean":0.3634,"count":874,"sum":317.573,"median":0.5266}},"geometry":{"type":"Polygon","coordinates":[[[78.2512,15.9735],[78.2461,15.9616],[78.235,15.9496],[78.2236,15.9439],[78.1827,15.9444],[78.1534,15.9526],[78.1441,15.9715],[78.1395,15.993],[78.1171,16.0051],[78.0862,16.0112],[78.0788,15.9956],[78.0635,15.9771],[78.064,15.9609],[78.0738,15.9521],[78.0593,15.9128],[78.0634,15.906],[78.065,15.8636],[78.072,15.8511],[78.0843,15.8414],[78.0985,15.8364],[78.1305,15.8384],[78.141,15.8545],[78.1701,15.856],[78.1758,15.8592],[78.1772,15.8774],[78.19,15.8926],[78.1801,15.902],[78.1868,15.9118],[78.2068,15.919],[78.2288,15.9233],[78.2491,15.9333],[78.2532,15.941],[78.2512,15.9735]]]}},{"type":"Feature","properties":{"uid":"TSSD0012","mandal_name":"Alladurg","district_name":"Medak","centroid":[77.9477,17.9508],"area":106.37,"zonalstat":{"min":0.4934,"max":0.8858,"mean":0.7493,"count":451,"sum":337.9252,"median":0.7532}},"geometry":{"type":"Polygon","coordinates":[[[77.9778,17.9962],[77.9699,17.9946],[77.9537,18.0047],[77.931,18.0135],[77.921,18.0141],[77.902,17.9988],[77.888,17.9853],[77.8909,17.9646],[77.9067,17.9592],[77.9076,17.9489],[77.9,17.9334],[77.9129,17.925],[77.9222,17.9259],[77.9404,17.9202],[77.9404,17.8908],[77.9735,17.8839],[77.9979,17.8853],[78.0039,17.9028],[77.9985,17.9258],[77.9709,17.9334],[77.9753,17.9479],[77.9965,17.9826],[77.977,17.9871],[77.9778,17.9962]]]}},{"type":"Feature","properties":{"uid":"TSSD0013","mandal_name":"Allapalli","district_name":"Bhadradri Kothagudem","centroid":[80.5194,17.9083],"area":507.54,"zonalstat":{"min":0.1768,"max":0.9801,"mean":0.7499,"count":2140,"sum":1604.6852,"median":0.7602}},"geometry":{"type":"Polygon","coordinates":[[[80.6492,17.9609],[80.5802,17.9118],[80.5536,17.9291],[80.5659,17.9465],[80.5888,17.9874],[80.5967,17.9904],[80.5922,18.0064],[80.5784,18.0092],[80.5653,18.0064],[80.5591,18.0157],[80.5478,18.017],[80.5558,18.0306],[80.5421,18.0303],[80.54,18.0208],[80.5244,18.0211],[80.5374,18.0366],[80.53,18.0479],[80.516,18.0334],[80.5053,18.0355],[80.4895,18.0241],[80.4722,18.0324],[80.4564,18.036],[80.4508,18.0536],[80.4385,18.0546],[80.4464,18.0478],[80.4258,18.0129],[80.43,18.0011],[80.419,17.995],[80.416,17.956],[80.3974,17.9354],[80.4,17.9319],[80.4494,17.9032],[80.4414,17.8791],[80.4191,17.8662],[80.4324,17.8511],[80.4289,17.8436],[80.4434,17.8393],[80.449,17.793],[80.4719,17.765],[80.495,17.753],[80.5162,17.7596],[80.529,17.7582],[80.538,17.7989],[80.5525,17.8139],[80.5715,17.8166],[80.5796,17.8447],[80.6045,17.8672],[80.6141,17.8725],[80.6306,17.8712],[80.6625,17.8954],[80.6565,17.8748],[80.6855,17.8754],[80.6961,17.8907],[80.6753,17.9084],[80.6674,17.922],[80.6584,17.934],[80.6492,17.9609]]]}},{"type":"Feature","properties":{"uid":"TSSD0014","mandal_name":"Alwal","district_name":"Medchal_Malkajgiri","centroid":[78.5228,17.5163],"area":43.73,"zonalstat":{"min":0.2412,"max":0.8225,"mean":0.5184,"count":186,"sum":96.4157,"median":0.5182}},"geometry":{"type":"Polygon","coordinates":[[[78.5537,17.543],[78.5436,17.5364],[78.5281,17.5404],[78.5167,17.5493],[78.5053,17.5489],[78.5071,17.5394],[78.5004,17.5281],[78.4856,17.52],[78.4789,17.495],[78.4855,17.4824],[78.4971,17.4806],[78.5046,17.4843],[78.5194,17.4912],[78.528,17.5057],[78.5415,17.4963],[78.555,17.5024],[78.561,17.5156],[78.5769,17.5374],[78.5674,17.5426],[78.5537,17.543]]]}},{"type":"Feature","properties":{"uid":"TSSD0015","mandal_name":"Amangal","district_name":"Rangareddy","centroid":[78.5562,16.858],"area":138.08,"zonalstat":{"min":0.1724,"max":0.8807,"mean":0.6485,"count":589,"sum":381.9637,"median":0.6675}},"geometry":{"type":"Polygon","coordinates":[[[78.627,16.8983],[78.6112,16.9027],[78.602,16.8895],[78.575,16.8924],[78.5671,16.9029],[78.5536,16.9101],[78.5394,16.9229],[78.5145,16.9145],[78.4951,16.9133],[78.5052,16.8945],[78.4932,16.8722],[78.4872,16.8478],[78.4881,16.8208],[78.508,16.8227],[78.5295,16.816],[78.5388,16.8224],[78.5549,16.8197],[78.5603,16.8137],[78.5913,16.7957],[78.6158,16.7943],[78.6188,16.8151],[78.6273,16.8398],[78.611,16.8494],[78.5841,16.8526],[78.581,16.862],[78.6088,16.8679],[78.6107,16.8748],[78.625,16.8722],[78.6328,16.8872],[78.627,16.8983]]]}},{"type":"Feature","properties":{"uid":"TSSD0016","mandal_name":"Amarchintha","district_name":"Wanaparthy","centroid":[77.7349,16.3816],"area":110.02,"zonalstat":{"min":-0.1744,"max":0.8793,"mean":0.6558,"count":457,"sum":299.6819,"median":0.7193}},"geometry":{"type":"Polygon","coordinates":[[[77.7433,16.4203],[77.7355,16.4089],[77.7167,16.4359],[77.7096,16.4372],[77.7034,16.4114],[77.7071,16.4038],[77.6735,16.3921],[77.6572,16.3894],[77.6594,16.3733],[77.6656,16.363],[77.6762,16.3609],[77.6883,16.3415],[77.7335,16.3307],[77.7368,16.3268],[77.7368,16.3385],[77.7446,16.3538],[77.7524,16.3564],[77.7681,16.3508],[77.7676,16.3442],[77.7861,16.3393],[77.7816,16.3533],[77.7924,16.3601],[77.8014,16.3898],[77.7994,16.4057],[77.7913,16.4119],[77.7899,16.427],[77.778,16.4296],[77.7651,16.4233],[77.7433,16.4203]]]}},{"type":"Feature","properties":{"uid":"TSSD0017","mandal_name":"Amberpet","district_name":"Hyderabad","centroid":[78.5093,17.3872],"area":9.23,"zonalstat":{"min":0.0684,"max":0.4958,"mean":0.255,"count":38,"sum":9.6914,"median":0.2366}},"geometry":{"type":"Polygon","coordinates":[[[78.5215,17.4019],[78.5028,17.4037],[78.5048,17.389],[78.4956,17.3869],[78.4846,17.3761],[78.4992,17.3682],[78.5101,17.3799],[78.5156,17.3773],[78.5265,17.3853],[78.5288,17.4019],[78.5215,17.4019]]]}},{"type":"Feature","properties":{"uid":"TSSD0018","mandal_name":"Ammerpet","district_name":"Hyderabad","centroid":[78.4501,17.4423],"area":3.86,"zonalstat":{"min":0.1017,"max":0.4211,"mean":0.2715,"count":16,"sum":4.3441,"median":0.2641}},"geometry":{"type":"Polygon","coordinates":[[[78.4651,17.4376],[78.4526,17.4498],[78.4292,17.4541],[78.4446,17.4433],[78.4425,17.4368],[78.4563,17.4308],[78.4651,17.4376]]]}},{"type":"Feature","properties":{"uid":"TSSD0019","mandal_name":"Amrabad","district_name":"Nagarkurnool","centroid":[78.7796,16.2213],"area":1218.96,"zonalstat":{"min":-0.0248,"max":0.9665,"mean":0.732,"count":4891,"sum":3580.2722,"median":0.7842}},"geometry":{"type":"Polygon","coordinates":[[[78.6577,16.0674],[78.6825,16.0352],[78.7232,16.0214],[78.7357,16.0092],[78.75,16.0165],[78.7852,16.022],[78.8004,16.0378],[78.8153,16.0462],[78.8376,16.072],[78.8421,16.0847],[78.8418,16.1026],[78.8328,16.1422],[78.8399,16.1482],[78.8614,16.1492],[78.8712,16.1461],[78.8889,16.0938],[78.8943,16.0861],[78.9223,16.1057],[78.9231,16.1408],[78.9148,16.1503],[78.9051,16.1755],[78.9097,16.1887],[78.9381,16.2027],[78.9612,16.2108],[78.9884,16.2142],[79.01,16.2405],[79.0269,16.2432],[79.0182,16.2506],[79.0221,16.2634],[79.0171,16.2751],[78.9737,16.269],[78.9374,16.2723],[78.9261,16.2928],[78.9298,16.3095],[78.9365,16.3163],[78.9352,16.3392],[78.938,16.3524],[78.9289,16.3766],[78.9314,16.3955],[78.9216,16.4048],[78.9066,16.4101],[78.8968,16.3987],[78.8722,16.4059],[78.8311,16.4153],[78.8195,16.4104],[78.8034,16.3947],[78.7908,16.3938],[78.7811,16.3828],[78.7566,16.3751],[78.747,16.3933],[78.7369,16.397],[78.7244,16.3828],[78.6951,16.366],[78.7051,16.3525],[78.6923,16.3449],[78.686,16.356],[78.6773,16.347],[78.6852,16.3401],[78.6831,16.3304],[78.6647,16.3288],[78.6484,16.3144],[78.6548,16.2956],[78.6643,16.2861],[78.6781,16.2792],[78.6677,16.2706],[78.6467,16.2257],[78.6327,16.2335],[78.6213,16.2308],[78.6119,16.2467],[78.5889,16.2783],[78.5705,16.2734],[78.5766,16.2609],[78.5885,16.26],[78.594,16.2475],[78.5763,16.2194],[78.5697,16.2046],[78.5577,16.1973],[78.5203,16.1973],[78.5059,16.2067],[78.5021,16.2178],[78.4874,16.2168],[78.5006,16.1928],[78.5267,16.1853],[78.561,16.1726],[78.5837,16.1586],[78.5932,16.1461],[78.596,16.1337],[78.6105,16.1326],[78.6283,16.1247],[78.6429,16.1274],[78.6581,16.1135],[78.6632,16.0992],[78.6577,16.0674]]]}},{"type":"Feature","properties":{"uid":"TSSD0020","mandal_name":"Ananthagiri","district_name":"Suryapet","centroid":[79.975,17.0552],"area":116.56,"zonalstat":{"min":0.1105,"max":0.9133,"mean":0.8163,"count":492,"sum":401.614,"median":0.8355}},"geometry":{"type":"Polygon","coordinates":[[[79.9678,17.114],[79.9614,17.1244],[79.9477,17.1329],[79.9422,17.1162],[79.9289,17.1082],[79.9152,17.1058],[79.9139,17.0912],[79.9264,17.0796],[79.9189,17.0605],[79.9238,17.0486],[79.9188,17.031],[79.9021,17.0342],[79.921,17.0125],[79.9311,17.0182],[79.9517,17.0269],[79.9693,17.0183],[79.9877,17.0199],[80.0146,17.0173],[80.0183,17.0022],[80.061,16.9825],[80.0579,16.9958],[80.0605,17.0071],[80.046,17.0144],[80.036,17.0241],[80.0414,17.0482],[80.0265,17.0542],[80.0161,17.0678],[80.0076,17.068],[79.9946,17.0769],[79.9865,17.0949],[79.9678,17.114]]]}},{"type":"Feature","properties":{"uid":"TSSD0021","mandal_name":"Andole","district_name":"Sangareddy","centroid":[78.0355,17.8333],"area":186.83,"zonalstat":{"min":0.0656,"max":0.8631,"mean":0.7267,"count":796,"sum":578.4168,"median":0.7474}},"geometry":{"type":"Polygon","coordinates":[[[78.0788,17.905],[78.0727,17.9173],[78.0629,17.9259],[78.0479,17.9167],[78.0464,17.8922],[78.0346,17.8777],[78.0252,17.8874],[78.0189,17.9032],[78.0039,17.9028],[77.9979,17.8853],[77.9735,17.8839],[77.976,17.865],[77.9724,17.8549],[77.9555,17.8558],[77.9509,17.8373],[77.9429,17.8233],[77.9449,17.8128],[77.9617,17.8106],[77.9616,17.7933],[77.9778,17.7892],[77.9941,17.7984],[78.0139,17.7907],[78.0208,17.7987],[78.0391,17.7981],[78.0368,17.7756],[78.023,17.7712],[78.0256,17.7607],[78.0403,17.7601],[78.05,17.7693],[78.0604,17.769],[78.0634,17.7688],[78.0709,17.771],[78.0954,17.7626],[78.1158,17.7596],[78.1151,17.7729],[78.1095,17.782],[78.1162,17.7943],[78.114,17.803],[78.0985,17.8158],[78.094,17.8333],[78.0952,17.8593],[78.0736,17.8684],[78.0788,17.905]]]}},{"type":"Feature","properties":{"uid":"TSSD0022","mandal_name":"Annapureddipalle","district_name":"Bhadradri Kothagudem","centroid":[80.7458,17.3553],"area":176.27,"zonalstat":{"min":0.2209,"max":0.961,"mean":0.7352,"count":744,"sum":547.0162,"median":0.7605}},"geometry":{"type":"Polygon","coordinates":[[[80.849,17.3774],[80.8188,17.4169],[80.807,17.4162],[80.7892,17.4028],[80.7582,17.4016],[80.7393,17.3975],[80.7302,17.3977],[80.7156,17.4053],[80.6961,17.4029],[80.6827,17.3831],[80.694,17.3699],[80.6803,17.3615],[80.6651,17.3417],[80.6412,17.3331],[80.6442,17.3206],[80.6501,17.3098],[80.667,17.3007],[80.6885,17.2858],[80.6951,17.2867],[80.7081,17.3054],[80.7272,17.3089],[80.737,17.3049],[80.7489,17.321],[80.7732,17.3047],[80.7863,17.3367],[80.807,17.3349],[80.8299,17.3541],[80.8514,17.3546],[80.849,17.3774]]]}},{"type":"Feature","properties":{"uid":"TSSD0023","mandal_name":"Anumula_Haliya","district_name":"Nalgonda","centroid":[79.2908,16.8234],"area":190.48,"zonalstat":{"min":0.0382,"max":0.9202,"mean":0.7577,"count":806,"sum":610.6668,"median":0.764}},"geometry":{"type":"Polygon","coordinates":[[[79.2937,16.906],[79.2698,16.9132],[79.2517,16.9107],[79.222,16.8835],[79.2153,16.8649],[79.2095,16.8683],[79.2054,16.8551],[79.1953,16.8492],[79.1965,16.8335],[79.2039,16.8327],[79.2246,16.8239],[79.2618,16.8164],[79.2702,16.8024],[79.2611,16.7818],[79.2645,16.763],[79.3028,16.7647],[79.309,16.7341],[79.325,16.7422],[79.3491,16.7403],[79.3625,16.7441],[79.382,16.7373],[79.384,16.7269],[79.392,16.7576],[79.3648,16.771],[79.3513,16.7904],[79.3513,16.8102],[79.3396,16.8199],[79.3354,16.8535],[79.3195,16.8578],[79.3077,16.8839],[79.2945,16.8842],[79.2937,16.906]]]}},{"type":"Feature","properties":{"uid":"TSSD0024","mandal_name":"Armoor","district_name":"Nizamabad","centroid":[78.2649,18.8298],"area":221.85,"zonalstat":{"min":-0.3,"max":0.8671,"mean":0.5767,"count":938,"sum":540.9138,"median":0.6446}},"geometry":{"type":"Polygon","coordinates":[[[78.3514,18.8203],[78.3348,18.8259],[78.3213,18.8256],[78.3223,18.8425],[78.3069,18.8561],[78.3099,18.8714],[78.2985,18.8784],[78.303,18.8935],[78.2981,18.9252],[78.2706,18.9373],[78.2659,18.9225],[78.2556,18.9236],[78.2536,18.9117],[78.2335,18.9023],[78.2281,18.8891],[78.2385,18.8797],[78.234,18.8679],[78.2197,18.8643],[78.1971,18.8722],[78.1839,18.8585],[78.173,18.8524],[78.1736,18.8391],[78.1867,18.8309],[78.1802,18.8104],[78.1868,18.7907],[78.2136,18.7854],[78.2246,18.7765],[78.2453,18.7664],[78.2478,18.7441],[78.2577,18.7429],[78.2671,18.7553],[78.2783,18.7611],[78.2897,18.7589],[78.3033,18.7757],[78.3145,18.7722],[78.3206,18.7555],[78.336,18.7517],[78.3452,18.7579],[78.3519,18.7737],[78.3405,18.7819],[78.3436,18.8003],[78.3563,18.8088],[78.3514,18.8203]]]}},{"type":"Feature","properties":{"uid":"TSSD0025","mandal_name":"Asifabad","district_name":"Kumurambheem Asifabad","centroid":[79.251,19.346],"area":380.26,"zonalstat":{"min":0.0931,"max":0.864,"mean":0.7662,"count":1618,"sum":1239.6956,"median":0.7931}},"geometry":{"type":"Polygon","coordinates":[[[79.3819,19.3997],[79.3679,19.3794],[79.3474,19.3845],[79.3418,19.3992],[79.3299,19.4014],[79.3194,19.3965],[79.29,19.414],[79.2916,19.4252],[79.2537,19.4398],[79.2433,19.439],[79.2233,19.4477],[79.2115,19.4506],[79.2051,19.4415],[79.2014,19.4165],[79.1965,19.4034],[79.1817,19.3866],[79.2002,19.3671],[79.1707,19.3673],[79.1631,19.3612],[79.1274,19.3722],[79.1244,19.3639],[79.0725,19.359],[79.0595,19.3612],[79.0691,19.3417],[79.0802,19.3421],[79.0787,19.3291],[79.0907,19.31],[79.1035,19.3108],[79.1177,19.3194],[79.1254,19.3127],[79.1286,19.2989],[79.1436,19.293],[79.1583,19.2975],[79.1587,19.3056],[79.1702,19.3135],[79.1835,19.3119],[79.2102,19.287],[79.2291,19.2813],[79.2523,19.2869],[79.2721,19.2813],[79.2776,19.2733],[79.2916,19.2715],[79.3087,19.2771],[79.3122,19.2694],[79.3291,19.2503],[79.3326,19.2531],[79.3613,19.2544],[79.3714,19.2661],[79.3714,19.291],[79.3588,19.2977],[79.3615,19.312],[79.3511,19.3256],[79.3601,19.3358],[79.3739,19.3328],[79.3807,19.3393],[79.3768,19.3497],[79.385,19.3659],[79.3819,19.3711],[79.3946,19.3819],[79.3819,19.3997]]]}},{"type":"Feature","properties":{"uid":"TSSD0026","mandal_name":"Asifnagar","district_name":"Hyderabad","centroid":[78.4452,17.3857],"area":12.88,"zonalstat":{"min":0.1131,"max":0.697,"mean":0.2526,"count":54,"sum":13.6406,"median":0.2479}},"geometry":{"type":"Polygon","coordinates":[[[78.462,17.4001],[78.4519,17.4081],[78.429,17.3975],[78.4258,17.3865],[78.4314,17.3721],[78.4316,17.3721],[78.4405,17.3725],[78.4511,17.3598],[78.4581,17.3646],[78.4584,17.3907],[78.462,17.4001]]]}},{"type":"Feature","properties":{"uid":"TSSD0027","mandal_name":"Aswapuram","district_name":"Bhadradri Kothagudem","centroid":[80.7941,17.819],"area":329.09,"zonalstat":{"min":-0.1593,"max":0.9735,"mean":0.7068,"count":1391,"sum":983.1811,"median":0.7744}},"geometry":{"type":"Polygon","coordinates":[[[80.8794,17.7555],[80.862,17.7866],[80.878,17.8091],[80.8815,17.831],[80.8771,17.8492],[80.8875,17.8879],[80.8883,17.9235],[80.8854,17.9332],[80.8804,17.9272],[80.8585,17.9265],[80.8514,17.9226],[80.8515,17.8973],[80.8395,17.8962],[80.8326,17.9019],[80.8111,17.8984],[80.7984,17.9013],[80.7797,17.8946],[80.7593,17.8953],[80.7458,17.8795],[80.7335,17.887],[80.7115,17.8851],[80.6961,17.8907],[80.6855,17.8754],[80.6904,17.8535],[80.7166,17.8281],[80.7344,17.8059],[80.7285,17.772],[80.7155,17.7408],[80.7095,17.7421],[80.714,17.716],[80.7186,17.7051],[80.7342,17.6923],[80.7508,17.6944],[80.774,17.7433],[80.7835,17.7446],[80.8331,17.7397],[80.8466,17.735],[80.8486,17.7467],[80.8794,17.7555]]]}},{"type":"Feature","properties":{"uid":"TSSD0028","mandal_name":"Aswaraopeta","district_name":"Bhadradri Kothagudem","centroid":[81.1347,17.3633],"area":564.09,"zonalstat":{"min":0.1366,"max":0.9586,"mean":0.7549,"count":2280,"sum":1721.0776,"median":0.7686}},"geometry":{"type":"Polygon","coordinates":[[[81.0582,17.2235],[81.0764,17.2158],[81.1014,17.2223],[81.1287,17.225],[81.163,17.2313],[81.1736,17.2309],[81.1875,17.255],[81.1792,17.2661],[81.177,17.2916],[81.1899,17.3246],[81.21,17.3261],[81.2214,17.3215],[81.2393,17.321],[81.2457,17.3256],[81.2759,17.3184],[81.3048,17.3459],[81.3148,17.3707],[81.2993,17.3838],[81.2615,17.3932],[81.2394,17.4097],[81.227,17.4381],[81.2111,17.4349],[81.1892,17.4432],[81.1738,17.4551],[81.1602,17.476],[81.1357,17.4903],[81.1133,17.4955],[81.0846,17.4618],[81.0314,17.4869],[81.012,17.4926],[81.0167,17.4741],[81.014,17.4553],[81.0042,17.427],[81.0003,17.4015],[81.0177,17.3829],[81.0249,17.3694],[81.0363,17.3585],[81.0595,17.3507],[81.0737,17.3495],[81.0874,17.3387],[81.0838,17.322],[81.0723,17.3209],[81.0537,17.2972],[81.0357,17.2853],[81.0342,17.2698],[81.052,17.2654],[81.0458,17.2467],[81.0582,17.2235]]]}},{"type":"Feature","properties":{"uid":"TSSD0029","mandal_name":"Athmakur (M)","district_name":"Yadadri Bhuvanagiri","centroid":[79.166,17.4699],"area":171.54,"zonalstat":{"min":0.4901,"max":0.7901,"mean":0.6686,"count":726,"sum":485.4169,"median":0.6708}},"geometry":{"type":"Polygon","coordinates":[[[79.2323,17.4728],[79.2365,17.4894],[79.2328,17.4932],[79.2457,17.5087],[79.2426,17.5263],[79.2328,17.5359],[79.2233,17.5257],[79.2064,17.5143],[79.1872,17.5289],[79.1776,17.5297],[79.1677,17.5192],[79.1574,17.524],[79.1321,17.5251],[79.1192,17.531],[79.102,17.5214],[79.1005,17.5122],[79.1084,17.502],[79.1106,17.4832],[79.104,17.4752],[79.0813,17.4671],[79.0808,17.4477],[79.0932,17.4445],[79.1133,17.4473],[79.1272,17.4337],[79.1207,17.4066],[79.1447,17.399],[79.162,17.4016],[79.1789,17.3968],[79.1858,17.4043],[79.1989,17.4085],[79.21,17.4294],[79.2171,17.4488],[79.2278,17.4478],[79.2323,17.4728]]]}},{"type":"Feature","properties":{"uid":"TSSD0030","mandal_name":"Atmakur","district_name":"Wanaparthy","centroid":[77.8332,16.3039],"area":137.9,"zonalstat":{"min":-0.1351,"max":0.8812,"mean":0.6941,"count":581,"sum":403.2584,"median":0.7296}},"geometry":{"type":"Polygon","coordinates":[[[77.821,16.3785],[77.8014,16.3898],[77.7924,16.3601],[77.7816,16.3533],[77.7861,16.3393],[77.7676,16.3442],[77.7681,16.3508],[77.7524,16.3564],[77.7446,16.3538],[77.7368,16.3385],[77.7368,16.3268],[77.754,16.3187],[77.7768,16.3073],[77.7985,16.2916],[77.819,16.2811],[77.8298,16.2697],[77.8943,16.223],[77.925,16.203],[77.9161,16.2347],[77.9042,16.2662],[77.8818,16.3002],[77.8594,16.3265],[77.8426,16.3343],[77.8459,16.3528],[77.8352,16.355],[77.8306,16.3693],[77.821,16.3785]]]}},{"type":"Feature","properties":{"uid":"TSSD0031","mandal_name":"Atmakur","district_name":"Warangal_Rural","centroid":[79.7403,18.0628],"area":100.48,"zonalstat":{"min":0.518,"max":0.9054,"mean":0.7548,"count":426,"sum":321.5349,"median":0.7587}},"geometry":{"type":"Polygon","coordinates":[[[79.8148,18.0923],[79.8204,18.1132],[79.8093,18.1191],[79.7996,18.1034],[79.7835,18.1003],[79.7769,18.1085],[79.7589,18.0912],[79.745,18.0987],[79.7225,18.1032],[79.7091,18.099],[79.6957,18.1114],[79.6871,18.1147],[79.6821,18.1138],[79.6789,18.114],[79.6789,18.1134],[79.682,18.0916],[79.6912,18.0923],[79.7064,18.0768],[79.7005,18.0503],[79.685,18.0353],[79.6919,18.0146],[79.6862,18.0061],[79.686,18.0058],[79.7092,17.9964],[79.7301,18.0052],[79.745,18.0203],[79.7493,18.0337],[79.7585,18.0379],[79.7649,18.0524],[79.7918,18.0446],[79.7938,18.0793],[79.8107,18.0788],[79.8148,18.0923]]]}},{"type":"Feature","properties":{"uid":"TSSD0032","mandal_name":"Atmakur_S","district_name":"Suryapet","centroid":[79.7007,17.2569],"area":206.49,"zonalstat":{"min":0.4217,"max":0.9132,"mean":0.7682,"count":872,"sum":669.8285,"median":0.7729}},"geometry":{"type":"Polygon","coordinates":[[[79.8086,17.3009],[79.792,17.3024],[79.7771,17.3148],[79.7703,17.3013],[79.7442,17.2989],[79.6857,17.3103],[79.6602,17.3052],[79.6504,17.2811],[79.6369,17.2864],[79.6264,17.3011],[79.6165,17.3004],[79.6048,17.3096],[79.5922,17.2928],[79.5915,17.2669],[79.6025,17.2545],[79.6084,17.2583],[79.6269,17.2524],[79.6294,17.2334],[79.6279,17.2151],[79.6435,17.2054],[79.6446,17.1977],[79.6644,17.2023],[79.6745,17.1981],[79.7015,17.2014],[79.7302,17.1876],[79.7437,17.1965],[79.7525,17.2087],[79.7712,17.2264],[79.7705,17.2567],[79.7921,17.2522],[79.8052,17.265],[79.8013,17.2755],[79.8042,17.2853],[79.8148,17.2951],[79.8086,17.3009]]]}},{"type":"Feature","properties":{"uid":"TSSD0033","mandal_name":"B.Pochampally","district_name":"Yadadri Bhuvanagiri","centroid":[78.8146,17.3525],"area":188.28,"zonalstat":{"min":0.2981,"max":0.8752,"mean":0.6892,"count":793,"sum":546.5385,"median":0.6989}},"geometry":{"type":"Polygon","coordinates":[[[78.8823,17.3878],[78.8674,17.4025],[78.8502,17.4119],[78.8166,17.414],[78.7911,17.4089],[78.7686,17.3977],[78.7548,17.3838],[78.7374,17.3846],[78.7295,17.3515],[78.7156,17.3566],[78.7094,17.3487],[78.7123,17.3354],[78.7311,17.3267],[78.7536,17.3326],[78.7625,17.3035],[78.7748,17.3046],[78.8024,17.2976],[78.8225,17.2976],[78.8286,17.2867],[78.8452,17.2802],[78.8671,17.2933],[78.8737,17.3053],[78.8683,17.3266],[78.8744,17.3356],[78.8914,17.3482],[78.9054,17.3485],[78.9112,17.3582],[78.9117,17.3762],[78.8997,17.369],[78.8823,17.3878]]]}},{"type":"Feature","properties":{"uid":"TSSD0034","mandal_name":"Bachannapet","district_name":"Jangoan","centroid":[79.007,17.8121],"area":215.84,"zonalstat":{"min":0.5202,"max":0.8614,"mean":0.7235,"count":910,"sum":658.3947,"median":0.727}},"geometry":{"type":"Polygon","coordinates":[[[79.0919,17.8724],[79.0739,17.8744],[79.0538,17.8694],[79.0449,17.862],[79.0383,17.8732],[79.0219,17.8762],[79.0198,17.8755],[79.0031,17.8589],[78.9973,17.8422],[78.9767,17.8573],[78.9504,17.8558],[78.9398,17.8725],[78.9209,17.8709],[78.9116,17.839],[78.8794,17.8281],[78.8686,17.8253],[78.8679,17.8088],[78.8847,17.8088],[78.8998,17.8039],[78.9068,17.8127],[78.9213,17.8026],[78.9381,17.7979],[78.9461,17.7893],[78.9766,17.7955],[78.9912,17.7941],[79.0007,17.7705],[78.9956,17.7537],[79.0065,17.7338],[79.016,17.7258],[79.028,17.7112],[79.0377,17.7092],[79.046,17.7259],[79.0529,17.738],[79.0664,17.7497],[79.0704,17.7678],[79.0843,17.7852],[79.0728,17.7969],[79.074,17.8065],[79.0939,17.8227],[79.1026,17.8398],[79.0939,17.8499],[79.0979,17.867],[79.0928,17.8723],[79.0919,17.8724]]]}},{"type":"Feature","properties":{"uid":"TSSD0035","mandal_name":"Bachupally","district_name":"Medchal_Malkajgiri","centroid":[78.3749,17.5321],"area":17.73,"zonalstat":{"min":0.2474,"max":0.7556,"mean":0.448,"count":73,"sum":32.7042,"median":0.4375}},"geometry":{"type":"Polygon","coordinates":[[[78.3948,17.5419],[78.3771,17.5537],[78.3628,17.5519],[78.3483,17.5351],[78.35,17.5282],[78.348,17.5227],[78.3715,17.5187],[78.3771,17.5106],[78.3892,17.5119],[78.3991,17.5162],[78.3948,17.5419]]]}},{"type":"Feature","properties":{"uid":"TSSD0036","mandal_name":"Bahadurpura","district_name":"Hyderabad","centroid":[78.455,17.3511],"area":15.01,"zonalstat":{"min":0.0747,"max":0.4516,"mean":0.2438,"count":65,"sum":15.8472,"median":0.2254}},"geometry":{"type":"Polygon","coordinates":[[[78.4581,17.3646],[78.4511,17.3598],[78.4405,17.3725],[78.4316,17.3721],[78.4396,17.3655],[78.4303,17.348],[78.4448,17.3378],[78.4444,17.3269],[78.4601,17.334],[78.4675,17.3342],[78.4746,17.3477],[78.479,17.3702],[78.4581,17.3646]]]}},{"type":"Feature","properties":{"uid":"TSSD0037","mandal_name":"Balanagar","district_name":"Mahabubnagar","centroid":[78.1979,16.9354],"area":174.74,"zonalstat":{"min":0.3095,"max":0.8569,"mean":0.694,"count":738,"sum":512.1847,"median":0.7}},"geometry":{"type":"Polygon","coordinates":[[[78.2692,16.9638],[78.2408,16.9641],[78.2341,16.9408],[78.22,16.9398],[78.1813,16.9736],[78.1853,16.9905],[78.174,17.0056],[78.1604,17.0115],[78.1385,17.0104],[78.1362,16.9908],[78.1198,16.9961],[78.1183,16.9846],[78.1005,16.9795],[78.0911,16.9839],[78.0885,16.9765],[78.0873,16.9469],[78.0929,16.9364],[78.0986,16.9326],[78.1231,16.9308],[78.1258,16.9233],[78.1572,16.9206],[78.18,16.909],[78.1878,16.9014],[78.199,16.8993],[78.2007,16.9128],[78.2344,16.9035],[78.2363,16.8883],[78.2326,16.8716],[78.2395,16.8677],[78.2681,16.8453],[78.2802,16.8657],[78.2893,16.8746],[78.3025,16.8794],[78.3016,16.9199],[78.277,16.9233],[78.2716,16.9336],[78.2782,16.9567],[78.2692,16.9638]]]}},{"type":"Feature","properties":{"uid":"TSSD0038","mandal_name":"Balanagar","district_name":"Medchal_Malkajgiri","centroid":[78.4587,17.4678],"area":19.28,"zonalstat":{"min":0.0983,"max":0.8111,"mean":0.4415,"count":80,"sum":35.3196,"median":0.3977}},"geometry":{"type":"Polygon","coordinates":[[[78.4789,17.495],[78.4705,17.4959],[78.4554,17.481],[78.4456,17.4834],[78.445,17.4639],[78.4211,17.4643],[78.414,17.4518],[78.4292,17.4541],[78.4526,17.4498],[78.4651,17.4376],[78.4696,17.4378],[78.4774,17.4438],[78.4684,17.4447],[78.4646,17.4551],[78.4668,17.4763],[78.4882,17.4685],[78.4971,17.4806],[78.4855,17.4824],[78.4789,17.495]]]}},{"type":"Feature","properties":{"uid":"TSSD0039","mandal_name":"Balapur","district_name":"Rangareddy","centroid":[78.497,17.2777],"area":131.84,"zonalstat":{"min":0.1132,"max":0.8683,"mean":0.5159,"count":555,"sum":286.3241,"median":0.5267}},"geometry":{"type":"Polygon","coordinates":[[[78.5456,17.3368],[78.5442,17.3361],[78.5425,17.3367],[78.5424,17.3383],[78.5368,17.3376],[78.5186,17.3428],[78.5062,17.3338],[78.5066,17.3186],[78.4947,17.321],[78.4807,17.3154],[78.4707,17.3063],[78.4676,17.2935],[78.4539,17.3019],[78.4352,17.3001],[78.4285,17.2793],[78.4083,17.2542],[78.4275,17.2518],[78.4193,17.2383],[78.4363,17.2314],[78.4527,17.2282],[78.4666,17.2375],[78.4827,17.2298],[78.5228,17.2394],[78.5447,17.2486],[78.56,17.2481],[78.56,17.2484],[78.5652,17.2803],[78.5715,17.2926],[78.5724,17.3082],[78.5526,17.3135],[78.5276,17.3285],[78.5469,17.3305],[78.5456,17.3368]]]}},{"type":"Feature","properties":{"uid":"TSSD0040","mandal_name":"Balkonda","district_name":"Nizamabad","centroid":[78.3339,18.8918],"area":97.3,"zonalstat":{"min":-0.3,"max":0.8464,"mean":0.371,"count":411,"sum":152.4877,"median":0.62}},"geometry":{"type":"Polygon","coordinates":[[[78.3324,18.9688],[78.3222,18.9685],[78.3087,18.9601],[78.2768,18.9512],[78.2706,18.9373],[78.2981,18.9252],[78.303,18.8935],[78.2985,18.8784],[78.3099,18.8714],[78.3069,18.8561],[78.3223,18.8425],[78.3213,18.8256],[78.3348,18.8259],[78.3514,18.8203],[78.3597,18.8485],[78.3932,18.8363],[78.399,18.8511],[78.3957,18.8578],[78.3995,18.8729],[78.3823,18.8812],[78.3604,18.8773],[78.3608,18.8915],[78.3494,18.8915],[78.3549,18.9058],[78.3421,18.9141],[78.3449,18.9277],[78.3324,18.9688]]]}},{"type":"Feature","properties":{"uid":"TSSD0041","mandal_name":"Balmoor","district_name":"Nagarkurnool","centroid":[78.5841,16.3387],"area":243.17,"zonalstat":{"min":0.0915,"max":0.9339,"mean":0.6675,"count":1024,"sum":683.5131,"median":0.6693}},"geometry":{"type":"Polygon","coordinates":[[[78.5874,16.4287],[78.569,16.4389],[78.5468,16.4368],[78.5347,16.4273],[78.5092,16.4513],[78.4998,16.4528],[78.4994,16.4463],[78.5097,16.4288],[78.4955,16.4194],[78.5004,16.4086],[78.5102,16.4098],[78.5163,16.3837],[78.5146,16.3766],[78.527,16.3549],[78.5206,16.3444],[78.5213,16.3226],[78.5314,16.2922],[78.5417,16.2918],[78.5651,16.2591],[78.5766,16.2609],[78.5705,16.2734],[78.5889,16.2783],[78.6119,16.2467],[78.6213,16.2308],[78.6327,16.2335],[78.6467,16.2257],[78.6677,16.2706],[78.6781,16.2792],[78.6643,16.2861],[78.6548,16.2956],[78.6484,16.3144],[78.6647,16.3288],[78.644,16.3375],[78.629,16.3528],[78.6406,16.3661],[78.6329,16.3773],[78.6237,16.3799],[78.6234,16.3933],[78.6161,16.3977],[78.5932,16.3998],[78.582,16.4134],[78.5874,16.4287]]]}},{"type":"Feature","properties":{"uid":"TSSD0042","mandal_name":"Bandlaguda","district_name":"Hyderabad","centroid":[78.4815,17.328],"area":21.38,"zonalstat":{"min":0.1386,"max":0.695,"mean":0.2962,"count":92,"sum":27.2534,"median":0.2551}},"geometry":{"type":"Polygon","coordinates":[[[78.5007,17.3505],[78.4967,17.35],[78.4846,17.3522],[78.4746,17.3477],[78.4675,17.3342],[78.4601,17.334],[78.4537,17.3118],[78.4539,17.3019],[78.4676,17.2935],[78.4707,17.3063],[78.4807,17.3154],[78.4947,17.321],[78.5066,17.3186],[78.5062,17.3338],[78.5186,17.3428],[78.5069,17.3485],[78.5007,17.3505]]]}},{"type":"Feature","properties":{"uid":"TSSD0043","mandal_name":"Banswada","district_name":"Kamareddy","centroid":[77.9213,18.3928],"area":142.84,"zonalstat":{"min":0.3648,"max":0.8892,"mean":0.7137,"count":602,"sum":429.6445,"median":0.7273}},"geometry":{"type":"Polygon","coordinates":[[[77.9754,18.4482],[77.9557,18.4542],[77.9546,18.4374],[77.9262,18.4398],[77.8992,18.4359],[77.8805,18.4133],[77.8634,18.4113],[77.8532,18.4079],[77.8394,18.411],[77.8385,18.3917],[77.8437,18.3896],[77.8408,18.3723],[77.8671,18.3508],[77.8741,18.3295],[77.8809,18.3211],[77.8864,18.3224],[77.9232,18.3161],[77.9301,18.3455],[77.9204,18.3523],[77.9213,18.3719],[77.9349,18.3772],[77.9523,18.3748],[77.9538,18.3889],[77.9682,18.388],[77.995,18.4046],[78.0164,18.4138],[78.0304,18.4135],[78.0241,18.4344],[78.01,18.4368],[77.9754,18.4482]]]}},{"type":"Feature","properties":{"uid":"TSSD0044","mandal_name":"Bantwaram","district_name":"Vikarabad","centroid":[77.6889,17.439],"area":91.56,"zonalstat":{"min":0.4857,"max":0.8849,"mean":0.7415,"count":381,"sum":282.5129,"median":0.7455}},"geometry":{"type":"Polygon","coordinates":[[[77.6139,17.4467],[77.6393,17.4453],[77.6541,17.4368],[77.6605,17.413],[77.672,17.4025],[77.6717,17.3904],[77.6866,17.3862],[77.6963,17.3892],[77.7174,17.3836],[77.7189,17.3947],[77.7313,17.406],[77.7224,17.4177],[77.7323,17.4262],[77.7434,17.4256],[77.7422,17.441],[77.7525,17.4484],[77.7631,17.4477],[77.7719,17.4568],[77.7613,17.4689],[77.7523,17.4695],[77.7257,17.4539],[77.7154,17.4608],[77.6885,17.4686],[77.6861,17.4759],[77.6518,17.4832],[77.6382,17.4739],[77.6149,17.4735],[77.6139,17.4467]]]}},{"type":"Feature","properties":{"uid":"TSSD0045","mandal_name":"Basar","district_name":"Nirmal","centroid":[77.9496,18.9009],"area":108.16,"zonalstat":{"min":-0.0441,"max":0.8713,"mean":0.4154,"count":457,"sum":189.8175,"median":0.3947}},"geometry":{"type":"Polygon","coordinates":[[[78.0406,18.9093],[78.0217,18.917],[78.0008,18.9167],[77.9649,18.9294],[77.9397,18.9412],[77.9219,18.9326],[77.9193,18.9486],[77.9051,18.9524],[77.8943,18.941],[77.8851,18.9377],[77.874,18.9091],[77.8851,18.9058],[77.8911,18.8828],[77.9037,18.8819],[77.9032,18.8677],[77.9292,18.8607],[77.9357,18.8467],[77.9474,18.8452],[77.9615,18.8666],[77.9797,18.8771],[78.0104,18.884],[78.0303,18.8754],[78.0376,18.8777],[78.0406,18.9093]]]}},{"type":"Feature","properties":{"uid":"TSSD0046","mandal_name":"Basheerabad","district_name":"Vikarabad","centroid":[77.4509,17.1947],"area":206.01,"zonalstat":{"min":0.3129,"max":0.8256,"mean":0.6544,"count":844,"sum":552.3259,"median":0.6598}},"geometry":{"type":"Polygon","coordinates":[[[77.4489,17.2719],[77.4249,17.2574],[77.4196,17.2379],[77.4007,17.2354],[77.3795,17.2231],[77.3955,17.2078],[77.3938,17.1967],[77.3717,17.1965],[77.3713,17.1825],[77.3625,17.1601],[77.3773,17.1531],[77.3769,17.1404],[77.4032,17.1332],[77.4059,17.1249],[77.4358,17.1155],[77.445,17.1185],[77.4641,17.1086],[77.4806,17.1225],[77.4832,17.1336],[77.4723,17.1424],[77.4793,17.1502],[77.4759,17.1761],[77.4957,17.1784],[77.5019,17.1729],[77.5142,17.1757],[77.5315,17.1674],[77.5279,17.1883],[77.5366,17.1966],[77.5384,17.2095],[77.5265,17.211],[77.5194,17.236],[77.5284,17.258],[77.5162,17.268],[77.5095,17.2654],[77.484,17.2671],[77.4765,17.2607],[77.4663,17.269],[77.4489,17.2719]]]}},{"type":"Feature","properties":{"uid":"TSSD0047","mandal_name":"Bayyaram","district_name":"Mahabubabad","centroid":[80.1537,17.6459],"area":307.29,"zonalstat":{"min":0.081,"max":0.9913,"mean":0.7424,"count":1292,"sum":959.2028,"median":0.7469}},"geometry":{"type":"Polygon","coordinates":[[[80.2415,17.7346],[80.235,17.7504],[80.2271,17.7464],[80.222,17.7257],[80.2007,17.7292],[80.1813,17.7161],[80.1697,17.7034],[80.1421,17.7144],[80.0995,17.718],[80.1062,17.744],[80.074,17.7393],[80.0769,17.7029],[80.066,17.6868],[80.0856,17.6709],[80.0911,17.6572],[80.0788,17.6502],[80.0666,17.6363],[80.0666,17.6267],[80.0591,17.6079],[80.0573,17.5912],[80.0623,17.5883],[80.0785,17.5853],[80.0874,17.5751],[80.0852,17.5503],[80.0968,17.5425],[80.1101,17.5602],[80.1271,17.5778],[80.1272,17.5934],[80.143,17.5909],[80.1489,17.5813],[80.1394,17.5699],[80.1298,17.5729],[80.1339,17.5367],[80.1401,17.5335],[80.1533,17.5494],[80.1706,17.5558],[80.1919,17.5517],[80.202,17.5591],[80.2252,17.6084],[80.2109,17.6116],[80.2064,17.6241],[80.2076,17.6509],[80.2283,17.6548],[80.2356,17.6505],[80.2472,17.6546],[80.2553,17.6632],[80.2609,17.6904],[80.2604,17.7061],[80.25,17.7118],[80.2415,17.7346]]]}},{"type":"Feature","properties":{"uid":"TSSD0048","mandal_name":"Bazarhathnoor","district_name":"Adilabad","centroid":[78.372,19.4934],"area":253.13,"zonalstat":{"min":0.0882,"max":0.883,"mean":0.7502,"count":1019,"sum":764.416,"median":0.7539}},"geometry":{"type":"Polygon","coordinates":[[[78.4405,19.5434],[78.4209,19.5432],[78.4078,19.5376],[78.38,19.5569],[78.38,19.5805],[78.3704,19.5755],[78.3551,19.5747],[78.3323,19.5804],[78.3181,19.5706],[78.3012,19.5804],[78.3034,19.5694],[78.2939,19.5594],[78.2753,19.5626],[78.2749,19.5526],[78.2838,19.542],[78.2931,19.5426],[78.2916,19.5241],[78.2991,19.4969],[78.3092,19.4817],[78.3051,19.4568],[78.2899,19.4498],[78.3068,19.4397],[78.3486,19.4323],[78.3638,19.4174],[78.3626,19.4058],[78.3817,19.4036],[78.3968,19.3934],[78.4097,19.3972],[78.426,19.4159],[78.4302,19.4479],[78.4374,19.4498],[78.446,19.4707],[78.4646,19.4761],[78.473,19.4741],[78.4738,19.5023],[78.4467,19.5029],[78.4536,19.5384],[78.4405,19.5434]]]}},{"type":"Feature","properties":{"uid":"TSSD0049","mandal_name":"Beerpur","district_name":"Jagtial","centroid":[78.9665,19.0272],"area":108.89,"zonalstat":{"min":-0.1083,"max":0.9084,"mean":0.7554,"count":467,"sum":352.7531,"median":0.8012}},"geometry":{"type":"Polygon","coordinates":[[[79.0211,19.0742],[79.0051,19.0764],[78.9907,19.0737],[78.9723,19.0799],[78.9508,19.0749],[78.9306,19.0562],[78.9199,19.0365],[78.9012,19.0346],[78.8779,19.0528],[78.8844,19.0115],[78.9339,19.0089],[78.9584,18.9831],[78.9738,18.9885],[78.9867,18.9789],[78.9854,18.9703],[79.0122,18.9604],[79.0106,18.9636],[79.0182,18.9947],[79.0155,19.0041],[79.0196,19.0234],[79.016,19.0321],[79.0203,19.0464],[79.0093,19.0506],[79.0211,19.0742]]]}},{"type":"Feature","properties":{"uid":"TSSD0050","mandal_name":"Bejjanki","district_name":"Siddipet","centroid":[79.0314,18.2605],"area":152.56,"zonalstat":{"min":0.5177,"max":0.8453,"mean":0.742,"count":644,"sum":477.8744,"median":0.7505}},"geometry":{"type":"Polygon","coordinates":[[[79.1106,18.2906],[79.0719,18.2859],[79.0605,18.2926],[79.0698,18.3146],[79.0562,18.3331],[79.0582,18.3424],[79.0339,18.3432],[79.0205,18.3283],[79.0157,18.3117],[78.9917,18.3027],[78.9877,18.2878],[78.9854,18.2561],[78.9568,18.2525],[78.952,18.2409],[78.9546,18.2048],[78.9695,18.2118],[79.0072,18.1989],[79.0188,18.2187],[79.043,18.2276],[79.0373,18.2129],[79.0498,18.1893],[79.0701,18.1977],[79.0807,18.2119],[79.0782,18.2367],[79.0892,18.2535],[79.1042,18.2706],[79.1179,18.2696],[79.1106,18.2906]]]}},{"type":"Feature","properties":{"uid":"TSSD0051","mandal_name":"Bejjur","district_name":"Kumurambheem Asifabad","centroid":[79.8538,19.3579],"area":282.92,"zonalstat":{"min":0.2574,"max":0.9601,"mean":0.7447,"count":1206,"sum":898.121,"median":0.7579}},"geometry":{"type":"Polygon","coordinates":[[[79.9675,19.3605],[79.9471,19.3623],[79.939,19.3685],[79.9263,19.3651],[79.9048,19.3678],[79.8988,19.3913],[79.8958,19.419],[79.8879,19.435],[79.8688,19.4398],[79.8642,19.4342],[79.8449,19.4335],[79.8346,19.4425],[79.8168,19.4441],[79.8062,19.4383],[79.7968,19.4099],[79.7833,19.4089],[79.7688,19.4177],[79.7705,19.425],[79.7325,19.4239],[79.7246,19.4081],[79.7198,19.389],[79.7358,19.3803],[79.7469,19.367],[79.7651,19.3606],[79.7787,19.3472],[79.7767,19.3357],[79.7968,19.3379],[79.8162,19.3445],[79.8128,19.3253],[79.8166,19.3056],[79.8264,19.291],[79.8439,19.29],[79.8598,19.2817],[79.9023,19.2667],[79.9178,19.2809],[79.9422,19.2738],[79.951,19.2904],[79.9635,19.2986],[79.966,19.3072],[79.9589,19.331],[79.9675,19.3605]]]}},{"type":"Feature","properties":{"uid":"TSSD0052","mandal_name":"Bela","district_name":"Adilabad","centroid":[78.7674,19.6876],"area":252.64,"zonalstat":{"min":0.119,"max":0.8384,"mean":0.7448,"count":1066,"sum":793.9151,"median":0.7649}},"geometry":{"type":"Polygon","coordinates":[[[78.852,19.6628],[78.8597,19.6899],[78.8493,19.7239],[78.8521,19.728],[78.8447,19.7478],[78.8334,19.7609],[78.825,19.7548],[78.814,19.762],[78.8029,19.756],[78.7933,19.7613],[78.7862,19.7772],[78.7684,19.7793],[78.7582,19.7724],[78.7414,19.7827],[78.7276,19.7777],[78.7211,19.7663],[78.7102,19.7693],[78.7172,19.7509],[78.7068,19.7387],[78.7084,19.7025],[78.7009,19.6901],[78.6862,19.6907],[78.6923,19.674],[78.706,19.6733],[78.7146,19.655],[78.7233,19.6517],[78.7245,19.6384],[78.6841,19.6505],[78.6811,19.6377],[78.6821,19.6082],[78.6926,19.6108],[78.7118,19.6083],[78.7201,19.6137],[78.7387,19.6042],[78.7489,19.5902],[78.7508,19.5651],[78.7679,19.5676],[78.7839,19.5754],[78.7839,19.5923],[78.774,19.5962],[78.7793,19.6068],[78.7875,19.6041],[78.7967,19.611],[78.785,19.6261],[78.7753,19.6498],[78.7713,19.6721],[78.7865,19.6698],[78.8026,19.6566],[78.8311,19.6506],[78.8347,19.6607],[78.852,19.6628]]]}},{"type":"Feature","properties":{"uid":"TSSD0053","mandal_name":"Bellampalle","district_name":"Mancherial","centroid":[79.5112,19.0673],"area":146.79,"zonalstat":{"min":0.406,"max":0.9092,"mean":0.7406,"count":623,"sum":461.4155,"median":0.7558}},"geometry":{"type":"Polygon","coordinates":[[[79.4382,19.0829],[79.4594,19.0645],[79.4769,19.0573],[79.4861,19.0461],[79.4779,19.0213],[79.4694,19.0155],[79.4896,19.0153],[79.5265,18.9811],[79.5306,18.9848],[79.5461,18.9985],[79.5507,19.0119],[79.5489,19.0276],[79.5705,19.047],[79.5896,19.0436],[79.5795,19.0599],[79.5816,19.0737],[79.5748,19.0882],[79.5564,19.0953],[79.5565,19.1066],[79.5434,19.1167],[79.5209,19.1238],[79.5105,19.132],[79.4929,19.132],[79.4894,19.1057],[79.4696,19.1022],[79.4666,19.111],[79.4559,19.1115],[79.4539,19.1205],[79.44,19.1306],[79.419,19.118],[79.4228,19.1101],[79.4435,19.0877],[79.4382,19.0829]]]}},{"type":"Feature","properties":{"uid":"TSSD0054","mandal_name":"Bhadrachalam","district_name":"Bhadradri Kothagudem","centroid":[80.8937,17.6644],"area":11.21,"zonalstat":{"min":-0.153,"max":0.7757,"mean":0.3506,"count":38,"sum":13.3227,"median":0.4578}},"geometry":{"type":"Polygon","coordinates":[[[80.9037,17.6427],[80.9109,17.6545],[80.9028,17.6587],[80.9094,17.6758],[80.8997,17.6825],[80.8855,17.6837],[80.8754,17.6675],[80.885,17.6494],[80.9037,17.6427]]]}},{"type":"Feature","properties":{"uid":"TSSD0055","mandal_name":"Bhainsa","district_name":"Nirmal","centroid":[77.9769,19.1113],"area":247.42,"zonalstat":{"min":-0.1834,"max":0.833,"mean":0.5806,"count":1052,"sum":610.8093,"median":0.6129}},"geometry":{"type":"Polygon","coordinates":[[[78.0292,19.1838],[77.9953,19.1915],[78.001,19.2169],[77.9791,19.2195],[77.9753,19.2027],[77.9655,19.1838],[77.9757,19.1713],[77.9734,19.1561],[77.9504,19.1623],[77.9322,19.1609],[77.9197,19.1746],[77.9129,19.1745],[77.8989,19.1438],[77.8995,19.1311],[77.8948,19.0938],[77.8815,19.0959],[77.8784,19.0695],[77.8846,19.0554],[77.8914,19.0515],[77.926,19.052],[77.9273,19.046],[77.9511,19.0373],[77.9618,19.0362],[77.9614,19.0479],[77.9798,19.0456],[77.9787,19.0325],[78.0059,19.0354],[78.0138,19.0667],[78.0214,19.0707],[78.0351,19.0635],[78.0532,19.0803],[78.0743,19.0809],[78.0758,19.0948],[78.0911,19.092],[78.0863,19.119],[78.0587,19.1266],[78.0621,19.1413],[78.032,19.1448],[78.0205,19.1639],[78.0293,19.1753],[78.0292,19.1838]]]}},{"type":"Feature","properties":{"uid":"TSSD0056","mandal_name":"Bheemadevarapalli","district_name":"Warangal_Urban","centroid":[79.331,18.0815],"area":147.17,"zonalstat":{"min":0.5602,"max":0.8627,"mean":0.7505,"count":620,"sum":465.2965,"median":0.7551}},"geometry":{"type":"Polygon","coordinates":[[[79.3888,18.1491],[79.3737,18.1562],[79.3651,18.1519],[79.3563,18.1377],[79.3472,18.1469],[79.3339,18.1477],[79.3034,18.1325],[79.2871,18.1235],[79.2909,18.1178],[79.2807,18.088],[79.2826,18.079],[79.2775,18.0556],[79.2616,18.0365],[79.258,18.0265],[79.2599,18.0076],[79.2809,18.0011],[79.2922,18.0105],[79.2995,18.0238],[79.3303,18.0214],[79.3303,18.0382],[79.3374,18.0511],[79.3692,18.0513],[79.3748,18.0437],[79.39,18.0498],[79.4017,18.0827],[79.4103,18.0959],[79.3923,18.099],[79.3886,18.1168],[79.3743,18.1212],[79.3888,18.1491]]]}},{"type":"Feature","properties":{"uid":"TSSD0057","mandal_name":"Bheemaram","district_name":"Mancherial","centroid":[79.6621,18.8641],"area":156.12,"zonalstat":{"min":0.2823,"max":0.8768,"mean":0.7717,"count":663,"sum":511.6289,"median":0.7902}},"geometry":{"type":"Polygon","coordinates":[[[79.6595,18.942],[79.6284,18.9424],[79.6056,18.9395],[79.5895,18.9309],[79.5864,18.9187],[79.5929,18.9036],[79.6068,18.8819],[79.6256,18.8835],[79.6268,18.8673],[79.6199,18.8536],[79.6226,18.8353],[79.6432,18.8182],[79.6637,18.7966],[79.6801,18.7853],[79.695,18.7641],[79.7025,18.7745],[79.7202,18.7782],[79.7321,18.7881],[79.7337,18.7971],[79.707,18.8291],[79.7101,18.8418],[79.7054,18.8504],[79.7123,18.8743],[79.7048,18.8977],[79.6897,18.8906],[79.679,18.9057],[79.6794,18.9317],[79.6749,18.938],[79.6595,18.942]]]}},{"type":"Feature","properties":{"uid":"TSSD0058","mandal_name":"Bheemgal","district_name":"Nizamabad","centroid":[78.4751,18.6789],"area":225.03,"zonalstat":{"min":0.3217,"max":0.8575,"mean":0.726,"count":955,"sum":693.2994,"median":0.7367}},"geometry":{"type":"Polygon","coordinates":[[[78.582,18.6842],[78.5464,18.6886],[78.5302,18.6998],[78.5264,18.7187],[78.5142,18.7206],[78.4998,18.7471],[78.4948,18.7449],[78.4751,18.7549],[78.4374,18.7493],[78.4292,18.7271],[78.4285,18.7066],[78.3965,18.7083],[78.3933,18.7183],[78.3837,18.7235],[78.3729,18.7195],[78.3579,18.6938],[78.3625,18.672],[78.3889,18.6698],[78.4022,18.6609],[78.4047,18.6433],[78.4112,18.6419],[78.4124,18.6275],[78.4398,18.6231],[78.4533,18.6179],[78.4611,18.624],[78.4816,18.627],[78.5069,18.621],[78.5338,18.6226],[78.5456,18.6289],[78.5644,18.6259],[78.5709,18.6413],[78.5873,18.6545],[78.597,18.6541],[78.5964,18.6671],[78.582,18.6842]]]}},{"type":"Feature","properties":{"uid":"TSSD0059","mandal_name":"Bheemini","district_name":"Mancherial","centroid":[79.5932,19.2176],"area":151.63,"zonalstat":{"min":0.2374,"max":0.8727,"mean":0.7694,"count":640,"sum":492.3931,"median":0.781}},"geometry":{"type":"Polygon","coordinates":[[[79.5506,19.2638],[79.5499,19.2837],[79.5101,19.2881],[79.5058,19.2683],[79.525,19.2576],[79.5321,19.2492],[79.5299,19.2348],[79.5419,19.2246],[79.5491,19.2123],[79.5478,19.1986],[79.5461,19.1845],[79.5639,19.171],[79.5615,19.1451],[79.5705,19.1404],[79.5761,19.1486],[79.5867,19.148],[79.61,19.1773],[79.6244,19.1709],[79.6187,19.1639],[79.6231,19.1549],[79.6147,19.1415],[79.6396,19.1412],[79.641,19.1583],[79.6505,19.17],[79.6617,19.1733],[79.664,19.1868],[79.6428,19.1842],[79.6199,19.1968],[79.6373,19.2109],[79.6474,19.2131],[79.6483,19.1939],[79.6641,19.2001],[79.6722,19.1987],[79.6766,19.2125],[79.6692,19.2282],[79.6531,19.223],[79.6566,19.2382],[79.6426,19.2484],[79.6424,19.2584],[79.6231,19.2556],[79.6146,19.2774],[79.5968,19.276],[79.5603,19.2602],[79.5506,19.2638]]]}},{"type":"Feature","properties":{"uid":"TSSD0060","mandal_name":"Bheempoor","district_name":"Adilabad","centroid":[78.3917,19.8063],"area":195.62,"zonalstat":{"min":0.4669,"max":0.8934,"mean":0.783,"count":753,"sum":589.5623,"median":0.7943}},"geometry":{"type":"Polygon","coordinates":[[[78.4899,19.7929],[78.4746,19.8159],[78.4386,19.8135],[78.4213,19.8191],[78.3858,19.8463],[78.3816,19.8563],[78.3819,19.8792],[78.3586,19.8834],[78.3366,19.8831],[78.3253,19.8921],[78.3339,19.9053],[78.3223,19.9169],[78.3064,19.9139],[78.2983,19.8737],[78.2847,19.8561],[78.2856,19.8474],[78.3,19.8407],[78.3152,19.8426],[78.3368,19.8368],[78.3342,19.8145],[78.345,19.8135],[78.3577,19.8054],[78.3647,19.7813],[78.3494,19.7387],[78.3684,19.7386],[78.4085,19.7286],[78.4208,19.735],[78.4358,19.7339],[78.4489,19.741],[78.4666,19.7385],[78.4771,19.733],[78.4909,19.7392],[78.4926,19.7529],[78.4822,19.7801],[78.4899,19.7929]]]}},{"type":"Feature","properties":{"uid":"TSSD0061","mandal_name":"Bhiknoor","district_name":"Kamareddy","centroid":[78.4143,18.1871],"area":154.94,"zonalstat":{"min":0.0033,"max":0.9201,"mean":0.756,"count":655,"sum":495.1828,"median":0.7757}},"geometry":{"type":"Polygon","coordinates":[[[78.4625,18.2144],[78.4272,18.2135],[78.4111,18.2281],[78.4115,18.2472],[78.4045,18.2553],[78.409,18.266],[78.3792,18.2788],[78.3664,18.2656],[78.3761,18.2554],[78.3649,18.2339],[78.3716,18.2248],[78.365,18.2127],[78.3547,18.2086],[78.3449,18.212],[78.3323,18.1961],[78.3372,18.1909],[78.3402,18.1721],[78.3598,18.1691],[78.374,18.135],[78.3844,18.1265],[78.4123,18.1309],[78.4223,18.1437],[78.4252,18.1562],[78.4346,18.1624],[78.4414,18.1556],[78.447,18.1397],[78.4422,18.1319],[78.4534,18.1224],[78.4858,18.1302],[78.4835,18.1471],[78.4968,18.1635],[78.5025,18.1755],[78.4905,18.183],[78.4874,18.1959],[78.4625,18.2144]]]}},{"type":"Feature","properties":{"uid":"TSSD0062","mandal_name":"Bhongiri","district_name":"Yadadri Bhuvanagiri","centroid":[78.9235,17.4999],"area":299.2,"zonalstat":{"min":0.171,"max":0.7918,"mean":0.652,"count":1263,"sum":823.4957,"median":0.6665}},"geometry":{"type":"Polygon","coordinates":[[[79.0219,17.5383],[79.0144,17.5346],[78.986,17.5356],[78.9868,17.5514],[78.9671,17.5501],[78.9684,17.5672],[78.9557,17.5713],[78.9332,17.5706],[78.9273,17.5783],[78.9042,17.5805],[78.8859,17.5912],[78.8799,17.5807],[78.865,17.5874],[78.856,17.596],[78.8513,17.5771],[78.8351,17.5705],[78.8288,17.5735],[78.8248,17.5599],[78.8266,17.5444],[78.8366,17.5324],[78.8277,17.5218],[78.81,17.5211],[78.8307,17.5098],[78.8414,17.4712],[78.8488,17.4623],[78.8674,17.4772],[78.8899,17.4716],[78.8836,17.4573],[78.8953,17.4527],[78.9165,17.4378],[78.9102,17.4277],[78.877,17.4229],[78.8877,17.4026],[78.8823,17.3878],[78.8997,17.369],[78.9117,17.3762],[78.929,17.3832],[78.9297,17.3948],[78.9415,17.3965],[78.9455,17.4144],[78.9522,17.4161],[78.9592,17.4377],[78.9591,17.4497],[78.9669,17.4603],[78.9979,17.4591],[79.0179,17.4753],[79.0314,17.479],[79.0429,17.4946],[79.0472,17.5135],[79.0312,17.5243],[79.0325,17.5316],[79.0219,17.5383]]]}},{"type":"Feature","properties":{"uid":"TSSD0063","mandal_name":"Bhoothpur","district_name":"Mahabubnagar","centroid":[78.0666,16.6702],"area":177.56,"zonalstat":{"min":0.0357,"max":0.8837,"mean":0.6727,"count":746,"sum":501.8635,"median":0.6973}},"geometry":{"type":"Polygon","coordinates":[[[78.0947,16.7394],[78.0743,16.7247],[78.0627,16.7246],[78.057,16.734],[78.0453,16.7397],[78.0361,16.738],[78.0296,16.7187],[78.0044,16.7069],[78.0031,16.7131],[77.988,16.7151],[77.9866,16.7081],[77.9833,16.6976],[77.9715,16.6954],[77.9778,16.6684],[77.9925,16.6615],[77.986,16.6488],[77.9914,16.6439],[78.0038,16.6404],[78.0119,16.6546],[78.0345,16.6414],[78.0364,16.6251],[78.0585,16.627],[78.0751,16.6109],[78.101,16.5986],[78.1257,16.5927],[78.1277,16.6092],[78.1309,16.6271],[78.1535,16.6495],[78.1398,16.6613],[78.14,16.68],[78.1181,16.6919],[78.1055,16.708],[78.1088,16.7238],[78.0947,16.7394]]]}},{"type":"Feature","properties":{"uid":"TSSD0064","mandal_name":"Bhupalpally","district_name":"Jayashankar Bhupalpally","centroid":[79.94,18.4317],"area":412.31,"zonalstat":{"min":0.0674,"max":0.9752,"mean":0.7191,"count":1741,"sum":1251.8702,"median":0.7648}},"geometry":{"type":"Polygon","coordinates":[[[79.9082,18.5177],[79.8867,18.5157],[79.8792,18.5058],[79.8998,18.4724],[79.917,18.4575],[79.919,18.4359],[79.9161,18.4229],[79.8914,18.4333],[79.8836,18.4848],[79.8489,18.4683],[79.8367,18.4731],[79.8033,18.4661],[79.8226,18.4283],[79.8186,18.4104],[79.8048,18.4165],[79.8017,18.4251],[79.7889,18.4344],[79.7733,18.4342],[79.7614,18.4546],[79.7341,18.4494],[79.7264,18.4397],[79.737,18.4295],[79.7414,18.4187],[79.7548,18.4058],[79.7742,18.3985],[79.792,18.3805],[79.7701,18.35],[79.7721,18.3342],[79.8011,18.3263],[79.8158,18.3319],[79.8218,18.3466],[79.8316,18.3583],[79.8152,18.3751],[79.8167,18.3884],[79.8558,18.3936],[79.8631,18.4078],[79.8844,18.4179],[79.8969,18.4125],[79.8922,18.405],[79.8937,18.3827],[79.8987,18.3751],[79.9132,18.3669],[79.9198,18.3548],[79.9418,18.3454],[79.9504,18.3662],[79.9678,18.376],[79.9702,18.39],[79.9915,18.3858],[80.0239,18.3974],[80.0422,18.401],[80.0778,18.3902],[80.1022,18.3932],[80.1121,18.3803],[80.1298,18.385],[80.1471,18.4047],[80.152,18.4199],[80.1347,18.4326],[80.1179,18.4396],[80.108,18.4301],[80.0915,18.4284],[80.083,18.4211],[80.0787,18.3951],[80.0573,18.4037],[80.0271,18.4089],[80.0292,18.43],[80.0763,18.4269],[80.0839,18.4318],[80.1013,18.4522],[80.1133,18.4571],[80.1152,18.466],[80.0945,18.4682],[80.0597,18.4827],[80.0737,18.5027],[80.0858,18.5113],[80.0866,18.5187],[80.0384,18.5166],[80.0304,18.4909],[80.002,18.494],[79.9838,18.4797],[79.9697,18.488],[79.9554,18.4913],[79.9518,18.505],[79.9321,18.5105],[79.9082,18.5177]]]}},{"type":"Feature","properties":{"uid":"TSSD0065","mandal_name":"Bibinagar","district_name":"Yadadri Bhuvanagiri","centroid":[78.8035,17.4591],"area":181.21,"zonalstat":{"min":0.3155,"max":0.8311,"mean":0.6789,"count":762,"sum":517.3013,"median":0.6893}},"geometry":{"type":"Polygon","coordinates":[[[78.81,17.5211],[78.7842,17.5311],[78.7813,17.5193],[78.7722,17.5069],[78.7567,17.5174],[78.7378,17.5164],[78.7295,17.5235],[78.7186,17.517],[78.7127,17.5237],[78.7076,17.4848],[78.7096,17.4763],[78.72,17.4717],[78.747,17.47],[78.7599,17.4603],[78.7513,17.4401],[78.759,17.4313],[78.7563,17.412],[78.7378,17.3946],[78.7374,17.3846],[78.7548,17.3838],[78.7686,17.3977],[78.7911,17.4089],[78.8166,17.414],[78.8502,17.4119],[78.8674,17.4025],[78.8823,17.3878],[78.8877,17.4026],[78.877,17.4229],[78.9102,17.4277],[78.9165,17.4378],[78.8953,17.4527],[78.8836,17.4573],[78.8899,17.4716],[78.8674,17.4772],[78.8488,17.4623],[78.8414,17.4712],[78.8307,17.5098],[78.81,17.5211]]]}},{"type":"Feature","properties":{"uid":"TSSD0066","mandal_name":"Bibipet","district_name":"Kamareddy","centroid":[78.5228,18.221],"area":80.7,"zonalstat":{"min":-0.0306,"max":0.8959,"mean":0.6922,"count":343,"sum":237.4197,"median":0.7685}},"geometry":{"type":"Polygon","coordinates":[[[78.5258,18.2756],[78.5149,18.2722],[78.5088,18.2464],[78.4795,18.2508],[78.4741,18.2413],[78.4845,18.2365],[78.4794,18.2235],[78.4625,18.2144],[78.4874,18.1959],[78.4905,18.183],[78.5025,18.1755],[78.5149,18.1691],[78.5236,18.1824],[78.5366,18.1867],[78.5534,18.1774],[78.5688,18.183],[78.5693,18.1956],[78.5602,18.2059],[78.5675,18.2243],[78.553,18.2531],[78.5567,18.2639],[78.5428,18.2734],[78.5258,18.2756]]]}},{"type":"Feature","properties":{"uid":"TSSD0067","mandal_name":"Bijinapalle","district_name":"Nagarkurnool","centroid":[78.1904,16.5285],"area":265.69,"zonalstat":{"min":-0.108,"max":0.9009,"mean":0.6682,"count":1112,"sum":743.0047,"median":0.6977}},"geometry":{"type":"Polygon","coordinates":[[[78.2673,16.5872],[78.2517,16.5881],[78.2463,16.5978],[78.2338,16.6055],[78.2223,16.6178],[78.1958,16.6267],[78.194,16.5926],[78.1749,16.5922],[78.1701,16.6001],[78.1556,16.5949],[78.1277,16.6092],[78.1257,16.5927],[78.1191,16.5772],[78.1202,16.5608],[78.1091,16.5323],[78.103,16.5007],[78.1008,16.4879],[78.1262,16.4712],[78.1599,16.4525],[78.1897,16.4513],[78.2006,16.4465],[78.2011,16.4214],[78.2346,16.432],[78.2285,16.4533],[78.2357,16.4637],[78.2346,16.4827],[78.2527,16.4985],[78.2622,16.4975],[78.2671,16.5105],[78.2753,16.5126],[78.2823,16.5379],[78.2679,16.5545],[78.2702,16.5726],[78.2673,16.5872]]]}},{"type":"Feature","properties":{"uid":"TSSD0068","mandal_name":"Boath","district_name":"Adilabad","centroid":[78.2836,19.3628],"area":324.19,"zonalstat":{"min":0.1181,"max":0.8733,"mean":0.7555,"count":1312,"sum":991.2121,"median":0.7595}},"geometry":{"type":"Polygon","coordinates":[[[78.2899,19.4498],[78.2708,19.4565],[78.2688,19.4486],[78.2373,19.4284],[78.22,19.433],[78.203,19.4197],[78.1961,19.4072],[78.1762,19.4124],[78.1878,19.3947],[78.1722,19.3601],[78.1759,19.3362],[78.1898,19.3291],[78.1934,19.3174],[78.1972,19.3091],[78.2102,19.3065],[78.2308,19.3092],[78.2443,19.3004],[78.2523,19.2867],[78.2511,19.2767],[78.2608,19.265],[78.2842,19.278],[78.2939,19.2724],[78.3374,19.2877],[78.3484,19.3083],[78.3649,19.3035],[78.3694,19.3213],[78.3935,19.347],[78.386,19.3755],[78.3818,19.3817],[78.3968,19.3934],[78.3817,19.4036],[78.3626,19.4058],[78.3638,19.4174],[78.3486,19.4323],[78.3068,19.4397],[78.2899,19.4498]]]}},{"type":"Feature","properties":{"uid":"TSSD0069","mandal_name":"Bodhan","district_name":"Nizamabad","centroid":[77.8636,18.6885],"area":274.45,"zonalstat":{"min":-0.3,"max":0.892,"mean":0.5582,"count":1156,"sum":645.2772,"median":0.6027}},"geometry":{"type":"Polygon","coordinates":[[[77.9477,18.7038],[77.947,18.7099],[77.9263,18.7331],[77.917,18.738],[77.9158,18.7505],[77.888,18.7594],[77.8742,18.7533],[77.8826,18.798],[77.8654,18.7988],[77.8614,18.8114],[77.8404,18.806],[77.8324,18.7896],[77.8278,18.7713],[77.8121,18.738],[77.8043,18.7281],[77.8045,18.7144],[77.7896,18.6958],[77.7873,18.6834],[77.7717,18.6901],[77.7732,18.7016],[77.7583,18.7061],[77.7508,18.6961],[77.7491,18.6827],[77.7309,18.6661],[77.7309,18.6485],[77.7642,18.6486],[77.7697,18.6622],[77.7866,18.6669],[77.8135,18.6609],[77.8129,18.6452],[77.8383,18.6207],[77.8562,18.6204],[77.859,18.6278],[77.8776,18.6245],[77.888,18.6131],[77.8944,18.5968],[77.907,18.5903],[77.9087,18.575],[77.9184,18.5735],[77.9215,18.586],[77.9334,18.5871],[77.934,18.5935],[77.9353,18.6057],[77.9478,18.6166],[77.955,18.6169],[77.9601,18.6365],[77.9569,18.6528],[77.9363,18.6623],[77.9281,18.6739],[77.9288,18.6851],[77.9155,18.69],[77.9209,18.7035],[77.929,18.707],[77.9452,18.6967],[77.9477,18.7038]]]}},{"type":"Feature","properties":{"uid":"TSSD0070","mandal_name":"Boinpalli","district_name":"Rajanna Sircilla","centroid":[78.9406,18.4799],"area":143.88,"zonalstat":{"min":-0.0041,"max":0.8474,"mean":0.664,"count":608,"sum":403.6891,"median":0.7524}},"geometry":{"type":"Polygon","coordinates":[[[78.96,18.5764],[78.9409,18.5833],[78.9297,18.5637],[78.9166,18.5733],[78.9077,18.5647],[78.8967,18.5517],[78.893,18.5364],[78.9021,18.5235],[78.8983,18.5186],[78.8914,18.486],[78.8929,18.4762],[78.9125,18.4696],[78.9106,18.4546],[78.9155,18.4434],[78.9081,18.4338],[78.9173,18.4242],[78.9143,18.4035],[78.9432,18.3972],[78.9681,18.3916],[78.9962,18.3995],[78.9893,18.4172],[78.9784,18.4206],[78.9767,18.4372],[78.9937,18.4444],[78.9861,18.4573],[78.987,18.4694],[78.9804,18.485],[78.9823,18.4939],[78.9629,18.51],[78.9538,18.5223],[78.9605,18.5354],[78.9496,18.5539],[78.96,18.5764]]]}},{"type":"Feature","properties":{"uid":"TSSD0071","mandal_name":"Bommalaramaram","district_name":"Yadadri Bhuvanagiri","centroid":[78.7544,17.5761],"area":165.4,"zonalstat":{"min":0.4098,"max":0.8477,"mean":0.6902,"count":698,"sum":481.7891,"median":0.6973}},"geometry":{"type":"Polygon","coordinates":[[[78.7305,17.6673],[78.7246,17.6678],[78.7236,17.6647],[78.711,17.6506],[78.7115,17.6392],[78.6855,17.6221],[78.6976,17.6127],[78.6876,17.5812],[78.6826,17.5774],[78.7041,17.5587],[78.6953,17.551],[78.701,17.535],[78.7127,17.5237],[78.7186,17.517],[78.7295,17.5235],[78.7378,17.5164],[78.7567,17.5174],[78.7722,17.5069],[78.7813,17.5193],[78.7842,17.5311],[78.81,17.5211],[78.8277,17.5218],[78.8366,17.5324],[78.8266,17.5444],[78.8248,17.5599],[78.8288,17.5735],[78.8331,17.5874],[78.7996,17.6014],[78.7863,17.6165],[78.7617,17.6145],[78.755,17.6208],[78.7526,17.6377],[78.7364,17.6546],[78.7305,17.6673]]]}},{"type":"Feature","properties":{"uid":"TSSD0072","mandal_name":"Bommaraspeta","district_name":"Vikarabad","centroid":[77.7131,17.1346],"area":219.46,"zonalstat":{"min":0.076,"max":0.8317,"mean":0.6744,"count":928,"sum":625.8119,"median":0.6824}},"geometry":{"type":"Polygon","coordinates":[[[77.7876,17.2221],[77.79,17.2339],[77.7722,17.2368],[77.7584,17.2229],[77.7437,17.2298],[77.7315,17.2218],[77.7362,17.2042],[77.7383,17.1815],[77.7243,17.1901],[77.7286,17.2039],[77.716,17.2097],[77.6996,17.2079],[77.6937,17.1998],[77.6935,17.186],[77.6819,17.1764],[77.6729,17.1819],[77.6468,17.1836],[77.642,17.1743],[77.6132,17.1683],[77.6202,17.1533],[77.6275,17.1388],[77.6469,17.1307],[77.6482,17.1166],[77.6604,17.1027],[77.6676,17.0891],[77.676,17.085],[77.7168,17.0823],[77.7138,17.0583],[77.6908,17.0577],[77.6759,17.0601],[77.6696,17.0512],[77.6671,17.0343],[77.6861,17.0215],[77.7036,17.0259],[77.7147,17.0405],[77.7239,17.0374],[77.7535,17.0616],[77.7614,17.0849],[77.7596,17.0944],[77.7652,17.1086],[77.7726,17.1125],[77.7747,17.1237],[77.7689,17.1349],[77.7823,17.151],[77.787,17.1705],[77.7641,17.1991],[77.7678,17.2086],[77.7876,17.2221]]]}},{"type":"Feature","properties":{"uid":"TSSD0073","mandal_name":"Bonakal","district_name":"Khammam","centroid":[80.2889,17.0359],"area":164.0,"zonalstat":{"min":0.1053,"max":0.8996,"mean":0.7394,"count":634,"sum":468.783,"median":0.7468}},"geometry":{"type":"Polygon","coordinates":[[[80.2977,17.1131],[80.2771,17.1171],[80.2696,17.1012],[80.2489,17.1013],[80.2462,17.0832],[80.2202,17.0502],[80.2119,17.0497],[80.204,17.0382],[80.1984,17.027],[80.2056,17.0131],[80.2213,17.0086],[80.2258,17.0156],[80.2418,17.0027],[80.2648,16.9975],[80.2702,17.004],[80.2836,17.0073],[80.2935,16.9964],[80.293,16.9767],[80.3067,16.9737],[80.3032,16.954],[80.3158,16.9481],[80.3384,16.9467],[80.3363,16.9562],[80.3412,16.9942],[80.3528,17.016],[80.3552,17.0498],[80.3665,17.0526],[80.3604,17.0728],[80.3438,17.0757],[80.3433,17.0661],[80.3331,17.0557],[80.3214,17.0652],[80.3283,17.0874],[80.3113,17.0852],[80.3107,17.0698],[80.2925,17.0794],[80.3068,17.0997],[80.2977,17.1131]]]}},{"type":"Feature","properties":{"uid":"TSSD0074","mandal_name":"Buggaram","district_name":"Jagtial","centroid":[79.0676,18.8704],"area":80.72,"zonalstat":{"min":0.3524,"max":0.9087,"mean":0.8166,"count":343,"sum":280.0779,"median":0.826}},"geometry":{"type":"Polygon","coordinates":[[[79.1292,18.8809],[79.0925,18.8945],[79.0666,18.895],[79.0678,18.9118],[79.0576,18.9192],[79.046,18.9158],[79.0313,18.8995],[79.0215,18.9019],[79.0062,18.8961],[79.0108,18.8793],[79.0226,18.8717],[79.0232,18.8556],[79.0173,18.8302],[79.0329,18.8228],[79.0439,18.841],[79.0774,18.8364],[79.0924,18.8492],[79.1167,18.8437],[79.1254,18.8519],[79.1422,18.8497],[79.1447,18.8556],[79.1292,18.8809]]]}},{"type":"Feature","properties":{"uid":"TSSD0075","mandal_name":"Burgampadu","district_name":"Bhadradri Kothagudem","centroid":[80.8184,17.6774],"area":212.03,"zonalstat":{"min":-0.1446,"max":0.9753,"mean":0.653,"count":890,"sum":581.1497,"median":0.7018}},"geometry":{"type":"Polygon","coordinates":[[[80.8915,17.7413],[80.8794,17.7555],[80.8486,17.7467],[80.8466,17.735],[80.8331,17.7397],[80.7835,17.7446],[80.774,17.7433],[80.7508,17.6944],[80.7438,17.6853],[80.7344,17.6631],[80.7323,17.6378],[80.7415,17.6365],[80.758,17.6212],[80.7804,17.6204],[80.7908,17.6081],[80.8178,17.6039],[80.8362,17.5984],[80.8556,17.5998],[80.8506,17.6153],[80.8516,17.6261],[80.8707,17.6339],[80.8843,17.6325],[80.9037,17.6427],[80.885,17.6494],[80.8754,17.6675],[80.8855,17.6837],[80.8938,17.7029],[80.8944,17.7219],[80.8915,17.7413]]]}},{"type":"Feature","properties":{"uid":"TSSD0076","mandal_name":"Chandampet","district_name":"Nalgonda","centroid":[79.0322,16.5047],"area":349.48,"zonalstat":{"min":-0.3,"max":0.9348,"mean":0.6777,"count":1461,"sum":990.1105,"median":0.6956}},"geometry":{"type":"Polygon","coordinates":[[[78.9427,16.6216],[78.9316,16.6257],[78.9122,16.6247],[78.9127,16.634],[78.9028,16.6445],[78.8891,16.6464],[78.8816,16.6421],[78.8771,16.6277],[78.8644,16.6146],[78.8656,16.6021],[78.858,16.5996],[78.8453,16.5865],[78.8396,16.5635],[78.8429,16.5471],[78.8571,16.5514],[78.8702,16.5445],[78.9092,16.5524],[78.9236,16.5224],[78.9364,16.5121],[78.9636,16.4991],[78.9809,16.4955],[79.027,16.4672],[79.0474,16.4588],[79.0627,16.4461],[79.0726,16.4437],[79.0911,16.4227],[79.1093,16.4218],[79.1178,16.4106],[79.1387,16.3987],[79.1521,16.4002],[79.1551,16.3817],[79.1715,16.3689],[79.1911,16.3606],[79.2,16.3623],[79.2113,16.3558],[79.2128,16.3747],[79.2082,16.3823],[79.2104,16.4292],[79.1669,16.449],[79.1633,16.47],[79.1697,16.4816],[79.1734,16.5229],[79.1646,16.5104],[79.1217,16.5122],[79.1169,16.522],[79.0997,16.5052],[79.0898,16.4748],[79.0755,16.4687],[79.053,16.5161],[79.0284,16.5204],[79.0297,16.5321],[79.0473,16.5344],[79.0408,16.5506],[79.0213,16.5468],[78.9902,16.5682],[78.9548,16.5714],[78.9452,16.5881],[78.9427,16.6216]]]}},{"type":"Feature","properties":{"uid":"TSSD0077","mandal_name":"Chandrugonda","district_name":"Bhadradri Kothagudem","centroid":[80.6223,17.3852],"area":146.4,"zonalstat":{"min":0.2507,"max":0.9331,"mean":0.7135,"count":617,"sum":440.2103,"median":0.7274}},"geometry":{"type":"Polygon","coordinates":[[[80.6383,17.437],[80.6236,17.4334],[80.6229,17.4462],[80.6008,17.4523],[80.5912,17.4498],[80.5887,17.4339],[80.5699,17.4385],[80.5708,17.4063],[80.5644,17.3756],[80.5564,17.3681],[80.557,17.3293],[80.5733,17.3267],[80.5757,17.3354],[80.6021,17.3456],[80.6301,17.3165],[80.6442,17.3206],[80.6412,17.3331],[80.6651,17.3417],[80.6803,17.3615],[80.694,17.3699],[80.6827,17.3831],[80.6961,17.4029],[80.6953,17.4136],[80.6725,17.4251],[80.6383,17.437]]]}},{"type":"Feature","properties":{"uid":"TSSD0078","mandal_name":"Chandur","district_name":"Nalgonda","centroid":[79.009,16.9998],"area":210.39,"zonalstat":{"min":0.2262,"max":0.8846,"mean":0.7184,"count":885,"sum":635.803,"median":0.7295}},"geometry":{"type":"Polygon","coordinates":[[[78.9315,17.0918],[78.9119,17.0946],[78.9013,17.0763],[78.8929,17.0453],[78.9172,17.042],[78.9554,17.0302],[78.9538,17.0042],[78.9645,17.0018],[78.963,16.9884],[78.9548,16.9624],[78.9624,16.9655],[78.9743,16.9595],[78.9829,16.9633],[78.9925,16.947],[79.0136,16.9335],[79.0168,16.9109],[79.0061,16.8981],[79.0284,16.8932],[79.0358,16.9045],[79.0396,16.9241],[79.0469,16.9223],[79.0818,16.9286],[79.0848,16.9397],[79.0902,16.9682],[79.1005,16.9771],[79.0994,16.9937],[79.0791,16.999],[79.074,17.0227],[79.06,17.0336],[79.0562,17.0525],[79.0397,17.0563],[79.029,17.0474],[79.0092,17.0507],[78.9953,17.0593],[78.9673,17.0643],[78.9628,17.069],[78.9412,17.0735],[78.9278,17.0815],[78.9315,17.0918]]]}},{"type":"Feature","properties":{"uid":"TSSD0079","mandal_name":"Charakonda","district_name":"Nagarkurnool","centroid":[78.6786,16.7041],"area":172.21,"zonalstat":{"min":0.0954,"max":0.9566,"mean":0.6004,"count":722,"sum":433.5185,"median":0.6183}},"geometry":{"type":"Polygon","coordinates":[[[78.662,16.7635],[78.669,16.7487],[78.6514,16.7393],[78.6465,16.7241],[78.6471,16.7089],[78.6398,16.7062],[78.6236,16.7142],[78.5992,16.704],[78.5989,16.6876],[78.5791,16.6874],[78.581,16.6778],[78.5761,16.6648],[78.5859,16.6576],[78.5894,16.6425],[78.6064,16.6369],[78.616,16.6377],[78.6495,16.6488],[78.6671,16.6524],[78.7103,16.6494],[78.7089,16.6758],[78.7239,16.6871],[78.743,16.7074],[78.7551,16.7063],[78.7566,16.7159],[78.7572,16.7409],[78.7634,16.7482],[78.7805,16.7467],[78.7901,16.7643],[78.7923,16.7751],[78.7703,16.7712],[78.7555,16.7795],[78.7466,16.7775],[78.7412,16.756],[78.7274,16.757],[78.7227,16.7504],[78.7083,16.7575],[78.6943,16.7536],[78.6964,16.7652],[78.6824,16.768],[78.662,16.7635]]]}},{"type":"Feature","properties":{"uid":"TSSD0080","mandal_name":"Charminar","district_name":"Hyderabad","centroid":[78.4872,17.3615],"area":5.37,"zonalstat":{"min":0.0744,"max":0.3357,"mean":0.1805,"count":23,"sum":4.1512,"median":0.1689}},"geometry":{"type":"Polygon","coordinates":[[[78.4992,17.3682],[78.4846,17.3761],[78.479,17.3702],[78.4746,17.3477],[78.4846,17.3522],[78.4967,17.35],[78.5007,17.3505],[78.4967,17.35],[78.4992,17.3682]]]}},{"type":"Feature","properties":{"uid":"TSSD0081","mandal_name":"Chendurthi","district_name":"Rajanna Sircilla","centroid":[78.7533,18.5711],"area":172.75,"zonalstat":{"min":0.3809,"max":0.8506,"mean":0.7535,"count":732,"sum":551.5676,"median":0.7695}},"geometry":{"type":"Polygon","coordinates":[[[78.7887,18.6249],[78.7609,18.6336],[78.732,18.6343],[78.7326,18.6103],[78.72,18.5934],[78.648,18.5907],[78.6408,18.5831],[78.6286,18.5839],[78.6197,18.5905],[78.6127,18.588],[78.6399,18.568],[78.6597,18.5688],[78.6906,18.5435],[78.7067,18.5417],[78.7246,18.52],[78.7375,18.5136],[78.7447,18.5176],[78.7743,18.5069],[78.7912,18.5074],[78.7856,18.5219],[78.788,18.5354],[78.8003,18.5222],[78.8179,18.5188],[78.8195,18.536],[78.8278,18.5546],[78.8312,18.5819],[78.846,18.5968],[78.8231,18.6119],[78.8091,18.6122],[78.7887,18.6249]]]}},{"type":"Feature","properties":{"uid":"TSSD0082","mandal_name":"Chennaraopet","district_name":"Warangal_Rural","centroid":[79.8591,17.8525],"area":99.63,"zonalstat":{"min":0.4764,"max":0.8958,"mean":0.7605,"count":418,"sum":317.8936,"median":0.7619}},"geometry":{"type":"Polygon","coordinates":[[[79.8026,17.9115],[79.7884,17.9121],[79.7911,17.8968],[79.7789,17.8866],[79.7816,17.8785],[79.7919,17.8656],[79.8175,17.8661],[79.8271,17.8797],[79.8429,17.8783],[79.8448,17.8721],[79.839,17.8438],[79.8244,17.8167],[79.8241,17.8021],[79.8413,17.7967],[79.8613,17.8102],[79.8755,17.8077],[79.91,17.8136],[79.9097,17.7977],[79.9305,17.8157],[79.9294,17.8211],[79.9387,17.8405],[79.9337,17.846],[79.9108,17.8494],[79.8846,17.8667],[79.8849,17.8829],[79.8715,17.8854],[79.8654,17.8998],[79.8491,17.9088],[79.8447,17.8945],[79.8026,17.9115]]]}},{"type":"Feature","properties":{"uid":"TSSD0083","mandal_name":"Chennur","district_name":"Mancherial","centroid":[79.7621,18.8213],"area":348.6,"zonalstat":{"min":-0.3,"max":0.8779,"mean":0.7367,"count":1472,"sum":1084.3943,"median":0.7817}},"geometry":{"type":"Polygon","coordinates":[[[79.7214,18.9585],[79.7019,18.959],[79.6923,18.9539],[79.6691,18.9486],[79.6595,18.942],[79.6749,18.938],[79.6794,18.9317],[79.679,18.9057],[79.6897,18.8906],[79.7048,18.8977],[79.7123,18.8743],[79.7054,18.8504],[79.7101,18.8418],[79.707,18.8291],[79.7337,18.7971],[79.7321,18.7881],[79.7202,18.7782],[79.7025,18.7745],[79.695,18.7641],[79.7074,18.7544],[79.7212,18.7336],[79.7052,18.7307],[79.707,18.7053],[79.7177,18.685],[79.7362,18.6828],[79.7541,18.6849],[79.7784,18.6935],[79.8123,18.7103],[79.8221,18.7225],[79.8205,18.7383],[79.8218,18.7598],[79.8454,18.7837],[79.8477,18.7969],[79.8315,18.8204],[79.8273,18.8326],[79.8271,18.8511],[79.8363,18.8667],[79.846,18.8689],[79.8371,18.8752],[79.8347,18.8964],[79.8186,18.902],[79.8081,18.9169],[79.7903,18.9087],[79.7775,18.9095],[79.7611,18.9337],[79.7392,18.9511],[79.7214,18.9585]]]}},{"type":"Feature","properties":{"uid":"TSSD0084","mandal_name":"Cherial","district_name":"Siddipet","centroid":[78.9692,17.9311],"area":222.44,"zonalstat":{"min":0.4457,"max":0.8769,"mean":0.736,"count":938,"sum":690.3998,"median":0.7442}},"geometry":{"type":"Polygon","coordinates":[[[79.0335,18.0224],[79.0264,18.0237],[79.0096,18.0053],[78.9846,18.0159],[78.9816,18.0279],[78.9636,18.0369],[78.9603,18.0323],[78.96,18.0323],[78.9439,17.9975],[78.931,17.9992],[78.9195,17.9836],[78.9196,17.9832],[78.9328,17.9799],[78.9162,17.9478],[78.9291,17.9461],[78.935,17.9393],[78.9325,17.927],[78.9205,17.9176],[78.9101,17.8989],[78.9019,17.898],[78.8978,17.8762],[78.8827,17.8782],[78.8678,17.8694],[78.8684,17.868],[78.8676,17.8596],[78.8779,17.8404],[78.8794,17.8281],[78.9116,17.839],[78.9209,17.8709],[78.9398,17.8725],[78.9504,17.8558],[78.9767,17.8573],[78.9973,17.8422],[79.0031,17.8589],[79.0198,17.8755],[79.0198,17.8755],[79.0155,17.8842],[79.0265,17.9052],[79.028,17.9288],[79.0142,17.9322],[79.0113,17.9437],[79.0272,17.9415],[79.0376,17.9548],[79.035,17.9658],[79.0673,17.9594],[79.0556,17.9765],[79.0341,17.987],[79.0401,18.0],[79.0335,18.0224]]]}},{"type":"Feature","properties":{"uid":"TSSD0085","mandal_name":"Cherla","district_name":"Bhadradri Kothagudem","centroid":[80.8685,18.0754],"area":477.35,"zonalstat":{"min":-0.1639,"max":0.9794,"mean":0.5421,"count":2010,"sum":1089.7096,"median":0.5558}},"geometry":{"type":"Polygon","coordinates":[[[80.9857,17.9529],[80.9793,18.003],[80.9731,18.023],[80.964,18.0379],[80.9692,18.0436],[80.9649,18.0567],[80.9528,18.0787],[80.9513,18.0899],[80.9545,18.1282],[80.9783,18.1508],[80.9784,18.1755],[80.9573,18.1735],[80.9505,18.1633],[80.9135,18.1408],[80.8971,18.1365],[80.8666,18.1366],[80.8599,18.1481],[80.8581,18.1854],[80.854,18.2042],[80.869,18.2034],[80.8724,18.2102],[80.8655,18.23],[80.8439,18.2322],[80.8367,18.2389],[80.8243,18.2365],[80.8243,18.1916],[80.7983,18.1678],[80.7644,18.1672],[80.7499,18.1516],[80.7339,18.1461],[80.7436,18.1297],[80.7425,18.1117],[80.7346,18.106],[80.7593,18.0774],[80.7639,18.0566],[80.7737,18.0458],[80.8242,18.0016],[80.8501,17.9882],[80.88,17.9544],[80.8854,17.9332],[80.898,17.9427],[80.9331,17.9504],[80.9857,17.9529]]]}},{"type":"Feature","properties":{"uid":"TSSD0086","mandal_name":"Chevella","district_name":"Rangareddy","centroid":[78.1157,17.3195],"area":276.14,"zonalstat":{"min":0.1506,"max":0.8552,"mean":0.6552,"count":1160,"sum":760.0702,"median":0.6621}},"geometry":{"type":"Polygon","coordinates":[[[78.1836,17.3776],[78.1744,17.3893],[78.1533,17.395],[78.1548,17.408],[78.1348,17.4094],[78.1232,17.391],[78.1209,17.369],[78.1013,17.3627],[78.089,17.3629],[78.0793,17.3856],[78.0743,17.3892],[78.056,17.3865],[78.0352,17.3903],[78.0331,17.3786],[78.0243,17.3702],[78.0173,17.3444],[78.0082,17.3416],[78.0041,17.3284],[78.0088,17.322],[78.0181,17.3101],[78.0464,17.2961],[78.0447,17.2791],[78.05,17.2635],[78.0605,17.2505],[78.0602,17.2334],[78.0712,17.233],[78.0769,17.2505],[78.0902,17.2505],[78.1111,17.2593],[78.1258,17.2563],[78.1315,17.244],[78.1564,17.2402],[78.1758,17.2478],[78.1824,17.2429],[78.1971,17.2447],[78.1935,17.2642],[78.2001,17.2704],[78.1895,17.3006],[78.192,17.3086],[78.2146,17.3158],[78.2186,17.3248],[78.2181,17.3487],[78.1852,17.3607],[78.1836,17.3776]]]}},{"type":"Feature","properties":{"uid":"TSSD0087","mandal_name":"Chigurumamidi","district_name":"Karimnagar","centroid":[79.187,18.2246],"area":149.85,"zonalstat":{"min":0.3709,"max":0.8958,"mean":0.7467,"count":637,"sum":475.6233,"median":0.7543}},"geometry":{"type":"Polygon","coordinates":[[[79.2573,18.2567],[79.2278,18.2683],[79.2168,18.2591],[79.2001,18.277],[79.1984,18.2831],[79.1779,18.2852],[79.1587,18.2774],[79.148,18.2811],[79.1333,18.2723],[79.1307,18.2633],[79.1202,18.2545],[79.1242,18.2425],[79.1103,18.2375],[79.108,18.2219],[79.1126,18.2134],[79.1286,18.2146],[79.1384,18.2032],[79.1488,18.1989],[79.1443,18.1844],[79.1512,18.1703],[79.163,18.1634],[79.1711,18.1607],[79.1783,18.1693],[79.2119,18.1605],[79.2127,18.1737],[79.2207,18.1779],[79.2419,18.1807],[79.2534,18.194],[79.2566,18.2041],[79.2516,18.2165],[79.2573,18.2567]]]}},{"type":"Feature","properties":{"uid":"TSSD0088","mandal_name":"Chilkur","district_name":"Suryapet","centroid":[79.8672,16.9705],"area":109.2,"zonalstat":{"min":0.3526,"max":0.9022,"mean":0.8278,"count":456,"sum":377.4643,"median":0.8508}},"geometry":{"type":"Polygon","coordinates":[[[79.9272,17.0011],[79.9202,16.996],[79.9042,16.996],[79.882,17.007],[79.8612,17.0034],[79.8519,17.0177],[79.8389,17.0245],[79.8094,17.0107],[79.8074,16.9993],[79.7935,16.9766],[79.7904,16.9588],[79.7935,16.9482],[79.8093,16.946],[79.8142,16.952],[79.8313,16.9463],[79.8367,16.9456],[79.8588,16.9565],[79.8828,16.9558],[79.8776,16.9383],[79.8831,16.9296],[79.895,16.9241],[79.8944,16.9102],[79.9129,16.906],[79.9272,16.9174],[79.9298,16.9518],[79.9256,16.9717],[79.9353,16.9807],[79.9272,17.0011]]]}},{"type":"Feature","properties":{"uid":"TSSD0089","mandal_name":"Chilpur","district_name":"Jangoan","centroid":[79.309,17.9152],"area":157.63,"zonalstat":{"min":0.5049,"max":0.9127,"mean":0.7735,"count":666,"sum":515.166,"median":0.7771}},"geometry":{"type":"Polygon","coordinates":[[[79.3455,17.9308],[79.3324,17.9416],[79.308,17.9498],[79.2872,17.9516],[79.2696,17.9611],[79.272,17.9786],[79.264,17.9837],[79.2284,17.9873],[79.2174,17.9694],[79.2034,17.9592],[79.2071,17.9522],[79.2257,17.9436],[79.2341,17.9347],[79.2306,17.905],[79.2358,17.8999],[79.2315,17.8876],[79.2698,17.8924],[79.2905,17.8782],[79.3098,17.8738],[79.3108,17.8633],[79.3395,17.8518],[79.3577,17.8777],[79.3774,17.8769],[79.391,17.8796],[79.4,17.8755],[79.4213,17.8791],[79.4236,17.8736],[79.4494,17.8787],[79.4487,17.9091],[79.4371,17.9142],[79.4195,17.8956],[79.3898,17.9007],[79.3612,17.9159],[79.3455,17.9308]]]}},{"type":"Feature","properties":{"uid":"TSSD0090","mandal_name":"Chinna Chinta Kunta","district_name":"Mahabubnagar","centroid":[77.7982,16.4866],"area":182.6,"zonalstat":{"min":0.2104,"max":0.8579,"mean":0.6875,"count":766,"sum":526.6587,"median":0.6953}},"geometry":{"type":"Polygon","coordinates":[[[77.871,16.455],[77.8512,16.4789],[77.846,16.4901],[77.8283,16.4984],[77.8305,16.5449],[77.8296,16.5562],[77.8069,16.5552],[77.8095,16.584],[77.7984,16.6167],[77.7794,16.6161],[77.7885,16.5811],[77.7787,16.5645],[77.7646,16.5637],[77.7463,16.5674],[77.7528,16.5408],[77.7636,16.5282],[77.7624,16.5098],[77.7482,16.5061],[77.736,16.5078],[77.7466,16.4973],[77.7605,16.4939],[77.7549,16.4706],[77.7371,16.4716],[77.7333,16.4583],[77.7442,16.4427],[77.7379,16.4387],[77.7433,16.4203],[77.7651,16.4233],[77.778,16.4296],[77.7899,16.427],[77.7913,16.4119],[77.7994,16.4057],[77.8014,16.3898],[77.821,16.3785],[77.8262,16.4006],[77.8226,16.4088],[77.8367,16.417],[77.8463,16.4272],[77.8652,16.4332],[77.8644,16.4468],[77.871,16.455]]]}},{"type":"Feature","properties":{"uid":"TSSD0091","mandal_name":"Chinnagudur","district_name":"Mahabubabad","centroid":[79.8918,17.4961],"area":62.33,"zonalstat":{"min":0.4839,"max":0.8884,"mean":0.7527,"count":266,"sum":200.2249,"median":0.7579}},"geometry":{"type":"Polygon","coordinates":[[[79.8957,17.5358],[79.852,17.5519],[79.8491,17.5356],[79.8574,17.5239],[79.858,17.5039],[79.8522,17.5],[79.8531,17.4869],[79.8581,17.4805],[79.8857,17.474],[79.8812,17.4604],[79.8854,17.4534],[79.9212,17.4491],[79.9383,17.4671],[79.9343,17.4817],[79.936,17.4974],[79.9204,17.5002],[79.9158,17.5113],[79.8994,17.5211],[79.8957,17.5358]]]}},{"type":"Feature","properties":{"uid":"TSSD0092","mandal_name":"Chinnakodur","district_name":"Siddipet","centroid":[78.9214,18.1813],"area":210.1,"zonalstat":{"min":0.3284,"max":0.85,"mean":0.731,"count":889,"sum":649.826,"median":0.7446}},"geometry":{"type":"Polygon","coordinates":[[[78.9568,18.2525],[78.9179,18.2569],[78.8937,18.2455],[78.8895,18.2389],[78.8691,18.2406],[78.8558,18.2345],[78.8507,18.2398],[78.8459,18.2363],[78.8529,18.2224],[78.8387,18.2011],[78.8409,18.1918],[78.8279,18.1802],[78.8265,18.1774],[78.8249,18.1513],[78.8293,18.1413],[78.8564,18.153],[78.8704,18.1487],[78.8861,18.1308],[78.9044,18.1363],[78.9252,18.112],[78.9417,18.117],[78.9579,18.1134],[78.9795,18.1185],[78.9839,18.1272],[78.999,18.1318],[79.0048,18.1393],[79.0116,18.1584],[79.0202,18.1695],[79.0077,18.1781],[79.0129,18.1845],[79.0072,18.1989],[78.9695,18.2118],[78.9546,18.2048],[78.952,18.2409],[78.9568,18.2525]]]}},{"type":"Feature","properties":{"uid":"TSSD0093","mandal_name":"Chinnambavi","district_name":"Wanaparthy","centroid":[78.1574,16.0228],"area":211.48,"zonalstat":{"min":-0.3,"max":0.8636,"mean":0.4096,"count":878,"sum":359.6456,"median":0.5906}},"geometry":{"type":"Polygon","coordinates":[[[78.2571,16.0086],[78.2306,16.0053],[78.2127,16.0096],[78.2219,16.0229],[78.2075,16.0373],[78.2023,16.0547],[78.1811,16.064],[78.1815,16.081],[78.1703,16.0843],[78.1515,16.0985],[78.1388,16.093],[78.1213,16.0919],[78.1094,16.0994],[78.0811,16.1049],[78.0747,16.0928],[78.071,16.0835],[78.0703,16.0422],[78.0595,16.0246],[78.0862,16.0112],[78.1171,16.0051],[78.1395,15.993],[78.1441,15.9715],[78.1534,15.9526],[78.1827,15.9444],[78.2236,15.9439],[78.235,15.9496],[78.2461,15.9616],[78.2512,15.9735],[78.2586,15.9909],[78.2571,16.0086]]]}},{"type":"Feature","properties":{"uid":"TSSD0094","mandal_name":"Chintakani","district_name":"Khammam","centroid":[80.2137,17.1258],"area":188.05,"zonalstat":{"min":0.3132,"max":0.8877,"mean":0.7075,"count":765,"sum":541.2515,"median":0.712}},"geometry":{"type":"Polygon","coordinates":[[[80.2291,17.2327],[80.2158,17.2365],[80.2035,17.2077],[80.1929,17.1941],[80.1737,17.194],[80.1605,17.1793],[80.1593,17.1456],[80.1694,17.1139],[80.1714,17.0893],[80.1584,17.0692],[80.1575,17.0567],[80.1697,17.0317],[80.1679,17.0086],[80.1916,17.027],[80.1958,17.044],[80.204,17.0382],[80.2119,17.0497],[80.2202,17.0502],[80.2462,17.0832],[80.2489,17.1013],[80.2696,17.1012],[80.2771,17.1171],[80.2977,17.1131],[80.3076,17.1281],[80.2926,17.142],[80.281,17.1581],[80.2686,17.1561],[80.2412,17.1664],[80.2367,17.2117],[80.2291,17.2327]]]}},{"type":"Feature","properties":{"uid":"TSSD0095","mandal_name":"Chintalamanepally","district_name":"Kumurambheem Asifabad","centroid":[79.8402,19.4535],"area":288.59,"zonalstat":{"min":-0.1389,"max":0.9324,"mean":0.689,"count":1226,"sum":844.7353,"median":0.7188}},"geometry":{"type":"Polygon","coordinates":[[[79.9675,19.3605],[79.9723,19.384],[79.9791,19.389],[79.9738,19.4131],[79.953,19.4407],[79.9467,19.4531],[79.9449,19.4701],[79.9295,19.4798],[79.9178,19.4932],[79.9056,19.5],[79.8796,19.5042],[79.8623,19.5122],[79.8458,19.5324],[79.8266,19.5453],[79.8187,19.5677],[79.8028,19.5572],[79.7808,19.5504],[79.7851,19.5359],[79.7831,19.5162],[79.7742,19.499],[79.7596,19.4849],[79.7737,19.4562],[79.7549,19.4602],[79.7429,19.4522],[79.73,19.4584],[79.6953,19.453],[79.693,19.4356],[79.6813,19.4263],[79.6831,19.4193],[79.6777,19.3842],[79.6935,19.3808],[79.7198,19.389],[79.7246,19.4081],[79.7325,19.4239],[79.7705,19.425],[79.7688,19.4177],[79.7833,19.4089],[79.7968,19.4099],[79.8062,19.4383],[79.8168,19.4441],[79.8346,19.4425],[79.8449,19.4335],[79.8642,19.4342],[79.8688,19.4398],[79.8879,19.435],[79.8958,19.419],[79.8988,19.3913],[79.9048,19.3678],[79.9263,19.3651],[79.939,19.3685],[79.9471,19.3623],[79.9675,19.3605]]]}},{"type":"Feature","properties":{"uid":"TSSD0096","mandal_name":"Chinthala palem","district_name":"Suryapet","centroid":[79.9849,16.7334],"area":202.08,"zonalstat":{"min":-0.3,"max":0.8808,"mean":0.5821,"count":799,"sum":465.0981,"median":0.6607}},"geometry":{"type":"Polygon","coordinates":[[[79.8917,16.6576],[79.8949,16.6491],[79.9097,16.6342],[79.9335,16.6312],[79.9493,16.635],[79.9653,16.644],[79.9797,16.6642],[79.9959,16.6986],[80.0083,16.7092],[80.0312,16.7146],[80.0387,16.7295],[80.0531,16.7433],[80.0548,16.7663],[80.0656,16.7839],[80.0732,16.8173],[80.0523,16.8295],[80.0467,16.8489],[80.0098,16.8163],[79.9994,16.7956],[79.9818,16.806],[79.976,16.8031],[79.965,16.7817],[79.9582,16.7764],[79.9564,16.762],[79.9438,16.7491],[79.941,16.7281],[79.9364,16.7256],[79.9081,16.6929],[79.8917,16.6576]]]}},{"type":"Feature","properties":{"uid":"TSSD0097","mandal_name":"Chinthapally","district_name":"Nalgonda","centroid":[78.815,16.8549],"area":274.6,"zonalstat":{"min":0.1292,"max":0.8589,"mean":0.6956,"count":1151,"sum":800.6883,"median":0.7142}},"geometry":{"type":"Polygon","coordinates":[[[78.7595,16.9695],[78.7292,16.9737],[78.7097,16.9662],[78.6955,16.936],[78.7083,16.9288],[78.7322,16.9229],[78.7452,16.9147],[78.7273,16.8915],[78.7261,16.8706],[78.7428,16.8591],[78.7526,16.8635],[78.7713,16.8796],[78.7808,16.8679],[78.7764,16.8442],[78.7899,16.839],[78.7874,16.8317],[78.8023,16.826],[78.7977,16.8079],[78.7914,16.8024],[78.7951,16.7856],[78.7923,16.7751],[78.7901,16.7643],[78.7805,16.7467],[78.7924,16.7398],[78.8042,16.7419],[78.8047,16.7529],[78.8247,16.7532],[78.8441,16.75],[78.8504,16.7698],[78.8648,16.7638],[78.8739,16.7666],[78.8836,16.7599],[78.9056,16.7654],[78.9188,16.7586],[78.9201,16.7589],[78.9182,16.7705],[78.9244,16.796],[78.9109,16.8064],[78.9169,16.8345],[78.8933,16.8467],[78.8725,16.8511],[78.8565,16.8592],[78.8493,16.8829],[78.8566,16.9114],[78.8185,16.9259],[78.811,16.9333],[78.7797,16.9514],[78.7625,16.955],[78.7595,16.9695]]]}},{"type":"Feature","properties":{"uid":"TSSD0098","mandal_name":"Chityal","district_name":"Jayashankar Bhupalpally","centroid":[79.7091,18.3866],"area":210.42,"zonalstat":{"min":0.1201,"max":0.934,"mean":0.7507,"count":892,"sum":669.6501,"median":0.7706}},"geometry":{"type":"Polygon","coordinates":[[[79.7614,18.4546],[79.7261,18.4806],[79.6791,18.4924],[79.6693,18.4804],[79.6523,18.4755],[79.6471,18.4543],[79.6802,18.4403],[79.6654,18.4224],[79.6681,18.4007],[79.6623,18.395],[79.6628,18.3757],[79.6545,18.3631],[79.6409,18.3512],[79.6457,18.3391],[79.6677,18.3193],[79.6769,18.3006],[79.6926,18.2834],[79.7113,18.294],[79.7356,18.2991],[79.7463,18.3113],[79.7466,18.3275],[79.7547,18.3386],[79.7721,18.3342],[79.7701,18.35],[79.792,18.3805],[79.7742,18.3985],[79.7548,18.4058],[79.7414,18.4187],[79.737,18.4295],[79.7264,18.4397],[79.7341,18.4494],[79.7614,18.4546]]]}},{"type":"Feature","properties":{"uid":"TSSD0099","mandal_name":"Chityal","district_name":"Nalgonda","centroid":[79.0684,17.2123],"area":237.77,"zonalstat":{"min":0.2458,"max":0.8454,"mean":0.7102,"count":1004,"sum":713.0444,"median":0.7194}},"geometry":{"type":"Polygon","coordinates":[[[78.9881,17.2824],[78.9771,17.2841],[78.9753,17.2587],[78.9797,17.25],[78.9722,17.217],[78.9615,17.1977],[78.9609,17.1909],[78.9728,17.1841],[78.9794,17.1746],[78.985,17.1845],[78.9954,17.1821],[78.9997,17.1738],[79.0104,17.1717],[79.0184,17.1826],[79.0256,17.1788],[79.0346,17.1491],[79.0447,17.1365],[79.0472,17.1268],[79.0595,17.1335],[79.0778,17.1496],[79.09,17.1504],[79.1061,17.144],[79.1206,17.1439],[79.1312,17.1684],[79.1466,17.1831],[79.1554,17.2009],[79.1577,17.2143],[79.1713,17.2235],[79.1778,17.2365],[79.1775,17.2519],[79.1563,17.2608],[79.1375,17.2772],[79.1184,17.2775],[79.1111,17.2683],[79.1029,17.245],[79.0852,17.2517],[79.0705,17.2534],[79.0658,17.2594],[79.053,17.2582],[79.0401,17.266],[79.0033,17.2695],[78.9881,17.2824]]]}},{"type":"Feature","properties":{"uid":"TSSD0100","mandal_name":"Chivvemla","district_name":"Suryapet","centroid":[79.6939,17.1429],"area":151.19,"zonalstat":{"min":0.5039,"max":0.929,"mean":0.7645,"count":633,"sum":483.9369,"median":0.7685}},"geometry":{"type":"Polygon","coordinates":[[[79.7302,17.1876],[79.7015,17.2014],[79.6745,17.1981],[79.6644,17.2023],[79.6446,17.1977],[79.6435,17.2054],[79.6279,17.2151],[79.6162,17.1909],[79.6153,17.1764],[79.6191,17.1593],[79.6329,17.1597],[79.6587,17.1386],[79.6504,17.1084],[79.6698,17.0969],[79.6662,17.0812],[79.6758,17.0748],[79.6865,17.0755],[79.7105,17.0846],[79.715,17.0909],[79.73,17.0869],[79.7355,17.0765],[79.7474,17.0715],[79.7523,17.0618],[79.7623,17.0648],[79.7723,17.0832],[79.7658,17.0986],[79.744,17.102],[79.7461,17.1084],[79.7286,17.1167],[79.7306,17.1341],[79.7422,17.13],[79.7478,17.1444],[79.759,17.1612],[79.7607,17.1753],[79.73,17.1807],[79.7302,17.1876]]]}},{"type":"Feature","properties":{"uid":"TSSD0101","mandal_name":"Choppadandi","district_name":"Karimnagar","centroid":[79.1552,18.5828],"area":141.96,"zonalstat":{"min":0.5421,"max":0.9094,"mean":0.7964,"count":603,"sum":480.234,"median":0.8044}},"geometry":{"type":"Polygon","coordinates":[[[79.1241,18.6656],[79.1112,18.6624],[79.1136,18.6544],[79.1094,18.623],[79.116,18.6099],[79.133,18.6002],[79.1038,18.5906],[79.1007,18.5755],[79.1066,18.5723],[79.0967,18.5467],[79.1039,18.5382],[79.1019,18.526],[79.1221,18.5205],[79.1264,18.5289],[79.1615,18.517],[79.1642,18.5269],[79.1775,18.5229],[79.1893,18.538],[79.205,18.5334],[79.2162,18.5351],[79.2257,18.5456],[79.2307,18.5676],[79.2203,18.5696],[79.205,18.5791],[79.2054,18.5956],[79.1858,18.6093],[79.1843,18.6161],[79.1804,18.6542],[79.1648,18.6493],[79.1572,18.6423],[79.1477,18.6485],[79.1398,18.6618],[79.1241,18.6656]]]}},{"type":"Feature","properties":{"uid":"TSSD0102","mandal_name":"Choutuppal","district_name":"Yadadri Bhuvanagiri","centroid":[78.8862,17.2681],"area":264.84,"zonalstat":{"min":0.1345,"max":0.8838,"mean":0.7033,"count":1112,"sum":782.115,"median":0.7201}},"geometry":{"type":"Polygon","coordinates":[[[78.9054,17.3485],[78.8914,17.3482],[78.8744,17.3356],[78.8683,17.3266],[78.8737,17.3053],[78.8671,17.2933],[78.8452,17.2802],[78.8286,17.2867],[78.8225,17.2976],[78.8024,17.2976],[78.7748,17.3046],[78.7625,17.3035],[78.7476,17.2953],[78.7537,17.2724],[78.7514,17.2685],[78.7659,17.2522],[78.7866,17.2428],[78.7981,17.2423],[78.8166,17.2313],[78.8174,17.2119],[78.8272,17.1998],[78.8394,17.1953],[78.8582,17.1977],[78.8666,17.2094],[78.8821,17.2155],[78.9031,17.2088],[78.9265,17.21],[78.9615,17.1977],[78.9722,17.217],[78.9797,17.25],[78.9753,17.2587],[78.9771,17.2841],[78.9881,17.2824],[78.9975,17.3141],[78.9649,17.3249],[78.948,17.3368],[78.9294,17.3337],[78.9261,17.3411],[78.9054,17.3485]]]}},{"type":"Feature","properties":{"uid":"TSSD0103","mandal_name":"Chowdergudem","district_name":"Rangareddy","centroid":[77.9853,17.061],"area":111.15,"zonalstat":{"min":0.3373,"max":0.865,"mean":0.7308,"count":471,"sum":344.2298,"median":0.7408}},"geometry":{"type":"Polygon","coordinates":[[[77.9913,17.1312],[77.9933,17.1223],[77.9901,17.1039],[77.9544,17.0991],[77.9458,17.0913],[77.9483,17.0749],[77.9382,17.0741],[77.9219,17.0632],[77.9224,17.0518],[77.9315,17.0486],[77.9346,17.0282],[77.9494,17.0205],[77.9583,17.0112],[77.9782,17.0105],[77.9964,16.9901],[78.0,16.9802],[78.0177,17.0059],[78.0296,17.0143],[78.0301,17.0229],[78.022,17.0441],[78.0148,17.078],[78.018,17.0923],[78.0145,17.1059],[78.0158,17.1209],[78.0357,17.1239],[78.0348,17.1386],[78.0109,17.1486],[78.004,17.1473],[77.9984,17.1331],[77.9913,17.1312]]]}},{"type":"Feature","properties":{"uid":"TSSD0104","mandal_name":"Chunchupally","district_name":"Bhadradri Kothagudem","centroid":[80.6756,17.4752],"area":113.98,"zonalstat":{"min":0.2495,"max":0.9946,"mean":0.6521,"count":482,"sum":314.3145,"median":0.6666}},"geometry":{"type":"MultiPolygon","coordinates":[[[[80.61,17.5131],[80.6209,17.5222],[80.6258,17.5358],[80.6179,17.5421],[80.601,17.5466],[80.5908,17.5155],[80.61,17.5131]]],[[[80.7065,17.5032],[80.686,17.5272],[80.6692,17.5554],[80.669,17.5618],[80.6647,17.546],[80.6538,17.5447],[80.6318,17.5319],[80.6408,17.505],[80.6564,17.479],[80.6379,17.4725],[80.6383,17.437],[80.6725,17.4251],[80.6953,17.4136],[80.6961,17.4029],[80.7156,17.4053],[80.7302,17.3977],[80.7393,17.3975],[80.7338,17.4103],[80.7365,17.454],[80.711,17.4487],[80.7065,17.5032]]]]}},{"type":"Feature","properties":{"uid":"TSSD0105","mandal_name":"Dahegaon","district_name":"Kumurambheem Asifabad","centroid":[79.7549,19.2283],"area":282.91,"zonalstat":{"min":-0.011,"max":0.937,"mean":0.7713,"count":1195,"sum":921.7164,"median":0.8016}},"geometry":{"type":"Polygon","coordinates":[[[79.664,19.3106],[79.6446,19.3065],[79.6362,19.3006],[79.6122,19.302],[79.6027,19.2944],[79.5923,19.2968],[79.5888,19.3092],[79.5758,19.309],[79.5736,19.32],[79.5629,19.3198],[79.5621,19.3039],[79.5541,19.2902],[79.5636,19.2849],[79.5565,19.266],[79.5506,19.2638],[79.5603,19.2602],[79.5968,19.276],[79.6146,19.2774],[79.6231,19.2556],[79.6424,19.2584],[79.6426,19.2484],[79.6566,19.2382],[79.6531,19.223],[79.6692,19.2282],[79.6766,19.2125],[79.6722,19.1987],[79.7144,19.2057],[79.7298,19.1867],[79.7589,19.179],[79.7726,19.1905],[79.7867,19.1817],[79.7801,19.1682],[79.8052,19.147],[79.8181,19.1567],[79.836,19.1591],[79.8361,19.1696],[79.8507,19.1656],[79.8569,19.1735],[79.8726,19.174],[79.894,19.1617],[79.9226,19.165],[79.9309,19.1561],[79.9448,19.1683],[79.9414,19.1856],[79.9247,19.2119],[79.9128,19.2119],[79.9035,19.1998],[79.8873,19.2118],[79.8901,19.2218],[79.8651,19.2346],[79.8669,19.2509],[79.8312,19.2345],[79.8182,19.2353],[79.7922,19.2444],[79.7779,19.2394],[79.7708,19.2432],[79.7471,19.2736],[79.7189,19.2772],[79.6987,19.2771],[79.6802,19.2989],[79.664,19.3106]]]}},{"type":"Feature","properties":{"uid":"TSSD0106","mandal_name":"Damaracherla","district_name":"Nalgonda","centroid":[79.6084,16.7342],"area":212.91,"zonalstat":{"min":0.0645,"max":0.9387,"mean":0.7216,"count":879,"sum":634.2912,"median":0.7525}},"geometry":{"type":"Polygon","coordinates":[[[79.6678,16.8027],[79.6406,16.8043],[79.6342,16.7992],[79.6192,16.804],[79.6091,16.8011],[79.571,16.8129],[79.5572,16.8081],[79.5544,16.7956],[79.5625,16.787],[79.5693,16.762],[79.5578,16.7621],[79.5447,16.7565],[79.5238,16.7531],[79.5301,16.7389],[79.5243,16.7252],[79.5319,16.711],[79.5323,16.6961],[79.5385,16.6811],[79.5722,16.6718],[79.585,16.6599],[79.5916,16.6698],[79.6018,16.6733],[79.6189,16.6644],[79.6348,16.661],[79.6501,16.6708],[79.6625,16.687],[79.6847,16.6948],[79.702,16.7193],[79.6689,16.7315],[79.6738,16.7589],[79.6738,16.7801],[79.6678,16.8027]]]}},{"type":"Feature","properties":{"uid":"TSSD0107","mandal_name":"Damargidda","district_name":"Narayanpet","centroid":[77.5178,16.8591],"area":197.8,"zonalstat":{"min":0.5166,"max":0.8697,"mean":0.7345,"count":811,"sum":595.7047,"median":0.7413}},"geometry":{"type":"Polygon","coordinates":[[[77.4745,16.7921],[77.4939,16.787],[77.5154,16.7961],[77.5448,16.7939],[77.5548,16.7788],[77.5714,16.7649],[77.605,16.7826],[77.5998,16.795],[77.5875,16.8017],[77.5772,16.8014],[77.5731,16.8168],[77.5655,16.8235],[77.572,16.8366],[77.5847,16.838],[77.5922,16.8479],[77.5812,16.8568],[77.5735,16.8547],[77.5618,16.8869],[77.568,16.9076],[77.5581,16.903],[77.5482,16.9068],[77.5366,16.9299],[77.525,16.926],[77.5166,16.9364],[77.5189,16.9486],[77.4783,16.9539],[77.4725,16.9579],[77.4658,16.9593],[77.464,16.9303],[77.4563,16.9004],[77.4603,16.8852],[77.4638,16.8506],[77.4576,16.8284],[77.463,16.8232],[77.4656,16.8064],[77.4745,16.8025],[77.4745,16.7921]]]}},{"type":"Feature","properties":{"uid":"TSSD0108","mandal_name":"Damera","district_name":"Warangal_Rural","centroid":[79.6547,18.0798],"area":89.35,"zonalstat":{"min":0.5292,"max":0.8836,"mean":0.7628,"count":376,"sum":286.8121,"median":0.7704}},"geometry":{"type":"Polygon","coordinates":[[[79.6579,18.1342],[79.6374,18.139],[79.633,18.1344],[79.6279,18.1317],[79.6258,18.1318],[79.6251,18.1308],[79.6251,18.1307],[79.6058,18.12],[79.6007,18.1124],[79.6122,18.0951],[79.6134,18.0665],[79.6249,18.0629],[79.6251,18.0408],[79.6442,18.0365],[79.6506,18.0414],[79.6638,18.0366],[79.6709,18.0266],[79.6715,18.0231],[79.6786,18.0075],[79.6853,18.0057],[79.6862,18.0061],[79.6919,18.0146],[79.685,18.0353],[79.7005,18.0503],[79.7064,18.0768],[79.6912,18.0923],[79.682,18.0916],[79.6789,18.1134],[79.679,18.1141],[79.6575,18.1323],[79.6579,18.1342]]]}},{"type":"Feature","properties":{"uid":"TSSD0109","mandal_name":"Dammapeta","district_name":"Bhadradri Kothagudem","centroid":[80.9692,17.3319],"area":482.53,"zonalstat":{"min":0.3321,"max":0.9624,"mean":0.7735,"count":2036,"sum":1574.9058,"median":0.7863}},"geometry":{"type":"Polygon","coordinates":[[[81.012,17.4926],[80.9998,17.53],[80.9833,17.5413],[80.9685,17.5577],[80.9646,17.5682],[80.9566,17.5372],[80.9576,17.4179],[80.9492,17.4172],[80.915,17.4242],[80.9178,17.4154],[80.9137,17.3915],[80.9035,17.3859],[80.8859,17.3538],[80.8675,17.3542],[80.8722,17.3192],[80.8691,17.283],[80.8749,17.2666],[80.8684,17.2556],[80.8648,17.2352],[80.8844,17.2298],[80.8933,17.2222],[80.9193,17.2195],[80.9382,17.2197],[80.9605,17.2042],[80.9976,17.1905],[81.0117,17.1945],[81.0308,17.191],[81.0474,17.2052],[81.0582,17.2235],[81.0458,17.2467],[81.052,17.2654],[81.0342,17.2698],[81.0357,17.2853],[81.0537,17.2972],[81.0723,17.3209],[81.0838,17.322],[81.0874,17.3387],[81.0737,17.3495],[81.0595,17.3507],[81.0363,17.3585],[81.0249,17.3694],[81.0177,17.3829],[81.0003,17.4015],[81.0042,17.427],[81.014,17.4553],[81.0167,17.4741],[81.012,17.4926]]]}},{"type":"Feature","properties":{"uid":"TSSD0110","mandal_name":"Dandepalle","district_name":"Mancherial","centroid":[79.1554,19.0032],"area":212.73,"zonalstat":{"min":-0.0622,"max":0.8893,"mean":0.8016,"count":907,"sum":727.0718,"median":0.8242}},"geometry":{"type":"Polygon","coordinates":[[[79.2174,19.0506],[79.2073,19.0706],[79.1603,19.0913],[79.1504,19.0921],[79.1417,19.1032],[79.1227,19.0913],[79.1202,19.0821],[79.0979,19.0567],[79.108,19.0475],[79.1053,19.0348],[79.0931,19.029],[79.0873,19.0199],[79.0907,18.9955],[79.1034,18.9705],[79.1034,18.9562],[79.1089,18.9445],[79.1334,18.9195],[79.1601,18.895],[79.169,18.8846],[79.1784,18.9024],[79.188,18.8989],[79.1958,18.9085],[79.1942,18.9167],[79.1817,18.9275],[79.1666,18.9345],[79.1732,18.9471],[79.189,18.9577],[79.1979,18.9537],[79.217,18.9727],[79.2244,18.9866],[79.2243,18.9867],[79.217,18.9968],[79.2116,19.0277],[79.2189,19.04],[79.2174,19.0506]]]}},{"type":"Feature","properties":{"uid":"TSSD0111","mandal_name":"Danthalapalle","district_name":"Mahabubabad","centroid":[79.7266,17.483],"area":108.96,"zonalstat":{"min":0.5764,"max":0.911,"mean":0.7709,"count":457,"sum":352.315,"median":0.7755}},"geometry":{"type":"Polygon","coordinates":[[[79.7649,17.5448],[79.7428,17.5466],[79.7375,17.5419],[79.7345,17.5414],[79.7185,17.5246],[79.7174,17.5154],[79.7021,17.5137],[79.6878,17.5196],[79.6826,17.51],[79.6664,17.5087],[79.6556,17.4941],[79.657,17.471],[79.688,17.4555],[79.7002,17.4556],[79.7225,17.4307],[79.7437,17.4289],[79.7524,17.4394],[79.7615,17.4306],[79.7768,17.4416],[79.7846,17.4677],[79.7853,17.4938],[79.7496,17.5031],[79.7576,17.5243],[79.7689,17.5319],[79.7655,17.5447],[79.7649,17.5448]]]}},{"type":"Feature","properties":{"uid":"TSSD0112","mandal_name":"Dasturabad","district_name":"Nirmal","centroid":[78.8888,19.0826],"area":76.62,"zonalstat":{"min":0.0721,"max":0.8519,"mean":0.765,"count":322,"sum":246.345,"median":0.7894}},"geometry":{"type":"Polygon","coordinates":[[[78.882,19.1125],[78.8639,19.1214],[78.8496,19.1328],[78.8379,19.1215],[78.8313,19.1036],[78.8357,19.0925],[78.8265,19.0844],[78.8469,19.0711],[78.8779,19.0528],[78.9012,19.0346],[78.9199,19.0365],[78.9306,19.0562],[78.9508,19.0749],[78.9434,19.0849],[78.9346,19.1186],[78.9209,19.1062],[78.9094,19.1036],[78.9026,19.0945],[78.882,19.1125]]]}},{"type":"Feature","properties":{"uid":"TSSD0113","mandal_name":"Devarakonda","district_name":"Nalgonda","centroid":[78.8625,16.6926],"area":235.21,"zonalstat":{"min":-0.1163,"max":0.8854,"mean":0.657,"count":983,"sum":645.8486,"median":0.6916}},"geometry":{"type":"Polygon","coordinates":[[[78.9188,16.7586],[78.9056,16.7654],[78.8836,16.7599],[78.8739,16.7666],[78.8648,16.7638],[78.8504,16.7698],[78.8441,16.75],[78.8247,16.7532],[78.8047,16.7529],[78.8042,16.7419],[78.7924,16.7398],[78.7805,16.7467],[78.7634,16.7482],[78.7572,16.7409],[78.7566,16.7159],[78.7664,16.716],[78.7771,16.7081],[78.772,16.6953],[78.7711,16.6792],[78.7817,16.6777],[78.8112,16.6514],[78.832,16.6561],[78.8406,16.6425],[78.8386,16.6055],[78.858,16.5996],[78.8656,16.6021],[78.8644,16.6146],[78.8771,16.6277],[78.8816,16.6421],[78.8891,16.6464],[78.9028,16.6445],[78.9127,16.634],[78.9122,16.6247],[78.9316,16.6257],[78.9427,16.6216],[78.9609,16.6234],[78.9674,16.6497],[78.9546,16.6512],[78.9411,16.6675],[78.9358,16.6887],[78.9467,16.7003],[78.9309,16.7167],[78.9295,16.7233],[78.9105,16.7348],[78.9188,16.7586]]]}},{"type":"Feature","properties":{"uid":"TSSD0114","mandal_name":"Devarkadra","district_name":"Mahabubnagar","centroid":[77.8428,16.6093],"area":238.37,"zonalstat":{"min":-0.1678,"max":0.8655,"mean":0.687,"count":996,"sum":684.2158,"median":0.696}},"geometry":{"type":"Polygon","coordinates":[[[77.8407,16.7239],[77.8296,16.73],[77.8147,16.7308],[77.7953,16.7384],[77.7677,16.6979],[77.7647,16.6879],[77.7688,16.6646],[77.7742,16.654],[77.7962,16.6337],[77.7984,16.6167],[77.8095,16.584],[77.8069,16.5552],[77.8296,16.5562],[77.8305,16.5449],[77.8283,16.4984],[77.846,16.4901],[77.8512,16.4789],[77.871,16.455],[77.8935,16.4724],[77.8926,16.4875],[77.8984,16.5019],[77.8917,16.5147],[77.8947,16.5246],[77.8843,16.528],[77.8644,16.5426],[77.8596,16.5565],[77.8648,16.5653],[77.8882,16.5694],[77.8969,16.597],[77.9148,16.5943],[77.9168,16.6067],[77.9243,16.6171],[77.9251,16.6328],[77.9171,16.6487],[77.9,16.6442],[77.8669,16.6535],[77.8518,16.6685],[77.8478,16.6886],[77.8286,16.7069],[77.8407,16.7239]]]}},{"type":"Feature","properties":{"uid":"TSSD0115","mandal_name":"Devaruppula","district_name":"Jangoan","centroid":[79.3236,17.5932],"area":182.53,"zonalstat":{"min":0.3057,"max":0.8525,"mean":0.6852,"count":772,"sum":528.9562,"median":0.6881}},"geometry":{"type":"Polygon","coordinates":[[[79.4009,17.577],[79.3928,17.6009],[79.3769,17.6039],[79.3786,17.6181],[79.3736,17.6394],[79.3423,17.645],[79.3571,17.6721],[79.3469,17.6777],[79.3293,17.6734],[79.3175,17.6747],[79.3065,17.6552],[79.289,17.6663],[79.2808,17.6576],[79.2892,17.6445],[79.2847,17.6328],[79.2695,17.6168],[79.2675,17.6091],[79.2476,17.6015],[79.2191,17.605],[79.2128,17.5943],[79.2274,17.5794],[79.2315,17.5629],[79.2596,17.5603],[79.2754,17.5799],[79.2895,17.5692],[79.2944,17.5568],[79.3119,17.5514],[79.32,17.5399],[79.3226,17.5278],[79.3428,17.522],[79.3593,17.5215],[79.3787,17.5113],[79.386,17.5107],[79.3913,17.5325],[79.3836,17.5344],[79.3894,17.5665],[79.4009,17.577]]]}},{"type":"Feature","properties":{"uid":"TSSD0116","mandal_name":"Dhanwada","district_name":"Narayanpet","centroid":[77.6919,16.6711],"area":153.65,"zonalstat":{"min":0.1572,"max":0.88,"mean":0.7342,"count":644,"sum":472.8304,"median":0.7463}},"geometry":{"type":"Polygon","coordinates":[[[77.7677,16.6979],[77.7477,16.7109],[77.7557,16.7212],[77.7437,16.7448],[77.7275,16.7542],[77.7009,16.7505],[77.6855,16.7538],[77.6765,16.7392],[77.681,16.7223],[77.6655,16.6984],[77.6738,16.6955],[77.6527,16.6512],[77.619,16.6505],[77.6127,16.6441],[77.595,16.6438],[77.6158,16.6264],[77.6347,16.6285],[77.6308,16.614],[77.6179,16.6043],[77.6134,16.5959],[77.645,16.5856],[77.6575,16.5714],[77.6691,16.5926],[77.6821,16.61],[77.6901,16.6116],[77.6971,16.6301],[77.7077,16.6406],[77.6925,16.6467],[77.7329,16.6573],[77.7474,16.6593],[77.7515,16.6652],[77.7688,16.6646],[77.7647,16.6879],[77.7677,16.6979]]]}},{"type":"Feature","properties":{"uid":"TSSD0117","mandal_name":"Dharmapuri","district_name":"Jagtial","centroid":[79.0633,18.9631],"area":175.9,"zonalstat":{"min":0.0707,"max":0.9126,"mean":0.762,"count":745,"sum":567.6851,"median":0.8004}},"geometry":{"type":"Polygon","coordinates":[[[79.0873,19.0199],[79.0797,19.0353],[79.0678,19.0483],[79.0211,19.0742],[79.0093,19.0506],[79.0203,19.0464],[79.016,19.0321],[79.0196,19.0234],[79.0155,19.0041],[79.0182,18.9947],[79.0106,18.9636],[79.0122,18.9604],[79.0086,18.9516],[79.0108,18.9275],[78.9914,18.9163],[79.0062,18.8961],[79.0215,18.9019],[79.0313,18.8995],[79.046,18.9158],[79.0576,18.9192],[79.0678,18.9118],[79.0666,18.895],[79.0925,18.8945],[79.1292,18.8809],[79.145,18.8778],[79.1601,18.895],[79.1334,18.9195],[79.1089,18.9445],[79.1034,18.9562],[79.1034,18.9705],[79.0907,18.9955],[79.0873,19.0199]]]}},{"type":"Feature","properties":{"uid":"TSSD0118","mandal_name":"Dharmaram","district_name":"Peddapalli","centroid":[79.2184,18.7001],"area":201.92,"zonalstat":{"min":0.3213,"max":0.9165,"mean":0.8082,"count":857,"sum":692.5969,"median":0.8168}},"geometry":{"type":"Polygon","coordinates":[[[79.2535,18.7552],[79.2442,18.7499],[79.2313,18.7547],[79.2228,18.7454],[79.2102,18.7428],[79.2014,18.75],[79.182,18.7504],[79.1607,18.7558],[79.1461,18.7228],[79.1357,18.7248],[79.1263,18.7081],[79.1129,18.7041],[79.121,18.689],[79.1241,18.6656],[79.1398,18.6618],[79.1477,18.6485],[79.1572,18.6423],[79.1648,18.6493],[79.1804,18.6542],[79.1843,18.6161],[79.1969,18.6301],[79.2151,18.6417],[79.2086,18.6513],[79.215,18.6643],[79.2335,18.6471],[79.2523,18.6491],[79.2554,18.6583],[79.256,18.6834],[79.2701,18.6845],[79.2878,18.6719],[79.3097,18.6719],[79.3142,18.7005],[79.3204,18.6968],[79.3388,18.7009],[79.3288,18.7061],[79.3229,18.7239],[79.3201,18.7478],[79.2818,18.7425],[79.2634,18.7474],[79.2535,18.7552]]]}},{"type":"Feature","properties":{"uid":"TSSD0119","mandal_name":"Dharmasagar","district_name":"Warangal_Urban","centroid":[79.416,17.9717],"area":166.63,"zonalstat":{"min":0.1398,"max":0.9013,"mean":0.7518,"count":708,"sum":532.2626,"median":0.7621}},"geometry":{"type":"MultiPolygon","coordinates":[[[[79.4873,17.8882],[79.4936,17.8987],[79.4865,17.9183],[79.4721,17.9173],[79.4582,17.9085],[79.4487,17.9091],[79.4494,17.8787],[79.4629,17.8729],[79.4783,17.8923],[79.4873,17.8882]]],[[[79.4934,18.0055],[79.4956,18.0201],[79.4761,18.0429],[79.4602,18.0275],[79.4317,18.0389],[79.4433,18.0483],[79.4418,18.0647],[79.4345,18.0632],[79.4126,18.0451],[79.3766,18.0318],[79.3772,18.0242],[79.3593,18.0044],[79.3514,18.0021],[79.3439,17.9869],[79.3585,17.9754],[79.3761,17.9738],[79.3595,17.9428],[79.3455,17.9308],[79.3612,17.9159],[79.3898,17.9007],[79.4195,17.8956],[79.4371,17.9142],[79.4321,17.9436],[79.4553,17.9806],[79.4617,18.0099],[79.4934,18.0055]]]]}},{"type":"Feature","properties":{"uid":"TSSD0120","mandal_name":"Dharoor","district_name":"Jogulamba Gadwal","centroid":[77.6677,16.2773],"area":233.51,"zonalstat":{"min":-0.3,"max":0.8757,"mean":0.5945,"count":976,"sum":580.2583,"median":0.6812}},"geometry":{"type":"Polygon","coordinates":[[[77.7368,16.3268],[77.7335,16.3307],[77.6883,16.3415],[77.6762,16.3609],[77.6656,16.363],[77.6512,16.3561],[77.6396,16.3596],[77.6233,16.3563],[77.6004,16.3432],[77.5903,16.3394],[77.5904,16.3257],[77.5956,16.3161],[77.5922,16.3021],[77.5973,16.2936],[77.6186,16.2723],[77.6196,16.2596],[77.6131,16.2559],[77.6081,16.2408],[77.6109,16.2136],[77.6397,16.2086],[77.6423,16.1743],[77.6659,16.1651],[77.6712,16.1885],[77.6822,16.2046],[77.6927,16.2007],[77.6985,16.2073],[77.7212,16.2125],[77.7286,16.2246],[77.7261,16.2434],[77.7333,16.2597],[77.7337,16.2746],[77.7477,16.2817],[77.7429,16.2895],[77.754,16.3187],[77.7368,16.3268]]]}},{"type":"Feature","properties":{"uid":"TSSD0121","mandal_name":"Dharoor","district_name":"Vikarabad","centroid":[77.7834,17.3042],"area":204.41,"zonalstat":{"min":0.0294,"max":0.8563,"mean":0.7093,"count":864,"sum":612.8613,"median":0.7255}},"geometry":{"type":"Polygon","coordinates":[[[77.793,17.3776],[77.7659,17.3765],[77.7478,17.3654],[77.7249,17.3688],[77.71,17.379],[77.7057,17.3609],[77.6985,17.3599],[77.7059,17.3468],[77.7093,17.3256],[77.7257,17.3208],[77.7133,17.3072],[77.7194,17.2951],[77.7199,17.2828],[77.7445,17.2856],[77.7344,17.2675],[77.7514,17.2589],[77.7437,17.2298],[77.7584,17.2229],[77.7722,17.2368],[77.79,17.2339],[77.7876,17.2221],[77.811,17.2107],[77.8264,17.2149],[77.8423,17.2282],[77.8324,17.2338],[77.831,17.253],[77.8444,17.2765],[77.8372,17.2864],[77.8388,17.2948],[77.8558,17.2987],[77.848,17.3232],[77.8568,17.3289],[77.8555,17.3501],[77.83,17.3547],[77.803,17.3763],[77.793,17.3776]]]}},{"type":"Feature","properties":{"uid":"TSSD0122","mandal_name":"Dharpally","district_name":"Nizamabad","centroid":[78.3595,18.5787],"area":181.87,"zonalstat":{"min":0.0969,"max":0.8343,"mean":0.7238,"count":775,"sum":560.9105,"median":0.742}},"geometry":{"type":"Polygon","coordinates":[[[78.3625,18.672],[78.3583,18.6661],[78.3358,18.6759],[78.3284,18.667],[78.331,18.6482],[78.3144,18.6438],[78.2992,18.627],[78.2917,18.6106],[78.2761,18.6123],[78.2714,18.6022],[78.2788,18.5876],[78.2804,18.595],[78.2954,18.5952],[78.3203,18.5863],[78.3344,18.5781],[78.3358,18.5512],[78.3291,18.527],[78.3404,18.5079],[78.351,18.5061],[78.3538,18.4952],[78.3477,18.4614],[78.364,18.4551],[78.3813,18.4584],[78.3964,18.4703],[78.3991,18.4835],[78.3967,18.4887],[78.4027,18.5197],[78.402,18.5383],[78.3948,18.5465],[78.3974,18.5658],[78.4038,18.5725],[78.3916,18.5803],[78.3876,18.5971],[78.3968,18.6023],[78.4124,18.6275],[78.4112,18.6419],[78.4047,18.6433],[78.4022,18.6609],[78.3889,18.6698],[78.3625,18.672]]]}},{"type":"Feature","properties":{"uid":"TSSD0123","mandal_name":"Dichpally","district_name":"Nizamabad","centroid":[78.2258,18.6206],"area":165.76,"zonalstat":{"min":0.111,"max":0.8982,"mean":0.7216,"count":703,"sum":507.292,"median":0.7361}},"geometry":{"type":"Polygon","coordinates":[[[78.3284,18.667],[78.3087,18.674],[78.296,18.6719],[78.2827,18.6507],[78.2684,18.6507],[78.2436,18.6577],[78.2365,18.6654],[78.2021,18.6691],[78.177,18.6648],[78.1623,18.6726],[78.1596,18.6635],[78.1431,18.6691],[78.1382,18.6507],[78.1371,18.6437],[78.1449,18.6278],[78.1424,18.6212],[78.1574,18.615],[78.156,18.608],[78.167,18.5998],[78.1678,18.5695],[78.1816,18.5624],[78.1933,18.5607],[78.1996,18.5682],[78.222,18.5763],[78.2415,18.5696],[78.2623,18.5523],[78.2789,18.557],[78.2824,18.5736],[78.2903,18.58],[78.2788,18.5876],[78.2714,18.6022],[78.2761,18.6123],[78.2917,18.6106],[78.2992,18.627],[78.3144,18.6438],[78.331,18.6482],[78.3284,18.667]]]}},{"type":"Feature","properties":{"uid":"TSSD0124","mandal_name":"Dilawarpur","district_name":"Nirmal","centroid":[78.2505,19.0641],"area":155.33,"zonalstat":{"min":-0.3,"max":0.8746,"mean":0.4517,"count":665,"sum":300.3809,"median":0.6815}},"geometry":{"type":"Polygon","coordinates":[[[78.2951,19.1237],[78.2959,19.1336],[78.2782,19.1518],[78.2697,19.1337],[78.2543,19.1197],[78.2346,19.1267],[78.235,19.1368],[78.2184,19.1405],[78.2045,19.1288],[78.1994,19.096],[78.2026,19.0821],[78.1942,19.0775],[78.1816,19.0347],[78.1859,19.0251],[78.2005,19.0174],[78.2136,19.0211],[78.2388,19.0158],[78.2492,19.0143],[78.2741,18.9954],[78.2775,18.9792],[78.303,18.9832],[78.319,19.0008],[78.3018,19.0193],[78.3097,19.0307],[78.3055,19.0406],[78.2929,19.0449],[78.2904,19.0695],[78.2962,19.0766],[78.2865,19.0886],[78.2862,19.1023],[78.2989,19.1086],[78.2951,19.1237]]]}},{"type":"Feature","properties":{"uid":"TSSD0125","mandal_name":"Doma","district_name":"Vikarabad","centroid":[77.8264,17.0844],"area":169.11,"zonalstat":{"min":0.2306,"max":0.8477,"mean":0.7222,"count":709,"sum":512.014,"median":0.7325}},"geometry":{"type":"Polygon","coordinates":[[[77.7823,17.151],[77.7689,17.1349],[77.7747,17.1237],[77.7726,17.1125],[77.7652,17.1086],[77.7596,17.0944],[77.7614,17.0849],[77.7535,17.0616],[77.7721,17.0595],[77.7839,17.0445],[77.7752,17.0202],[77.7645,17.0213],[77.7609,17.0131],[77.7636,16.9991],[77.7964,16.9937],[77.7976,17.0072],[77.8146,17.0213],[77.8177,17.0405],[77.8314,17.0497],[77.8599,17.0427],[77.8704,17.045],[77.8762,17.0558],[77.887,17.0607],[77.8978,17.0775],[77.907,17.0819],[77.918,17.1068],[77.9133,17.1168],[77.9015,17.1203],[77.8995,17.1307],[77.8814,17.1272],[77.8659,17.1363],[77.8369,17.1466],[77.8304,17.1349],[77.8168,17.1355],[77.7971,17.1463],[77.7823,17.151]]]}},{"type":"Feature","properties":{"uid":"TSSD0126","mandal_name":"Dornakal","district_name":"Mahabubabad","centroid":[80.0909,17.4144],"area":157.58,"zonalstat":{"min":0.4433,"max":0.9028,"mean":0.7146,"count":673,"sum":480.8974,"median":0.7156}},"geometry":{"type":"Polygon","coordinates":[[[80.1713,17.4435],[80.1672,17.4554],[80.1307,17.4452],[80.1281,17.4507],[80.1301,17.4784],[80.1254,17.4832],[80.095,17.498],[80.0849,17.4902],[80.0872,17.4589],[80.0566,17.458],[80.0518,17.4412],[80.0318,17.4368],[80.0321,17.4267],[80.0396,17.4096],[80.0351,17.4],[80.0096,17.3905],[80.0092,17.3699],[80.0224,17.3566],[80.0474,17.3522],[80.0577,17.3458],[80.0829,17.3649],[80.1039,17.3574],[80.1109,17.3588],[80.1216,17.3836],[80.1436,17.3942],[80.1587,17.3785],[80.1609,17.3887],[80.1595,17.4041],[80.167,17.4075],[80.1619,17.4214],[80.1713,17.4435]]]}},{"type":"Feature","properties":{"uid":"TSSD0127","mandal_name":"Doulthabad","district_name":"Vikarabad","centroid":[77.5618,16.9884],"area":206.9,"zonalstat":{"min":0.1127,"max":0.8757,"mean":0.7126,"count":859,"sum":612.1097,"median":0.721}},"geometry":{"type":"Polygon","coordinates":[[[77.4957,17.0435],[77.4948,17.0276],[77.5023,17.0101],[77.4862,17.0037],[77.4793,16.9969],[77.4815,16.9715],[77.4725,16.9579],[77.4783,16.9539],[77.5189,16.9486],[77.5166,16.9364],[77.525,16.926],[77.5366,16.9299],[77.5482,16.9068],[77.5581,16.903],[77.568,16.9076],[77.5801,16.9053],[77.5963,16.916],[77.5957,16.9283],[77.6026,16.9365],[77.6041,16.9495],[77.6215,16.953],[77.6267,16.9661],[77.6237,16.9848],[77.6449,16.9908],[77.654,17.0055],[77.6361,17.0136],[77.6488,17.0209],[77.6462,17.0311],[77.6322,17.038],[77.6127,17.0401],[77.5938,17.0356],[77.5888,17.0414],[77.5903,17.0543],[77.5781,17.0658],[77.5664,17.0701],[77.5522,17.0567],[77.534,17.0605],[77.5285,17.0311],[77.5103,17.0426],[77.4957,17.0435]]]}},{"type":"Feature","properties":{"uid":"TSSD0128","mandal_name":"Dubbak","district_name":"Siddipet","centroid":[78.6503,18.177],"area":239.89,"zonalstat":{"min":0.0747,"max":0.9042,"mean":0.8,"count":1020,"sum":816.0364,"median":0.8148}},"geometry":{"type":"Polygon","coordinates":[[[78.7247,18.2153],[78.7266,18.2285],[78.7161,18.2345],[78.6975,18.2303],[78.6759,18.238],[78.6383,18.2557],[78.6297,18.2478],[78.588,18.2483],[78.5773,18.2234],[78.5675,18.2243],[78.5602,18.2059],[78.5693,18.1956],[78.5688,18.183],[78.5804,18.1711],[78.5799,18.1633],[78.5673,18.1618],[78.5531,18.1444],[78.5529,18.1325],[78.5468,18.1126],[78.5756,18.1105],[78.5871,18.1246],[78.5884,18.1429],[78.5953,18.1488],[78.6083,18.1335],[78.612,18.1179],[78.6331,18.1252],[78.6367,18.131],[78.6521,18.1209],[78.676,18.116],[78.689,18.1298],[78.7125,18.1248],[78.7049,18.1091],[78.7307,18.0973],[78.7403,18.1038],[78.7397,18.107],[78.7428,18.134],[78.7556,18.1423],[78.757,18.1578],[78.7391,18.1683],[78.7174,18.1772],[78.7206,18.2072],[78.7247,18.2153]]]}},{"type":"Feature","properties":{"uid":"TSSD0129","mandal_name":"Duggondi","district_name":"Warangal_Rural","centroid":[79.806,18.0],"area":117.69,"zonalstat":{"min":0.4172,"max":0.8654,"mean":0.7302,"count":498,"sum":363.6334,"median":0.7363}},"geometry":{"type":"Polygon","coordinates":[[[79.8107,18.0788],[79.7938,18.0793],[79.7918,18.0446],[79.7649,18.0524],[79.7585,18.0379],[79.7493,18.0337],[79.745,18.0203],[79.7522,18.0219],[79.7721,17.9886],[79.7706,17.9727],[79.7807,17.9677],[79.7876,17.9408],[79.7723,17.9336],[79.7758,17.9214],[79.7884,17.9121],[79.8026,17.9115],[79.802,17.928],[79.8095,17.9332],[79.8051,17.9503],[79.8129,17.9523],[79.8277,17.9469],[79.8373,17.9557],[79.8693,17.9639],[79.8549,17.9706],[79.8464,17.9825],[79.8552,17.9985],[79.8536,18.0087],[79.8595,18.0205],[79.848,18.0326],[79.8339,18.0384],[79.8303,18.0569],[79.8134,18.0634],[79.8107,18.0788]]]}},{"type":"Feature","properties":{"uid":"TSSD0130","mandal_name":"Dummugudem","district_name":"Bhadradri Kothagudem","centroid":[80.9579,17.8319],"area":322.15,"zonalstat":{"min":-0.3,"max":0.9374,"mean":0.6905,"count":1229,"sum":848.6425,"median":0.7653}},"geometry":{"type":"Polygon","coordinates":[[[80.8915,17.7413],[80.9165,17.7496],[80.928,17.7613],[80.9458,17.76],[80.955,17.7742],[80.9764,17.7768],[80.9849,17.7549],[81.0158,17.7444],[81.0252,17.7495],[81.0356,17.7449],[81.0398,17.7273],[81.0193,17.7205],[81.056,17.7161],[81.0588,17.705],[81.073,17.6968],[81.0787,17.7091],[81.0663,17.7158],[81.0669,17.7332],[81.0815,17.7228],[81.0857,17.735],[81.0748,17.7604],[81.0845,17.7605],[81.082,17.7742],[81.0938,17.7763],[81.0817,17.7946],[81.0735,17.786],[81.0442,17.7817],[81.0172,17.7912],[81.0084,17.7973],[81.0028,17.8298],[80.9962,17.848],[80.994,17.8792],[80.999,17.902],[80.9984,17.916],[80.9857,17.9529],[80.9331,17.9504],[80.898,17.9427],[80.8854,17.9332],[80.8883,17.9235],[80.8875,17.8879],[80.8771,17.8492],[80.8815,17.831],[80.878,17.8091],[80.862,17.7866],[80.8794,17.7555],[80.8915,17.7413]]]}},{"type":"Feature","properties":{"uid":"TSSD0131","mandal_name":"Dundigal Gandimaisamma","district_name":"Medchal_Malkajgiri","centroid":[78.4241,17.5766],"area":81.34,"zonalstat":{"min":0.3001,"max":0.8891,"mean":0.5727,"count":342,"sum":195.8777,"median":0.5597}},"geometry":{"type":"Polygon","coordinates":[[[78.4941,17.5602],[78.4669,17.551],[78.4435,17.5613],[78.4415,17.5894],[78.4481,17.6053],[78.4384,17.6161],[78.4274,17.6176],[78.4276,17.6323],[78.4143,17.6328],[78.4095,17.6389],[78.3878,17.6353],[78.3912,17.6196],[78.3724,17.6142],[78.3875,17.6065],[78.3802,17.581],[78.36,17.5674],[78.3628,17.5519],[78.3771,17.5537],[78.3948,17.5419],[78.4135,17.5492],[78.4187,17.5614],[78.432,17.5522],[78.4413,17.5508],[78.4477,17.5335],[78.4689,17.5272],[78.4846,17.5256],[78.5004,17.5281],[78.5071,17.5394],[78.5053,17.5489],[78.4947,17.5612],[78.4941,17.5602]]]}},{"type":"Feature","properties":{"uid":"TSSD0132","mandal_name":"Eligaid","district_name":"Peddapalli","centroid":[79.2711,18.561],"area":76.87,"zonalstat":{"min":0.5794,"max":0.873,"mean":0.8156,"count":328,"sum":267.529,"median":0.8269}},"geometry":{"type":"Polygon","coordinates":[[[79.3127,18.6113],[79.2951,18.6007],[79.2779,18.6101],[79.2697,18.6049],[79.2571,18.6107],[79.2513,18.6028],[79.2481,18.5785],[79.2307,18.5676],[79.2257,18.5456],[79.2162,18.5351],[79.2208,18.5268],[79.2419,18.5193],[79.2495,18.507],[79.2628,18.5152],[79.2746,18.5079],[79.2944,18.5463],[79.3168,18.5456],[79.3247,18.5549],[79.3129,18.5709],[79.3017,18.5753],[79.3122,18.5925],[79.3237,18.5969],[79.3241,18.6063],[79.3127,18.6113]]]}},{"type":"Feature","properties":{"uid":"TSSD0133","mandal_name":"Elkathurthi","district_name":"Warangal_Urban","centroid":[79.4494,18.1131],"area":130.61,"zonalstat":{"min":0.5767,"max":0.8743,"mean":0.7736,"count":552,"sum":427.0015,"median":0.7817}},"geometry":{"type":"Polygon","coordinates":[[[79.4567,18.159],[79.4444,18.1555],[79.4235,18.1562],[79.4173,18.1676],[79.3984,18.1654],[79.3888,18.1491],[79.3743,18.1212],[79.3886,18.1168],[79.3923,18.099],[79.4103,18.0959],[79.4017,18.0827],[79.39,18.0498],[79.3748,18.0437],[79.3766,18.0318],[79.4126,18.0451],[79.4345,18.0632],[79.4418,18.0647],[79.4541,18.0766],[79.4619,18.1025],[79.474,18.1101],[79.4856,18.0987],[79.5024,18.0957],[79.5094,18.1043],[79.5237,18.0986],[79.5504,18.0994],[79.5578,18.1077],[79.5612,18.1204],[79.5439,18.1354],[79.5281,18.1282],[79.5036,18.132],[79.4964,18.1509],[79.4693,18.1586],[79.4567,18.159]]]}},{"type":"Feature","properties":{"uid":"TSSD0134","mandal_name":"Ellandakunta","district_name":"Karimnagar","centroid":[79.5358,18.3039],"area":97.13,"zonalstat":{"min":0.6619,"max":0.8719,"mean":0.8004,"count":412,"sum":329.7479,"median":0.8059}},"geometry":{"type":"Polygon","coordinates":[[[79.5744,18.372],[79.5483,18.3738],[79.5351,18.3779],[79.5266,18.3718],[79.5244,18.349],[79.5003,18.312],[79.5033,18.3036],[79.4894,18.2771],[79.5024,18.2671],[79.4989,18.2582],[79.4959,18.2284],[79.5049,18.2267],[79.5149,18.2387],[79.5372,18.2335],[79.5477,18.2477],[79.5538,18.2663],[79.5627,18.2625],[79.5665,18.2838],[79.5592,18.2988],[79.5666,18.3105],[79.5747,18.3093],[79.5749,18.3327],[79.5803,18.3527],[79.5761,18.3589],[79.5744,18.372]]]}},{"type":"Feature","properties":{"uid":"TSSD0135","mandal_name":"Enkoor","district_name":"Khammam","centroid":[80.4126,17.3535],"area":189.89,"zonalstat":{"min":0.4217,"max":0.9079,"mean":0.7732,"count":801,"sum":619.3014,"median":0.7689}},"geometry":{"type":"Polygon","coordinates":[[[80.395,17.4374],[80.3766,17.4298],[80.3587,17.4263],[80.3557,17.4414],[80.3399,17.4113],[80.3233,17.3651],[80.3428,17.3567],[80.3473,17.3586],[80.3616,17.3446],[80.3741,17.3189],[80.3743,17.3107],[80.3892,17.2995],[80.3881,17.2839],[80.3803,17.2701],[80.3829,17.2595],[80.3982,17.2594],[80.4071,17.2734],[80.4055,17.2857],[80.4217,17.2888],[80.4424,17.3052],[80.4653,17.2961],[80.4764,17.3004],[80.4814,17.3009],[80.5083,17.3173],[80.5013,17.3364],[80.5009,17.349],[80.5061,17.3728],[80.5014,17.3774],[80.475,17.3722],[80.4411,17.3706],[80.4201,17.3857],[80.421,17.4073],[80.395,17.4374]]]}},{"type":"Feature","properties":{"uid":"TSSD0136","mandal_name":"Eturnagaram","district_name":"Mulugu","centroid":[80.386,18.3427],"area":343.37,"zonalstat":{"min":-0.1127,"max":0.9527,"mean":0.6181,"count":1453,"sum":898.0765,"median":0.698}},"geometry":{"type":"Polygon","coordinates":[[[80.4654,18.3399],[80.4548,18.3616],[80.4612,18.3854],[80.4651,18.4131],[80.462,18.4438],[80.4575,18.4512],[80.4285,18.4626],[80.4314,18.447],[80.4224,18.4256],[80.409,18.4184],[80.376,18.4231],[80.3668,18.4333],[80.3475,18.4338],[80.3245,18.4061],[80.3052,18.4084],[80.2844,18.3901],[80.2936,18.3733],[80.3019,18.3677],[80.2726,18.3558],[80.2694,18.3502],[80.2778,18.3246],[80.2937,18.3103],[80.3137,18.316],[80.3276,18.2975],[80.3479,18.2466],[80.3865,18.2422],[80.4145,18.2337],[80.429,18.2391],[80.4299,18.2501],[80.4394,18.2511],[80.4537,18.2767],[80.4694,18.2865],[80.4904,18.3047],[80.4825,18.3131],[80.4654,18.3399]]]}},{"type":"Feature","properties":{"uid":"TSSD0137","mandal_name":"Farooqnagar","district_name":"Rangareddy","centroid":[78.1876,17.0367],"area":278.36,"zonalstat":{"min":0.1273,"max":0.8862,"mean":0.6631,"count":1166,"sum":773.1306,"median":0.6858}},"geometry":{"type":"Polygon","coordinates":[[[78.1837,17.1144],[78.1755,17.1152],[78.1759,17.0883],[78.1587,17.0918],[78.1371,17.1009],[78.1165,17.1035],[78.0977,17.0842],[78.0965,17.0677],[78.0898,17.0517],[78.0743,17.0539],[78.0682,17.0282],[78.0808,17.0254],[78.0695,17.0033],[78.0853,16.9962],[78.0911,16.9839],[78.1005,16.9795],[78.1183,16.9846],[78.1198,16.9961],[78.1362,16.9908],[78.1385,17.0104],[78.1604,17.0115],[78.174,17.0056],[78.1853,16.9905],[78.1813,16.9736],[78.22,16.9398],[78.2341,16.9408],[78.2408,16.9641],[78.2692,16.9638],[78.2717,16.9949],[78.2485,16.9985],[78.2478,17.0119],[78.2552,17.0267],[78.2631,17.0206],[78.283,17.022],[78.2937,17.0285],[78.3039,17.0447],[78.3158,17.0514],[78.3108,17.0579],[78.2833,17.0672],[78.2816,17.0745],[78.262,17.0823],[78.2476,17.0827],[78.2474,17.0933],[78.2331,17.1079],[78.2215,17.1009],[78.2172,17.1092],[78.1837,17.1144]]]}},{"type":"Feature","properties":{"uid":"TSSD0138","mandal_name":"Gadiguda","district_name":"Adilabad","centroid":[78.8714,19.6051],"area":227.73,"zonalstat":{"min":0.6311,"max":0.8448,"mean":0.7854,"count":972,"sum":763.3742,"median":0.7893}},"geometry":{"type":"Polygon","coordinates":[[[78.852,19.6628],[78.8347,19.6607],[78.8311,19.6506],[78.8026,19.6566],[78.7865,19.6698],[78.7713,19.6721],[78.7753,19.6498],[78.785,19.6261],[78.7967,19.611],[78.7875,19.6041],[78.7793,19.6068],[78.774,19.5962],[78.7839,19.5923],[78.7839,19.5754],[78.807,19.5662],[78.8065,19.5577],[78.8294,19.5436],[78.8422,19.5466],[78.8491,19.5397],[78.8666,19.5387],[78.8746,19.5307],[78.8854,19.5288],[78.902,19.5331],[78.9074,19.5429],[78.9074,19.5572],[78.9203,19.5496],[78.9229,19.5733],[78.9379,19.5622],[78.9452,19.562],[78.966,19.5743],[78.9718,19.5904],[78.9556,19.6004],[78.9558,19.6209],[78.9617,19.6376],[78.9554,19.6566],[78.9432,19.6622],[78.9205,19.6623],[78.9129,19.6694],[78.8961,19.665],[78.8872,19.6555],[78.852,19.6628]]]}},{"type":"Feature","properties":{"uid":"TSSD0139","mandal_name":"Gadwal","district_name":"Jogulamba Gadwal","centroid":[77.8118,16.2104],"area":264.89,"zonalstat":{"min":-0.1617,"max":0.8899,"mean":0.6624,"count":1110,"sum":735.301,"median":0.6777}},"geometry":{"type":"Polygon","coordinates":[[[77.925,16.203],[77.8943,16.223],[77.8298,16.2697],[77.819,16.2811],[77.7985,16.2916],[77.7768,16.3073],[77.754,16.3187],[77.7429,16.2895],[77.7477,16.2817],[77.7337,16.2746],[77.7333,16.2597],[77.7261,16.2434],[77.7286,16.2246],[77.7212,16.2125],[77.7372,16.1974],[77.7287,16.1801],[77.7326,16.1692],[77.7509,16.1651],[77.7585,16.1795],[77.7904,16.1738],[77.7887,16.1269],[77.7903,16.1115],[77.7874,16.0915],[77.8113,16.0853],[77.8151,16.1032],[77.8046,16.1048],[77.819,16.1357],[77.8348,16.1385],[77.8422,16.1454],[77.8632,16.1432],[77.8953,16.1627],[77.9135,16.1844],[77.9311,16.1756],[77.9328,16.1918],[77.925,16.203]]]}},{"type":"Feature","properties":{"uid":"TSSD0140","mandal_name":"Gajwel","district_name":"Siddipet","centroid":[78.6926,17.8704],"area":212.47,"zonalstat":{"min":0.0861,"max":0.8698,"mean":0.6807,"count":896,"sum":609.915,"median":0.6956}},"geometry":{"type":"Polygon","coordinates":[[[78.7335,17.9357],[78.729,17.9463],[78.7128,17.9642],[78.7099,17.9753],[78.6889,17.9745],[78.6849,17.958],[78.6704,17.949],[78.6614,17.9341],[78.6563,17.9135],[78.6475,17.8948],[78.6605,17.8852],[78.6357,17.8787],[78.6326,17.8648],[78.6105,17.8609],[78.6031,17.8682],[78.5933,17.8594],[78.583,17.8324],[78.5914,17.833],[78.6095,17.8257],[78.6182,17.8323],[78.6289,17.8236],[78.64,17.8214],[78.6498,17.8102],[78.6642,17.8009],[78.6839,17.7967],[78.6973,17.799],[78.7114,17.7943],[78.7204,17.8048],[78.7368,17.8031],[78.7513,17.8102],[78.7543,17.8243],[78.7625,17.8345],[78.7525,17.853],[78.769,17.8536],[78.7788,17.8585],[78.7858,17.8724],[78.7736,17.8828],[78.7513,17.8866],[78.7366,17.9122],[78.7335,17.9357]]]}},{"type":"Feature","properties":{"uid":"TSSD0141","mandal_name":"Gambhiraopet","district_name":"Rajanna Sircilla","centroid":[78.5811,18.3176],"area":156.05,"zonalstat":{"min":-0.0191,"max":0.8931,"mean":0.7587,"count":658,"sum":499.2378,"median":0.7835}},"geometry":{"type":"Polygon","coordinates":[[[78.6466,18.3198],[78.6393,18.3285],[78.6303,18.3234],[78.6087,18.3498],[78.6021,18.3638],[78.6097,18.377],[78.6009,18.3914],[78.5668,18.411],[78.5519,18.4266],[78.5419,18.4207],[78.5466,18.4063],[78.5626,18.3937],[78.5598,18.3867],[78.536,18.3913],[78.5303,18.3796],[78.5303,18.3679],[78.546,18.3539],[78.551,18.3326],[78.5418,18.3271],[78.5375,18.3081],[78.5401,18.3011],[78.528,18.2928],[78.5208,18.2818],[78.5258,18.2756],[78.5428,18.2734],[78.5567,18.2639],[78.553,18.2531],[78.5675,18.2243],[78.5773,18.2234],[78.588,18.2483],[78.6297,18.2478],[78.6383,18.2557],[78.6363,18.2687],[78.6283,18.2772],[78.638,18.3136],[78.6466,18.3198]]]}},{"type":"Feature","properties":{"uid":"TSSD0142","mandal_name":"Gandeed","district_name":"Mahabubnagar","centroid":[77.8334,16.9172],"area":228.82,"zonalstat":{"min":-0.0316,"max":0.8783,"mean":0.7314,"count":955,"sum":698.5345,"median":0.746}},"geometry":{"type":"Polygon","coordinates":[[[77.7964,16.9937],[77.7636,16.9991],[77.7567,16.9864],[77.7607,16.9785],[77.7436,16.9493],[77.7378,16.8814],[77.7581,16.8726],[77.7712,16.88],[77.7875,16.8762],[77.7982,16.8794],[77.8118,16.8932],[77.8219,16.8844],[77.8187,16.8661],[77.8418,16.8572],[77.8693,16.852],[77.8908,16.8598],[77.9143,16.8601],[77.9127,16.8514],[77.9248,16.8452],[77.935,16.8586],[77.9539,16.8686],[77.94,16.8953],[77.9388,16.9027],[77.921,16.9161],[77.9114,16.925],[77.896,16.9245],[77.886,16.9289],[77.897,16.9594],[77.8905,16.9722],[77.8821,16.9727],[77.8726,16.9488],[77.8632,16.9489],[77.8469,16.9608],[77.8288,16.968],[77.8347,16.9804],[77.8167,16.9921],[77.7964,16.9937]]]}},{"type":"Feature","properties":{"uid":"TSSD0143","mandal_name":"Gandhari","district_name":"Kamareddy","centroid":[78.0728,18.3975],"area":333.76,"zonalstat":{"min":0.3206,"max":0.8707,"mean":0.7108,"count":1419,"sum":1008.6797,"median":0.7132}},"geometry":{"type":"Polygon","coordinates":[[[78.1387,18.4801],[78.1166,18.4929],[78.1013,18.4982],[78.0644,18.504],[78.0409,18.4911],[78.0346,18.4789],[78.0358,18.4648],[78.0241,18.4344],[78.0304,18.4135],[78.0164,18.4138],[77.995,18.4046],[77.9682,18.388],[77.9538,18.3889],[77.9523,18.3748],[77.9349,18.3772],[77.9213,18.3719],[77.9204,18.3523],[77.9301,18.3455],[77.9701,18.3385],[77.9791,18.3431],[77.9891,18.3183],[78.0255,18.3213],[78.0371,18.3379],[78.0348,18.3495],[78.0527,18.3556],[78.0719,18.32],[78.0927,18.3181],[78.0991,18.3225],[78.1146,18.3132],[78.1404,18.3233],[78.1675,18.3292],[78.1836,18.3361],[78.1825,18.3415],[78.1555,18.35],[78.1521,18.3577],[78.1568,18.3746],[78.1669,18.3803],[78.1747,18.4003],[78.1768,18.4313],[78.1686,18.449],[78.1386,18.4546],[78.1387,18.4801]]]}},{"type":"Feature","properties":{"uid":"TSSD0144","mandal_name":"Gandipet","district_name":"Rangareddy","centroid":[78.3394,17.3839],"area":104.67,"zonalstat":{"min":-0.3,"max":0.78,"mean":0.3882,"count":439,"sum":170.4373,"median":0.4083}},"geometry":{"type":"Polygon","coordinates":[[[78.4002,17.4109],[78.3871,17.4148],[78.3624,17.4165],[78.3518,17.4092],[78.3296,17.4217],[78.3186,17.4315],[78.2947,17.4339],[78.2801,17.4284],[78.2717,17.4321],[78.2707,17.4316],[78.2727,17.4172],[78.288,17.4098],[78.2888,17.3918],[78.2684,17.3914],[78.2498,17.4],[78.2326,17.3948],[78.2281,17.3998],[78.2334,17.3928],[78.2474,17.3965],[78.2685,17.3758],[78.2874,17.371],[78.2877,17.3623],[78.305,17.3609],[78.3271,17.3716],[78.3362,17.3601],[78.3431,17.3397],[78.3558,17.3417],[78.3625,17.3338],[78.3752,17.3286],[78.398,17.3312],[78.4014,17.3504],[78.4201,17.3695],[78.4114,17.3725],[78.3897,17.3705],[78.3838,17.3847],[78.3947,17.39],[78.3884,17.393],[78.4002,17.4109]]]}},{"type":"Feature","properties":{"uid":"TSSD0145","mandal_name":"Gangadhara","district_name":"Karimnagar","centroid":[79.0048,18.5694],"area":160.18,"zonalstat":{"min":0.4229,"max":0.8731,"mean":0.7699,"count":678,"sum":521.9762,"median":0.7811}},"geometry":{"type":"MultiPolygon","coordinates":[[[[78.9893,18.4172],[79.0096,18.4352],[78.9937,18.4444],[78.9767,18.4372],[78.9784,18.4206],[78.9893,18.4172]]],[[[79.0801,18.6528],[79.0631,18.6592],[79.0538,18.6709],[79.0457,18.6382],[79.0581,18.6359],[79.0638,18.6225],[79.0744,18.6225],[79.0806,18.635],[79.0801,18.6528]]],[[[79.0374,18.6405],[79.0335,18.6509],[79.0216,18.6558],[79.0066,18.683],[78.9983,18.6739],[78.9878,18.6717],[78.9816,18.6581],[78.9771,18.6278],[78.9663,18.6093],[78.9805,18.5929],[78.9885,18.5745],[78.9834,18.5695],[78.9704,18.5786],[78.96,18.5764],[78.9496,18.5539],[78.9605,18.5354],[78.9538,18.5223],[78.9629,18.51],[78.9823,18.4939],[78.9804,18.485],[78.987,18.4694],[79.0332,18.4779],[79.0368,18.5116],[79.021,18.5203],[79.0262,18.5448],[79.0378,18.5632],[79.0277,18.5664],[79.0297,18.5846],[79.0397,18.5865],[79.0422,18.6011],[79.0407,18.6187],[79.0353,18.63],[79.0374,18.6405]]]]}},{"type":"Feature","properties":{"uid":"TSSD0146","mandal_name":"Gangaram","district_name":"Mahabubabad","centroid":[80.211,17.8614],"area":388.97,"zonalstat":{"min":0.1031,"max":0.962,"mean":0.7818,"count":1659,"sum":1296.9358,"median":0.7762}},"geometry":{"type":"Polygon","coordinates":[[[80.316,17.9963],[80.2954,18.0005],[80.2812,17.9974],[80.2551,18.02],[80.2425,18.0144],[80.2225,18.0236],[80.2151,18.0103],[80.2075,18.0145],[80.2059,17.9953],[80.1813,18.0004],[80.1559,17.992],[80.1296,17.9863],[80.1207,17.9729],[80.1268,17.9675],[80.17,17.968],[80.227,17.9663],[80.2247,17.9382],[80.2094,17.9428],[80.1915,17.9394],[80.2,17.923],[80.2153,17.9221],[80.2135,17.9092],[80.1937,17.9087],[80.1944,17.8792],[80.1719,17.8802],[80.1599,17.8841],[80.1428,17.8792],[80.1324,17.8807],[80.1298,17.8391],[80.1417,17.8258],[80.1575,17.8268],[80.1579,17.8102],[80.1342,17.7738],[80.1509,17.7746],[80.1526,17.7556],[80.1262,17.7544],[80.1273,17.7474],[80.1062,17.744],[80.0995,17.718],[80.1421,17.7144],[80.1697,17.7034],[80.1813,17.7161],[80.2007,17.7292],[80.222,17.7257],[80.2271,17.7464],[80.235,17.7504],[80.2415,17.7346],[80.2484,17.7333],[80.2601,17.75],[80.2588,17.776],[80.2519,17.8107],[80.2691,17.8281],[80.28,17.8753],[80.2825,17.9043],[80.2699,17.9174],[80.2678,17.9253],[80.2718,17.9582],[80.2805,17.956],[80.3084,17.9623],[80.3231,17.9766],[80.3151,17.9881],[80.316,17.9963]]]}},{"type":"Feature","properties":{"uid":"TSSD0147","mandal_name":"Ganneruvaram","district_name":"Karimnagar","centroid":[79.0785,18.3613],"area":128.88,"zonalstat":{"min":-0.1147,"max":0.9331,"mean":0.5761,"count":545,"sum":313.9682,"median":0.7414}},"geometry":{"type":"Polygon","coordinates":[[[79.1106,18.2906],[79.1167,18.3134],[79.1015,18.3173],[79.1068,18.3367],[79.121,18.3466],[79.1576,18.3568],[79.1524,18.3788],[79.1281,18.3878],[79.1252,18.3971],[79.0884,18.4105],[79.0798,18.4239],[79.0667,18.4224],[79.0494,18.414],[79.039,18.4047],[79.0189,18.4002],[79.0059,18.3867],[79.0086,18.3783],[79.0227,18.3735],[79.022,18.3631],[79.0115,18.3438],[79.0127,18.3312],[79.0205,18.3283],[79.0339,18.3432],[79.0582,18.3424],[79.0562,18.3331],[79.0698,18.3146],[79.0605,18.2926],[79.0719,18.2859],[79.1106,18.2906]]]}},{"type":"Feature","properties":{"uid":"TSSD0148","mandal_name":"Garidepalli","district_name":"Suryapet","centroid":[79.7606,16.906],"area":196.75,"zonalstat":{"min":0.3884,"max":0.8871,"mean":0.8183,"count":828,"sum":677.5804,"median":0.8388}},"geometry":{"type":"Polygon","coordinates":[[[79.7701,16.9856],[79.7545,16.9886],[79.7376,16.9967],[79.7265,16.9959],[79.7205,16.9873],[79.7054,16.9811],[79.699,16.9581],[79.7081,16.9506],[79.7024,16.9307],[79.7039,16.9128],[79.7114,16.8962],[79.7102,16.8784],[79.7263,16.8687],[79.7281,16.8532],[79.7202,16.8289],[79.7182,16.8208],[79.734,16.8032],[79.7603,16.7918],[79.774,16.8293],[79.7837,16.8247],[79.7913,16.8315],[79.7995,16.8452],[79.765,16.8671],[79.7789,16.8791],[79.7936,16.8725],[79.8039,16.8765],[79.8138,16.8912],[79.8401,16.8823],[79.8473,16.895],[79.8461,16.9028],[79.8268,16.9142],[79.832,16.9303],[79.8313,16.9463],[79.8142,16.952],[79.8093,16.946],[79.7935,16.9482],[79.7904,16.9588],[79.7935,16.9766],[79.7701,16.9856]]]}},{"type":"Feature","properties":{"uid":"TSSD0149","mandal_name":"Garla","district_name":"Mahabubabad","centroid":[80.1581,17.5087],"area":134.15,"zonalstat":{"min":0.2345,"max":0.8877,"mean":0.723,"count":567,"sum":409.9609,"median":0.7343}},"geometry":{"type":"Polygon","coordinates":[[[80.202,17.5591],[80.1919,17.5517],[80.1706,17.5558],[80.1533,17.5494],[80.1401,17.5335],[80.1339,17.5367],[80.1298,17.5729],[80.1394,17.5699],[80.1489,17.5813],[80.143,17.5909],[80.1272,17.5934],[80.1271,17.5778],[80.1101,17.5602],[80.0968,17.5425],[80.0912,17.5192],[80.095,17.498],[80.1254,17.4832],[80.1301,17.4784],[80.1281,17.4507],[80.1307,17.4452],[80.1672,17.4554],[80.1713,17.4435],[80.1947,17.438],[80.2023,17.4411],[80.195,17.4665],[80.2158,17.4797],[80.2146,17.4948],[80.2092,17.5047],[80.2285,17.5302],[80.2076,17.5444],[80.203,17.5561],[80.202,17.5591]]]}},{"type":"Feature","properties":{"uid":"TSSD0150","mandal_name":"Geesugonda","district_name":"Warangal_Rural","centroid":[79.704,17.9654],"area":134.93,"zonalstat":{"min":0.2419,"max":0.8778,"mean":0.7114,"count":569,"sum":404.8052,"median":0.7301}},"geometry":{"type":"Polygon","coordinates":[[[79.6853,18.0057],[79.6786,18.0075],[79.6715,18.0231],[79.6707,18.0256],[79.6608,18.0241],[79.6374,17.9848],[79.6192,17.9813],[79.6179,17.9761],[79.6556,17.9443],[79.6583,17.925],[79.6738,17.904],[79.6918,17.8975],[79.7037,17.9012],[79.7123,17.9249],[79.721,17.9337],[79.7213,17.9445],[79.7403,17.9447],[79.7554,17.9339],[79.7723,17.9336],[79.7876,17.9408],[79.7807,17.9677],[79.7706,17.9727],[79.7721,17.9886],[79.7522,18.0219],[79.745,18.0203],[79.7301,18.0052],[79.7092,17.9964],[79.686,18.0058],[79.6853,18.0057]]]}},{"type":"Feature","properties":{"uid":"TSSD0151","mandal_name":"Ghanapur_Mulug","district_name":"Jayashankar Bhupalpally","centroid":[79.8717,18.3398],"area":135.95,"zonalstat":{"min":0.0901,"max":0.9249,"mean":0.6448,"count":578,"sum":372.7108,"median":0.6715}},"geometry":{"type":"Polygon","coordinates":[[[79.9418,18.3454],[79.9198,18.3548],[79.9132,18.3669],[79.8987,18.3751],[79.8937,18.3827],[79.8922,18.405],[79.8969,18.4125],[79.8844,18.4179],[79.8631,18.4078],[79.8558,18.3936],[79.8167,18.3884],[79.8152,18.3751],[79.8316,18.3583],[79.8218,18.3466],[79.8158,18.3319],[79.8076,18.3118],[79.8194,18.2963],[79.8407,18.2962],[79.8417,18.269],[79.8631,18.2626],[79.8695,18.2745],[79.8811,18.2854],[79.8816,18.3013],[79.8985,18.3147],[79.9229,18.3036],[79.9411,18.3062],[79.9528,18.3363],[79.9418,18.3454]]]}},{"type":"Feature","properties":{"uid":"TSSD0152","mandal_name":"Ghanpur","district_name":"Wanaparthy","centroid":[78.0538,16.5547],"area":155.07,"zonalstat":{"min":0.2032,"max":0.8834,"mean":0.6951,"count":649,"sum":451.0892,"median":0.7071}},"geometry":{"type":"Polygon","coordinates":[[[78.1257,16.5927],[78.101,16.5986],[78.0751,16.6109],[78.0585,16.627],[78.0364,16.6251],[78.0222,16.6151],[78.0109,16.6179],[78.0007,16.6067],[78.0009,16.5958],[78.0175,16.5803],[78.0197,16.5721],[78.0055,16.5673],[78.0006,16.5569],[78.0128,16.5452],[78.0064,16.5351],[77.9969,16.5309],[77.9944,16.5216],[77.9847,16.5146],[77.9831,16.5018],[78.0016,16.4976],[78.0298,16.479],[78.0547,16.4943],[78.0667,16.4902],[78.0723,16.5],[78.0629,16.5256],[78.103,16.5007],[78.1091,16.5323],[78.1202,16.5608],[78.1191,16.5772],[78.1257,16.5927]]]}},{"type":"Feature","properties":{"uid":"TSSD0153","mandal_name":"Ghanpur (Stn)","district_name":"Jangoan","centroid":[79.352,17.8208],"area":172.06,"zonalstat":{"min":0.3104,"max":0.8881,"mean":0.7571,"count":731,"sum":553.4588,"median":0.7694}},"geometry":{"type":"Polygon","coordinates":[[[79.4236,17.8736],[79.4213,17.8791],[79.4,17.8755],[79.391,17.8796],[79.3774,17.8769],[79.3577,17.8777],[79.3395,17.8518],[79.3108,17.8633],[79.3098,17.8738],[79.2905,17.8782],[79.2698,17.8924],[79.2315,17.8876],[79.2551,17.8556],[79.2922,17.819],[79.3308,17.7997],[79.346,17.8173],[79.3733,17.7974],[79.3608,17.7779],[79.3564,17.7795],[79.3436,17.7595],[79.35,17.7223],[79.3728,17.7202],[79.3819,17.7243],[79.3956,17.7423],[79.4095,17.7444],[79.416,17.7582],[79.4225,17.7722],[79.4043,17.7927],[79.407,17.8093],[79.4203,17.8097],[79.4199,17.8312],[79.4084,17.8437],[79.4215,17.8492],[79.4236,17.8736]]]}},{"type":"Feature","properties":{"uid":"TSSD0154","mandal_name":"Ghatkesar","district_name":"Medchal_Malkajgiri","centroid":[78.689,17.4316],"area":123.94,"zonalstat":{"min":0.3145,"max":0.8533,"mean":0.6528,"count":519,"sum":338.8155,"median":0.6674}},"geometry":{"type":"Polygon","coordinates":[[[78.7076,17.4848],[78.6942,17.4884],[78.6641,17.4691],[78.6574,17.4601],[78.6393,17.4639],[78.629,17.4521],[78.6254,17.4518],[78.6244,17.4503],[78.6231,17.4474],[78.6221,17.4461],[78.6242,17.4397],[78.6196,17.4244],[78.6246,17.4006],[78.6218,17.3941],[78.6218,17.3871],[78.6226,17.387],[78.65,17.3847],[78.6622,17.3779],[78.6724,17.3826],[78.6755,17.3986],[78.6919,17.4038],[78.7041,17.3941],[78.7159,17.4001],[78.7292,17.3848],[78.7374,17.3846],[78.7378,17.3946],[78.7563,17.412],[78.759,17.4313],[78.7513,17.4401],[78.7599,17.4603],[78.747,17.47],[78.72,17.4717],[78.7096,17.4763],[78.7076,17.4848]]]}},{"type":"Feature","properties":{"uid":"TSSD0155","mandal_name":"Ghattu","district_name":"Jogulamba Gadwal","centroid":[77.5723,16.0918],"area":267.38,"zonalstat":{"min":-0.1734,"max":0.8386,"mean":0.5857,"count":1108,"sum":648.9387,"median":0.6079}},"geometry":{"type":"Polygon","coordinates":[[[77.6109,16.2136],[77.5902,16.2033],[77.5825,16.1869],[77.5821,16.1769],[77.5632,16.1694],[77.5495,16.1549],[77.5289,16.1439],[77.5326,16.1273],[77.5075,16.1245],[77.5043,16.1169],[77.4935,16.0867],[77.5071,16.0796],[77.503,16.0601],[77.4949,16.041],[77.4955,16.0313],[77.5143,16.0084],[77.5109,15.9767],[77.5297,15.9855],[77.5506,15.9883],[77.5854,15.9989],[77.5881,16.0081],[77.6096,16.016],[77.6185,16.0369],[77.6257,16.0438],[77.6214,16.0634],[77.6319,16.073],[77.634,16.1019],[77.6443,16.1056],[77.6428,16.1166],[77.6343,16.1248],[77.6382,16.1652],[77.6423,16.1743],[77.6397,16.2086],[77.6109,16.2136]]]}},{"type":"Feature","properties":{"uid":"TSSD0156","mandal_name":"Golkonda","district_name":"Hyderabad","centroid":[78.4077,17.3813],"area":9.86,"zonalstat":{"min":0.0995,"max":0.7598,"mean":0.4309,"count":42,"sum":18.0977,"median":0.385}},"geometry":{"type":"Polygon","coordinates":[[[78.4258,17.3865],[78.41,17.3963],[78.3947,17.39],[78.3838,17.3847],[78.3897,17.3705],[78.4114,17.3725],[78.4201,17.3695],[78.4314,17.3721],[78.4258,17.3865]]]}},{"type":"Feature","properties":{"uid":"TSSD0157","mandal_name":"Gollapalli","district_name":"Jagtial","centroid":[79.0678,18.7938],"area":151.75,"zonalstat":{"min":0.4557,"max":0.9065,"mean":0.8169,"count":643,"sum":525.2885,"median":0.8224}},"geometry":{"type":"Polygon","coordinates":[[[79.1422,18.8497],[79.1254,18.8519],[79.1167,18.8437],[79.0924,18.8492],[79.0774,18.8364],[79.0439,18.841],[79.0329,18.8228],[79.0173,18.8302],[79.0038,18.8269],[78.9939,18.7975],[78.9973,18.7866],[78.9901,18.7722],[78.9608,18.7618],[78.9579,18.7557],[78.9698,18.7453],[78.9871,18.7493],[79.0068,18.7628],[79.0085,18.7499],[79.0253,18.746],[79.0344,18.7487],[79.0626,18.7669],[79.0737,18.7487],[79.0978,18.7467],[79.1005,18.7556],[79.1103,18.7582],[79.1249,18.7455],[79.1376,18.7532],[79.1409,18.7648],[79.1371,18.7875],[79.1533,18.7926],[79.153,18.8017],[79.1323,18.806],[79.1304,18.8119],[79.1422,18.8401],[79.1422,18.8497]]]}},{"type":"Feature","properties":{"uid":"TSSD0158","mandal_name":"Gopalpet","district_name":"Wanaparthy","centroid":[78.1495,16.3951],"area":125.4,"zonalstat":{"min":0.4515,"max":0.8708,"mean":0.7222,"count":534,"sum":385.6747,"median":0.7301}},"geometry":{"type":"Polygon","coordinates":[[[78.2011,16.4214],[78.2006,16.4465],[78.1897,16.4513],[78.1599,16.4525],[78.1262,16.4712],[78.1279,16.4649],[78.1325,16.4519],[78.1153,16.4352],[78.1151,16.4254],[78.1002,16.4003],[78.0926,16.4028],[78.0859,16.3797],[78.1106,16.3709],[78.1028,16.3457],[78.1072,16.3368],[78.1351,16.3285],[78.1366,16.3358],[78.1601,16.341],[78.181,16.3314],[78.1863,16.3441],[78.1914,16.3795],[78.2017,16.4058],[78.2011,16.4214]]]}},{"type":"Feature","properties":{"uid":"TSSD0159","mandal_name":"Govindaraopet","district_name":"Mulugu","centroid":[80.1356,18.2055],"area":343.34,"zonalstat":{"min":0.0032,"max":0.921,"mean":0.7408,"count":1458,"sum":1080.0956,"median":0.75}},"geometry":{"type":"Polygon","coordinates":[[[80.1423,18.0877],[80.1628,18.0832],[80.2,18.1436],[80.1752,18.1497],[80.1668,18.1544],[80.1674,18.1669],[80.2205,18.1644],[80.253,18.1709],[80.2597,18.1797],[80.2633,18.2042],[80.2694,18.2155],[80.2514,18.2206],[80.2399,18.2447],[80.2268,18.2501],[80.2124,18.2618],[80.197,18.2603],[80.1883,18.2458],[80.1737,18.2551],[80.1827,18.2783],[80.1971,18.2836],[80.1792,18.2977],[80.147,18.2817],[80.0696,18.278],[80.0323,18.2721],[80.0274,18.2664],[80.0241,18.2474],[80.0402,18.2246],[80.0446,18.213],[80.0292,18.2112],[80.0155,18.2188],[80.0152,18.2082],[79.995,18.2144],[79.9928,18.1968],[80.0052,18.1941],[80.0273,18.1788],[80.0547,18.156],[80.0615,18.1546],[80.1042,18.1568],[80.1167,18.1521],[80.133,18.1191],[80.1423,18.0877]]]}},{"type":"Feature","properties":{"uid":"TSSD0160","mandal_name":"Gudihathnur","district_name":"Adilabad","centroid":[78.5127,19.5241],"area":159.79,"zonalstat":{"min":0.5773,"max":0.8652,"mean":0.739,"count":681,"sum":503.229,"median":0.7444}},"geometry":{"type":"Polygon","coordinates":[[[78.5308,19.6045],[78.5131,19.6017],[78.4968,19.6078],[78.4941,19.5914],[78.4834,19.594],[78.4725,19.5871],[78.4686,19.5718],[78.4526,19.5771],[78.4511,19.5668],[78.4405,19.5434],[78.4536,19.5384],[78.4467,19.5029],[78.4738,19.5023],[78.473,19.4741],[78.4844,19.4693],[78.4987,19.4712],[78.5022,19.4653],[78.5219,19.4632],[78.5141,19.4428],[78.5155,19.4435],[78.5241,19.4457],[78.549,19.4418],[78.5542,19.472],[78.5665,19.4681],[78.5746,19.4971],[78.5734,19.5184],[78.5802,19.5373],[78.5725,19.5586],[78.5554,19.5524],[78.5506,19.5569],[78.5251,19.5624],[78.5187,19.5764],[78.5323,19.5924],[78.5308,19.6045]]]}},{"type":"Feature","properties":{"uid":"TSSD0161","mandal_name":"Gudur","district_name":"Mahabubabad","centroid":[80.0093,17.7748],"area":312.8,"zonalstat":{"min":0.4439,"max":0.9098,"mean":0.7664,"count":1328,"sum":1017.8068,"median":0.7676}},"geometry":{"type":"Polygon","coordinates":[[[80.1342,17.7738],[80.1217,17.7813],[80.0846,17.8203],[80.0737,17.8274],[80.0401,17.8263],[80.0154,17.8416],[80.0144,17.8519],[80.0033,17.8664],[79.988,17.8759],[79.9812,17.8607],[79.9541,17.8644],[79.9504,17.8352],[79.9387,17.8405],[79.9294,17.8211],[79.9305,17.8157],[79.9097,17.7977],[79.91,17.8136],[79.8755,17.8077],[79.8837,17.7852],[79.8937,17.7709],[79.9063,17.7705],[79.9186,17.7673],[79.9233,17.7403],[79.9467,17.7307],[79.9556,17.7175],[79.9493,17.7085],[79.9684,17.7039],[79.9865,17.696],[80.0028,17.6977],[80.0193,17.6936],[80.0425,17.6929],[80.0454,17.6886],[80.066,17.6868],[80.0769,17.7029],[80.074,17.7393],[80.1062,17.744],[80.1273,17.7474],[80.1262,17.7544],[80.1526,17.7556],[80.1509,17.7746],[80.1342,17.7738]]]}},{"type":"Feature","properties":{"uid":"TSSD0162","mandal_name":"Gummadidala","district_name":"Sangareddy","centroid":[78.3735,17.6902],"area":98.98,"zonalstat":{"min":0.3431,"max":0.8929,"mean":0.7248,"count":420,"sum":304.4043,"median":0.7423}},"geometry":{"type":"Polygon","coordinates":[[[78.4406,17.7267],[78.4158,17.7326],[78.4034,17.7185],[78.396,17.6991],[78.3753,17.706],[78.3708,17.7183],[78.3529,17.7464],[78.3294,17.7419],[78.3182,17.7452],[78.3147,17.7278],[78.3242,17.7255],[78.3229,17.7004],[78.3186,17.6805],[78.3247,17.6723],[78.3357,17.6717],[78.3325,17.657],[78.3442,17.6539],[78.3628,17.6399],[78.3606,17.622],[78.3724,17.6142],[78.3912,17.6196],[78.3878,17.6353],[78.381,17.6422],[78.39,17.6685],[78.3976,17.6741],[78.4207,17.6716],[78.4304,17.6869],[78.4459,17.6989],[78.4489,17.7085],[78.4406,17.7267]]]}},{"type":"Feature","properties":{"uid":"TSSD0163","mandal_name":"Gundala","district_name":"Bhadradri Kothagudem","centroid":[80.3641,17.8926],"area":495.92,"zonalstat":{"min":0.1637,"max":0.9928,"mean":0.7404,"count":2094,"sum":1550.3091,"median":0.7512}},"geometry":{"type":"Polygon","coordinates":[[[80.4431,18.0611],[80.4313,18.0573],[80.4036,18.0699],[80.3869,18.0822],[80.3493,18.0441],[80.3407,18.0136],[80.316,17.9963],[80.3151,17.9881],[80.3231,17.9766],[80.3084,17.9623],[80.2805,17.956],[80.2718,17.9582],[80.2678,17.9253],[80.2699,17.9174],[80.2825,17.9043],[80.28,17.8753],[80.2691,17.8281],[80.2519,17.8107],[80.2588,17.776],[80.2636,17.7808],[80.2812,17.7773],[80.2928,17.7849],[80.3425,17.785],[80.3943,17.7497],[80.4117,17.7537],[80.4229,17.7349],[80.4288,17.736],[80.4551,17.7501],[80.4638,17.7619],[80.4719,17.765],[80.449,17.793],[80.4434,17.8393],[80.4289,17.8436],[80.4324,17.8511],[80.4191,17.8662],[80.4414,17.8791],[80.4494,17.9032],[80.4,17.9319],[80.3974,17.9354],[80.416,17.956],[80.419,17.995],[80.43,18.0011],[80.4258,18.0129],[80.4464,18.0478],[80.4385,18.0546],[80.4431,18.0611]]]}},{"type":"Feature","properties":{"uid":"TSSD0164","mandal_name":"Gundala","district_name":"Yadadri Bhuvanagiri","centroid":[79.2666,17.5282],"area":172.25,"zonalstat":{"min":0.4222,"max":0.822,"mean":0.6665,"count":725,"sum":483.226,"median":0.6692}},"geometry":{"type":"Polygon","coordinates":[[[79.2191,17.605],[79.2156,17.6175],[79.2046,17.6242],[79.1789,17.5844],[79.1671,17.5754],[79.1628,17.5671],[79.1491,17.5581],[79.1584,17.5518],[79.1718,17.5522],[79.1765,17.5419],[79.1877,17.5395],[79.1872,17.5289],[79.2064,17.5143],[79.2233,17.5257],[79.2328,17.5359],[79.2426,17.5263],[79.2457,17.5087],[79.2328,17.4932],[79.2365,17.4894],[79.2323,17.4728],[79.2442,17.4781],[79.2577,17.4726],[79.2622,17.4799],[79.2632,17.4964],[79.2691,17.499],[79.2897,17.4838],[79.2834,17.4685],[79.2936,17.4662],[79.3224,17.4521],[79.3353,17.4533],[79.3452,17.4691],[79.3652,17.4843],[79.3716,17.5027],[79.3787,17.5113],[79.3593,17.5215],[79.3428,17.522],[79.3226,17.5278],[79.32,17.5399],[79.3119,17.5514],[79.2944,17.5568],[79.2895,17.5692],[79.2754,17.5799],[79.2596,17.5603],[79.2315,17.5629],[79.2274,17.5794],[79.2128,17.5943],[79.2191,17.605]]]}},{"type":"Feature","properties":{"uid":"TSSD0165","mandal_name":"Gundlapally","district_name":"Nalgonda","centroid":[78.7616,16.6044],"area":263.41,"zonalstat":{"min":-0.1449,"max":0.9397,"mean":0.6677,"count":1113,"sum":743.1783,"median":0.7124}},"geometry":{"type":"Polygon","coordinates":[[[78.858,16.5996],[78.8386,16.6055],[78.8406,16.6425],[78.832,16.6561],[78.8112,16.6514],[78.7817,16.6777],[78.7711,16.6792],[78.772,16.6953],[78.7771,16.7081],[78.7664,16.716],[78.7566,16.7159],[78.7551,16.7063],[78.743,16.7074],[78.7239,16.6871],[78.7089,16.6758],[78.7103,16.6494],[78.6671,16.6524],[78.6804,16.6269],[78.6981,16.6193],[78.7153,16.5797],[78.6997,16.564],[78.6825,16.554],[78.6674,16.5622],[78.6656,16.5436],[78.6528,16.5497],[78.6373,16.5419],[78.6261,16.529],[78.6153,16.5223],[78.6471,16.5328],[78.6673,16.5306],[78.6818,16.5402],[78.691,16.5369],[78.7241,16.5401],[78.765,16.5342],[78.7807,16.5248],[78.7878,16.5166],[78.8,16.5149],[78.833,16.5426],[78.8429,16.5471],[78.8396,16.5635],[78.8453,16.5865],[78.858,16.5996]]]}},{"type":"Feature","properties":{"uid":"TSSD0166","mandal_name":"Gurrampode","district_name":"Nalgonda","centroid":[79.101,16.8491],"area":309.8,"zonalstat":{"min":0.0816,"max":0.8855,"mean":0.7153,"count":1303,"sum":932.0652,"median":0.7162}},"geometry":{"type":"Polygon","coordinates":[[[79.2095,16.8683],[79.2036,16.8818],[79.1885,16.8918],[79.1958,16.9098],[79.1802,16.9263],[79.179,16.9348],[79.1464,16.9386],[79.1264,16.9321],[79.0848,16.9397],[79.0818,16.9286],[79.0469,16.9223],[79.0419,16.9004],[79.0479,16.8897],[79.037,16.8872],[79.0307,16.8715],[79.0234,16.8642],[79.0122,16.8428],[79.02,16.8227],[79.0062,16.8065],[78.9999,16.7733],[78.9948,16.7618],[79.0101,16.7599],[79.0064,16.7447],[79.0078,16.7238],[79.0213,16.7238],[79.0237,16.7307],[79.0418,16.7359],[79.0552,16.7524],[79.0568,16.7735],[79.0751,16.7991],[79.0851,16.7928],[79.111,16.7943],[79.1084,16.8043],[79.132,16.8025],[79.1448,16.8063],[79.1601,16.8045],[79.1757,16.7915],[79.187,16.8041],[79.1987,16.8045],[79.2039,16.8327],[79.1965,16.8335],[79.1953,16.8492],[79.2054,16.8551],[79.2095,16.8683]]]}},{"type":"Feature","properties":{"uid":"TSSD0167","mandal_name":"Hajipur","district_name":"Mancherial","centroid":[79.3438,18.91],"area":257.54,"zonalstat":{"min":-0.3,"max":0.8627,"mean":0.7035,"count":1094,"sum":769.6223,"median":0.8005}},"geometry":{"type":"Polygon","coordinates":[[[79.3913,18.9972],[79.355,19.0],[79.3505,18.9871],[79.3301,19.0038],[79.3153,19.0083],[79.3098,19.0029],[79.2998,18.9865],[79.2885,18.9745],[79.2921,18.954],[79.285,18.9451],[79.2713,18.9103],[79.2752,18.8869],[79.2688,18.8817],[79.2754,18.8714],[79.2922,18.8655],[79.2657,18.8325],[79.2757,18.8254],[79.2977,18.8183],[79.3211,18.8144],[79.3335,18.8145],[79.3578,18.8237],[79.3749,18.8512],[79.3977,18.8556],[79.4164,18.8532],[79.4226,18.882],[79.4161,18.8896],[79.4191,18.9001],[79.4053,18.9066],[79.4125,18.9339],[79.422,18.9468],[79.4169,18.9688],[79.4018,18.9804],[79.3952,18.9902],[79.3927,18.9949],[79.3919,18.9967],[79.3913,18.9972]]]}},{"type":"Feature","properties":{"uid":"TSSD0168","mandal_name":"Hanamkonda","district_name":"Warangal_Urban","centroid":[79.5568,18.0126],"area":45.74,"zonalstat":{"min":0.2648,"max":0.8559,"mean":0.5649,"count":193,"sum":109.0191,"median":0.5748}},"geometry":{"type":"Polygon","coordinates":[[[79.5992,18.0356],[79.5873,18.0366],[79.5484,18.0514],[79.5424,18.04],[79.542,18.0252],[79.5278,18.0171],[79.5073,18.0132],[79.5106,17.992],[79.5259,17.9863],[79.541,17.9882],[79.5529,17.9823],[79.5653,17.9901],[79.5894,17.9858],[79.5907,17.9864],[79.5945,18.0207],[79.5992,18.0356]]]}},{"type":"Feature","properties":{"uid":"TSSD0169","mandal_name":"Hanwada","district_name":"Mahabubnagar","centroid":[77.89,16.8243],"area":168.92,"zonalstat":{"min":0.4082,"max":0.8538,"mean":0.7367,"count":721,"sum":531.134,"median":0.7449}},"geometry":{"type":"Polygon","coordinates":[[[77.9539,16.8686],[77.935,16.8586],[77.9248,16.8452],[77.9127,16.8514],[77.9143,16.8601],[77.8908,16.8598],[77.8693,16.852],[77.8418,16.8572],[77.8187,16.8661],[77.8219,16.8844],[77.8118,16.8932],[77.7982,16.8794],[77.7875,16.8762],[77.7828,16.8643],[77.7673,16.8528],[77.7725,16.8391],[77.7625,16.8259],[77.7826,16.8154],[77.7895,16.8218],[77.8033,16.8208],[77.8143,16.8139],[77.8271,16.8215],[77.8382,16.8142],[77.8808,16.8085],[77.8882,16.8014],[77.8934,16.7791],[77.9078,16.7634],[77.9258,16.7629],[77.9339,16.7717],[77.9441,16.7726],[77.9473,16.7562],[77.9564,16.7522],[77.977,16.7658],[77.9671,16.781],[77.9887,16.8063],[77.9814,16.831],[77.9878,16.8404],[77.964,16.8522],[77.9539,16.8686]]]}},{"type":"Feature","properties":{"uid":"TSSD0170","mandal_name":"Hasanparthy","district_name":"Warangal_Urban","centroid":[79.5369,18.0702],"area":161.17,"zonalstat":{"min":0.386,"max":0.8942,"mean":0.7481,"count":681,"sum":509.4898,"median":0.7596}},"geometry":{"type":"Polygon","coordinates":[[[79.6022,18.1415],[79.5836,18.1436],[79.5734,18.1328],[79.5816,18.1202],[79.5612,18.1204],[79.5578,18.1077],[79.5504,18.0994],[79.5237,18.0986],[79.5094,18.1043],[79.5024,18.0957],[79.4856,18.0987],[79.474,18.1101],[79.4619,18.1025],[79.4541,18.0766],[79.4418,18.0647],[79.4433,18.0483],[79.4317,18.0389],[79.4602,18.0275],[79.4761,18.0429],[79.4956,18.0201],[79.4934,18.0055],[79.5106,17.992],[79.5073,18.0132],[79.5278,18.0171],[79.542,18.0252],[79.5424,18.04],[79.5484,18.0514],[79.5873,18.0366],[79.5992,18.0356],[79.6065,18.0291],[79.6251,18.0408],[79.6249,18.0629],[79.6134,18.0665],[79.6122,18.0951],[79.6007,18.1124],[79.6058,18.12],[79.6251,18.1307],[79.6246,18.1317],[79.62,18.1382],[79.6023,18.1409],[79.6022,18.1415]]]}},{"type":"Feature","properties":{"uid":"TSSD0171","mandal_name":"Hathnoora","district_name":"Sangareddy","centroid":[78.1908,17.7141],"area":204.77,"zonalstat":{"min":0.245,"max":0.8619,"mean":0.7371,"count":863,"sum":636.1592,"median":0.7467}},"geometry":{"type":"Polygon","coordinates":[[[78.1631,17.7967],[78.15,17.7971],[78.1481,17.8342],[78.1381,17.8249],[78.132,17.8123],[78.114,17.803],[78.1162,17.7943],[78.1095,17.782],[78.1151,17.7729],[78.1158,17.7596],[78.1056,17.7356],[78.1128,17.732],[78.1337,17.736],[78.1289,17.7251],[78.1359,17.7151],[78.1487,17.7187],[78.1554,17.7005],[78.1416,17.6896],[78.1421,17.6739],[78.1529,17.6671],[78.1502,17.6587],[78.1489,17.6567],[78.1499,17.6562],[78.1512,17.6549],[78.1534,17.6545],[78.1551,17.6524],[78.1522,17.6477],[78.1615,17.6461],[78.1614,17.6371],[78.1812,17.6339],[78.2124,17.6552],[78.218,17.6399],[78.2337,17.6384],[78.2445,17.6398],[78.2549,17.6472],[78.2707,17.6515],[78.2943,17.6619],[78.2928,17.6453],[78.3096,17.6497],[78.3195,17.6598],[78.3055,17.6691],[78.3106,17.6782],[78.2954,17.6799],[78.2885,17.6883],[78.2743,17.6873],[78.2567,17.694],[78.2457,17.6926],[78.2356,17.6846],[78.2312,17.7025],[78.2378,17.7075],[78.2379,17.7344],[78.217,17.736],[78.2,17.7519],[78.2061,17.7603],[78.1969,17.7667],[78.2012,17.796],[78.1756,17.7898],[78.1631,17.7967]]]}},{"type":"Feature","properties":{"uid":"TSSD0172","mandal_name":"Havelighanpur","district_name":"Medak","centroid":[78.2398,18.125],"area":187.01,"zonalstat":{"min":-0.0221,"max":0.9203,"mean":0.7147,"count":792,"sum":566.0387,"median":0.7471}},"geometry":{"type":"Polygon","coordinates":[[[78.2177,18.2153],[78.2001,18.2155],[78.1799,18.2043],[78.1669,18.1584],[78.1661,18.1492],[78.1766,18.1408],[78.1795,18.0986],[78.1565,18.084],[78.2093,18.0632],[78.2119,18.0557],[78.2288,18.0533],[78.2352,18.0617],[78.2532,18.062],[78.2581,18.0702],[78.2786,18.0719],[78.2844,18.0795],[78.3145,18.0989],[78.3531,18.1044],[78.3467,18.1167],[78.3497,18.131],[78.3102,18.1435],[78.3043,18.1663],[78.2904,18.1621],[78.2786,18.1482],[78.2627,18.1468],[78.2414,18.1558],[78.2222,18.1824],[78.2177,18.2153]]]}},{"type":"Feature","properties":{"uid":"TSSD0173","mandal_name":"Hayathnagar","district_name":"Rangareddy","centroid":[78.5813,17.3266],"area":30.54,"zonalstat":{"min":0.0845,"max":0.7443,"mean":0.3824,"count":130,"sum":49.7108,"median":0.3632}},"geometry":{"type":"Polygon","coordinates":[[[78.5724,17.3082],[78.604,17.3066],[78.6174,17.3118],[78.619,17.3437],[78.6019,17.3419],[78.5856,17.3467],[78.5754,17.3482],[78.5617,17.3399],[78.5444,17.343],[78.5469,17.3305],[78.5276,17.3285],[78.5526,17.3135],[78.5724,17.3082]]]}},{"type":"Feature","properties":{"uid":"TSSD0174","mandal_name":"Himayatnagar","district_name":"Hyderabad","centroid":[78.4889,17.4035],"area":6.58,"zonalstat":{"min":0.0439,"max":0.6101,"mean":0.2342,"count":28,"sum":6.5588,"median":0.216}},"geometry":{"type":"Polygon","coordinates":[[[78.5028,17.4037],[78.4907,17.4073],[78.4908,17.4163],[78.4774,17.4219],[78.4736,17.4057],[78.4956,17.3869],[78.5048,17.389],[78.5028,17.4037]]]}},{"type":"Feature","properties":{"uid":"TSSD0175","mandal_name":"Husnabad","district_name":"Siddipet","centroid":[79.2211,18.1302],"area":117.52,"zonalstat":{"min":0.3844,"max":0.8683,"mean":0.7458,"count":493,"sum":367.6628,"median":0.7645}},"geometry":{"type":"Polygon","coordinates":[[[79.3034,18.1325],[79.288,18.1394],[79.2897,18.1524],[79.2464,18.1664],[79.2419,18.1807],[79.2207,18.1779],[79.2127,18.1737],[79.2119,18.1605],[79.1783,18.1693],[79.1711,18.1607],[79.163,18.1634],[79.1578,18.1452],[79.148,18.1435],[79.1399,18.1349],[79.1392,18.1079],[79.1712,18.1086],[79.185,18.0969],[79.2081,18.0934],[79.2153,18.0847],[79.2371,18.0977],[79.2426,18.0907],[79.2807,18.088],[79.2909,18.1178],[79.2871,18.1235],[79.3034,18.1325]]]}},{"type":"Feature","properties":{"uid":"TSSD0176","mandal_name":"Huzur nagar","district_name":"Suryapet","centroid":[79.8539,16.8806],"area":126.8,"zonalstat":{"min":0.4708,"max":0.91,"mean":0.8155,"count":532,"sum":433.8379,"median":0.8391}},"geometry":{"type":"Polygon","coordinates":[[[79.9129,16.906],[79.8944,16.9102],[79.895,16.9241],[79.8831,16.9296],[79.8776,16.9383],[79.8828,16.9558],[79.8588,16.9565],[79.8367,16.9456],[79.8313,16.9463],[79.832,16.9303],[79.8268,16.9142],[79.8461,16.9028],[79.8473,16.895],[79.8401,16.8823],[79.8138,16.8912],[79.8039,16.8765],[79.7936,16.8725],[79.7789,16.8791],[79.765,16.8671],[79.7995,16.8452],[79.7913,16.8315],[79.8022,16.827],[79.8194,16.8126],[79.8296,16.8111],[79.8332,16.8215],[79.8439,16.8246],[79.8518,16.8351],[79.8643,16.8422],[79.8917,16.8582],[79.9088,16.8563],[79.9207,16.8459],[79.9346,16.8482],[79.9339,16.8628],[79.9152,16.8711],[79.9163,16.8925],[79.9129,16.906]]]}},{"type":"Feature","properties":{"uid":"TSSD0177","mandal_name":"Huzurabad","district_name":"Karimnagar","centroid":[79.416,18.2169],"area":138.33,"zonalstat":{"min":0.4341,"max":0.8479,"mean":0.7684,"count":583,"sum":447.9612,"median":0.7836}},"geometry":{"type":"Polygon","coordinates":[[[79.4083,18.2848],[79.4047,18.2853],[79.3958,18.2815],[79.3908,18.2597],[79.3586,18.2607],[79.3479,18.247],[79.3397,18.2267],[79.3724,18.2172],[79.3764,18.2132],[79.3671,18.189],[79.3772,18.1852],[79.371,18.174],[79.3737,18.1562],[79.3888,18.1491],[79.3984,18.1654],[79.4173,18.1676],[79.4235,18.1562],[79.4444,18.1555],[79.4567,18.159],[79.4762,18.1951],[79.4649,18.2014],[79.4731,18.2194],[79.4847,18.2275],[79.4804,18.2374],[79.4689,18.2441],[79.4632,18.264],[79.4281,18.2684],[79.4083,18.2848]]]}},{"type":"Feature","properties":{"uid":"TSSD0178","mandal_name":"Ibrahimpatnam","district_name":"Jagtial","centroid":[78.5831,18.9229],"area":142.28,"zonalstat":{"min":0.0237,"max":0.8694,"mean":0.6888,"count":607,"sum":418.0842,"median":0.6994}},"geometry":{"type":"Polygon","coordinates":[[[78.6438,18.8957],[78.6431,18.9124],[78.6383,18.9307],[78.6482,18.9483],[78.6353,18.9554],[78.6323,18.966],[78.6166,18.9687],[78.6217,18.9789],[78.615,18.9802],[78.5941,18.9981],[78.582,19.0001],[78.5563,18.9772],[78.551,18.9513],[78.5386,18.9465],[78.5287,18.9434],[78.5215,18.9246],[78.5196,18.9009],[78.5359,18.888],[78.5421,18.8518],[78.5397,18.8447],[78.5562,18.8435],[78.5661,18.8618],[78.5868,18.8567],[78.5872,18.8743],[78.606,18.8883],[78.6242,18.8767],[78.6327,18.8764],[78.6438,18.8957]]]}},{"type":"Feature","properties":{"uid":"TSSD0179","mandal_name":"Ibrahimpatnam","district_name":"Rangareddy","centroid":[78.6506,17.2037],"area":274.25,"zonalstat":{"min":0.1484,"max":0.8818,"mean":0.7222,"count":1161,"sum":838.4381,"median":0.7371}},"geometry":{"type":"Polygon","coordinates":[[[78.8174,17.2119],[78.8166,17.2313],[78.7981,17.2423],[78.7866,17.2428],[78.7659,17.2522],[78.7514,17.2685],[78.7265,17.2667],[78.7135,17.2624],[78.704,17.2523],[78.6765,17.2397],[78.6596,17.2343],[78.6602,17.2441],[78.6241,17.2544],[78.6003,17.258],[78.6018,17.2468],[78.5888,17.2394],[78.5669,17.2418],[78.5607,17.2473],[78.56,17.2481],[78.5447,17.2486],[78.5228,17.2394],[78.5159,17.2275],[78.5405,17.2241],[78.5303,17.1989],[78.5233,17.1709],[78.5488,17.1626],[78.5579,17.1543],[78.5667,17.1584],[78.5864,17.1463],[78.5842,17.1364],[78.5979,17.1319],[78.6138,17.1204],[78.6338,17.1169],[78.6553,17.1278],[78.6529,17.1342],[78.6644,17.1463],[78.6595,17.1525],[78.6658,17.1667],[78.6854,17.1732],[78.687,17.1977],[78.7018,17.196],[78.7028,17.1883],[78.7226,17.182],[78.7359,17.193],[78.7677,17.2012],[78.7673,17.2128],[78.7859,17.2056],[78.7964,17.198],[78.807,17.2089],[78.8174,17.2119]]]}},{"type":"Feature","properties":{"uid":"TSSD0180","mandal_name":"Ichoda","district_name":"Adilabad","centroid":[78.4948,19.3793],"area":211.85,"zonalstat":{"min":0.458,"max":0.8918,"mean":0.763,"count":907,"sum":692.0689,"median":0.7762}},"geometry":{"type":"Polygon","coordinates":[[[78.473,19.4741],[78.4646,19.4761],[78.446,19.4707],[78.4374,19.4498],[78.4302,19.4479],[78.426,19.4159],[78.4097,19.3972],[78.4182,19.378],[78.4315,19.3761],[78.4272,19.3667],[78.4414,19.3561],[78.4604,19.3558],[78.4632,19.338],[78.4701,19.3266],[78.4872,19.3149],[78.4899,19.2982],[78.5192,19.2882],[78.5536,19.2714],[78.5689,19.2866],[78.5845,19.2888],[78.5907,19.301],[78.5706,19.3049],[78.5606,19.3166],[78.5605,19.3264],[78.5319,19.3326],[78.5322,19.3457],[78.5437,19.3546],[78.5476,19.3687],[78.5479,19.3914],[78.5513,19.4095],[78.5653,19.4141],[78.5645,19.4232],[78.5526,19.4272],[78.5389,19.4259],[78.5325,19.415],[78.515,19.4205],[78.5074,19.4285],[78.5141,19.4427],[78.5141,19.4428],[78.5219,19.4632],[78.5022,19.4653],[78.4987,19.4712],[78.4844,19.4693],[78.473,19.4741]]]}},{"type":"Feature","properties":{"uid":"TSSD0181","mandal_name":"Illanthakunta","district_name":"Rajanna Sircilla","centroid":[78.9344,18.3156],"area":222.52,"zonalstat":{"min":0.0162,"max":0.953,"mean":0.7259,"count":940,"sum":682.3779,"median":0.7441}},"geometry":{"type":"Polygon","coordinates":[[[79.0189,18.4002],[78.9962,18.3995],[78.9681,18.3916],[78.9432,18.3972],[78.9275,18.3704],[78.9181,18.364],[78.8849,18.3621],[78.8733,18.3586],[78.8709,18.3149],[78.8598,18.3045],[78.8665,18.295],[78.863,18.2814],[78.846,18.2818],[78.8385,18.27],[78.8245,18.2658],[78.8227,18.2547],[78.8466,18.2472],[78.8495,18.2428],[78.8507,18.2398],[78.8558,18.2345],[78.8691,18.2406],[78.8895,18.2389],[78.8937,18.2455],[78.9179,18.2569],[78.9568,18.2525],[78.9854,18.2561],[78.9877,18.2878],[78.9917,18.3027],[79.0157,18.3117],[79.0205,18.3283],[79.0127,18.3312],[79.0115,18.3438],[79.022,18.3631],[79.0227,18.3735],[79.0086,18.3783],[79.0059,18.3867],[79.0189,18.4002]]]}},{"type":"Feature","properties":{"uid":"TSSD0182","mandal_name":"Inavolu","district_name":"Warangal_Urban","centroid":[79.5472,17.8627],"area":154.53,"zonalstat":{"min":0.5554,"max":0.8796,"mean":0.7255,"count":656,"sum":475.9237,"median":0.7266}},"geometry":{"type":"Polygon","coordinates":[[[79.5536,17.9294],[79.5497,17.9391],[79.5248,17.9405],[79.5154,17.929],[79.4865,17.9183],[79.4936,17.8987],[79.4873,17.8882],[79.4928,17.8685],[79.5079,17.8616],[79.4931,17.8412],[79.4957,17.8188],[79.5146,17.8181],[79.5145,17.7939],[79.5531,17.7862],[79.5618,17.7932],[79.5619,17.8115],[79.5817,17.8147],[79.596,17.8233],[79.6127,17.8212],[79.6222,17.8334],[79.6159,17.8492],[79.617,17.8692],[79.5919,17.8854],[79.594,17.8968],[79.5824,17.8997],[79.5585,17.917],[79.5536,17.9294]]]}},{"type":"Feature","properties":{"uid":"TSSD0183","mandal_name":"Indalwai","district_name":"Nizamabad","centroid":[78.2696,18.5219],"area":187.42,"zonalstat":{"min":0.3149,"max":0.8547,"mean":0.7542,"count":791,"sum":596.5588,"median":0.7636}},"geometry":{"type":"Polygon","coordinates":[[[78.3477,18.4614],[78.3538,18.4952],[78.351,18.5061],[78.3404,18.5079],[78.3291,18.527],[78.3358,18.5512],[78.3344,18.5781],[78.3203,18.5863],[78.2954,18.5952],[78.2804,18.595],[78.2788,18.5876],[78.2903,18.58],[78.2824,18.5736],[78.2789,18.557],[78.2623,18.5523],[78.2415,18.5696],[78.222,18.5763],[78.1996,18.5682],[78.1933,18.5607],[78.1816,18.5624],[78.1841,18.552],[78.1778,18.5415],[78.1661,18.5341],[78.1621,18.5227],[78.1786,18.5053],[78.1997,18.5073],[78.203,18.5016],[78.2226,18.4887],[78.2371,18.4907],[78.2549,18.4865],[78.2547,18.4669],[78.263,18.4523],[78.3052,18.4566],[78.3151,18.466],[78.3477,18.4614]]]}},{"type":"Feature","properties":{"uid":"TSSD0184","mandal_name":"Inderavelly","district_name":"Adilabad","centroid":[78.6517,19.4883],"area":209.33,"zonalstat":{"min":0.5721,"max":0.8573,"mean":0.7628,"count":891,"sum":679.6993,"median":0.7662}},"geometry":{"type":"Polygon","coordinates":[[[78.5665,19.4681],[78.5853,19.4607],[78.5913,19.4726],[78.6168,19.472],[78.6074,19.4591],[78.5954,19.4534],[78.5984,19.4194],[78.608,19.4175],[78.6242,19.4268],[78.6285,19.4334],[78.6438,19.4203],[78.6268,19.4148],[78.6232,19.3901],[78.6632,19.3791],[78.6732,19.3953],[78.6803,19.4186],[78.6768,19.4345],[78.6816,19.4697],[78.6936,19.4664],[78.7003,19.4937],[78.6943,19.5065],[78.7062,19.5131],[78.7222,19.5021],[78.7383,19.4992],[78.7591,19.5036],[78.7609,19.5041],[78.7634,19.5206],[78.7574,19.5269],[78.7664,19.5369],[78.7679,19.5676],[78.7508,19.5651],[78.7426,19.553],[78.7353,19.5337],[78.6963,19.5295],[78.676,19.5388],[78.6699,19.5465],[78.6445,19.5635],[78.6213,19.5531],[78.6181,19.5437],[78.5725,19.5586],[78.5802,19.5373],[78.5734,19.5184],[78.5746,19.4971],[78.5665,19.4681]]]}},{"type":"Feature","properties":{"uid":"TSSD0185","mandal_name":"Itikyal","district_name":"Jogulamba Gadwal","centroid":[77.8741,16.0751],"area":302.11,"zonalstat":{"min":-0.3,"max":0.8831,"mean":0.6377,"count":1268,"sum":808.6056,"median":0.6583}},"geometry":{"type":"Polygon","coordinates":[[[77.9311,16.1756],[77.9135,16.1844],[77.8953,16.1627],[77.8632,16.1432],[77.8422,16.1454],[77.8348,16.1385],[77.819,16.1357],[77.8046,16.1048],[77.8151,16.1032],[77.8113,16.0853],[77.7874,16.0915],[77.7759,16.0574],[77.7491,16.0609],[77.7526,16.0304],[77.7475,16.0115],[77.7708,16.012],[77.7912,16.0094],[77.8076,16.0086],[77.8165,16.0138],[77.8404,16.0187],[77.8564,16.018],[77.8762,16.0105],[77.8749,15.9953],[77.8965,15.982],[77.9038,15.9806],[77.9207,16.0063],[77.9266,16.0233],[77.9523,16.0283],[77.9612,16.0459],[77.973,16.0537],[77.9839,16.0895],[77.9738,16.0958],[77.9475,16.1189],[77.9411,16.137],[77.9396,16.1532],[77.9311,16.1756]]]}},{"type":"Feature","properties":{"uid":"TSSD0186","mandal_name":"Jadcherla","district_name":"Mahabubnagar","centroid":[78.172,16.7904],"area":294.27,"zonalstat":{"min":-0.014,"max":0.876,"mean":0.6383,"count":1239,"sum":790.8118,"median":0.6589}},"geometry":{"type":"Polygon","coordinates":[[[78.323,16.8255],[78.3262,16.8482],[78.3305,16.8522],[78.3213,16.8565],[78.3161,16.8738],[78.3025,16.8794],[78.2893,16.8746],[78.2802,16.8657],[78.2681,16.8453],[78.2395,16.8677],[78.2259,16.8374],[78.2032,16.8432],[78.1912,16.8431],[78.1819,16.8304],[78.1683,16.8322],[78.1469,16.8273],[78.1445,16.8404],[78.1149,16.8506],[78.0945,16.8529],[78.0912,16.8445],[78.0569,16.8423],[78.0648,16.8222],[78.0547,16.8128],[78.045,16.7881],[78.0562,16.7862],[78.0709,16.7758],[78.0878,16.7713],[78.0879,16.7598],[78.0947,16.7394],[78.1088,16.7238],[78.1055,16.708],[78.1181,16.6919],[78.14,16.68],[78.1579,16.7085],[78.1601,16.7221],[78.1775,16.7308],[78.1839,16.7276],[78.1816,16.7109],[78.2004,16.7027],[78.2085,16.7079],[78.2232,16.7389],[78.2258,16.754],[78.2171,16.7577],[78.227,16.7728],[78.2372,16.7743],[78.2373,16.7902],[78.2273,16.7923],[78.2325,16.808],[78.2533,16.8108],[78.2653,16.8204],[78.2743,16.8159],[78.3015,16.8112],[78.3058,16.8192],[78.323,16.8255]]]}},{"type":"Feature","properties":{"uid":"TSSD0187","mandal_name":"Jagdevpur","district_name":"Siddipet","centroid":[78.8131,17.8023],"area":180.4,"zonalstat":{"min":0.3875,"max":0.9007,"mean":0.7002,"count":760,"sum":532.1223,"median":0.7014}},"geometry":{"type":"Polygon","coordinates":[[[78.8309,17.8791],[78.8128,17.8799],[78.792,17.8769],[78.7736,17.8828],[78.7858,17.8724],[78.7788,17.8585],[78.769,17.8536],[78.7525,17.853],[78.7625,17.8345],[78.7543,17.8243],[78.7513,17.8102],[78.7605,17.7934],[78.771,17.7817],[78.763,17.771],[78.7647,17.7453],[78.7803,17.7376],[78.7639,17.7243],[78.782,17.7116],[78.8035,17.7086],[78.8159,17.7106],[78.8165,17.7236],[78.8406,17.7526],[78.8583,17.7486],[78.8698,17.7856],[78.8679,17.8088],[78.8686,17.8253],[78.8794,17.8281],[78.8779,17.8404],[78.8676,17.8596],[78.8684,17.868],[78.8679,17.8689],[78.8534,17.8702],[78.8309,17.8791]]]}},{"type":"Feature","properties":{"uid":"TSSD0188","mandal_name":"Jagityal_Rural","district_name":"Jagtial","centroid":[78.9356,18.817],"area":167.3,"zonalstat":{"min":0.5155,"max":0.8947,"mean":0.8026,"count":713,"sum":572.2497,"median":0.8146}},"geometry":{"type":"Polygon","coordinates":[[[79.0062,18.8961],[78.9914,18.9163],[78.9802,18.9076],[78.9699,18.9072],[78.9843,18.8726],[78.9754,18.8635],[78.9533,18.8731],[78.955,18.859],[78.942,18.8496],[78.9147,18.8539],[78.9024,18.8596],[78.8945,18.8559],[78.8866,18.8338],[78.8818,18.8312],[78.8478,18.8435],[78.8408,18.8406],[78.8331,18.815],[78.832,18.7969],[78.8418,18.7798],[78.8508,18.7708],[78.8469,18.7613],[78.8801,18.7417],[78.8899,18.7489],[78.8951,18.7597],[78.8872,18.7709],[78.8715,18.7729],[78.8625,18.7791],[78.8706,18.7925],[78.8782,18.7942],[78.8874,18.8081],[78.9098,18.8086],[78.9169,18.8223],[78.9341,18.8442],[78.9425,18.8461],[78.9434,18.8251],[78.9349,18.8195],[78.9345,18.8024],[78.9575,18.7986],[78.9503,18.784],[78.9252,18.776],[78.9189,18.769],[78.9153,18.7513],[78.9186,18.7338],[78.9365,18.7333],[78.9429,18.7449],[78.9579,18.7557],[78.9608,18.7618],[78.9901,18.7722],[78.9973,18.7866],[78.9939,18.7975],[79.0038,18.8269],[79.0173,18.8302],[79.0232,18.8556],[79.0226,18.8717],[79.0108,18.8793],[79.0062,18.8961]]]}},{"type":"Feature","properties":{"uid":"TSSD0189","mandal_name":"Jagtial","district_name":"Jagtial","centroid":[78.9122,18.7932],"area":42.64,"zonalstat":{"min":0.3386,"max":0.8859,"mean":0.7144,"count":185,"sum":132.1682,"median":0.7631}},"geometry":{"type":"Polygon","coordinates":[[[78.9153,18.7513],[78.9189,18.769],[78.9252,18.776],[78.9503,18.784],[78.9575,18.7986],[78.9345,18.8024],[78.9349,18.8195],[78.9434,18.8251],[78.9425,18.8461],[78.9341,18.8442],[78.9169,18.8223],[78.9098,18.8086],[78.8874,18.8081],[78.8782,18.7942],[78.8706,18.7925],[78.8625,18.7791],[78.8715,18.7729],[78.8872,18.7709],[78.8951,18.7597],[78.9153,18.7513]]]}},{"type":"Feature","properties":{"uid":"TSSD0190","mandal_name":"Jainad","district_name":"Adilabad","centroid":[78.6189,19.7413],"area":292.5,"zonalstat":{"min":0.071,"max":0.8638,"mean":0.6793,"count":1229,"sum":834.8444,"median":0.6856}},"geometry":{"type":"Polygon","coordinates":[[[78.7102,19.7693],[78.6954,19.7896],[78.6544,19.8003],[78.6436,19.807],[78.6178,19.8098],[78.6079,19.8175],[78.5877,19.8188],[78.5738,19.8161],[78.5498,19.8245],[78.5383,19.8199],[78.5153,19.8187],[78.5089,19.8113],[78.5049,19.7949],[78.4899,19.7929],[78.4822,19.7801],[78.4926,19.7529],[78.5158,19.744],[78.5263,19.7435],[78.533,19.7319],[78.5474,19.7337],[78.5628,19.7293],[78.5651,19.7394],[78.5781,19.7346],[78.5808,19.7187],[78.5991,19.7122],[78.6016,19.6878],[78.6224,19.6858],[78.6524,19.6576],[78.6523,19.6323],[78.6416,19.6167],[78.6566,19.6078],[78.6821,19.6082],[78.6811,19.6377],[78.6841,19.6505],[78.7245,19.6384],[78.7233,19.6517],[78.7146,19.655],[78.706,19.6733],[78.6923,19.674],[78.6862,19.6907],[78.7009,19.6901],[78.7084,19.7025],[78.7068,19.7387],[78.7172,19.7509],[78.7102,19.7693]]]}},{"type":"Feature","properties":{"uid":"TSSD0191","mandal_name":"Jainoor","district_name":"Kumurambheem Asifabad","centroid":[78.9211,19.4164],"area":218.89,"zonalstat":{"min":0.4982,"max":0.9278,"mean":0.7999,"count":935,"sum":747.923,"median":0.8027}},"geometry":{"type":"Polygon","coordinates":[[[79.0201,19.4203],[79.0142,19.4303],[79.0155,19.4468],[79.0237,19.4582],[78.9975,19.48],[78.9932,19.4867],[78.9778,19.4936],[78.9336,19.4704],[78.9212,19.4916],[78.9002,19.4765],[78.8967,19.4632],[78.8814,19.4443],[78.862,19.4499],[78.8511,19.4435],[78.8469,19.4261],[78.8281,19.4244],[78.8295,19.4147],[78.8197,19.3937],[78.8172,19.3813],[78.8368,19.3832],[78.8345,19.3636],[78.8482,19.3572],[78.8719,19.3402],[78.8846,19.3349],[78.9121,19.3306],[78.9204,19.3464],[78.8954,19.3534],[78.898,19.3695],[78.9117,19.3664],[78.9314,19.3696],[78.943,19.3531],[78.9549,19.3608],[78.9578,19.3915],[78.9705,19.3952],[78.9849,19.3892],[78.997,19.398],[79.0006,19.4091],[79.0201,19.4203]]]}},{"type":"Feature","properties":{"uid":"TSSD0192","mandal_name":"Jaipur","district_name":"Mancherial","centroid":[79.6058,18.7974],"area":276.43,"zonalstat":{"min":-0.3,"max":0.8763,"mean":0.717,"count":1178,"sum":844.6595,"median":0.7666}},"geometry":{"type":"Polygon","coordinates":[[[79.5864,18.9187],[79.5676,18.899],[79.5559,18.8946],[79.5493,18.9022],[79.5273,18.8916],[79.516,18.8855],[79.5187,18.8695],[79.5116,18.843],[79.5117,18.8288],[79.5031,18.8062],[79.4953,18.7988],[79.51,18.7854],[79.5278,18.786],[79.5462,18.7772],[79.5695,18.7667],[79.5873,18.7489],[79.6026,18.7384],[79.6371,18.727],[79.6455,18.7194],[79.6557,18.696],[79.6685,18.6806],[79.6882,18.672],[79.7084,18.6834],[79.7177,18.685],[79.707,18.7053],[79.7052,18.7307],[79.7212,18.7336],[79.7074,18.7544],[79.695,18.7641],[79.6801,18.7853],[79.6637,18.7966],[79.6432,18.8182],[79.6226,18.8353],[79.6199,18.8536],[79.6268,18.8673],[79.6256,18.8835],[79.6068,18.8819],[79.5929,18.9036],[79.5864,18.9187]]]}},{"type":"Feature","properties":{"uid":"TSSD0193","mandal_name":"Jajireddigudem","district_name":"Suryapet","centroid":[79.5462,17.3172],"area":133.29,"zonalstat":{"min":0.0996,"max":0.8484,"mean":0.7387,"count":557,"sum":411.4648,"median":0.7534}},"geometry":{"type":"Polygon","coordinates":[[[79.5331,17.3785],[79.5281,17.3802],[79.5118,17.3671],[79.5046,17.3553],[79.4739,17.3549],[79.4629,17.3412],[79.4705,17.3344],[79.4843,17.3088],[79.4905,17.2783],[79.5084,17.2849],[79.5182,17.2746],[79.5309,17.2786],[79.548,17.2587],[79.5591,17.2625],[79.5717,17.2591],[79.5773,17.2682],[79.5915,17.2669],[79.5922,17.2928],[79.6048,17.3096],[79.6165,17.3004],[79.6264,17.3011],[79.6323,17.312],[79.6309,17.3401],[79.6138,17.3484],[79.6037,17.3369],[79.5782,17.3474],[79.5692,17.3444],[79.5516,17.3499],[79.5516,17.3597],[79.5352,17.3705],[79.5331,17.3785]]]}},{"type":"Feature","properties":{"uid":"TSSD0194","mandal_name":"Jakranpally","district_name":"Nizamabad","centroid":[78.2785,18.7104],"area":148.29,"zonalstat":{"min":0.3469,"max":0.8787,"mean":0.6743,"count":626,"sum":422.09,"median":0.6791}},"geometry":{"type":"Polygon","coordinates":[[[78.336,18.7517],[78.3206,18.7555],[78.3145,18.7722],[78.3033,18.7757],[78.2897,18.7589],[78.2783,18.7611],[78.2671,18.7553],[78.2577,18.7429],[78.2478,18.7441],[78.2453,18.7664],[78.2246,18.7765],[78.2194,18.7595],[78.2187,18.7441],[78.208,18.7349],[78.2124,18.7218],[78.2258,18.7056],[78.2021,18.6691],[78.2365,18.6654],[78.2436,18.6577],[78.2684,18.6507],[78.2827,18.6507],[78.296,18.6719],[78.3087,18.674],[78.3284,18.667],[78.3358,18.6759],[78.3583,18.6661],[78.3625,18.672],[78.3579,18.6938],[78.3424,18.6978],[78.3437,18.7228],[78.333,18.7338],[78.336,18.7517]]]}},{"type":"Feature","properties":{"uid":"TSSD0195","mandal_name":"Jammikunta","district_name":"Karimnagar","centroid":[79.4897,18.3308],"area":134.59,"zonalstat":{"min":0.2036,"max":0.8594,"mean":0.7551,"count":566,"sum":427.3803,"median":0.7864}},"geometry":{"type":"Polygon","coordinates":[[[79.5744,18.372],[79.575,18.3915],[79.5799,18.4118],[79.5683,18.4239],[79.5522,18.4126],[79.5297,18.3985],[79.5033,18.3975],[79.4879,18.3873],[79.4731,18.3864],[79.4662,18.3781],[79.4627,18.359],[79.4488,18.3545],[79.4425,18.335],[79.4584,18.3208],[79.4541,18.3122],[79.4426,18.3056],[79.4202,18.3089],[79.4083,18.2848],[79.4281,18.2684],[79.4632,18.264],[79.4689,18.2441],[79.4804,18.2374],[79.4847,18.2275],[79.4959,18.2284],[79.4989,18.2582],[79.5024,18.2671],[79.4894,18.2771],[79.5033,18.3036],[79.5003,18.312],[79.5244,18.349],[79.5266,18.3718],[79.5351,18.3779],[79.5483,18.3738],[79.5744,18.372]]]}},{"type":"Feature","properties":{"uid":"TSSD0196","mandal_name":"Jangoan","district_name":"Jangoan","centroid":[79.1316,17.7576],"area":196.46,"zonalstat":{"min":0.1798,"max":0.8158,"mean":0.6891,"count":824,"sum":567.8068,"median":0.7038}},"geometry":{"type":"Polygon","coordinates":[[[79.1826,17.8324],[79.1618,17.8339],[79.148,17.8403],[79.1314,17.8423],[79.1314,17.8306],[79.1085,17.8207],[79.0939,17.8227],[79.074,17.8065],[79.0728,17.7969],[79.0843,17.7852],[79.0704,17.7678],[79.0664,17.7497],[79.0529,17.738],[79.046,17.7259],[79.072,17.7194],[79.09,17.6991],[79.0905,17.6901],[79.1024,17.6755],[79.1302,17.6686],[79.1449,17.6977],[79.1543,17.6936],[79.1728,17.7058],[79.1812,17.7256],[79.1976,17.7172],[79.2088,17.7168],[79.2104,17.7371],[79.199,17.7548],[79.1788,17.7721],[79.1918,17.7814],[79.1822,17.7999],[79.1933,17.8237],[79.1826,17.8324]]]}},{"type":"Feature","properties":{"uid":"TSSD0197","mandal_name":"Jannaram","district_name":"Mancherial","centroid":[79.0018,19.1359],"area":325.26,"zonalstat":{"min":-0.113,"max":0.9013,"mean":0.7803,"count":1385,"sum":1080.7073,"median":0.7956}},"geometry":{"type":"Polygon","coordinates":[[[79.0382,19.208],[79.0292,19.2056],[79.015,19.2135],[78.977,19.2241],[78.9851,19.2399],[78.9719,19.2386],[78.9524,19.2524],[78.9368,19.2293],[78.9371,19.2227],[78.9186,19.2023],[78.9191,19.1884],[78.8898,19.1702],[78.8793,19.161],[78.8833,19.1552],[78.8897,19.1294],[78.882,19.1125],[78.9026,19.0945],[78.9094,19.1036],[78.9209,19.1062],[78.9346,19.1186],[78.9434,19.0849],[78.9508,19.0749],[78.9723,19.0799],[78.9907,19.0737],[79.0051,19.0764],[79.0211,19.0742],[79.0678,19.0483],[79.0797,19.0353],[79.0873,19.0199],[79.0931,19.029],[79.1053,19.0348],[79.108,19.0475],[79.0979,19.0567],[79.1202,19.0821],[79.1227,19.0913],[79.1417,19.1032],[79.1349,19.112],[79.1185,19.1091],[79.0812,19.1492],[79.08,19.1636],[79.0363,19.173],[79.0349,19.19],[79.0382,19.208]]]}},{"type":"Feature","properties":{"uid":"TSSD0198","mandal_name":"Jharasangam","district_name":"Sangareddy","centroid":[77.7106,17.7465],"area":201.74,"zonalstat":{"min":0.5465,"max":0.8107,"mean":0.6921,"count":847,"sum":586.2399,"median":0.7}},"geometry":{"type":"Polygon","coordinates":[[[77.7926,17.7677],[77.7645,17.7693],[77.7611,17.7992],[77.7523,17.8062],[77.7426,17.7991],[77.7159,17.8103],[77.7202,17.8213],[77.7093,17.8306],[77.7052,17.8165],[77.6767,17.8147],[77.6726,17.7967],[77.6653,17.7928],[77.6314,17.7922],[77.6254,17.7822],[77.6241,17.7552],[77.6198,17.7437],[77.6374,17.7346],[77.6477,17.7189],[77.6541,17.6973],[77.6732,17.6896],[77.6774,17.6818],[77.698,17.6913],[77.7136,17.7052],[77.7259,17.6988],[77.7244,17.6831],[77.7317,17.6606],[77.7372,17.6589],[77.751,17.6897],[77.7636,17.6801],[77.7697,17.6841],[77.7713,17.694],[77.7851,17.6971],[77.7865,17.7162],[77.8017,17.7434],[77.7904,17.7478],[77.7926,17.7677]]]}},{"type":"Feature","properties":{"uid":"TSSD0199","mandal_name":"Jukkal","district_name":"Kamareddy","centroid":[77.609,18.3588],"area":202.26,"zonalstat":{"min":0.0801,"max":0.9234,"mean":0.7365,"count":846,"sum":623.0653,"median":0.7441}},"geometry":{"type":"Polygon","coordinates":[[[77.5816,18.4442],[77.5599,18.4373],[77.5476,18.4435],[77.5291,18.4432],[77.5287,18.4287],[77.5571,18.4189],[77.5519,18.3888],[77.5458,18.3885],[77.5256,18.3724],[77.5209,18.3583],[77.5226,18.3465],[77.5305,18.3392],[77.558,18.3315],[77.5705,18.3182],[77.5715,18.3088],[77.5529,18.2975],[77.5615,18.2847],[77.5709,18.2921],[77.5817,18.2852],[77.6003,18.282],[77.604,18.3048],[77.6304,18.302],[77.643,18.3085],[77.6569,18.3138],[77.6674,18.3236],[77.6684,18.3043],[77.7041,18.3075],[77.7133,18.3334],[77.71,18.3464],[77.7036,18.3584],[77.6905,18.3684],[77.6754,18.3687],[77.6626,18.3819],[77.6536,18.3847],[77.6408,18.3877],[77.6463,18.4014],[77.6344,18.415],[77.6148,18.4105],[77.5923,18.4176],[77.5947,18.442],[77.5816,18.4442]]]}},{"type":"Feature","properties":{"uid":"TSSD0200","mandal_name":"Julapalli","district_name":"Peddapalli","centroid":[79.2557,18.628],"area":99.87,"zonalstat":{"min":0.5101,"max":0.8678,"mean":0.8108,"count":427,"sum":346.1967,"median":0.8209}},"geometry":{"type":"Polygon","coordinates":[[[79.3097,18.6719],[79.2878,18.6719],[79.2701,18.6845],[79.256,18.6834],[79.2554,18.6583],[79.2523,18.6491],[79.2335,18.6471],[79.215,18.6643],[79.2086,18.6513],[79.2151,18.6417],[79.1969,18.6301],[79.1843,18.6161],[79.1858,18.6093],[79.2054,18.5956],[79.205,18.5791],[79.2203,18.5696],[79.2307,18.5676],[79.2481,18.5785],[79.2513,18.6028],[79.2571,18.6107],[79.2697,18.6049],[79.2779,18.6101],[79.2951,18.6007],[79.3127,18.6113],[79.3166,18.6365],[79.3242,18.6613],[79.3097,18.6719]]]}},{"type":"Feature","properties":{"uid":"TSSD0201","mandal_name":"Julurupad","district_name":"Bhadradri Kothagudem","centroid":[80.4978,17.4214],"area":238.74,"zonalstat":{"min":0.3214,"max":0.9153,"mean":0.7853,"count":1003,"sum":787.6656,"median":0.7956}},"geometry":{"type":"Polygon","coordinates":[[[80.5699,17.4385],[80.5636,17.4461],[80.5691,17.4565],[80.5559,17.4662],[80.5568,17.4757],[80.5451,17.4892],[80.5311,17.4991],[80.4872,17.5081],[80.4716,17.5081],[80.4448,17.4714],[80.4348,17.4526],[80.4164,17.4593],[80.395,17.4374],[80.421,17.4073],[80.4201,17.3857],[80.4411,17.3706],[80.475,17.3722],[80.5014,17.3774],[80.5061,17.3728],[80.5009,17.349],[80.5013,17.3364],[80.5083,17.3173],[80.557,17.3293],[80.5564,17.3681],[80.5644,17.3756],[80.5708,17.4063],[80.5699,17.4385]]]}},{"type":"Feature","properties":{"uid":"TSSD0202","mandal_name":"Kaddampeddur","district_name":"Nirmal","centroid":[78.8006,19.1665],"area":468.09,"zonalstat":{"min":-0.0826,"max":0.9034,"mean":0.7604,"count":1995,"sum":1516.9346,"median":0.7912}},"geometry":{"type":"Polygon","coordinates":[[[78.86,19.2801],[78.8479,19.2716],[78.8439,19.255],[78.82,19.2466],[78.8124,19.2219],[78.7994,19.2165],[78.7896,19.2424],[78.768,19.2572],[78.7586,19.2797],[78.7368,19.2864],[78.7206,19.2968],[78.7064,19.2651],[78.7096,19.2524],[78.7042,19.2296],[78.7026,19.1947],[78.6904,19.1826],[78.7043,19.1638],[78.7171,19.1536],[78.7251,19.1527],[78.7485,19.137],[78.7328,19.1048],[78.7208,19.0892],[78.7033,19.0937],[78.6972,19.0533],[78.7,19.0356],[78.7381,19.0181],[78.7541,19.0137],[78.7671,19.0186],[78.79,19.0375],[78.803,19.0484],[78.8147,19.0469],[78.8243,19.0527],[78.8314,19.0644],[78.8469,19.0711],[78.8265,19.0844],[78.8357,19.0925],[78.8313,19.1036],[78.8379,19.1215],[78.8496,19.1328],[78.8639,19.1214],[78.882,19.1125],[78.8897,19.1294],[78.8833,19.1552],[78.8793,19.161],[78.8898,19.1702],[78.9191,19.1884],[78.9186,19.2023],[78.9371,19.2227],[78.9368,19.2293],[78.9524,19.2524],[78.9433,19.2527],[78.9181,19.2708],[78.8939,19.2902],[78.8926,19.2803],[78.8839,19.2744],[78.8689,19.2824],[78.86,19.2801]]]}},{"type":"Feature","properties":{"uid":"TSSD0203","mandal_name":"Kadthal","district_name":"Rangareddy","centroid":[78.5323,16.95],"area":206.42,"zonalstat":{"min":0.1043,"max":0.9088,"mean":0.6919,"count":868,"sum":600.5279,"median":0.7086}},"geometry":{"type":"Polygon","coordinates":[[[78.5596,16.9835],[78.5377,16.9877],[78.5227,16.9937],[78.5077,17.0075],[78.4931,17.0141],[78.4881,17.0034],[78.4745,16.9903],[78.4592,16.984],[78.4569,16.9986],[78.4156,17.0151],[78.4041,16.9877],[78.3996,16.9676],[78.404,16.9617],[78.4254,16.9613],[78.4277,16.9567],[78.4501,16.9433],[78.4433,16.921],[78.4762,16.9192],[78.4951,16.9133],[78.5145,16.9145],[78.5394,16.9229],[78.5536,16.9101],[78.5671,16.9029],[78.575,16.8924],[78.602,16.8895],[78.6112,16.9027],[78.627,16.8983],[78.6334,16.9073],[78.644,16.9035],[78.6575,16.9059],[78.6648,16.9155],[78.6673,16.9445],[78.649,16.9605],[78.6115,16.9648],[78.5886,16.9521],[78.5727,16.9603],[78.5596,16.9835]]]}},{"type":"Feature","properties":{"uid":"TSSD0204","mandal_name":"Kagaznagar","district_name":"Kumurambheem Asifabad","centroid":[79.5248,19.3826],"area":442.33,"zonalstat":{"min":0.2649,"max":0.9136,"mean":0.7782,"count":1880,"sum":1463.0054,"median":0.8039}},"geometry":{"type":"Polygon","coordinates":[[[79.4593,19.5168],[79.4334,19.5376],[79.4208,19.5302],[79.4025,19.5383],[79.3894,19.5067],[79.3863,19.4907],[79.3762,19.4827],[79.3842,19.4663],[79.3994,19.4518],[79.4081,19.4579],[79.4213,19.4493],[79.4227,19.4417],[79.4089,19.4276],[79.4002,19.4411],[79.3881,19.4375],[79.3958,19.4251],[79.3829,19.4128],[79.3819,19.3997],[79.3946,19.3819],[79.3819,19.3711],[79.385,19.3659],[79.3768,19.3497],[79.3996,19.3491],[79.4174,19.345],[79.4234,19.3306],[79.4359,19.3256],[79.4376,19.3076],[79.4537,19.3096],[79.508,19.331],[79.5169,19.3242],[79.5109,19.3078],[79.5101,19.2881],[79.5499,19.2837],[79.5506,19.2638],[79.5565,19.266],[79.5636,19.2849],[79.5541,19.2902],[79.5621,19.3039],[79.5629,19.3198],[79.5736,19.32],[79.5758,19.309],[79.5888,19.3092],[79.5923,19.2968],[79.6027,19.2944],[79.6122,19.302],[79.6362,19.3006],[79.6446,19.3065],[79.664,19.3106],[79.6678,19.3274],[79.6639,19.3469],[79.6898,19.3365],[79.7021,19.3453],[79.7212,19.3437],[79.729,19.3296],[79.7469,19.367],[79.7358,19.3803],[79.7198,19.389],[79.6935,19.3808],[79.6777,19.3842],[79.6672,19.3907],[79.6278,19.3971],[79.6286,19.4072],[79.6222,19.4181],[79.5895,19.4192],[79.5873,19.4084],[79.5619,19.4058],[79.5553,19.4159],[79.5398,19.4163],[79.542,19.4046],[79.5349,19.3879],[79.5226,19.3868],[79.5058,19.378],[79.4932,19.3793],[79.4887,19.3877],[79.4788,19.444],[79.4677,19.4562],[79.455,19.4597],[79.46,19.4784],[79.4541,19.5021],[79.4593,19.5168]]]}},{"type":"Feature","properties":{"uid":"TSSD0205","mandal_name":"Kalher","district_name":"Sangareddy","centroid":[77.8475,18.1489],"area":148.77,"zonalstat":{"min":-0.3,"max":0.925,"mean":0.7069,"count":628,"sum":443.9269,"median":0.7583}},"geometry":{"type":"Polygon","coordinates":[[[77.9162,18.1149],[77.9299,18.1139],[77.9317,18.1221],[77.9455,18.1415],[77.9369,18.1541],[77.9233,18.1487],[77.9034,18.1662],[77.8983,18.1889],[77.8697,18.1883],[77.8653,18.2016],[77.8539,18.2077],[77.8456,18.2019],[77.8387,18.2045],[77.8292,18.1955],[77.8115,18.1963],[77.7972,18.205],[77.7718,18.1903],[77.7668,18.1604],[77.7832,18.1555],[77.7887,18.1437],[77.8002,18.1341],[77.7958,18.1164],[77.8076,18.1048],[77.8158,18.0884],[77.8241,18.0899],[77.8571,18.0844],[77.8694,18.0878],[77.8791,18.1024],[77.8725,18.1209],[77.8987,18.1319],[77.9162,18.1149]]]}},{"type":"Feature","properties":{"uid":"TSSD0206","mandal_name":"Kalluru","district_name":"Khammam","centroid":[80.5409,17.2072],"area":369.38,"zonalstat":{"min":0.1697,"max":0.9934,"mean":0.8214,"count":1513,"sum":1242.8209,"median":0.8478}},"geometry":{"type":"Polygon","coordinates":[[[80.4186,17.0918],[80.4173,17.073],[80.4303,17.0573],[80.4385,17.0375],[80.4647,17.03],[80.4711,17.0498],[80.4908,17.0516],[80.5043,17.0662],[80.5104,17.0849],[80.5032,17.09],[80.5133,17.1096],[80.514,17.1212],[80.5274,17.1172],[80.5439,17.1243],[80.5537,17.1331],[80.5623,17.1323],[80.58,17.1527],[80.5973,17.1447],[80.6072,17.135],[80.6159,17.1487],[80.606,17.1599],[80.6187,17.185],[80.6077,17.1942],[80.612,17.217],[80.5978,17.2253],[80.5958,17.2595],[80.6176,17.2559],[80.6299,17.2483],[80.642,17.2566],[80.6386,17.2774],[80.667,17.3007],[80.6501,17.3098],[80.6442,17.3206],[80.6301,17.3165],[80.6021,17.3456],[80.5757,17.3354],[80.5733,17.3267],[80.557,17.3293],[80.5083,17.3173],[80.4814,17.3009],[80.4764,17.3004],[80.4702,17.2733],[80.4889,17.2587],[80.495,17.2623],[80.5107,17.2572],[80.4999,17.2416],[80.5069,17.2314],[80.5106,17.212],[80.5188,17.2082],[80.5184,17.1967],[80.4986,17.1894],[80.4809,17.1687],[80.4722,17.1505],[80.4694,17.1309],[80.477,17.1235],[80.4519,17.1078],[80.4475,17.0932],[80.4339,17.09],[80.4195,17.092],[80.4186,17.0918]]]}},{"type":"Feature","properties":{"uid":"TSSD0207","mandal_name":"Kaloor_Thimmandoddi","district_name":"Jogulamba Gadwal","centroid":[77.5464,16.2188],"area":176.12,"zonalstat":{"min":0.1909,"max":0.8264,"mean":0.644,"count":705,"sum":454.0342,"median":0.6563}},"geometry":{"type":"Polygon","coordinates":[[[77.5973,16.2936],[77.5824,16.2924],[77.5693,16.304],[77.5451,16.2921],[77.5371,16.267],[77.5217,16.2787],[77.505,16.2763],[77.5014,16.2621],[77.4906,16.2555],[77.4925,16.2296],[77.5024,16.2243],[77.4996,16.1991],[77.4926,16.188],[77.4856,16.165],[77.4904,16.1612],[77.4899,16.12],[77.5043,16.1169],[77.5075,16.1245],[77.5326,16.1273],[77.5289,16.1439],[77.5495,16.1549],[77.5632,16.1694],[77.5821,16.1769],[77.5825,16.1869],[77.5902,16.2033],[77.6109,16.2136],[77.6081,16.2408],[77.6131,16.2559],[77.6196,16.2596],[77.6186,16.2723],[77.5973,16.2936]]]}},{"type":"Feature","properties":{"uid":"TSSD0208","mandal_name":"Kalwakurthy","district_name":"Nagarkurnool","centroid":[78.4738,16.6251],"area":291.99,"zonalstat":{"min":0.121,"max":0.9566,"mean":0.5887,"count":1231,"sum":724.6803,"median":0.6047}},"geometry":{"type":"Polygon","coordinates":[[[78.5791,16.6874],[78.5864,16.7041],[78.5688,16.7032],[78.5601,16.689],[78.5318,16.6664],[78.5133,16.6741],[78.5013,16.6931],[78.5031,16.7108],[78.4918,16.7189],[78.468,16.7231],[78.4627,16.7287],[78.4461,16.71],[78.4297,16.7057],[78.4241,16.6802],[78.402,16.674],[78.4036,16.6615],[78.3769,16.6619],[78.366,16.6454],[78.3637,16.6354],[78.3766,16.625],[78.3843,16.6119],[78.3948,16.6032],[78.405,16.5788],[78.4142,16.5712],[78.4246,16.5715],[78.4418,16.5626],[78.4571,16.5239],[78.4768,16.5064],[78.4734,16.4833],[78.495,16.4865],[78.4948,16.5048],[78.4934,16.527],[78.4814,16.5321],[78.4897,16.5618],[78.5106,16.5523],[78.5221,16.5629],[78.5254,16.5761],[78.5491,16.5765],[78.5608,16.6093],[78.556,16.6228],[78.5435,16.6334],[78.5472,16.6441],[78.5672,16.6542],[78.5761,16.6648],[78.581,16.6778],[78.5791,16.6874]]]}},{"type":"Feature","properties":{"uid":"TSSD0209","mandal_name":"Kamalapur","district_name":"Warangal_Urban","centroid":[79.5396,18.1872],"area":158.52,"zonalstat":{"min":0.3089,"max":0.9211,"mean":0.7846,"count":679,"sum":532.7356,"median":0.8037}},"geometry":{"type":"Polygon","coordinates":[[[79.5815,18.2562],[79.5627,18.2625],[79.5538,18.2663],[79.5477,18.2477],[79.5372,18.2335],[79.5149,18.2387],[79.5049,18.2267],[79.4959,18.2284],[79.4847,18.2275],[79.4731,18.2194],[79.4649,18.2014],[79.4762,18.1951],[79.4567,18.159],[79.4693,18.1586],[79.4964,18.1509],[79.5036,18.132],[79.5281,18.1282],[79.5439,18.1354],[79.5612,18.1204],[79.5816,18.1202],[79.5734,18.1328],[79.5836,18.1436],[79.6022,18.1415],[79.6023,18.1422],[79.6019,18.1615],[79.6082,18.1887],[79.5986,18.1946],[79.5997,18.2122],[79.5918,18.2178],[79.5897,18.2354],[79.58,18.2409],[79.5802,18.2535],[79.5815,18.2562]]]}},{"type":"Feature","properties":{"uid":"TSSD0210","mandal_name":"Kamanpur","district_name":"Peddapalli","centroid":[79.4967,18.6589],"area":60.42,"zonalstat":{"min":0.2392,"max":0.9229,"mean":0.7778,"count":254,"sum":197.5497,"median":0.8073}},"geometry":{"type":"Polygon","coordinates":[[[79.5399,18.6825],[79.5322,18.6742],[79.5129,18.6778],[79.51,18.6985],[79.5032,18.722],[79.5008,18.7221],[79.5038,18.7159],[79.4898,18.6875],[79.4634,18.6955],[79.4488,18.6707],[79.4566,18.665],[79.4582,18.6494],[79.4791,18.6453],[79.4715,18.6222],[79.4774,18.604],[79.4935,18.6017],[79.4964,18.6048],[79.5012,18.609],[79.5116,18.6531],[79.5284,18.65],[79.5426,18.6416],[79.5525,18.654],[79.5443,18.6645],[79.5514,18.6702],[79.5505,18.6811],[79.5399,18.6825]]]}},{"type":"Feature","properties":{"uid":"TSSD0211","mandal_name":"Kamareddy","district_name":"Kamareddy","centroid":[78.348,18.3246],"area":128.44,"zonalstat":{"min":-0.0365,"max":0.8626,"mean":0.6953,"count":544,"sum":378.2678,"median":0.7315}},"geometry":{"type":"Polygon","coordinates":[[[78.4089,18.3535],[78.4007,18.3696],[78.4111,18.3831],[78.4024,18.3862],[78.3958,18.3748],[78.386,18.3742],[78.3745,18.3875],[78.3556,18.38],[78.3461,18.3907],[78.3298,18.3864],[78.3255,18.3696],[78.3109,18.3581],[78.2901,18.3538],[78.2873,18.3301],[78.3066,18.3032],[78.2983,18.2642],[78.3,18.2564],[78.3132,18.2584],[78.3305,18.2677],[78.3636,18.2636],[78.3664,18.2656],[78.3792,18.2788],[78.3776,18.2906],[78.3862,18.2962],[78.4075,18.2952],[78.415,18.3001],[78.4283,18.2982],[78.4219,18.3066],[78.395,18.3118],[78.387,18.3419],[78.3997,18.352],[78.4089,18.3535]]]}},{"type":"Feature","properties":{"uid":"TSSD0212","mandal_name":"Kamepally","district_name":"Khammam","centroid":[80.2647,17.4167],"area":181.36,"zonalstat":{"min":0.3162,"max":0.8905,"mean":0.7389,"count":763,"sum":563.8024,"median":0.7523}},"geometry":{"type":"Polygon","coordinates":[[[80.3557,17.4414],[80.3533,17.455],[80.3246,17.4636],[80.3041,17.4739],[80.2805,17.4792],[80.2759,17.4639],[80.2672,17.4571],[80.2487,17.4679],[80.2372,17.4712],[80.2336,17.4635],[80.213,17.4463],[80.2023,17.4411],[80.1947,17.438],[80.1713,17.4435],[80.1619,17.4214],[80.167,17.4075],[80.1595,17.4041],[80.1609,17.3887],[80.1733,17.3999],[80.1899,17.4011],[80.1977,17.3824],[80.2113,17.3709],[80.2324,17.3697],[80.2636,17.3602],[80.32,17.3637],[80.3233,17.3651],[80.3399,17.4113],[80.3557,17.4414]]]}},{"type":"Feature","properties":{"uid":"TSSD0213","mandal_name":"Kanagal","district_name":"Nalgonda","centroid":[79.2068,16.9558],"area":224.78,"zonalstat":{"min":0.011,"max":0.8841,"mean":0.7461,"count":953,"sum":711.0197,"median":0.7622}},"geometry":{"type":"Polygon","coordinates":[[[79.3477,16.9503],[79.3162,16.9542],[79.3128,16.9638],[79.3155,16.9783],[79.3006,16.9766],[79.3041,16.9619],[79.2996,16.95],[79.2832,16.9522],[79.2684,16.9595],[79.2516,17.0068],[79.2422,17.0107],[79.218,17.0014],[79.197,17.01],[79.1989,17.0169],[79.1846,17.0271],[79.1644,17.0302],[79.1509,17.0093],[79.1365,16.999],[79.1191,17.0013],[79.1124,17.0067],[79.0994,16.9937],[79.1005,16.9771],[79.0902,16.9682],[79.0848,16.9397],[79.1264,16.9321],[79.1464,16.9386],[79.179,16.9348],[79.1802,16.9263],[79.1958,16.9098],[79.1885,16.8918],[79.2036,16.8818],[79.2095,16.8683],[79.2153,16.8649],[79.222,16.8835],[79.2517,16.9107],[79.2698,16.9132],[79.2937,16.906],[79.3014,16.9197],[79.3207,16.9247],[79.342,16.9207],[79.3464,16.9369],[79.3477,16.9503]]]}},{"type":"Feature","properties":{"uid":"TSSD0214","mandal_name":"Kandi","district_name":"Sangareddy","centroid":[78.1358,17.5642],"area":133.14,"zonalstat":{"min":0.2979,"max":0.8747,"mean":0.7074,"count":559,"sum":395.4258,"median":0.7218}},"geometry":{"type":"Polygon","coordinates":[[[78.2337,17.6384],[78.218,17.6399],[78.2124,17.6552],[78.1812,17.6339],[78.1614,17.6371],[78.1651,17.6226],[78.153,17.6042],[78.1275,17.6033],[78.1053,17.609],[78.0931,17.5906],[78.0898,17.5741],[78.0895,17.5536],[78.0755,17.5552],[78.0575,17.5624],[78.0558,17.5451],[78.0588,17.5324],[78.0732,17.531],[78.0715,17.5191],[78.0816,17.5168],[78.084,17.4984],[78.1097,17.4914],[78.1182,17.4835],[78.1372,17.4888],[78.1432,17.5013],[78.1631,17.514],[78.1649,17.5447],[78.146,17.5515],[78.1453,17.5671],[78.1523,17.5862],[78.1716,17.5872],[78.1788,17.601],[78.2153,17.6034],[78.2274,17.6192],[78.2336,17.6249],[78.2337,17.6384]]]}},{"type":"Feature","properties":{"uid":"TSSD0215","mandal_name":"Kandukur","district_name":"Rangareddy","centroid":[78.5031,17.0748],"area":307.2,"zonalstat":{"min":0.2819,"max":0.8813,"mean":0.7133,"count":1293,"sum":922.2418,"median":0.7354}},"geometry":{"type":"Polygon","coordinates":[[[78.5233,17.1709],[78.5125,17.1717],[78.5046,17.1788],[78.4793,17.1659],[78.4794,17.1493],[78.4897,17.1274],[78.491,17.1126],[78.4765,17.1036],[78.4522,17.1068],[78.4559,17.0923],[78.4389,17.0934],[78.4393,17.1087],[78.4185,17.1072],[78.4064,17.1029],[78.4042,17.0794],[78.3961,17.0714],[78.3953,17.0601],[78.3819,17.0503],[78.3779,17.0281],[78.4039,17.0143],[78.4156,17.0151],[78.4569,16.9986],[78.4592,16.984],[78.4745,16.9903],[78.4881,17.0034],[78.4931,17.0141],[78.5077,17.0075],[78.5227,16.9937],[78.5377,16.9877],[78.5596,16.9835],[78.5657,16.9944],[78.5457,17.0285],[78.5482,17.0418],[78.5667,17.0426],[78.586,17.0369],[78.596,17.0542],[78.5889,17.0632],[78.5995,17.0779],[78.61,17.1158],[78.6138,17.1204],[78.5979,17.1319],[78.5842,17.1364],[78.5864,17.1463],[78.5667,17.1584],[78.5579,17.1543],[78.5488,17.1626],[78.5233,17.1709]]]}},{"type":"Feature","properties":{"uid":"TSSD0216","mandal_name":"Kangti","district_name":"Sangareddy","centroid":[77.6475,18.2152],"area":229.57,"zonalstat":{"min":-0.0191,"max":0.8963,"mean":0.7369,"count":950,"sum":700.0284,"median":0.7549}},"geometry":{"type":"Polygon","coordinates":[[[77.7298,18.2436],[77.7248,18.2553],[77.7155,18.2595],[77.6893,18.2621],[77.6739,18.2781],[77.6576,18.2878],[77.6462,18.2902],[77.643,18.3085],[77.6304,18.302],[77.604,18.3048],[77.6003,18.282],[77.5955,18.2665],[77.5842,18.2616],[77.5737,18.245],[77.5853,18.22],[77.5708,18.1921],[77.5753,18.1741],[77.5854,18.1591],[77.597,18.1561],[77.5943,18.136],[77.5994,18.1203],[77.6376,18.1243],[77.6446,18.1357],[77.6484,18.152],[77.6634,18.1783],[77.6802,18.1765],[77.6843,18.1655],[77.7008,18.1485],[77.7094,18.1541],[77.7071,18.173],[77.7185,18.1858],[77.7275,18.1878],[77.7375,18.2033],[77.7443,18.2087],[77.7449,18.2231],[77.7298,18.2436]]]}},{"type":"Feature","properties":{"uid":"TSSD0217","mandal_name":"Kannaigudem","district_name":"Mulugu","centroid":[80.3095,18.4864],"area":375.33,"zonalstat":{"min":-0.133,"max":0.9763,"mean":0.5929,"count":1592,"sum":943.8936,"median":0.6552}},"geometry":{"type":"Polygon","coordinates":[[[80.4285,18.4626],[80.4005,18.4668],[80.3781,18.4848],[80.3741,18.5132],[80.3764,18.5313],[80.3941,18.5639],[80.3965,18.574],[80.389,18.5993],[80.3787,18.6101],[80.3642,18.6062],[80.3561,18.5976],[80.3446,18.5968],[80.3387,18.5944],[80.2733,18.5874],[80.2295,18.5525],[80.2343,18.5219],[80.2421,18.5048],[80.2233,18.4713],[80.2261,18.4535],[80.2241,18.4196],[80.2178,18.405],[80.2174,18.3936],[80.2306,18.3921],[80.2253,18.3804],[80.2426,18.3758],[80.2352,18.3584],[80.2508,18.3567],[80.2694,18.3502],[80.2726,18.3558],[80.3019,18.3677],[80.2936,18.3733],[80.2844,18.3901],[80.3052,18.4084],[80.3245,18.4061],[80.3475,18.4338],[80.3668,18.4333],[80.376,18.4231],[80.409,18.4184],[80.4224,18.4256],[80.4314,18.447],[80.4285,18.4626]]]}},{"type":"Feature","properties":{"uid":"TSSD0218","mandal_name":"Kannepalli","district_name":"Mancherial","centroid":[79.6595,19.1453],"area":169.42,"zonalstat":{"min":0.062,"max":0.8912,"mean":0.7591,"count":727,"sum":551.8966,"median":0.7876}},"geometry":{"type":"Polygon","coordinates":[[[79.6722,19.1987],[79.6641,19.2001],[79.6483,19.1939],[79.6474,19.2131],[79.6373,19.2109],[79.6199,19.1968],[79.6428,19.1842],[79.664,19.1868],[79.6617,19.1733],[79.6505,19.17],[79.641,19.1583],[79.6396,19.1412],[79.6147,19.1415],[79.6231,19.1549],[79.6187,19.1639],[79.6244,19.1709],[79.61,19.1773],[79.5867,19.148],[79.5761,19.1486],[79.5705,19.1404],[79.5544,19.1315],[79.5434,19.1167],[79.5565,19.1066],[79.5564,19.0953],[79.5748,19.0882],[79.5917,19.0902],[79.646,19.0867],[79.6764,19.1028],[79.6822,19.1258],[79.6977,19.1237],[79.7002,19.1406],[79.7223,19.1404],[79.7201,19.1539],[79.7405,19.1588],[79.7517,19.156],[79.7661,19.1617],[79.7703,19.1483],[79.7949,19.1394],[79.8052,19.147],[79.7801,19.1682],[79.7867,19.1817],[79.7726,19.1905],[79.7589,19.179],[79.7298,19.1867],[79.7144,19.2057],[79.6722,19.1987]]]}},{"type":"Feature","properties":{"uid":"TSSD0219","mandal_name":"Kapra","district_name":"Medchal_Malkajgiri","centroid":[78.5792,17.4943],"area":37.4,"zonalstat":{"min":0.234,"max":0.8212,"mean":0.4883,"count":155,"sum":75.6898,"median":0.47}},"geometry":{"type":"Polygon","coordinates":[[[78.6133,17.4548],[78.6228,17.4781],[78.5904,17.4812],[78.5906,17.491],[78.5819,17.508],[78.5837,17.5181],[78.5942,17.538],[78.5922,17.5446],[78.5788,17.5448],[78.5583,17.5531],[78.5537,17.543],[78.5674,17.5426],[78.5769,17.5374],[78.561,17.5156],[78.555,17.5024],[78.5415,17.4963],[78.5399,17.4892],[78.552,17.4825],[78.5595,17.4724],[78.5705,17.4651],[78.5822,17.4669],[78.5924,17.4615],[78.5914,17.4496],[78.6133,17.4548]]]}},{"type":"Feature","properties":{"uid":"TSSD0220","mandal_name":"Karakagudem","district_name":"Bhadradri Kothagudem","centroid":[80.5564,18.0364],"area":222.05,"zonalstat":{"min":0.2056,"max":0.9695,"mean":0.6935,"count":937,"sum":649.7673,"median":0.7074}},"geometry":{"type":"Polygon","coordinates":[[[80.6021,18.0805],[80.5863,18.0862],[80.5649,18.1002],[80.5489,18.1028],[80.5375,18.0953],[80.5271,18.1031],[80.5152,18.1196],[80.5024,18.1291],[80.4956,18.1435],[80.4762,18.1328],[80.48,18.1268],[80.4669,18.0937],[80.4559,18.0762],[80.4554,18.0601],[80.4431,18.0611],[80.4385,18.0546],[80.4508,18.0536],[80.4564,18.036],[80.4722,18.0324],[80.4895,18.0241],[80.5053,18.0355],[80.516,18.0334],[80.53,18.0479],[80.5374,18.0366],[80.5244,18.0211],[80.54,18.0208],[80.5421,18.0303],[80.5558,18.0306],[80.5478,18.017],[80.5591,18.0157],[80.5653,18.0064],[80.5784,18.0092],[80.5922,18.0064],[80.5967,17.9904],[80.5888,17.9874],[80.5659,17.9465],[80.5536,17.9291],[80.5802,17.9118],[80.6492,17.9609],[80.64,17.9642],[80.6362,17.9754],[80.6418,17.9946],[80.6351,18.0364],[80.6266,18.0561],[80.6154,18.0721],[80.6021,18.0805]]]}},{"type":"Feature","properties":{"uid":"TSSD0221","mandal_name":"Karimnagar","district_name":"Karimnagar","centroid":[79.1195,18.4289],"area":34.8,"zonalstat":{"min":-0.0652,"max":0.7856,"mean":0.3767,"count":147,"sum":55.3685,"median":0.4086}},"geometry":{"type":"Polygon","coordinates":[[[79.126,18.4579],[79.1122,18.4604],[79.099,18.4552],[79.1018,18.4398],[79.0798,18.4239],[79.0884,18.4105],[79.1252,18.3971],[79.1539,18.4201],[79.1481,18.4336],[79.147,18.4528],[79.126,18.4579]]]}},{"type":"Feature","properties":{"uid":"TSSD0222","mandal_name":"Karimnagar_Rural","district_name":"Karimnagar","centroid":[79.1748,18.4812],"area":108.97,"zonalstat":{"min":0.1503,"max":0.9013,"mean":0.7529,"count":464,"sum":349.3441,"median":0.7822}},"geometry":{"type":"Polygon","coordinates":[[[79.2162,18.5351],[79.205,18.5334],[79.1893,18.538],[79.1775,18.5229],[79.1642,18.5269],[79.1615,18.517],[79.1264,18.5289],[79.1221,18.5205],[79.1246,18.5131],[79.1144,18.4917],[79.1212,18.4848],[79.115,18.4693],[79.126,18.4579],[79.147,18.4528],[79.1481,18.4336],[79.1539,18.4201],[79.1596,18.4243],[79.1906,18.4315],[79.2369,18.448],[79.2255,18.4606],[79.2241,18.4866],[79.2196,18.4921],[79.2228,18.5054],[79.2155,18.5126],[79.2208,18.5268],[79.2162,18.5351]]]}},{"type":"Feature","properties":{"uid":"TSSD0223","mandal_name":"Kasipet","district_name":"Mancherial","centroid":[79.344,19.0579],"area":335.72,"zonalstat":{"min":0.1698,"max":0.872,"mean":0.7938,"count":1429,"sum":1134.3711,"median":0.818}},"geometry":{"type":"Polygon","coordinates":[[[79.3902,19.1342],[79.3769,19.1363],[79.3535,19.1504],[79.3314,19.1535],[79.3155,19.159],[79.3227,19.14],[79.3169,19.121],[79.3155,19.1029],[79.2856,19.1179],[79.2596,19.1369],[79.2511,19.1288],[79.2618,19.1213],[79.2555,19.1111],[79.2583,19.1005],[79.2583,19.0755],[79.245,19.0774],[79.2282,19.0667],[79.2174,19.0506],[79.2189,19.04],[79.2116,19.0277],[79.217,18.9968],[79.2243,18.9867],[79.2257,18.9875],[79.2324,18.9943],[79.2568,18.9845],[79.2567,18.9938],[79.2776,19.0055],[79.3098,19.0029],[79.3153,19.0083],[79.3301,19.0038],[79.3505,18.9871],[79.355,19.0],[79.3913,18.9972],[79.3921,18.9966],[79.4046,18.9941],[79.4066,19.0039],[79.4302,19.0012],[79.4423,18.9954],[79.4487,18.9848],[79.4601,18.9979],[79.4694,19.0155],[79.4779,19.0213],[79.4861,19.0461],[79.4769,19.0573],[79.4594,19.0645],[79.4382,19.0829],[79.4273,19.0877],[79.4212,19.0984],[79.4069,19.1117],[79.3902,19.1342]]]}},{"type":"Feature","properties":{"uid":"TSSD0224","mandal_name":"Kataram","district_name":"Jayashankar Bhupalpally","centroid":[79.9148,18.6491],"area":274.84,"zonalstat":{"min":-0.1411,"max":0.9633,"mean":0.7398,"count":1163,"sum":860.4091,"median":0.766}},"geometry":{"type":"Polygon","coordinates":[[[80.0219,18.6306],[80.0335,18.6509],[80.0202,18.6479],[80.0037,18.6495],[79.9877,18.6736],[79.99,18.6832],[79.9629,18.6932],[79.9506,18.6947],[79.9328,18.6843],[79.927,18.6896],[79.9288,18.7189],[79.921,18.7235],[79.9201,18.7372],[79.9108,18.7433],[79.8927,18.7432],[79.8874,18.7187],[79.8531,18.7393],[79.8355,18.7566],[79.8301,18.7419],[79.8205,18.7383],[79.8221,18.7225],[79.8123,18.7103],[79.8289,18.6758],[79.8327,18.6613],[79.8244,18.6454],[79.8506,18.6372],[79.86,18.626],[79.8627,18.6054],[79.8818,18.59],[79.8891,18.601],[79.9119,18.5954],[79.9223,18.5548],[79.9082,18.5177],[79.9321,18.5105],[79.9471,18.5549],[79.9612,18.5791],[79.979,18.5803],[79.9837,18.5899],[80.0005,18.5908],[80.004,18.6035],[80.0219,18.6306]]]}},{"type":"Feature","properties":{"uid":"TSSD0225","mandal_name":"Kathlapur","district_name":"Jagtial","centroid":[78.694,18.7077],"area":181.36,"zonalstat":{"min":0.2242,"max":0.8678,"mean":0.7515,"count":770,"sum":578.672,"median":0.761}},"geometry":{"type":"Polygon","coordinates":[[[78.7459,18.7825],[78.7289,18.7791],[78.7015,18.7865],[78.6768,18.7895],[78.6676,18.7692],[78.645,18.7706],[78.6342,18.7453],[78.6373,18.7367],[78.6319,18.7246],[78.6399,18.7145],[78.6403,18.6976],[78.6344,18.69],[78.6318,18.6774],[78.6375,18.6725],[78.6528,18.6345],[78.661,18.6322],[78.6846,18.6347],[78.6939,18.6414],[78.7066,18.6412],[78.7199,18.6337],[78.732,18.6343],[78.7609,18.6336],[78.7586,18.6517],[78.7426,18.6648],[78.7499,18.6807],[78.7493,18.6993],[78.7333,18.7057],[78.7415,18.7281],[78.7321,18.7355],[78.7347,18.7527],[78.7439,18.7468],[78.7518,18.7551],[78.757,18.7736],[78.7459,18.7825]]]}},{"type":"Feature","properties":{"uid":"TSSD0226","mandal_name":"Kattangur","district_name":"Nalgonda","centroid":[79.3144,17.1929],"area":192.46,"zonalstat":{"min":0.3049,"max":0.8386,"mean":0.7152,"count":808,"sum":577.8746,"median":0.7209}},"geometry":{"type":"Polygon","coordinates":[[[79.3802,17.2117],[79.3758,17.2214],[79.3535,17.2373],[79.3564,17.2512],[79.3372,17.2594],[79.3218,17.2734],[79.297,17.2916],[79.2819,17.2665],[79.2905,17.2552],[79.2871,17.2377],[79.2635,17.2432],[79.2519,17.2305],[79.2491,17.2128],[79.2558,17.199],[79.2427,17.17],[79.2469,17.1571],[79.2421,17.14],[79.2502,17.1257],[79.2687,17.1192],[79.2723,17.1488],[79.2947,17.1446],[79.3066,17.1331],[79.3121,17.1371],[79.3257,17.1326],[79.3261,17.1198],[79.34,17.1117],[79.3514,17.1152],[79.3627,17.1294],[79.3693,17.1319],[79.3798,17.1476],[79.3845,17.2001],[79.3802,17.2117]]]}},{"type":"Feature","properties":{"uid":"TSSD0227","mandal_name":"Keesara","district_name":"Medchal_Malkajgiri","centroid":[78.6472,17.5196],"area":134.6,"zonalstat":{"min":0.2902,"max":0.8159,"mean":0.6023,"count":570,"sum":343.2968,"median":0.627}},"geometry":{"type":"Polygon","coordinates":[[[78.6846,17.579],[78.674,17.5799],[78.6649,17.573],[78.6562,17.58],[78.6407,17.5679],[78.628,17.5706],[78.6036,17.5636],[78.5894,17.5552],[78.5922,17.5446],[78.5942,17.538],[78.5837,17.5181],[78.5819,17.508],[78.5906,17.491],[78.5904,17.4812],[78.6228,17.4781],[78.6133,17.4548],[78.6233,17.4515],[78.6252,17.4518],[78.629,17.4521],[78.6393,17.4639],[78.6574,17.4601],[78.6641,17.4691],[78.6942,17.4884],[78.7076,17.4848],[78.7127,17.5237],[78.701,17.535],[78.6953,17.551],[78.7041,17.5587],[78.6826,17.5774],[78.6846,17.579]]]}},{"type":"Feature","properties":{"uid":"TSSD0228","mandal_name":"Kerameri","district_name":"Kumurambheem Asifabad","centroid":[79.0853,19.4573],"area":347.89,"zonalstat":{"min":0.3626,"max":0.8832,"mean":0.8133,"count":1472,"sum":1197.2108,"median":0.8202}},"geometry":{"type":"Polygon","coordinates":[[[79.2155,19.4651],[79.1909,19.4591],[79.1791,19.4628],[79.1669,19.473],[79.1637,19.4838],[79.1349,19.5069],[79.104,19.5239],[79.0971,19.5328],[79.0762,19.533],[79.0459,19.5485],[79.0229,19.5422],[78.9985,19.5408],[78.9978,19.5491],[78.9814,19.5615],[78.9708,19.5507],[78.9406,19.552],[78.9389,19.5427],[78.9491,19.5341],[78.9402,19.5128],[78.9524,19.5031],[78.9606,19.5031],[78.9778,19.4936],[78.9932,19.4867],[78.9975,19.48],[79.0237,19.4582],[79.0155,19.4468],[79.0142,19.4303],[79.0201,19.4203],[79.0406,19.416],[79.0433,19.4028],[79.0539,19.395],[79.0595,19.3612],[79.0725,19.359],[79.1244,19.3639],[79.1274,19.3722],[79.1631,19.3612],[79.1707,19.3673],[79.2002,19.3671],[79.1817,19.3866],[79.1965,19.4034],[79.2014,19.4165],[79.2051,19.4415],[79.2115,19.4506],[79.2233,19.4477],[79.2155,19.4651]]]}},{"type":"Feature","properties":{"uid":"TSSD0229","mandal_name":"Kesamudram","district_name":"Mahabubabad","centroid":[79.8874,17.6782],"area":223.57,"zonalstat":{"min":0.438,"max":0.9019,"mean":0.773,"count":941,"sum":727.3574,"median":0.7817}},"geometry":{"type":"Polygon","coordinates":[[[80.0028,17.6977],[79.9865,17.696],[79.9684,17.7039],[79.9493,17.7085],[79.9556,17.7175],[79.9467,17.7307],[79.9233,17.7403],[79.9186,17.7673],[79.9063,17.7705],[79.9019,17.7461],[79.896,17.7364],[79.8825,17.7313],[79.864,17.7361],[79.8541,17.7165],[79.8402,17.717],[79.822,17.7102],[79.818,17.6989],[79.805,17.7006],[79.7944,17.7075],[79.7848,17.7069],[79.7706,17.6965],[79.7658,17.6587],[79.7917,17.652],[79.7975,17.6436],[79.8165,17.642],[79.8316,17.649],[79.8532,17.6486],[79.8574,17.6244],[79.872,17.6196],[79.8876,17.6267],[79.8978,17.6217],[79.9187,17.6001],[79.9189,17.6],[79.9269,17.6027],[79.9373,17.6194],[79.954,17.6138],[79.969,17.6302],[79.9591,17.6394],[79.9495,17.6595],[79.963,17.6635],[79.9874,17.6635],[79.9926,17.6731],[79.996,17.6932],[80.0028,17.6977]]]}},{"type":"Feature","properties":{"uid":"TSSD0230","mandal_name":"Keshampeta","district_name":"Rangareddy","centroid":[78.3347,16.9642],"area":224.92,"zonalstat":{"min":0.27,"max":0.9297,"mean":0.6886,"count":948,"sum":652.7712,"median":0.7055}},"geometry":{"type":"Polygon","coordinates":[[[78.3634,17.0411],[78.3435,17.0472],[78.3318,17.0427],[78.3158,17.0514],[78.3039,17.0447],[78.2937,17.0285],[78.283,17.022],[78.2631,17.0206],[78.2552,17.0267],[78.2478,17.0119],[78.2485,16.9985],[78.2717,16.9949],[78.2692,16.9638],[78.2782,16.9567],[78.2716,16.9336],[78.277,16.9233],[78.3016,16.9199],[78.3025,16.8794],[78.3161,16.8738],[78.3213,16.8565],[78.3305,16.8522],[78.3426,16.8789],[78.3599,16.8807],[78.3674,16.8774],[78.3899,16.8867],[78.3979,16.907],[78.378,16.9132],[78.3729,16.9247],[78.3829,16.9391],[78.3988,16.9516],[78.404,16.9617],[78.3996,16.9676],[78.4041,16.9877],[78.4156,17.0151],[78.4039,17.0143],[78.3779,17.0281],[78.3634,17.0411]]]}},{"type":"Feature","properties":{"uid":"TSSD0231","mandal_name":"Kethepally","district_name":"Nalgonda","centroid":[79.5106,17.1492],"area":147.6,"zonalstat":{"min":0.1432,"max":0.8989,"mean":0.75,"count":627,"sum":470.2266,"median":0.7698}},"geometry":{"type":"Polygon","coordinates":[[[79.5934,17.0724],[79.5932,17.0797],[79.5823,17.1018],[79.5676,17.1234],[79.5603,17.1435],[79.5381,17.1661],[79.5247,17.1879],[79.5256,17.2042],[79.5202,17.2391],[79.5136,17.2501],[79.4991,17.2328],[79.477,17.225],[79.471,17.1949],[79.4654,17.1798],[79.4452,17.1868],[79.4443,17.1762],[79.4334,17.148],[79.4597,17.1454],[79.4548,17.1333],[79.4703,17.1272],[79.469,17.1197],[79.4915,17.1042],[79.4927,17.0937],[79.5078,17.0833],[79.5273,17.0836],[79.533,17.091],[79.5552,17.0928],[79.5558,17.0777],[79.5934,17.0724]]]}},{"type":"Feature","properties":{"uid":"TSSD0232","mandal_name":"Khaazipet","district_name":"Warangal_Urban","centroid":[79.4995,17.9587],"area":107.02,"zonalstat":{"min":0.2973,"max":0.8415,"mean":0.6803,"count":454,"sum":308.874,"median":0.6977}},"geometry":{"type":"Polygon","coordinates":[[[79.4934,18.0055],[79.4617,18.0099],[79.4553,17.9806],[79.4321,17.9436],[79.4371,17.9142],[79.4487,17.9091],[79.4582,17.9085],[79.4721,17.9173],[79.4865,17.9183],[79.5154,17.929],[79.5248,17.9405],[79.5497,17.9391],[79.5536,17.9294],[79.5692,17.929],[79.5706,17.9574],[79.5675,17.9659],[79.5894,17.9858],[79.5653,17.9901],[79.5529,17.9823],[79.541,17.9882],[79.5259,17.9863],[79.5106,17.992],[79.4934,18.0055]]]}},{"type":"Feature","properties":{"uid":"TSSD0233","mandal_name":"Khairatabad","district_name":"Hyderabad","centroid":[78.4481,17.4296],"area":17.24,"zonalstat":{"min":0.0085,"max":0.5882,"mean":0.2807,"count":74,"sum":20.7753,"median":0.2849}},"geometry":{"type":"Polygon","coordinates":[[[78.4651,17.4376],[78.4563,17.4308],[78.4425,17.4368],[78.4446,17.4433],[78.4292,17.4541],[78.414,17.4518],[78.405,17.4502],[78.4072,17.4412],[78.4408,17.4301],[78.4481,17.4238],[78.4519,17.4081],[78.462,17.4001],[78.4736,17.4057],[78.4774,17.4219],[78.4775,17.435],[78.4696,17.4378],[78.4651,17.4376]]]}},{"type":"Feature","properties":{"uid":"TSSD0234","mandal_name":"Khammam_Rural","district_name":"Khammam","centroid":[80.0962,17.2841],"area":193.74,"zonalstat":{"min":0.4377,"max":0.8898,"mean":0.7092,"count":814,"sum":577.2598,"median":0.7155}},"geometry":{"type":"Polygon","coordinates":[[[80.1587,17.3785],[80.1436,17.3942],[80.1216,17.3836],[80.1109,17.3588],[80.1039,17.3574],[80.0829,17.3649],[80.0577,17.3458],[80.0541,17.3092],[80.0453,17.3023],[80.0501,17.2851],[80.0462,17.2799],[80.0168,17.2764],[80.0227,17.2659],[80.0197,17.2545],[80.0339,17.2496],[80.035,17.2354],[80.0309,17.2268],[80.0432,17.2147],[80.0626,17.2104],[80.0791,17.2033],[80.0957,17.2055],[80.1183,17.1949],[80.1362,17.1787],[80.1604,17.1837],[80.1593,17.1896],[80.1219,17.2326],[80.1319,17.2665],[80.136,17.2964],[80.1332,17.312],[80.1362,17.3202],[80.1669,17.3608],[80.1587,17.3785]]]}},{"type":"Feature","properties":{"uid":"TSSD0235","mandal_name":"Khammam_Urban","district_name":"Khammam","centroid":[80.1673,17.2486],"area":92.31,"zonalstat":{"min":0.3344,"max":0.9266,"mean":0.6532,"count":388,"sum":253.4502,"median":0.6674}},"geometry":{"type":"Polygon","coordinates":[[[80.2158,17.2365],[80.2067,17.2503],[80.2049,17.2681],[80.1903,17.2775],[80.189,17.2988],[80.1779,17.3023],[80.1672,17.3155],[80.1532,17.3062],[80.1332,17.312],[80.136,17.2964],[80.1319,17.2665],[80.1219,17.2326],[80.1593,17.1896],[80.1604,17.1837],[80.1605,17.1793],[80.1737,17.194],[80.1929,17.1941],[80.2035,17.2077],[80.2158,17.2365]]]}},{"type":"Feature","properties":{"uid":"TSSD0236","mandal_name":"Khanapur","district_name":"Nirmal","centroid":[78.6376,19.1013],"area":237.88,"zonalstat":{"min":-0.3,"max":0.8586,"mean":0.735,"count":1002,"sum":736.4674,"median":0.7741}},"geometry":{"type":"MultiPolygon","coordinates":[[[[78.7,19.0356],[78.6972,19.0533],[78.7033,19.0937],[78.7208,19.0892],[78.7328,19.1048],[78.7485,19.137],[78.7251,19.1527],[78.7171,19.1536],[78.7043,19.1638],[78.6904,19.1826],[78.6751,19.1783],[78.6728,19.1659],[78.6593,19.1395],[78.6536,19.1088],[78.6545,19.0987],[78.6286,19.1047],[78.6193,19.0854],[78.5997,19.0949],[78.5929,19.0833],[78.5887,19.0631],[78.5987,19.0567],[78.6075,19.0348],[78.6187,19.016],[78.614,19.0101],[78.615,18.9802],[78.6217,18.9789],[78.6376,18.9781],[78.6553,18.997],[78.6642,19.013],[78.6903,19.0335],[78.7,19.0356]]],[[[78.5962,19.0963],[78.5966,19.1092],[78.586,19.1089],[78.5857,19.1265],[78.5999,19.1319],[78.6116,19.1275],[78.614,19.1575],[78.5891,19.2025],[78.5552,19.1822],[78.509,19.1754],[78.5159,19.1645],[78.5204,19.1417],[78.5297,19.1332],[78.5522,19.1288],[78.5725,19.1069],[78.5962,19.0963]]]]}},{"type":"Feature","properties":{"uid":"TSSD0237","mandal_name":"Khanapur","district_name":"Warangal_Rural","centroid":[79.951,17.9225],"area":139.46,"zonalstat":{"min":0.1854,"max":0.929,"mean":0.8045,"count":592,"sum":476.2619,"median":0.8243}},"geometry":{"type":"Polygon","coordinates":[[[79.988,17.8759],[79.9918,17.9015],[80.0045,17.9145],[79.9902,17.9454],[79.9834,17.9524],[79.989,17.9705],[79.9832,17.9757],[79.9912,17.9877],[79.9916,18.0152],[79.9585,18.0196],[79.9483,18.0113],[79.929,18.0108],[79.9358,17.9775],[79.9444,17.9637],[79.9325,17.9388],[79.9232,17.936],[79.9179,17.9217],[79.8976,17.8943],[79.8849,17.8829],[79.8846,17.8667],[79.9108,17.8494],[79.9337,17.846],[79.9387,17.8405],[79.9504,17.8352],[79.9541,17.8644],[79.9812,17.8607],[79.988,17.8759]]]}},{"type":"Feature","properties":{"uid":"TSSD0238","mandal_name":"Khila Warangal","district_name":"Warangal_Urban","centroid":[79.6079,17.9296],"area":81.36,"zonalstat":{"min":0.2379,"max":0.8725,"mean":0.668,"count":345,"sum":230.4638,"median":0.7093}},"geometry":{"type":"Polygon","coordinates":[[[79.6179,17.9761],[79.5975,17.9746],[79.5907,17.9864],[79.5894,17.9858],[79.5675,17.9659],[79.5706,17.9574],[79.5692,17.929],[79.5536,17.9294],[79.5585,17.917],[79.5824,17.8997],[79.594,17.8968],[79.5919,17.8854],[79.617,17.8692],[79.6267,17.8739],[79.6323,17.8936],[79.6475,17.9071],[79.6516,17.9236],[79.6583,17.925],[79.6556,17.9443],[79.6179,17.9761]]]}},{"type":"Feature","properties":{"uid":"TSSD0239","mandal_name":"Kodad","district_name":"Suryapet","centroid":[79.9823,16.9532],"area":172.15,"zonalstat":{"min":0.1874,"max":0.9283,"mean":0.7827,"count":698,"sum":546.3507,"median":0.8148}},"geometry":{"type":"Polygon","coordinates":[[[80.061,16.9825],[80.0183,17.0022],[80.0146,17.0173],[79.9877,17.0199],[79.9693,17.0183],[79.9517,17.0269],[79.9311,17.0182],[79.9338,17.0074],[79.9272,17.0011],[79.9353,16.9807],[79.9256,16.9717],[79.9298,16.9518],[79.9272,16.9174],[79.9129,16.906],[79.9163,16.8925],[79.9402,16.8846],[79.9744,16.8808],[79.9853,16.8976],[80.0054,16.8803],[80.0181,16.9169],[80.0407,16.9196],[80.0519,16.9414],[80.0484,16.9466],[80.0566,16.9705],[80.061,16.9825]]]}},{"type":"Feature","properties":{"uid":"TSSD0240","mandal_name":"Kodair","district_name":"Nagarkurnool","centroid":[78.2528,16.2536],"area":205.2,"zonalstat":{"min":0.0775,"max":0.8495,"mean":0.6767,"count":861,"sum":582.6538,"median":0.6852}},"geometry":{"type":"Polygon","coordinates":[[[78.2971,16.3319],[78.28,16.3294],[78.2624,16.3338],[78.2582,16.3072],[78.2516,16.2893],[78.2225,16.3063],[78.2174,16.3205],[78.1922,16.3219],[78.183,16.3065],[78.1647,16.2974],[78.1657,16.2792],[78.1756,16.2548],[78.1974,16.2564],[78.2225,16.253],[78.2192,16.234],[78.2024,16.2358],[78.1966,16.2256],[78.2087,16.2002],[78.21,16.1778],[78.2275,16.1699],[78.2206,16.1497],[78.243,16.1504],[78.2463,16.1628],[78.2573,16.1672],[78.2685,16.1889],[78.2826,16.1833],[78.2855,16.1757],[78.3061,16.195],[78.3082,16.2144],[78.2957,16.2135],[78.2821,16.2215],[78.2844,16.2291],[78.2973,16.2303],[78.2957,16.2399],[78.3062,16.2474],[78.3123,16.258],[78.3239,16.259],[78.3344,16.2812],[78.3446,16.281],[78.3445,16.2998],[78.3027,16.3151],[78.2971,16.3319]]]}},{"type":"Feature","properties":{"uid":"TSSD0241","mandal_name":"Kodangal","district_name":"Vikarabad","centroid":[77.5721,17.0974],"area":249.51,"zonalstat":{"min":-0.1285,"max":0.8301,"mean":0.7027,"count":1045,"sum":734.3395,"median":0.7166}},"geometry":{"type":"Polygon","coordinates":[[[77.4641,17.1086],[77.4626,17.0943],[77.4762,17.0799],[77.4832,17.0594],[77.4957,17.0435],[77.5103,17.0426],[77.5285,17.0311],[77.534,17.0605],[77.5522,17.0567],[77.5664,17.0701],[77.5781,17.0658],[77.5903,17.0543],[77.5888,17.0414],[77.5938,17.0356],[77.6127,17.0401],[77.6322,17.038],[77.6462,17.0311],[77.6488,17.0209],[77.6617,17.0347],[77.6671,17.0343],[77.6696,17.0512],[77.6759,17.0601],[77.6908,17.0577],[77.7138,17.0583],[77.7168,17.0823],[77.676,17.085],[77.6676,17.0891],[77.6604,17.1027],[77.6482,17.1166],[77.6469,17.1307],[77.6275,17.1388],[77.6202,17.1533],[77.5863,17.1519],[77.5764,17.1305],[77.5478,17.1418],[77.5408,17.1521],[77.5428,17.161],[77.5315,17.1674],[77.5142,17.1757],[77.5019,17.1729],[77.4957,17.1784],[77.4759,17.1761],[77.4793,17.1502],[77.4723,17.1424],[77.4832,17.1336],[77.4806,17.1225],[77.4641,17.1086]]]}},{"type":"Feature","properties":{"uid":"TSSD0242","mandal_name":"Kodimial","district_name":"Jagtial","centroid":[78.8926,18.6291],"area":173.87,"zonalstat":{"min":0.4132,"max":0.8669,"mean":0.7635,"count":741,"sum":565.7218,"median":0.7764}},"geometry":{"type":"Polygon","coordinates":[[[78.9816,18.6581],[78.9701,18.6503],[78.9481,18.6521],[78.9349,18.6599],[78.9061,18.6869],[78.8769,18.6848],[78.8669,18.677],[78.8526,18.6804],[78.832,18.6816],[78.809,18.6682],[78.815,18.6577],[78.8102,18.6513],[78.7872,18.6345],[78.7887,18.6249],[78.8091,18.6122],[78.8231,18.6119],[78.846,18.5968],[78.857,18.5942],[78.8774,18.5979],[78.9077,18.5647],[78.9166,18.5733],[78.9297,18.5637],[78.9409,18.5833],[78.96,18.5764],[78.9704,18.5786],[78.9834,18.5695],[78.9885,18.5745],[78.9805,18.5929],[78.9663,18.6093],[78.9771,18.6278],[78.9816,18.6581]]]}},{"type":"Feature","properties":{"uid":"TSSD0243","mandal_name":"Koheda","district_name":"Siddipet","centroid":[79.0833,18.1607],"area":206.41,"zonalstat":{"min":0.4114,"max":0.8477,"mean":0.7463,"count":879,"sum":656.0256,"median":0.7581}},"geometry":{"type":"Polygon","coordinates":[[[79.163,18.1634],[79.1512,18.1703],[79.1443,18.1844],[79.1488,18.1989],[79.1384,18.2032],[79.1286,18.2146],[79.1126,18.2134],[79.108,18.2219],[79.1103,18.2375],[79.1242,18.2425],[79.1202,18.2545],[79.1307,18.2633],[79.1333,18.2723],[79.1179,18.2696],[79.1042,18.2706],[79.0892,18.2535],[79.0782,18.2367],[79.0807,18.2119],[79.0701,18.1977],[79.0498,18.1893],[79.0373,18.2129],[79.043,18.2276],[79.0188,18.2187],[79.0072,18.1989],[79.0129,18.1845],[79.0077,18.1781],[79.0202,18.1695],[79.0116,18.1584],[79.0048,18.1393],[79.0106,18.1313],[79.0285,18.1288],[79.033,18.1024],[79.0247,18.0939],[79.0488,18.0819],[79.0556,18.0849],[79.0831,18.0864],[79.1255,18.0759],[79.1178,18.0888],[79.1392,18.1079],[79.1399,18.1349],[79.148,18.1435],[79.1578,18.1452],[79.163,18.1634]]]}},{"type":"Feature","properties":{"uid":"TSSD0244","mandal_name":"Kohir","district_name":"Sangareddy","centroid":[77.6976,17.5967],"area":227.62,"zonalstat":{"min":0.3399,"max":0.827,"mean":0.6688,"count":956,"sum":639.3313,"median":0.6772}},"geometry":{"type":"Polygon","coordinates":[[[77.5955,17.5459],[77.5967,17.5347],[77.621,17.5307],[77.6278,17.5241],[77.6588,17.5226],[77.6747,17.5091],[77.6871,17.5116],[77.6899,17.5269],[77.7085,17.5238],[77.7211,17.5342],[77.7473,17.5491],[77.7593,17.5602],[77.7612,17.5795],[77.7703,17.5856],[77.7741,17.5998],[77.7687,17.6122],[77.7496,17.6136],[77.7466,17.6243],[77.7714,17.6263],[77.7832,17.6387],[77.7747,17.6466],[77.7697,17.6841],[77.7636,17.6801],[77.751,17.6897],[77.7372,17.6589],[77.7317,17.6606],[77.7244,17.6831],[77.7259,17.6988],[77.7136,17.7052],[77.7049,17.6835],[77.6941,17.6712],[77.6763,17.6579],[77.6672,17.6378],[77.6443,17.6344],[77.6368,17.6228],[77.6393,17.6025],[77.61,17.5586],[77.6104,17.5525],[77.5955,17.5459]]]}},{"type":"Feature","properties":{"uid":"TSSD0245","mandal_name":"Koilkonda","district_name":"Mahabubnagar","centroid":[77.7936,16.7793],"area":223.05,"zonalstat":{"min":-0.1822,"max":0.8814,"mean":0.7188,"count":938,"sum":674.2528,"median":0.7411}},"geometry":{"type":"Polygon","coordinates":[[[77.7875,16.8762],[77.7712,16.88],[77.7581,16.8726],[77.7378,16.8814],[77.733,16.8772],[77.7353,16.865],[77.7281,16.8496],[77.7449,16.8283],[77.7305,16.811],[77.7417,16.7948],[77.7362,16.7877],[77.7223,16.7878],[77.7132,16.7936],[77.7048,16.7863],[77.6937,16.7935],[77.6803,16.7921],[77.6756,16.7751],[77.6754,16.7586],[77.6855,16.7538],[77.7009,16.7505],[77.7275,16.7542],[77.7437,16.7448],[77.7557,16.7212],[77.7477,16.7109],[77.7677,16.6979],[77.7953,16.7384],[77.8147,16.7308],[77.8296,16.73],[77.8407,16.7239],[77.8588,16.7198],[77.867,16.7112],[77.8743,16.7146],[77.8881,16.7408],[77.8906,16.7545],[77.9085,16.7547],[77.9078,16.7634],[77.8934,16.7791],[77.8882,16.8014],[77.8808,16.8085],[77.8382,16.8142],[77.8271,16.8215],[77.8143,16.8139],[77.8033,16.8208],[77.7895,16.8218],[77.7826,16.8154],[77.7625,16.8259],[77.7725,16.8391],[77.7673,16.8528],[77.7828,16.8643],[77.7875,16.8762]]]}},{"type":"Feature","properties":{"uid":"TSSD0246","mandal_name":"Kollapur","district_name":"Nagarkurnool","centroid":[78.4337,16.1217],"area":550.84,"zonalstat":{"min":-0.1047,"max":0.888,"mean":0.7129,"count":2074,"sum":1478.5095,"median":0.7745}},"geometry":{"type":"Polygon","coordinates":[[[78.3232,16.0337],[78.33,16.0408],[78.3494,16.0486],[78.3622,16.0463],[78.3859,16.0653],[78.4067,16.0757],[78.4364,16.0725],[78.4602,16.0735],[78.4797,16.0689],[78.4993,16.0609],[78.5229,16.055],[78.5497,16.0436],[78.559,16.0463],[78.5866,16.064],[78.5999,16.083],[78.6236,16.0891],[78.6504,16.0798],[78.6577,16.0674],[78.6632,16.0992],[78.6581,16.1135],[78.6429,16.1274],[78.6283,16.1247],[78.6105,16.1326],[78.596,16.1337],[78.5932,16.1461],[78.5837,16.1586],[78.561,16.1726],[78.5267,16.1853],[78.5006,16.1928],[78.4874,16.2168],[78.4608,16.2165],[78.4536,16.2107],[78.4244,16.2033],[78.4215,16.1951],[78.3945,16.1944],[78.3914,16.1747],[78.3661,16.181],[78.3555,16.1731],[78.3343,16.1688],[78.3104,16.1672],[78.3022,16.1561],[78.2882,16.1591],[78.2855,16.1757],[78.2826,16.1833],[78.2685,16.1889],[78.2573,16.1672],[78.2463,16.1628],[78.243,16.1504],[78.2206,16.1497],[78.2182,16.1395],[78.2268,16.1387],[78.2391,16.1101],[78.2353,16.09],[78.2554,16.0834],[78.2734,16.0809],[78.2771,16.0631],[78.3054,16.0528],[78.312,16.0396],[78.3232,16.0337]]]}},{"type":"Feature","properties":{"uid":"TSSD0247","mandal_name":"Komuravelli","district_name":"Siddipet","centroid":[78.8858,17.9191],"area":70.37,"zonalstat":{"min":0.5346,"max":0.841,"mean":0.7237,"count":300,"sum":217.1149,"median":0.7373}},"geometry":{"type":"Polygon","coordinates":[[[78.9196,17.9832],[78.9195,17.9835],[78.9067,17.9605],[78.8788,17.9649],[78.8673,17.9503],[78.8651,17.9313],[78.8536,17.9222],[78.8517,17.9055],[78.8402,17.8958],[78.8274,17.8945],[78.8309,17.8791],[78.8534,17.8702],[78.8679,17.8689],[78.8678,17.8694],[78.8827,17.8782],[78.8978,17.8762],[78.9019,17.898],[78.9101,17.8989],[78.9205,17.9176],[78.9325,17.927],[78.935,17.9393],[78.9291,17.9461],[78.9162,17.9478],[78.9328,17.9799],[78.9196,17.9832]]]}},{"type":"Feature","properties":{"uid":"TSSD0248","mandal_name":"Konaraopet","district_name":"Rajanna Sircilla","centroid":[78.7083,18.4904],"area":206.05,"zonalstat":{"min":0.1899,"max":0.8673,"mean":0.7518,"count":874,"sum":657.1013,"median":0.7664}},"geometry":{"type":"Polygon","coordinates":[[[78.7743,18.5069],[78.7447,18.5176],[78.7375,18.5136],[78.7246,18.52],[78.7067,18.5417],[78.6906,18.5435],[78.6597,18.5688],[78.6399,18.568],[78.6127,18.588],[78.6081,18.5822],[78.597,18.55],[78.6274,18.5299],[78.6191,18.5135],[78.6356,18.4889],[78.6455,18.4918],[78.6616,18.4673],[78.6579,18.4629],[78.675,18.4453],[78.6989,18.4522],[78.7173,18.4345],[78.7212,18.4222],[78.7423,18.4157],[78.757,18.4198],[78.7861,18.4041],[78.8,18.4303],[78.8103,18.4333],[78.8165,18.4491],[78.8078,18.4554],[78.8165,18.4782],[78.8005,18.4846],[78.7916,18.4765],[78.7738,18.4881],[78.7743,18.5069]]]}},{"type":"Feature","properties":{"uid":"TSSD0249","mandal_name":"Kondamallapally","district_name":"Nalgonda","centroid":[78.9862,16.6952],"area":129.18,"zonalstat":{"min":0.0072,"max":0.902,"mean":0.6866,"count":546,"sum":374.9046,"median":0.689}},"geometry":{"type":"Polygon","coordinates":[[[79.0213,16.7238],[79.0078,16.7238],[79.0064,16.7447],[79.0101,16.7599],[78.9948,16.7618],[78.9809,16.7527],[78.9786,16.7403],[78.9484,16.75],[78.9465,16.7572],[78.9201,16.7589],[78.9188,16.7586],[78.9105,16.7348],[78.9295,16.7233],[78.9309,16.7167],[78.9467,16.7003],[78.9358,16.6887],[78.9411,16.6675],[78.9546,16.6512],[78.9674,16.6497],[78.9862,16.651],[79.0011,16.6357],[79.0164,16.6385],[79.0346,16.6303],[79.051,16.6264],[79.0549,16.6418],[79.062,16.6516],[79.0496,16.6634],[79.0388,16.6664],[79.0369,16.7002],[79.0286,16.7064],[79.0213,16.7238]]]}},{"type":"Feature","properties":{"uid":"TSSD0250","mandal_name":"Kondapak","district_name":"Siddipet","centroid":[78.8414,17.9703],"area":228.02,"zonalstat":{"min":0.0579,"max":0.869,"mean":0.7213,"count":962,"sum":693.9297,"median":0.7477}},"geometry":{"type":"Polygon","coordinates":[[[78.9265,18.0534],[78.9241,18.044],[78.9084,18.0466],[78.9057,18.0365],[78.8764,18.0415],[78.8533,18.0411],[78.8305,18.0481],[78.8061,18.0483],[78.7992,18.0221],[78.8056,18.0095],[78.8007,17.9997],[78.7877,17.993],[78.7949,17.9829],[78.7942,17.9634],[78.7875,17.9481],[78.7589,17.9352],[78.7335,17.9357],[78.7366,17.9122],[78.7513,17.8866],[78.7736,17.8828],[78.792,17.8769],[78.8128,17.8799],[78.8309,17.8791],[78.8274,17.8945],[78.8402,17.8958],[78.8517,17.9055],[78.8536,17.9222],[78.8651,17.9313],[78.8673,17.9503],[78.8788,17.9649],[78.9067,17.9605],[78.9195,17.9835],[78.9195,17.9836],[78.931,17.9992],[78.9439,17.9975],[78.96,18.0323],[78.9603,18.0323],[78.9265,18.0534]]]}},{"type":"Feature","properties":{"uid":"TSSD0251","mandal_name":"Kondapur","district_name":"Sangareddy","centroid":[78.015,17.5377],"area":151.36,"zonalstat":{"min":-0.3,"max":0.8659,"mean":0.7068,"count":636,"sum":449.5401,"median":0.7218}},"geometry":{"type":"Polygon","coordinates":[[[78.0478,17.6092],[78.0422,17.6109],[78.0258,17.594],[78.0171,17.5936],[78.0059,17.5847],[78.0026,17.5954],[77.99,17.6004],[77.9741,17.5901],[77.9742,17.583],[77.9522,17.5716],[77.9454,17.5728],[77.9338,17.5614],[77.9404,17.5519],[77.9364,17.5395],[77.9552,17.538],[77.9678,17.5327],[77.9747,17.5212],[77.9661,17.5057],[77.9644,17.4843],[77.9807,17.484],[77.9901,17.5057],[78.0064,17.4958],[78.0007,17.484],[78.0039,17.476],[78.0228,17.4652],[78.0342,17.4712],[78.0483,17.4514],[78.0628,17.4495],[78.0631,17.4693],[78.0487,17.4724],[78.0528,17.4836],[78.0633,17.4854],[78.0715,17.5191],[78.0732,17.531],[78.0588,17.5324],[78.0558,17.5451],[78.0575,17.5624],[78.0651,17.5779],[78.0732,17.5786],[78.0658,17.6063],[78.0478,17.6092]]]}},{"type":"Feature","properties":{"uid":"TSSD0252","mandal_name":"Kondurg","district_name":"Rangareddy","centroid":[78.0544,17.0965],"area":130.56,"zonalstat":{"min":0.1062,"max":0.876,"mean":0.694,"count":547,"sum":379.6257,"median":0.7157}},"geometry":{"type":"Polygon","coordinates":[[[78.0977,17.0842],[78.0918,17.091],[78.0944,17.1015],[78.0806,17.1067],[78.0816,17.1271],[78.0951,17.1369],[78.0895,17.1611],[78.0825,17.1683],[78.0833,17.1794],[78.0736,17.1847],[78.0459,17.1877],[78.0444,17.1683],[78.0165,17.1661],[78.0109,17.1486],[78.0348,17.1386],[78.0357,17.1239],[78.0158,17.1209],[78.0145,17.1059],[78.018,17.0923],[78.0148,17.078],[78.022,17.0441],[78.0301,17.0229],[78.0296,17.0143],[78.0327,17.0097],[78.0582,16.9996],[78.0695,17.0033],[78.0808,17.0254],[78.0682,17.0282],[78.0743,17.0539],[78.0898,17.0517],[78.0965,17.0677],[78.0977,17.0842]]]}},{"type":"Feature","properties":{"uid":"TSSD0253","mandal_name":"Konijerla","district_name":"Khammam","centroid":[80.3137,17.2361],"area":248.08,"zonalstat":{"min":-0.0066,"max":0.9054,"mean":0.716,"count":1050,"sum":751.7822,"median":0.7429}},"geometry":{"type":"Polygon","coordinates":[[[80.3829,17.2595],[80.3803,17.2701],[80.3881,17.2839],[80.3892,17.2995],[80.3743,17.3107],[80.3741,17.3189],[80.3616,17.3446],[80.3473,17.3586],[80.3428,17.3567],[80.3376,17.3317],[80.3253,17.3179],[80.3095,17.3125],[80.2931,17.294],[80.2745,17.288],[80.2704,17.2732],[80.2623,17.2654],[80.2463,17.2754],[80.2378,17.2622],[80.2408,17.2398],[80.2291,17.2327],[80.2367,17.2117],[80.2412,17.1664],[80.2686,17.1561],[80.281,17.1581],[80.2926,17.142],[80.3076,17.1281],[80.3247,17.1286],[80.3322,17.1537],[80.3428,17.1616],[80.3396,17.1745],[80.3441,17.2012],[80.3645,17.195],[80.3766,17.2027],[80.3819,17.2097],[80.3844,17.2374],[80.3829,17.2595]]]}},{"type":"Feature","properties":{"uid":"TSSD0254","mandal_name":"Korutla","district_name":"Jagtial","centroid":[78.7344,18.8395],"area":137.05,"zonalstat":{"min":0.3408,"max":0.8854,"mean":0.7347,"count":583,"sum":428.3337,"median":0.7477}},"geometry":{"type":"Polygon","coordinates":[[[78.7673,18.8979],[78.7579,18.8844],[78.7489,18.8795],[78.7298,18.8853],[78.7243,18.9011],[78.7113,18.9008],[78.7076,18.8893],[78.6969,18.8819],[78.6759,18.8796],[78.6698,18.8745],[78.6717,18.8572],[78.6781,18.8363],[78.6796,18.8093],[78.6768,18.7895],[78.7015,18.7865],[78.7289,18.7791],[78.7459,18.7825],[78.7519,18.7911],[78.7852,18.8027],[78.7981,18.8216],[78.7911,18.8275],[78.7948,18.8476],[78.8078,18.8572],[78.8052,18.8645],[78.7913,18.8711],[78.7912,18.8863],[78.7673,18.8979]]]}},{"type":"Feature","properties":{"uid":"TSSD0255","mandal_name":"Kosgi","district_name":"Narayanpet","centroid":[77.7037,16.9678],"area":202.41,"zonalstat":{"min":0.2095,"max":0.8678,"mean":0.7186,"count":849,"sum":610.1032,"median":0.7275}},"geometry":{"type":"Polygon","coordinates":[[[77.7535,17.0616],[77.7239,17.0374],[77.7147,17.0405],[77.7036,17.0259],[77.6861,17.0215],[77.6671,17.0343],[77.6617,17.0347],[77.6488,17.0209],[77.6361,17.0136],[77.654,17.0055],[77.6449,16.9908],[77.6237,16.9848],[77.6267,16.9661],[77.6215,16.953],[77.6496,16.9457],[77.6585,16.938],[77.652,16.921],[77.6599,16.9069],[77.6736,16.9025],[77.6756,16.8886],[77.6836,16.8684],[77.7138,16.8695],[77.726,16.8787],[77.733,16.8772],[77.7378,16.8814],[77.7436,16.9493],[77.7607,16.9785],[77.7567,16.9864],[77.7636,16.9991],[77.7609,17.0131],[77.7645,17.0213],[77.7752,17.0202],[77.7839,17.0445],[77.7721,17.0595],[77.7535,17.0616]]]}},{"type":"Feature","properties":{"uid":"TSSD0256","mandal_name":"Kotagiri","district_name":"Nizamabad","centroid":[77.7949,18.5792],"area":167.13,"zonalstat":{"min":0.0374,"max":0.9043,"mean":0.6139,"count":695,"sum":426.6578,"median":0.6377}},"geometry":{"type":"Polygon","coordinates":[[[77.8383,18.6207],[77.8129,18.6452],[77.8135,18.6609],[77.7866,18.6669],[77.7697,18.6622],[77.7642,18.6486],[77.7309,18.6485],[77.7455,18.6229],[77.7459,18.606],[77.7502,18.5892],[77.7406,18.5755],[77.7386,18.557],[77.7532,18.5513],[77.7629,18.5247],[77.7613,18.5026],[77.7817,18.5045],[77.7889,18.4972],[77.8362,18.5053],[77.8514,18.5091],[77.8455,18.5293],[77.8511,18.5471],[77.8528,18.5579],[77.8379,18.5675],[77.8396,18.5759],[77.8543,18.581],[77.8543,18.5921],[77.8331,18.6004],[77.8383,18.6207]]]}},{"type":"Feature","properties":{"uid":"TSSD0257","mandal_name":"Kotepally","district_name":"Vikarabad","centroid":[77.7744,17.414],"area":113.18,"zonalstat":{"min":0.1337,"max":0.8231,"mean":0.7238,"count":478,"sum":345.9755,"median":0.7383}},"geometry":{"type":"Polygon","coordinates":[[[77.8018,17.4733],[77.7719,17.4568],[77.7631,17.4477],[77.7525,17.4484],[77.7422,17.441],[77.7434,17.4256],[77.7323,17.4262],[77.7224,17.4177],[77.7313,17.406],[77.7189,17.3947],[77.7174,17.3836],[77.6963,17.3892],[77.6866,17.3862],[77.6682,17.3785],[77.6723,17.3642],[77.6985,17.3599],[77.7057,17.3609],[77.71,17.379],[77.7249,17.3688],[77.7478,17.3654],[77.7659,17.3765],[77.793,17.3776],[77.7909,17.3865],[77.8047,17.4043],[77.8375,17.3955],[77.8515,17.419],[77.8525,17.4409],[77.8318,17.4506],[77.8213,17.4661],[77.8018,17.4733]]]}},{"type":"Feature","properties":{"uid":"TSSD0258","mandal_name":"Kothaguda","district_name":"Mahabubabad","centroid":[80.089,17.9489],"area":542.64,"zonalstat":{"min":0.113,"max":0.9617,"mean":0.762,"count":2278,"sum":1735.8901,"median":0.7717}},"geometry":{"type":"Polygon","coordinates":[[[80.117,18.079],[80.1032,18.0806],[80.091,18.0718],[80.0795,18.0702],[80.0728,18.0801],[80.0524,18.0903],[80.0412,18.1065],[80.0169,18.0801],[80.0006,18.0551],[79.9984,18.0339],[79.9916,18.0152],[79.9912,17.9877],[79.9832,17.9757],[79.989,17.9705],[79.9834,17.9524],[79.9902,17.9454],[80.0045,17.9145],[79.9918,17.9015],[79.988,17.8759],[80.0033,17.8664],[80.0144,17.8519],[80.0154,17.8416],[80.0401,17.8263],[80.0737,17.8274],[80.0846,17.8203],[80.1217,17.7813],[80.1342,17.7738],[80.1579,17.8102],[80.1575,17.8268],[80.1417,17.8258],[80.1298,17.8391],[80.1324,17.8807],[80.1428,17.8792],[80.1599,17.8841],[80.1719,17.8802],[80.1944,17.8792],[80.1937,17.9087],[80.2135,17.9092],[80.2153,17.9221],[80.2,17.923],[80.1915,17.9394],[80.2094,17.9428],[80.2247,17.9382],[80.227,17.9663],[80.17,17.968],[80.1268,17.9675],[80.1207,17.9729],[80.1296,17.9863],[80.1559,17.992],[80.1813,18.0004],[80.2059,17.9953],[80.2075,18.0145],[80.2021,18.0198],[80.1421,18.0542],[80.117,18.079]]]}},{"type":"Feature","properties":{"uid":"TSSD0259","mandal_name":"Kothagudem","district_name":"Bhadradri Kothagudem","centroid":[80.6256,17.5345],"area":16.26,"zonalstat":{"min":0.3771,"max":0.9517,"mean":0.6842,"count":70,"sum":47.8928,"median":0.7089}},"geometry":{"type":"Polygon","coordinates":[[[80.6538,17.5447],[80.6279,17.5582],[80.6079,17.5625],[80.6009,17.5476],[80.601,17.5466],[80.6179,17.5421],[80.6258,17.5358],[80.6209,17.5222],[80.61,17.5131],[80.6122,17.5032],[80.6408,17.505],[80.6318,17.5319],[80.6538,17.5447]]]}},{"type":"Feature","properties":{"uid":"TSSD0260","mandal_name":"Kothakota","district_name":"Wanaparthy","centroid":[77.9381,16.3391],"area":171.68,"zonalstat":{"min":0.0751,"max":0.8837,"mean":0.6906,"count":718,"sum":495.8357,"median":0.7049}},"geometry":{"type":"Polygon","coordinates":[[[77.9924,16.3664],[77.9788,16.3693],[77.9849,16.4012],[77.9738,16.4196],[77.9529,16.4276],[77.9491,16.4433],[77.9348,16.4482],[77.9176,16.442],[77.902,16.4446],[77.907,16.4319],[77.9195,16.4224],[77.915,16.4097],[77.9221,16.396],[77.9224,16.3805],[77.9128,16.3765],[77.9048,16.3638],[77.8924,16.3641],[77.8879,16.3539],[77.8913,16.3319],[77.8863,16.326],[77.8818,16.3002],[77.9042,16.2662],[77.9161,16.2347],[77.9403,16.2569],[77.9609,16.2468],[77.9739,16.2497],[77.9789,16.2648],[77.9875,16.2683],[77.9876,16.2828],[77.9696,16.2892],[77.9538,16.2985],[77.9588,16.3198],[77.9724,16.3209],[77.9906,16.3461],[77.9924,16.3664]]]}},{"type":"Feature","properties":{"uid":"TSSD0261","mandal_name":"Kothapally","district_name":"Karimnagar","centroid":[79.0526,18.4525],"area":97.2,"zonalstat":{"min":0.0081,"max":0.8686,"mean":0.6578,"count":411,"sum":270.3593,"median":0.7152}},"geometry":{"type":"Polygon","coordinates":[[[79.1144,18.4917],[79.0987,18.5052],[79.0807,18.5144],[79.0706,18.5098],[79.0682,18.4831],[79.0533,18.4684],[79.0332,18.4779],[78.987,18.4694],[78.9861,18.4573],[78.9937,18.4444],[79.0096,18.4352],[78.9893,18.4172],[78.9962,18.3995],[79.0189,18.4002],[79.039,18.4047],[79.0494,18.414],[79.0667,18.4224],[79.0798,18.4239],[79.1018,18.4398],[79.099,18.4552],[79.1122,18.4604],[79.126,18.4579],[79.115,18.4693],[79.1212,18.4848],[79.1144,18.4917]]]}},{"type":"Feature","properties":{"uid":"TSSD0262","mandal_name":"Kothur","district_name":"Rangareddy","centroid":[78.2899,17.133],"area":105.51,"zonalstat":{"min":0.1563,"max":0.8797,"mean":0.629,"count":440,"sum":276.7534,"median":0.6398}},"geometry":{"type":"MultiPolygon","coordinates":[[[[78.3634,17.0411],[78.3697,17.0477],[78.3671,17.0646],[78.3499,17.0656],[78.3416,17.0848],[78.3439,17.0941],[78.3341,17.1032],[78.3343,17.1231],[78.3282,17.132],[78.3138,17.1286],[78.3031,17.113],[78.2999,17.0962],[78.2886,17.0929],[78.2816,17.0745],[78.2833,17.0672],[78.3108,17.0579],[78.3158,17.0514],[78.3318,17.0427],[78.3435,17.0472],[78.3634,17.0411]]],[[[78.3015,17.145],[78.2976,17.148],[78.303,17.1751],[78.2892,17.1869],[78.2873,17.2193],[78.2664,17.2255],[78.2593,17.2102],[78.2561,17.2005],[78.2282,17.1981],[78.2158,17.2031],[78.2128,17.183],[78.2249,17.1874],[78.2313,17.176],[78.2228,17.1693],[78.2102,17.1703],[78.2251,17.152],[78.2633,17.1459],[78.2781,17.1361],[78.3012,17.1332],[78.3015,17.145]]]]}},{"type":"Feature","properties":{"uid":"TSSD0263","mandal_name":"Kouthala","district_name":"Kumurambheem Asifabad","centroid":[79.7297,19.5372],"area":178.1,"zonalstat":{"min":-0.1107,"max":0.9408,"mean":0.7482,"count":741,"sum":554.3879,"median":0.7695}},"geometry":{"type":"Polygon","coordinates":[[[79.8187,19.5677],[79.8154,19.5752],[79.7991,19.5823],[79.7797,19.5993],[79.7533,19.6078],[79.7391,19.6078],[79.717,19.5892],[79.7059,19.5842],[79.6862,19.5837],[79.6341,19.5761],[79.6372,19.5591],[79.6615,19.5506],[79.6662,19.536],[79.6624,19.5219],[79.6742,19.5243],[79.7052,19.4754],[79.6923,19.4597],[79.6953,19.453],[79.73,19.4584],[79.7429,19.4522],[79.7549,19.4602],[79.7737,19.4562],[79.7596,19.4849],[79.7742,19.499],[79.7831,19.5162],[79.7851,19.5359],[79.7808,19.5504],[79.8028,19.5572],[79.8187,19.5677]]]}},{"type":"Feature","properties":{"uid":"TSSD0264","mandal_name":"Kowdipally","district_name":"Medak","centroid":[78.2078,17.8737],"area":161.34,"zonalstat":{"min":0.3713,"max":0.9345,"mean":0.7729,"count":685,"sum":529.4252,"median":0.7784}},"geometry":{"type":"Polygon","coordinates":[[[78.2741,17.9263],[78.2687,17.9298],[78.2658,17.93],[78.2438,17.9199],[78.2322,17.9275],[78.2043,17.9237],[78.1964,17.9154],[78.1764,17.9314],[78.1652,17.9356],[78.1558,17.9234],[78.1501,17.9337],[78.1373,17.9304],[78.127,17.9364],[78.1201,17.9281],[78.1173,17.9137],[78.1056,17.9034],[78.134,17.8972],[78.1654,17.8939],[78.1717,17.8867],[78.162,17.8785],[78.138,17.8796],[78.1371,17.8572],[78.1575,17.8569],[78.1524,17.8427],[78.1764,17.8329],[78.1868,17.8325],[78.2073,17.8402],[78.2172,17.8214],[78.2096,17.8045],[78.2323,17.7873],[78.2429,17.7951],[78.2462,17.8119],[78.2551,17.8196],[78.2859,17.8336],[78.2951,17.8336],[78.2984,17.8501],[78.2907,17.8504],[78.2785,17.8607],[78.2502,17.8698],[78.2659,17.896],[78.2616,17.9166],[78.2692,17.9227],[78.2741,17.9263]]]}},{"type":"Feature","properties":{"uid":"TSSD0265","mandal_name":"Kubeer","district_name":"Nirmal","centroid":[77.9443,19.2404],"area":282.48,"zonalstat":{"min":0.195,"max":0.8712,"mean":0.6766,"count":1193,"sum":807.1998,"median":0.671}},"geometry":{"type":"Polygon","coordinates":[[[78.0557,19.2376],[78.0411,19.2437],[78.036,19.2513],[78.0428,19.2664],[78.0332,19.2743],[78.0147,19.2794],[78.0136,19.2944],[77.9987,19.2998],[77.9855,19.3097],[77.9776,19.323],[77.963,19.3347],[77.9439,19.3429],[77.9388,19.3346],[77.9276,19.3323],[77.9116,19.3166],[77.8948,19.3209],[77.8885,19.313],[77.8634,19.3044],[77.8673,19.2833],[77.9031,19.2782],[77.9073,19.2677],[77.9033,19.257],[77.8825,19.2608],[77.8715,19.2549],[77.866,19.2266],[77.8578,19.2138],[77.8476,19.1897],[77.8605,19.1807],[77.8527,19.1672],[77.8525,19.155],[77.8857,19.1516],[77.8989,19.1438],[77.9129,19.1745],[77.9197,19.1746],[77.9322,19.1609],[77.9504,19.1623],[77.9734,19.1561],[77.9757,19.1713],[77.9655,19.1838],[77.9753,19.2027],[77.9791,19.2195],[78.001,19.2169],[77.9953,19.1915],[78.0292,19.1838],[78.0378,19.1936],[78.0557,19.2376]]]}},{"type":"Feature","properties":{"uid":"TSSD0266","mandal_name":"Kukatpally","district_name":"Medchal_Malkajgiri","centroid":[78.4085,17.4843],"area":39.02,"zonalstat":{"min":0.1734,"max":0.7972,"mean":0.3752,"count":168,"sum":63.0286,"median":0.338}},"geometry":{"type":"Polygon","coordinates":[[[78.4456,17.4834],[78.4344,17.508],[78.4159,17.5139],[78.4119,17.5088],[78.3926,17.5062],[78.3892,17.5119],[78.3771,17.5106],[78.3767,17.4965],[78.368,17.4893],[78.3696,17.4769],[78.3781,17.4765],[78.3916,17.46],[78.405,17.4502],[78.414,17.4518],[78.4211,17.4643],[78.445,17.4639],[78.4456,17.4834]]]}},{"type":"Feature","properties":{"uid":"TSSD0267","mandal_name":"Kulcharam","district_name":"Medak","centroid":[78.1795,17.9547],"area":155.55,"zonalstat":{"min":0.2264,"max":0.9041,"mean":0.77,"count":661,"sum":508.9804,"median":0.7818}},"geometry":{"type":"Polygon","coordinates":[[[78.2802,17.9777],[78.2717,17.9739],[78.2483,17.9808],[78.2454,17.997],[78.2346,18.0085],[78.2298,18.0202],[78.2112,18.0108],[78.196,17.9944],[78.1851,17.9917],[78.1774,17.9973],[78.1615,17.9902],[78.1445,17.9654],[78.1285,17.9654],[78.1159,17.9754],[78.1052,17.9698],[78.0889,17.9706],[78.076,17.9635],[78.0685,17.9456],[78.059,17.9391],[78.0629,17.9259],[78.0727,17.9173],[78.0788,17.905],[78.1056,17.9034],[78.1173,17.9137],[78.1201,17.9281],[78.127,17.9364],[78.1373,17.9304],[78.1501,17.9337],[78.1558,17.9234],[78.1652,17.9356],[78.1764,17.9314],[78.1964,17.9154],[78.2043,17.9237],[78.2322,17.9275],[78.2438,17.9199],[78.2658,17.93],[78.2687,17.9298],[78.2741,17.9263],[78.274,17.9271],[78.2884,17.9491],[78.2802,17.9777]]]}},{"type":"Feature","properties":{"uid":"TSSD0268","mandal_name":"Kulkacharla","district_name":"Vikarabad","centroid":[77.8986,17.0031],"area":196.33,"zonalstat":{"min":0.2744,"max":0.8561,"mean":0.7319,"count":825,"sum":603.8492,"median":0.7418}},"geometry":{"type":"Polygon","coordinates":[[[77.9382,17.0741],[77.9325,17.086],[77.9315,17.1025],[77.918,17.1068],[77.907,17.0819],[77.8978,17.0775],[77.887,17.0607],[77.8762,17.0558],[77.8704,17.045],[77.8599,17.0427],[77.8314,17.0497],[77.8177,17.0405],[77.8146,17.0213],[77.7976,17.0072],[77.7964,16.9937],[77.8167,16.9921],[77.8347,16.9804],[77.8288,16.968],[77.8469,16.9608],[77.8632,16.9489],[77.8726,16.9488],[77.8821,16.9727],[77.8905,16.9722],[77.897,16.9594],[77.886,16.9289],[77.896,16.9245],[77.9114,16.925],[77.921,16.9161],[77.921,16.9305],[77.928,16.9344],[77.9356,16.9552],[77.9447,16.9603],[77.9565,16.9518],[77.9685,16.9577],[77.9745,16.9663],[77.9869,16.9608],[78.0,16.9802],[77.9964,16.9901],[77.9782,17.0105],[77.9583,17.0112],[77.9494,17.0205],[77.9346,17.0282],[77.9315,17.0486],[77.9224,17.0518],[77.9219,17.0632],[77.9382,17.0741]]]}},{"type":"Feature","properties":{"uid":"TSSD0269","mandal_name":"Kuntala","district_name":"Nirmal","centroid":[78.0888,19.1813],"area":140.25,"zonalstat":{"min":0.2665,"max":0.8777,"mean":0.7105,"count":594,"sum":422.0291,"median":0.7178}},"geometry":{"type":"Polygon","coordinates":[[[78.0557,19.2376],[78.0378,19.1936],[78.0292,19.1838],[78.0293,19.1753],[78.0205,19.1639],[78.032,19.1448],[78.0621,19.1413],[78.0587,19.1266],[78.0863,19.119],[78.0911,19.092],[78.0982,19.0883],[78.1094,19.1071],[78.1183,19.1461],[78.1347,19.1514],[78.1574,19.1538],[78.1556,19.1694],[78.1353,19.1756],[78.1282,19.1982],[78.1315,19.2116],[78.1428,19.2156],[78.1485,19.2297],[78.1171,19.2489],[78.1134,19.2447],[78.0824,19.2435],[78.0788,19.2548],[78.0641,19.2474],[78.0557,19.2376]]]}},{"type":"Feature","properties":{"uid":"TSSD0270","mandal_name":"Kuravi","district_name":"Mahabubabad","centroid":[80.0125,17.4947],"area":241.32,"zonalstat":{"min":0.1763,"max":0.8596,"mean":0.7267,"count":1009,"sum":733.2478,"median":0.7339}},"geometry":{"type":"Polygon","coordinates":[[[80.0968,17.5425],[80.0852,17.5503],[80.0874,17.5751],[80.0785,17.5853],[80.0623,17.5883],[80.0373,17.5633],[80.0271,17.5726],[80.0157,17.5653],[80.0106,17.5538],[79.989,17.5502],[79.9781,17.544],[79.9873,17.5138],[79.9759,17.5013],[79.9489,17.5142],[79.9596,17.5382],[79.9435,17.5496],[79.9095,17.5519],[79.8957,17.5358],[79.8994,17.5211],[79.9158,17.5113],[79.9204,17.5002],[79.936,17.4974],[79.9343,17.4817],[79.9383,17.4671],[79.9695,17.4593],[79.9679,17.4422],[79.9827,17.4351],[79.9797,17.406],[79.9926,17.3972],[79.9958,17.3728],[80.0092,17.3699],[80.0096,17.3905],[80.0351,17.4],[80.0396,17.4096],[80.0321,17.4267],[80.0318,17.4368],[80.0518,17.4412],[80.0566,17.458],[80.0872,17.4589],[80.0849,17.4902],[80.095,17.498],[80.0912,17.5192],[80.0968,17.5425]]]}},{"type":"Feature","properties":{"uid":"TSSD0271","mandal_name":"Kusumanchi","district_name":"Khammam","centroid":[79.9535,17.2159],"area":220.86,"zonalstat":{"min":0.0838,"max":0.8871,"mean":0.7379,"count":931,"sum":687.0002,"median":0.7541}},"geometry":{"type":"Polygon","coordinates":[[[80.0168,17.2764],[79.9684,17.2844],[79.9518,17.2908],[79.9347,17.2838],[79.9197,17.2955],[79.9101,17.286],[79.8813,17.2852],[79.8748,17.2651],[79.9011,17.2543],[79.8991,17.2359],[79.8792,17.1942],[79.881,17.1745],[79.8886,17.1718],[79.897,17.1589],[79.9096,17.1509],[79.9177,17.1304],[79.9477,17.1329],[79.9614,17.1244],[79.9678,17.114],[79.9802,17.1341],[79.9727,17.1494],[79.9813,17.1732],[79.9998,17.1749],[80.0118,17.194],[80.0268,17.1898],[80.0385,17.1977],[80.0432,17.2147],[80.0309,17.2268],[80.035,17.2354],[80.0339,17.2496],[80.0197,17.2545],[80.0227,17.2659],[80.0168,17.2764]]]}},{"type":"Feature","properties":{"uid":"TSSD0272","mandal_name":"Laxmanchanda","district_name":"Nirmal","centroid":[78.4552,19.0262],"area":125.72,"zonalstat":{"min":-0.0523,"max":0.854,"mean":0.6896,"count":534,"sum":368.2238,"median":0.7217}},"geometry":{"type":"Polygon","coordinates":[[[78.5081,18.9713],[78.5234,18.99],[78.5108,19.0035],[78.5092,19.0181],[78.4958,19.0263],[78.4775,19.0264],[78.4797,19.057],[78.473,19.0614],[78.4882,19.0764],[78.4919,19.0953],[78.4809,19.1027],[78.4688,19.0874],[78.448,19.0916],[78.4444,19.0875],[78.4162,19.0952],[78.4062,19.0929],[78.4035,19.0803],[78.4079,19.0484],[78.4072,19.0277],[78.4115,19.0193],[78.4098,19.0032],[78.4166,18.999],[78.4301,18.9711],[78.4527,18.9617],[78.4575,18.9539],[78.4797,18.9594],[78.4817,18.9667],[78.4969,18.9731],[78.5081,18.9713]]]}},{"type":"Feature","properties":{"uid":"TSSD0273","mandal_name":"Laxmidevipally","district_name":"Bhadradri Kothagudem","centroid":[80.6006,17.6751],"area":229.46,"zonalstat":{"min":-0.3,"max":0.9657,"mean":0.7209,"count":971,"sum":699.9865,"median":0.7598}},"geometry":{"type":"Polygon","coordinates":[[[80.669,17.5618],[80.659,17.5797],[80.6575,17.6022],[80.672,17.6318],[80.643,17.6578],[80.6479,17.6835],[80.658,17.6837],[80.6544,17.6985],[80.6462,17.7074],[80.6289,17.7083],[80.6209,17.719],[80.6294,17.7536],[80.6218,17.7645],[80.628,17.79],[80.6119,17.7929],[80.5715,17.8166],[80.5525,17.8139],[80.538,17.7989],[80.529,17.7582],[80.582,17.692],[80.5965,17.6819],[80.6147,17.6572],[80.5952,17.6236],[80.6032,17.6124],[80.6213,17.5964],[80.6002,17.5928],[80.5923,17.5994],[80.5789,17.5777],[80.5798,17.5692],[80.5633,17.5655],[80.5491,17.5662],[80.5201,17.5806],[80.5138,17.5555],[80.5439,17.5446],[80.5616,17.5355],[80.5734,17.545],[80.6009,17.5476],[80.6079,17.5625],[80.6279,17.5582],[80.6538,17.5447],[80.6647,17.546],[80.669,17.5618]]]}},{"type":"Feature","properties":{"uid":"TSSD0274","mandal_name":"Lingalaghanpur","district_name":"Jangoan","centroid":[79.2145,17.6573],"area":187.87,"zonalstat":{"min":0.1688,"max":0.8723,"mean":0.6846,"count":793,"sum":542.9054,"median":0.6917}},"geometry":{"type":"Polygon","coordinates":[[[79.2088,17.7168],[79.1976,17.7172],[79.1812,17.7256],[79.1728,17.7058],[79.1543,17.6936],[79.1449,17.6977],[79.1302,17.6686],[79.1326,17.6444],[79.1433,17.628],[79.1558,17.6229],[79.1522,17.5978],[79.1565,17.5857],[79.1671,17.5754],[79.1789,17.5844],[79.2046,17.6242],[79.2156,17.6175],[79.2191,17.605],[79.2476,17.6015],[79.2675,17.6091],[79.2695,17.6168],[79.2847,17.6328],[79.2892,17.6445],[79.2808,17.6576],[79.289,17.6663],[79.3065,17.6552],[79.3175,17.6747],[79.3084,17.6903],[79.2813,17.7004],[79.274,17.7072],[79.2528,17.7112],[79.2311,17.699],[79.2088,17.7168]]]}},{"type":"Feature","properties":{"uid":"TSSD0275","mandal_name":"Lingampet","district_name":"Kamareddy","centroid":[78.1245,18.2524],"area":255.84,"zonalstat":{"min":0.3866,"max":0.8949,"mean":0.7578,"count":1083,"sum":820.7381,"median":0.7663}},"geometry":{"type":"Polygon","coordinates":[[[78.1836,18.3361],[78.1675,18.3292],[78.1404,18.3233],[78.1146,18.3132],[78.0991,18.3225],[78.0927,18.3181],[78.0719,18.32],[78.0527,18.3556],[78.0348,18.3495],[78.0371,18.3379],[78.0255,18.3213],[78.0389,18.2966],[78.0357,18.2684],[78.0453,18.256],[78.0611,18.2477],[78.0839,18.2491],[78.0835,18.2395],[78.0897,18.2194],[78.0959,18.2154],[78.0917,18.2018],[78.0982,18.1755],[78.1102,18.1388],[78.1262,18.1309],[78.1378,18.137],[78.1452,18.1491],[78.1483,18.1631],[78.1669,18.1584],[78.1799,18.2043],[78.2001,18.2155],[78.2177,18.2153],[78.2011,18.2547],[78.1872,18.2692],[78.2013,18.2837],[78.1987,18.2935],[78.1841,18.2998],[78.187,18.3188],[78.1836,18.3361]]]}},{"type":"Feature","properties":{"uid":"TSSD0276","mandal_name":"Lingapur","district_name":"Kumurambheem Asifabad","centroid":[79.0275,19.2653],"area":162.69,"zonalstat":{"min":0.6428,"max":0.8607,"mean":0.8011,"count":695,"sum":556.7788,"median":0.8086}},"geometry":{"type":"Polygon","coordinates":[[[79.0907,19.31],[79.0787,19.3291],[79.0802,19.3421],[79.0691,19.3417],[79.0393,19.3311],[79.0313,19.3115],[79.023,19.3012],[78.9957,19.2803],[78.9892,19.2915],[78.9466,19.3004],[78.9322,19.2907],[78.9181,19.2708],[78.9433,19.2527],[78.9524,19.2524],[78.9719,19.2386],[78.9851,19.2399],[78.977,19.2241],[79.015,19.2135],[79.0292,19.2056],[79.0382,19.208],[79.0618,19.2068],[79.0804,19.2102],[79.0956,19.2247],[79.1107,19.2317],[79.1087,19.2472],[79.0913,19.2554],[79.0785,19.2723],[79.081,19.2854],[79.0917,19.2951],[79.0907,19.31]]]}},{"type":"Feature","properties":{"uid":"TSSD0277","mandal_name":"Lokeshwaram","district_name":"Nirmal","centroid":[78.0971,19.014],"area":222.97,"zonalstat":{"min":-0.3,"max":0.9304,"mean":0.5123,"count":942,"sum":482.5548,"median":0.6421}},"geometry":{"type":"Polygon","coordinates":[[[78.1859,19.0251],[78.175,19.0257],[78.1692,19.041],[78.1588,19.0461],[78.1626,19.0569],[78.1551,19.0627],[78.1491,19.0855],[78.1275,19.0757],[78.1027,19.0843],[78.0934,19.0789],[78.0743,19.0809],[78.0532,19.0803],[78.0351,19.0635],[78.0214,19.0707],[78.0138,19.0667],[78.0059,19.0354],[78.0288,19.0194],[78.0494,19.0115],[78.0237,18.9618],[78.0141,18.9602],[78.011,18.9498],[78.0235,18.9375],[78.0467,18.9319],[78.0505,18.9398],[78.0873,18.9407],[78.1185,18.9626],[78.1416,18.9629],[78.1569,18.9771],[78.1623,18.9915],[78.1735,18.999],[78.1887,18.9977],[78.2082,19.0036],[78.2346,19.0082],[78.2388,19.0158],[78.2136,19.0211],[78.2005,19.0174],[78.1859,19.0251]]]}},{"type":"Feature","properties":{"uid":"TSSD0278","mandal_name":"Luxettipet","district_name":"Mancherial","centroid":[79.2388,18.9239],"area":151.79,"zonalstat":{"min":-0.1941,"max":0.8663,"mean":0.7629,"count":641,"sum":489.0405,"median":0.817}},"geometry":{"type":"Polygon","coordinates":[[[79.3098,19.0029],[79.2776,19.0055],[79.2567,18.9938],[79.2568,18.9845],[79.2324,18.9943],[79.2257,18.9875],[79.2244,18.9866],[79.217,18.9727],[79.1979,18.9537],[79.189,18.9577],[79.1732,18.9471],[79.1666,18.9345],[79.1817,18.9275],[79.1942,18.9167],[79.1958,18.9085],[79.188,18.8989],[79.1784,18.9024],[79.169,18.8846],[79.185,18.8684],[79.2297,18.8625],[79.2483,18.8541],[79.2657,18.8325],[79.2922,18.8655],[79.2754,18.8714],[79.2688,18.8817],[79.2752,18.8869],[79.2713,18.9103],[79.285,18.9451],[79.2921,18.954],[79.2885,18.9745],[79.2998,18.9865],[79.3098,19.0029]]]}},{"type":"Feature","properties":{"uid":"TSSD0279","mandal_name":"Machareddy","district_name":"Kamareddy","centroid":[78.4829,18.3528],"area":210.35,"zonalstat":{"min":0.0281,"max":0.8854,"mean":0.754,"count":897,"sum":676.2987,"median":0.7631}},"geometry":{"type":"Polygon","coordinates":[[[78.5479,18.4325],[78.5402,18.4515],[78.5243,18.4678],[78.515,18.4564],[78.4923,18.4395],[78.4782,18.4054],[78.4814,18.3918],[78.4733,18.3756],[78.4554,18.3848],[78.4342,18.3914],[78.4203,18.3827],[78.4175,18.3573],[78.4089,18.3535],[78.3997,18.352],[78.387,18.3419],[78.395,18.3118],[78.4219,18.3066],[78.4283,18.2982],[78.4277,18.2831],[78.4584,18.267],[78.4737,18.269],[78.4924,18.2865],[78.516,18.285],[78.5208,18.2818],[78.528,18.2928],[78.5401,18.3011],[78.5375,18.3081],[78.5418,18.3271],[78.551,18.3326],[78.546,18.3539],[78.5303,18.3679],[78.5303,18.3796],[78.536,18.3913],[78.5598,18.3867],[78.5626,18.3937],[78.5466,18.4063],[78.5419,18.4207],[78.5519,18.4266],[78.5479,18.4325]]]}},{"type":"Feature","properties":{"uid":"TSSD0280","mandal_name":"Madanapur","district_name":"Wanaparthy","centroid":[77.8726,16.3866],"area":102.15,"zonalstat":{"min":-0.0225,"max":0.8758,"mean":0.7353,"count":430,"sum":316.1679,"median":0.7645}},"geometry":{"type":"Polygon","coordinates":[[[77.902,16.4446],[77.8972,16.451],[77.8644,16.4468],[77.8652,16.4332],[77.8463,16.4272],[77.8367,16.417],[77.8226,16.4088],[77.8262,16.4006],[77.821,16.3785],[77.8306,16.3693],[77.8352,16.355],[77.8459,16.3528],[77.8426,16.3343],[77.8594,16.3265],[77.8818,16.3002],[77.8863,16.326],[77.8913,16.3319],[77.8879,16.3539],[77.8924,16.3641],[77.9048,16.3638],[77.9128,16.3765],[77.9224,16.3805],[77.9221,16.396],[77.915,16.4097],[77.9195,16.4224],[77.907,16.4319],[77.902,16.4446]]]}},{"type":"Feature","properties":{"uid":"TSSD0281","mandal_name":"Maddirala","district_name":"Suryapet","centroid":[79.7014,17.4073],"area":130.55,"zonalstat":{"min":0.4989,"max":0.8561,"mean":0.7483,"count":547,"sum":409.3302,"median":0.7571}},"geometry":{"type":"Polygon","coordinates":[[[79.7615,17.4306],[79.7524,17.4394],[79.7437,17.4289],[79.7225,17.4307],[79.7002,17.4556],[79.688,17.4555],[79.657,17.471],[79.6363,17.4596],[79.6334,17.4396],[79.6379,17.4246],[79.6518,17.4136],[79.6389,17.3889],[79.6349,17.3744],[79.6423,17.3684],[79.6568,17.366],[79.6716,17.368],[79.7055,17.3518],[79.7099,17.3711],[79.7328,17.3786],[79.7436,17.3651],[79.7639,17.361],[79.7763,17.3695],[79.7804,17.3801],[79.791,17.3834],[79.7965,17.3933],[79.7872,17.4012],[79.7626,17.4076],[79.7615,17.4306]]]}},{"type":"Feature","properties":{"uid":"TSSD0282","mandal_name":"Maddur","district_name":"Narayanpet","centroid":[77.6458,16.8542],"area":229.43,"zonalstat":{"min":0.4599,"max":0.8791,"mean":0.7429,"count":964,"sum":716.1647,"median":0.7473}},"geometry":{"type":"Polygon","coordinates":[[[77.733,16.8772],[77.726,16.8787],[77.7138,16.8695],[77.6836,16.8684],[77.6756,16.8886],[77.6736,16.9025],[77.6599,16.9069],[77.652,16.921],[77.6585,16.938],[77.6496,16.9457],[77.6215,16.953],[77.6041,16.9495],[77.6026,16.9365],[77.5957,16.9283],[77.5963,16.916],[77.5801,16.9053],[77.568,16.9076],[77.5618,16.8869],[77.5735,16.8547],[77.5812,16.8568],[77.5922,16.8479],[77.5847,16.838],[77.572,16.8366],[77.5655,16.8235],[77.5731,16.8168],[77.5772,16.8014],[77.5875,16.8017],[77.5998,16.795],[77.605,16.7826],[77.6162,16.7823],[77.6274,16.7938],[77.6511,16.7979],[77.6541,16.7876],[77.6646,16.7749],[77.6756,16.7751],[77.6803,16.7921],[77.6937,16.7935],[77.7048,16.7863],[77.7132,16.7936],[77.7223,16.7878],[77.7362,16.7877],[77.7417,16.7948],[77.7305,16.811],[77.7449,16.8283],[77.7281,16.8496],[77.7353,16.865],[77.733,16.8772]]]}},{"type":"Feature","properties":{"uid":"TSSD0283","mandal_name":"Maddur","district_name":"Siddipet","centroid":[79.0666,17.9177],"area":90.43,"zonalstat":{"min":0.5898,"max":0.8356,"mean":0.7516,"count":386,"sum":290.117,"median":0.7572}},"geometry":{"type":"Polygon","coordinates":[[[79.0673,17.9594],[79.035,17.9658],[79.0376,17.9548],[79.0272,17.9415],[79.0113,17.9437],[79.0142,17.9322],[79.028,17.9288],[79.0265,17.9052],[79.0155,17.8842],[79.0198,17.8755],[79.0219,17.8762],[79.0383,17.8732],[79.0449,17.862],[79.0538,17.8694],[79.0739,17.8744],[79.0919,17.8724],[79.0933,17.8732],[79.1122,17.8991],[79.1036,17.9145],[79.1162,17.931],[79.1166,17.932],[79.1185,17.9346],[79.1209,17.9406],[79.113,17.9439],[79.1081,17.9645],[79.0868,17.9661],[79.0673,17.9594]]]}},{"type":"Feature","properties":{"uid":"TSSD0284","mandal_name":"Madgul","district_name":"Rangareddy","centroid":[78.6993,16.8393],"area":264.88,"zonalstat":{"min":0.124,"max":0.9048,"mean":0.667,"count":1113,"sum":742.424,"median":0.6851}},"geometry":{"type":"Polygon","coordinates":[[[78.6955,16.936],[78.686,16.9341],[78.6673,16.9445],[78.6648,16.9155],[78.6575,16.9059],[78.644,16.9035],[78.6334,16.9073],[78.627,16.8983],[78.6328,16.8872],[78.625,16.8722],[78.6107,16.8748],[78.6088,16.8679],[78.581,16.862],[78.5841,16.8526],[78.611,16.8494],[78.6273,16.8398],[78.6188,16.8151],[78.6158,16.7943],[78.6159,16.7854],[78.6346,16.7754],[78.6486,16.7762],[78.6634,16.8084],[78.6675,16.831],[78.6742,16.8269],[78.6831,16.8112],[78.6835,16.7899],[78.6652,16.7817],[78.6577,16.7746],[78.662,16.7635],[78.6824,16.768],[78.6964,16.7652],[78.6943,16.7536],[78.7083,16.7575],[78.7227,16.7504],[78.7274,16.757],[78.7412,16.756],[78.7466,16.7775],[78.7555,16.7795],[78.7703,16.7712],[78.7923,16.7751],[78.7951,16.7856],[78.7914,16.8024],[78.7977,16.8079],[78.8023,16.826],[78.7874,16.8317],[78.7899,16.839],[78.7764,16.8442],[78.7808,16.8679],[78.7713,16.8796],[78.7526,16.8635],[78.7428,16.8591],[78.7261,16.8706],[78.7273,16.8915],[78.7452,16.9147],[78.7322,16.9229],[78.7083,16.9288],[78.6955,16.936]]]}},{"type":"Feature","properties":{"uid":"TSSD0285","mandal_name":"Madhira","district_name":"Khammam","centroid":[80.3834,16.9308],"area":210.2,"zonalstat":{"min":-0.0659,"max":0.9337,"mean":0.7072,"count":822,"sum":581.3157,"median":0.7125}},"geometry":{"type":"Polygon","coordinates":[[[80.3873,17.0705],[80.3665,17.0526],[80.3552,17.0498],[80.3528,17.016],[80.3412,16.9942],[80.3363,16.9562],[80.3384,16.9467],[80.3158,16.9481],[80.3127,16.9412],[80.3124,16.9175],[80.32,16.912],[80.3246,16.8997],[80.3214,16.8799],[80.344,16.8742],[80.3479,16.8595],[80.3736,16.8514],[80.3722,16.8436],[80.3766,16.8217],[80.4034,16.8318],[80.4076,16.8487],[80.3839,16.85],[80.3788,16.8625],[80.3934,16.8603],[80.412,16.852],[80.4261,16.8498],[80.4331,16.8372],[80.4448,16.8431],[80.4469,16.8553],[80.429,16.8707],[80.4349,16.8974],[80.4458,16.9063],[80.4572,16.9282],[80.4656,16.9279],[80.47,16.9408],[80.447,16.9555],[80.4057,16.9639],[80.38,16.9729],[80.3641,16.9757],[80.3899,17.0099],[80.4068,17.0162],[80.4069,17.026],[80.3955,17.0365],[80.3943,17.0537],[80.3873,17.0705]]]}},{"type":"Feature","properties":{"uid":"TSSD0286","mandal_name":"Madnur","district_name":"Kamareddy","centroid":[77.6645,18.4856],"area":235.87,"zonalstat":{"min":-0.0788,"max":0.8567,"mean":0.6117,"count":974,"sum":595.8189,"median":0.6187}},"geometry":{"type":"Polygon","coordinates":[[[77.7386,18.557],[77.7242,18.5535],[77.7011,18.555],[77.6895,18.5458],[77.6795,18.5451],[77.6619,18.532],[77.6507,18.5336],[77.6524,18.552],[77.6401,18.5552],[77.6345,18.5439],[77.6253,18.552],[77.5968,18.549],[77.5956,18.5353],[77.6012,18.5267],[77.5976,18.516],[77.5865,18.5041],[77.5948,18.4959],[77.605,18.496],[77.6035,18.4765],[77.5927,18.4846],[77.5768,18.4866],[77.5732,18.4696],[77.5492,18.4684],[77.5513,18.4602],[77.5643,18.4609],[77.5836,18.4562],[77.5816,18.4442],[77.5947,18.442],[77.5923,18.4176],[77.6148,18.4105],[77.6344,18.415],[77.6463,18.4014],[77.6408,18.3877],[77.6536,18.3847],[77.6593,18.4015],[77.6699,18.4102],[77.6696,18.4215],[77.6755,18.4311],[77.7026,18.4302],[77.7239,18.4532],[77.714,18.4685],[77.7337,18.4665],[77.738,18.4883],[77.7595,18.4788],[77.7613,18.5026],[77.7629,18.5247],[77.7532,18.5513],[77.7386,18.557]]]}},{"type":"Feature","properties":{"uid":"TSSD0287","mandal_name":"Madugulapally","district_name":"Nalgonda","centroid":[79.4687,16.9822],"area":219.21,"zonalstat":{"min":0.2757,"max":0.9091,"mean":0.751,"count":914,"sum":686.4129,"median":0.7556}},"geometry":{"type":"Polygon","coordinates":[[[79.5558,17.0777],[79.5552,17.0928],[79.533,17.091],[79.5273,17.0836],[79.5078,17.0833],[79.4976,17.075],[79.4898,17.0563],[79.4811,17.0479],[79.4705,17.0457],[79.4659,17.0193],[79.4495,17.0005],[79.424,17.0006],[79.4102,16.99],[79.4056,16.9804],[79.381,16.9705],[79.3699,16.9626],[79.3471,16.9634],[79.3477,16.9503],[79.3464,16.9369],[79.3649,16.9325],[79.3738,16.9232],[79.4005,16.9047],[79.4209,16.9208],[79.4221,16.9365],[79.441,16.9331],[79.4458,16.9105],[79.4557,16.8969],[79.4669,16.9053],[79.4808,16.9043],[79.4836,16.8954],[79.498,16.9078],[79.5058,16.9056],[79.5122,16.92],[79.4907,16.9331],[79.5035,16.9559],[79.5171,16.948],[79.5359,16.959],[79.5384,16.9699],[79.534,16.9956],[79.5257,17.0035],[79.5285,17.0157],[79.5391,17.0286],[79.5552,17.02],[79.5625,17.0218],[79.5571,17.0414],[79.5401,17.0513],[79.539,17.0596],[79.5552,17.0682],[79.5558,17.0777]]]}},{"type":"Feature","properties":{"uid":"TSSD0288","mandal_name":"Maganoor","district_name":"Narayanpet","centroid":[77.4463,16.4744],"area":182.41,"zonalstat":{"min":-0.3,"max":0.8719,"mean":0.6523,"count":752,"sum":490.5229,"median":0.7085}},"geometry":{"type":"Polygon","coordinates":[[[77.3691,16.4892],[77.3775,16.4674],[77.3977,16.4643],[77.3972,16.442],[77.4101,16.4352],[77.4228,16.4221],[77.438,16.4225],[77.4564,16.4135],[77.4496,16.4016],[77.4502,16.3814],[77.4735,16.3807],[77.4896,16.3847],[77.5151,16.3755],[77.5238,16.3762],[77.5303,16.393],[77.5204,16.4039],[77.5276,16.4184],[77.5103,16.4184],[77.5099,16.4266],[77.4969,16.4315],[77.5041,16.453],[77.5021,16.4597],[77.4802,16.4672],[77.4522,16.4707],[77.4579,16.4945],[77.456,16.4994],[77.4771,16.5455],[77.4772,16.5616],[77.4544,16.5659],[77.4605,16.5814],[77.4604,16.5828],[77.4607,16.584],[77.4611,16.5849],[77.4392,16.5881],[77.4233,16.5694],[77.4035,16.5726],[77.397,16.5652],[77.4037,16.5519],[77.4179,16.5496],[77.4163,16.519],[77.3969,16.5214],[77.3725,16.5103],[77.3691,16.4892]]]}},{"type":"Feature","properties":{"uid":"TSSD0289","mandal_name":"Mahabubabad","district_name":"Mahabubabad","centroid":[79.9871,17.6059],"area":229.64,"zonalstat":{"min":0.4343,"max":0.9092,"mean":0.7319,"count":970,"sum":709.9573,"median":0.7312}},"geometry":{"type":"Polygon","coordinates":[[[79.8957,17.5358],[79.9095,17.5519],[79.9435,17.5496],[79.9596,17.5382],[79.9489,17.5142],[79.9759,17.5013],[79.9873,17.5138],[79.9781,17.544],[79.989,17.5502],[80.0106,17.5538],[80.0157,17.5653],[80.0271,17.5726],[80.0373,17.5633],[80.0623,17.5883],[80.0573,17.5912],[80.0591,17.6079],[80.0666,17.6267],[80.0666,17.6363],[80.0788,17.6502],[80.0911,17.6572],[80.0856,17.6709],[80.066,17.6868],[80.0454,17.6886],[80.0425,17.6929],[80.0193,17.6936],[80.0028,17.6977],[79.996,17.6932],[79.9926,17.6731],[79.9874,17.6635],[79.963,17.6635],[79.9495,17.6595],[79.9591,17.6394],[79.969,17.6302],[79.954,17.6138],[79.9373,17.6194],[79.9269,17.6027],[79.9189,17.6],[79.9186,17.6002],[79.9098,17.5992],[79.9018,17.5871],[79.893,17.5848],[79.8961,17.5695],[79.8858,17.5644],[79.8716,17.5653],[79.8551,17.5708],[79.8464,17.5778],[79.8413,17.5599],[79.8412,17.5595],[79.852,17.5519],[79.8957,17.5358]]]}},{"type":"Feature","properties":{"uid":"TSSD0290","mandal_name":"Mahabubnagar_Urban","district_name":"Mahabubnagar","centroid":[78.0177,16.7542],"area":99.98,"zonalstat":{"min":0.2738,"max":0.8526,"mean":0.6489,"count":420,"sum":272.5435,"median":0.6755}},"geometry":{"type":"Polygon","coordinates":[[[78.045,16.7881],[78.0301,16.7833],[78.0202,16.7926],[78.0105,16.7946],[77.9887,16.8063],[77.9671,16.781],[77.977,16.7658],[77.9564,16.7522],[77.9473,16.7562],[77.9463,16.7417],[77.9661,16.7198],[77.9764,16.7177],[77.9866,16.7081],[77.988,16.7151],[78.0031,16.7131],[78.0044,16.7069],[78.0296,16.7187],[78.0361,16.738],[78.0453,16.7397],[78.057,16.734],[78.0627,16.7246],[78.0743,16.7247],[78.0947,16.7394],[78.0879,16.7598],[78.0878,16.7713],[78.0709,16.7758],[78.0562,16.7862],[78.045,16.7881]]]}},{"type":"Feature","properties":{"uid":"TSSD0291","mandal_name":"Mahadevpur","district_name":"Jayashankar Bhupalpally","centroid":[79.9591,18.739],"area":299.12,"zonalstat":{"min":-0.3,"max":0.9437,"mean":0.5906,"count":1257,"sum":742.4252,"median":0.68}},"geometry":{"type":"Polygon","coordinates":[[[79.9143,18.8249],[79.8846,18.826],[79.8703,18.8314],[79.8604,18.8554],[79.846,18.8689],[79.8363,18.8667],[79.8271,18.8511],[79.8273,18.8326],[79.8315,18.8204],[79.8477,18.7969],[79.8454,18.7837],[79.8218,18.7598],[79.8205,18.7383],[79.8301,18.7419],[79.8355,18.7566],[79.8531,18.7393],[79.8874,18.7187],[79.8927,18.7432],[79.9108,18.7433],[79.9201,18.7372],[79.921,18.7235],[79.9288,18.7189],[79.927,18.6896],[79.9328,18.6843],[79.9506,18.6947],[79.9629,18.6932],[79.99,18.6832],[79.9877,18.6736],[80.0037,18.6495],[80.0202,18.6479],[80.0335,18.6509],[80.0219,18.6306],[80.0451,18.6384],[80.0576,18.6328],[80.1024,18.6656],[80.1106,18.6719],[80.1097,18.6842],[80.087,18.7073],[80.0742,18.71],[80.0639,18.7229],[80.0496,18.7279],[80.0385,18.7519],[80.0076,18.768],[79.9714,18.7708],[79.9611,18.7752],[79.9515,18.7868],[79.9296,18.8014],[79.9143,18.8249]]]}},{"type":"Feature","properties":{"uid":"TSSD0292","mandal_name":"Maheswaram","district_name":"Rangareddy","centroid":[78.4195,17.1509],"area":252.27,"zonalstat":{"min":0.1548,"max":0.9345,"mean":0.6795,"count":1063,"sum":722.2975,"median":0.6991}},"geometry":{"type":"Polygon","coordinates":[[[78.5233,17.1709],[78.5303,17.1989],[78.5405,17.2241],[78.5159,17.2275],[78.5228,17.2394],[78.4827,17.2298],[78.4666,17.2375],[78.4527,17.2282],[78.4363,17.2314],[78.4328,17.2251],[78.4369,17.1992],[78.4252,17.1854],[78.4075,17.1927],[78.3726,17.1936],[78.3695,17.1866],[78.353,17.1889],[78.3458,17.1959],[78.3366,17.1639],[78.3216,17.1596],[78.3143,17.1496],[78.3015,17.145],[78.3012,17.1332],[78.3138,17.1286],[78.3282,17.132],[78.3343,17.1231],[78.3341,17.1032],[78.3439,17.0941],[78.3416,17.0848],[78.3499,17.0656],[78.3671,17.0646],[78.3697,17.0477],[78.3634,17.0411],[78.3779,17.0281],[78.3819,17.0503],[78.3953,17.0601],[78.3961,17.0714],[78.4042,17.0794],[78.4064,17.1029],[78.4185,17.1072],[78.4393,17.1087],[78.4389,17.0934],[78.4559,17.0923],[78.4522,17.1068],[78.4765,17.1036],[78.491,17.1126],[78.4897,17.1274],[78.4794,17.1493],[78.4793,17.1659],[78.5046,17.1788],[78.5125,17.1717],[78.5233,17.1709]]]}},{"type":"Feature","properties":{"uid":"TSSD0293","mandal_name":"Makloor","district_name":"Nizamabad","centroid":[78.1493,18.7581],"area":193.35,"zonalstat":{"min":0.424,"max":0.9228,"mean":0.7289,"count":823,"sum":599.9213,"median":0.7327}},"geometry":{"type":"Polygon","coordinates":[[[78.0639,18.8521],[78.0568,18.8333],[78.0642,18.8122],[78.0751,18.8048],[78.0792,18.7883],[78.0915,18.7737],[78.1128,18.7211],[78.1273,18.7155],[78.1252,18.6993],[78.1273,18.6974],[78.1427,18.6922],[78.1587,18.6807],[78.1623,18.6726],[78.177,18.6648],[78.2021,18.6691],[78.2258,18.7056],[78.2124,18.7218],[78.208,18.7349],[78.2187,18.7441],[78.2194,18.7595],[78.2246,18.7765],[78.2136,18.7854],[78.1868,18.7907],[78.1802,18.8104],[78.1421,18.8101],[78.127,18.8164],[78.1319,18.8335],[78.0861,18.8433],[78.0639,18.8521]]]}},{"type":"Feature","properties":{"uid":"TSSD0294","mandal_name":"Makthal","district_name":"Narayanpet","centroid":[77.5617,16.4729],"area":363.86,"zonalstat":{"min":-0.3,"max":0.8552,"mean":0.6441,"count":1529,"sum":984.8802,"median":0.6779}},"geometry":{"type":"Polygon","coordinates":[[[77.6575,16.5714],[77.645,16.5856],[77.6134,16.5959],[77.6034,16.5851],[77.5864,16.5755],[77.5717,16.546],[77.5608,16.5481],[77.5469,16.5437],[77.5338,16.5471],[77.5352,16.569],[77.5179,16.574],[77.51,16.5697],[77.4801,16.5735],[77.4798,16.585],[77.4689,16.5872],[77.4677,16.5851],[77.4641,16.5835],[77.4631,16.5838],[77.4616,16.583],[77.4605,16.5832],[77.4605,16.5814],[77.4544,16.5659],[77.4772,16.5616],[77.4771,16.5455],[77.456,16.4994],[77.4579,16.4945],[77.4522,16.4707],[77.4802,16.4672],[77.5021,16.4597],[77.5041,16.453],[77.4969,16.4315],[77.5099,16.4266],[77.5103,16.4184],[77.5276,16.4184],[77.5204,16.4039],[77.5303,16.393],[77.5238,16.3762],[77.5318,16.3642],[77.5543,16.35],[77.5728,16.3415],[77.6004,16.3432],[77.6233,16.3563],[77.6396,16.3596],[77.6512,16.3561],[77.6656,16.363],[77.6594,16.3733],[77.6572,16.3894],[77.6735,16.3921],[77.6485,16.396],[77.6453,16.418],[77.6385,16.4211],[77.5994,16.4081],[77.5875,16.41],[77.579,16.433],[77.6105,16.4419],[77.6151,16.4484],[77.6094,16.4623],[77.61,16.4862],[77.6231,16.4961],[77.6239,16.5139],[77.6354,16.5383],[77.6533,16.5478],[77.6566,16.5574],[77.6575,16.5714]]]}},{"type":"Feature","properties":{"uid":"TSSD0295","mandal_name":"Maldakal","district_name":"Jogulamba Gadwal","centroid":[77.7138,16.1182],"area":241.46,"zonalstat":{"min":-0.0231,"max":0.7841,"mean":0.6374,"count":1014,"sum":646.3304,"median":0.6585}},"geometry":{"type":"Polygon","coordinates":[[[77.7212,16.2125],[77.6985,16.2073],[77.6927,16.2007],[77.6822,16.2046],[77.6712,16.1885],[77.6659,16.1651],[77.6423,16.1743],[77.6382,16.1652],[77.6343,16.1248],[77.6428,16.1166],[77.6443,16.1056],[77.634,16.1019],[77.6319,16.073],[77.6497,16.066],[77.678,16.0739],[77.6798,16.0481],[77.6983,16.0374],[77.7047,16.05],[77.7142,16.0511],[77.7239,16.0377],[77.7318,16.0145],[77.7475,16.0115],[77.7526,16.0304],[77.7491,16.0609],[77.7759,16.0574],[77.7874,16.0915],[77.7903,16.1115],[77.7887,16.1269],[77.7904,16.1738],[77.7585,16.1795],[77.7509,16.1651],[77.7326,16.1692],[77.7287,16.1801],[77.7372,16.1974],[77.7212,16.2125]]]}},{"type":"Feature","properties":{"uid":"TSSD0296","mandal_name":"Malharrao","district_name":"Jayashankar Bhupalpally","centroid":[79.8155,18.5281],"area":330.72,"zonalstat":{"min":-0.1353,"max":0.9723,"mean":0.7179,"count":1404,"sum":1007.9677,"median":0.7503}},"geometry":{"type":"Polygon","coordinates":[[[79.9082,18.5177],[79.9223,18.5548],[79.9119,18.5954],[79.8891,18.601],[79.8818,18.59],[79.8627,18.6054],[79.86,18.626],[79.8506,18.6372],[79.8244,18.6454],[79.8137,18.6312],[79.8017,18.6083],[79.7923,18.5831],[79.7908,18.571],[79.7753,18.5679],[79.7421,18.5735],[79.7317,18.5717],[79.7186,18.5619],[79.7101,18.5457],[79.7057,18.5237],[79.6998,18.5129],[79.6791,18.4924],[79.7261,18.4806],[79.7614,18.4546],[79.7733,18.4342],[79.7889,18.4344],[79.8017,18.4251],[79.8048,18.4165],[79.8186,18.4104],[79.8226,18.4283],[79.8033,18.4661],[79.8367,18.4731],[79.8489,18.4683],[79.8836,18.4848],[79.8914,18.4333],[79.9161,18.4229],[79.919,18.4359],[79.917,18.4575],[79.8998,18.4724],[79.8792,18.5058],[79.8867,18.5157],[79.9082,18.5177]]]}},{"type":"Feature","properties":{"uid":"TSSD0297","mandal_name":"Malkajgiri","district_name":"Medchal_Malkajgiri","centroid":[78.5333,17.4639],"area":30.3,"zonalstat":{"min":0.2302,"max":0.7244,"mean":0.4577,"count":126,"sum":57.6663,"median":0.4426}},"geometry":{"type":"Polygon","coordinates":[[[78.5415,17.4963],[78.528,17.5057],[78.5194,17.4912],[78.5046,17.4843],[78.5167,17.4838],[78.5133,17.4689],[78.5151,17.4513],[78.506,17.4376],[78.5138,17.4283],[78.5282,17.431],[78.5281,17.4403],[78.5563,17.437],[78.5595,17.4724],[78.552,17.4825],[78.5399,17.4892],[78.5415,17.4963]]]}},{"type":"Feature","properties":{"uid":"TSSD0298","mandal_name":"Mallapur","district_name":"Jagtial","centroid":[78.7121,18.9604],"area":213.62,"zonalstat":{"min":0.0712,"max":0.8825,"mean":0.7137,"count":904,"sum":645.1576,"median":0.7351}},"geometry":{"type":"Polygon","coordinates":[[[78.7673,18.8979],[78.7422,18.9058],[78.7357,18.9105],[78.7289,18.9272],[78.7373,18.9378],[78.7502,18.9375],[78.7675,18.9308],[78.7808,18.9465],[78.792,18.954],[78.7946,18.9997],[78.8088,19.0104],[78.8131,19.0184],[78.793,19.0268],[78.79,19.0375],[78.7671,19.0186],[78.7541,19.0137],[78.7381,19.0181],[78.7,19.0356],[78.6903,19.0335],[78.6642,19.013],[78.6553,18.997],[78.6376,18.9781],[78.6217,18.9789],[78.6166,18.9687],[78.6323,18.966],[78.6353,18.9554],[78.6482,18.9483],[78.6383,18.9307],[78.6431,18.9124],[78.6438,18.8957],[78.6698,18.8745],[78.6759,18.8796],[78.6969,18.8819],[78.7076,18.8893],[78.7113,18.9008],[78.7243,18.9011],[78.7298,18.8853],[78.7489,18.8795],[78.7579,18.8844],[78.7673,18.8979]]]}},{"type":"Feature","properties":{"uid":"TSSD0299","mandal_name":"Mallial","district_name":"Jagtial","centroid":[78.9281,18.7102],"area":151.65,"zonalstat":{"min":0.4663,"max":0.8588,"mean":0.7622,"count":643,"sum":490.1261,"median":0.7722}},"geometry":{"type":"Polygon","coordinates":[[[79.0085,18.7499],[79.0068,18.7628],[78.9871,18.7493],[78.9698,18.7453],[78.9579,18.7557],[78.9429,18.7449],[78.9365,18.7333],[78.9186,18.7338],[78.9153,18.7513],[78.8951,18.7597],[78.8899,18.7489],[78.8801,18.7417],[78.8469,18.7613],[78.8398,18.7518],[78.836,18.729],[78.8401,18.702],[78.8526,18.6804],[78.8669,18.677],[78.8769,18.6848],[78.9061,18.6869],[78.9349,18.6599],[78.9481,18.6521],[78.9701,18.6503],[78.9816,18.6581],[78.9878,18.6717],[78.9983,18.6739],[79.0066,18.683],[79.0031,18.6981],[79.0077,18.708],[79.0085,18.7499]]]}},{"type":"Feature","properties":{"uid":"TSSD0300","mandal_name":"Mamda","district_name":"Nirmal","centroid":[78.513,19.0881],"area":303.59,"zonalstat":{"min":0.1529,"max":0.8551,"mean":0.7539,"count":1291,"sum":973.3209,"median":0.7746}},"geometry":{"type":"Polygon","coordinates":[[[78.509,19.1754],[78.5029,19.1823],[78.482,19.1835],[78.493,19.2007],[78.5055,19.2043],[78.5091,19.2153],[78.4832,19.2277],[78.471,19.2304],[78.4534,19.228],[78.4545,19.2004],[78.4588,19.1913],[78.4482,19.1812],[78.4054,19.1728],[78.4128,19.1527],[78.4204,19.1413],[78.4186,19.1318],[78.4089,19.1194],[78.4192,19.1094],[78.4162,19.0952],[78.4444,19.0875],[78.448,19.0916],[78.4688,19.0874],[78.4809,19.1027],[78.4919,19.0953],[78.4882,19.0764],[78.473,19.0614],[78.4797,19.057],[78.4775,19.0264],[78.4958,19.0263],[78.5092,19.0181],[78.5108,19.0035],[78.5234,18.99],[78.5081,18.9713],[78.5282,18.9488],[78.5386,18.9465],[78.551,18.9513],[78.5563,18.9772],[78.582,19.0001],[78.5941,18.9981],[78.615,18.9802],[78.614,19.0101],[78.6187,19.016],[78.6075,19.0348],[78.5987,19.0567],[78.5887,19.0631],[78.5929,19.0833],[78.5997,19.0949],[78.5962,19.0963],[78.5725,19.1069],[78.5522,19.1288],[78.5297,19.1332],[78.5204,19.1417],[78.5159,19.1645],[78.509,19.1754]]]}},{"type":"Feature","properties":{"uid":"TSSD0301","mandal_name":"Manakondur","district_name":"Karimnagar","centroid":[79.2608,18.4042],"area":205.41,"zonalstat":{"min":0.214,"max":0.8887,"mean":0.7514,"count":867,"sum":651.4591,"median":0.773}},"geometry":{"type":"Polygon","coordinates":[[[79.3533,18.4517],[79.3264,18.4726],[79.3033,18.4803],[79.2893,18.4819],[79.2772,18.4781],[79.255,18.4572],[79.2369,18.448],[79.1906,18.4315],[79.1596,18.4243],[79.1628,18.4068],[79.1575,18.3921],[79.1794,18.3919],[79.1838,18.3732],[79.2062,18.3751],[79.2133,18.3654],[79.2139,18.3472],[79.2313,18.3346],[79.2358,18.3237],[79.2495,18.3226],[79.2616,18.3157],[79.2763,18.3232],[79.276,18.3298],[79.2901,18.3333],[79.2902,18.3493],[79.2984,18.3654],[79.3098,18.3609],[79.3215,18.3681],[79.3297,18.4121],[79.3241,18.4175],[79.3291,18.4327],[79.3433,18.4327],[79.3533,18.4517]]]}},{"type":"Feature","properties":{"uid":"TSSD0302","mandal_name":"Manchal","district_name":"Rangareddy","centroid":[78.7548,17.1071],"area":234.43,"zonalstat":{"min":0.1882,"max":0.9536,"mean":0.6915,"count":988,"sum":683.2445,"median":0.7069}},"geometry":{"type":"Polygon","coordinates":[[[78.844,17.072],[78.8358,17.0821],[78.8155,17.0947],[78.8183,17.1085],[78.8335,17.1037],[78.8339,17.1135],[78.7989,17.1324],[78.7861,17.1375],[78.7751,17.1527],[78.7779,17.1631],[78.7892,17.1642],[78.7805,17.1875],[78.7724,17.1888],[78.7677,17.2012],[78.7359,17.193],[78.7226,17.182],[78.7028,17.1883],[78.7018,17.196],[78.687,17.1977],[78.6854,17.1732],[78.6658,17.1667],[78.6595,17.1525],[78.6644,17.1463],[78.6529,17.1342],[78.6553,17.1278],[78.6811,17.1287],[78.6902,17.1189],[78.7023,17.1159],[78.7119,17.0972],[78.6974,17.0733],[78.7091,17.0507],[78.7342,17.0399],[78.7787,17.0407],[78.7681,17.0195],[78.779,17.0123],[78.8079,17.0095],[78.8068,17.0049],[78.8183,17.0069],[78.8201,17.0184],[78.8131,17.0303],[78.8361,17.0396],[78.844,17.072]]]}},{"type":"Feature","properties":{"uid":"TSSD0303","mandal_name":"Mancherial","district_name":"Mancherial","centroid":[79.4481,18.8795],"area":40.12,"zonalstat":{"min":-0.1671,"max":0.7784,"mean":0.5665,"count":170,"sum":96.3098,"median":0.6248}},"geometry":{"type":"Polygon","coordinates":[[[79.4831,18.9057],[79.4531,18.9135],[79.4437,18.9059],[79.43,18.9076],[79.4191,18.9001],[79.4161,18.8896],[79.4226,18.882],[79.4164,18.8532],[79.4319,18.8488],[79.4502,18.8351],[79.4588,18.8521],[79.475,18.8747],[79.4847,18.8948],[79.4831,18.9057]]]}},{"type":"Feature","properties":{"uid":"TSSD0304","mandal_name":"Mandamarri","district_name":"Mancherial","centroid":[79.4895,18.9493],"area":171.08,"zonalstat":{"min":0.1722,"max":0.8782,"mean":0.7304,"count":730,"sum":533.1923,"median":0.7505}},"geometry":{"type":"Polygon","coordinates":[[[79.5265,18.9811],[79.4896,19.0153],[79.4694,19.0155],[79.4601,18.9979],[79.4487,18.9848],[79.4423,18.9954],[79.4302,19.0012],[79.4066,19.0039],[79.4046,18.9941],[79.3921,18.9966],[79.3919,18.9967],[79.3927,18.9949],[79.3952,18.9902],[79.4018,18.9804],[79.4169,18.9688],[79.422,18.9468],[79.4125,18.9339],[79.4053,18.9066],[79.4191,18.9001],[79.43,18.9076],[79.4437,18.9059],[79.4531,18.9135],[79.4831,18.9057],[79.4856,18.9144],[79.5059,18.909],[79.5273,18.8916],[79.5493,18.9022],[79.5559,18.8946],[79.5676,18.899],[79.5864,18.9187],[79.5895,18.9309],[79.5911,18.9487],[79.5801,18.96],[79.5693,18.9458],[79.561,18.9481],[79.5453,18.968],[79.5266,18.9812],[79.5265,18.9811]]]}},{"type":"Feature","properties":{"uid":"TSSD0305","mandal_name":"Mangapet","district_name":"Mulugu","centroid":[80.5414,18.1884],"area":392.56,"zonalstat":{"min":-0.3,"max":0.9547,"mean":0.5669,"count":1667,"sum":944.97,"median":0.6624}},"geometry":{"type":"Polygon","coordinates":[[[80.7088,18.1353],[80.6714,18.1742],[80.6596,18.1891],[80.6348,18.211],[80.5917,18.2449],[80.5724,18.2536],[80.5134,18.2844],[80.4904,18.3047],[80.4694,18.2865],[80.4537,18.2767],[80.4394,18.2511],[80.4299,18.2501],[80.429,18.2391],[80.4145,18.2337],[80.4084,18.2114],[80.4244,18.2035],[80.4269,18.18],[80.4383,18.1777],[80.4356,18.1607],[80.4385,18.1538],[80.4622,18.1377],[80.4762,18.1328],[80.4956,18.1435],[80.5024,18.1291],[80.5152,18.1196],[80.5271,18.1031],[80.5375,18.0953],[80.5489,18.1028],[80.5649,18.1002],[80.5863,18.0862],[80.6021,18.0805],[80.6194,18.1138],[80.6353,18.1091],[80.6432,18.1246],[80.6226,18.1278],[80.6311,18.1416],[80.6481,18.1352],[80.6565,18.1515],[80.6643,18.1584],[80.679,18.1496],[80.6763,18.1306],[80.6837,18.1158],[80.7088,18.1353]]]}},{"type":"Feature","properties":{"uid":"TSSD0306","mandal_name":"Manoor","district_name":"Sangareddy","centroid":[77.7433,17.9597],"area":148.62,"zonalstat":{"min":-0.3,"max":0.8578,"mean":0.6737,"count":626,"sum":421.7519,"median":0.7226}},"geometry":{"type":"Polygon","coordinates":[[[77.8221,17.9714],[77.8093,17.9691],[77.7968,17.9741],[77.7996,17.988],[77.7834,17.9827],[77.7564,17.9903],[77.7462,17.9967],[77.7495,18.0283],[77.7571,18.0342],[77.7527,18.0451],[77.7363,18.0435],[77.7202,18.0341],[77.7061,18.0306],[77.714,18.0284],[77.719,18.0072],[77.6989,18.0045],[77.6799,17.9855],[77.652,17.9917],[77.6485,17.9809],[77.656,17.9688],[77.6496,17.9505],[77.6551,17.944],[77.6797,17.9515],[77.7086,17.9507],[77.7081,17.9383],[77.6951,17.9291],[77.6928,17.9188],[77.7096,17.9115],[77.7267,17.9311],[77.7371,17.9316],[77.7436,17.9135],[77.7581,17.9091],[77.7762,17.9293],[77.795,17.8926],[77.7941,17.8853],[77.8081,17.8798],[77.8263,17.8788],[77.8315,17.8997],[77.8249,17.9082],[77.8216,17.9265],[77.7948,17.9255],[77.796,17.9359],[77.8088,17.9597],[77.8214,17.9576],[77.8221,17.9714]]]}},{"type":"Feature","properties":{"uid":"TSSD0307","mandal_name":"Manopad","district_name":"Jogulamba Gadwal","centroid":[77.9524,15.9798],"area":163.37,"zonalstat":{"min":-0.3,"max":0.8681,"mean":0.6264,"count":692,"sum":433.4902,"median":0.6775}},"geometry":{"type":"Polygon","coordinates":[[[78.0332,16.0534],[78.013,16.068],[78.001,16.0804],[77.9839,16.0895],[77.973,16.0537],[77.9612,16.0459],[77.9523,16.0283],[77.9266,16.0233],[77.9207,16.0063],[77.9038,15.9806],[77.8965,15.982],[77.8931,15.9676],[77.9099,15.9646],[77.9051,15.9395],[77.8871,15.9387],[77.8816,15.9432],[77.8717,15.9438],[77.8693,15.9027],[77.8733,15.9004],[77.8895,15.9063],[77.9333,15.8854],[77.9418,15.9327],[77.9872,15.9227],[78.0013,15.9231],[78.0053,15.9492],[77.9819,15.9508],[77.9864,15.9679],[77.9868,15.9936],[77.998,15.9915],[78.0032,16.0157],[78.0186,16.0377],[78.0332,16.0534]]]}},{"type":"Feature","properties":{"uid":"TSSD0308","mandal_name":"Manthani","district_name":"Peddapalli","centroid":[79.7,18.6452],"area":311.44,"zonalstat":{"min":-0.3,"max":0.9515,"mean":0.7321,"count":1323,"sum":968.6044,"median":0.8032}},"geometry":{"type":"Polygon","coordinates":[[[79.7177,18.685],[79.7084,18.6834],[79.6882,18.672],[79.6685,18.6806],[79.6557,18.696],[79.6455,18.7194],[79.6371,18.727],[79.6026,18.7384],[79.5972,18.7251],[79.5788,18.7123],[79.5771,18.6772],[79.5646,18.6708],[79.5693,18.6513],[79.591,18.6536],[79.5901,18.6421],[79.6066,18.6423],[79.6085,18.6106],[79.6115,18.599],[79.6211,18.5915],[79.6231,18.5816],[79.6471,18.5888],[79.6486,18.5729],[79.6577,18.5922],[79.6701,18.6024],[79.6874,18.5854],[79.7067,18.5759],[79.7186,18.5619],[79.7317,18.5717],[79.7421,18.5735],[79.7753,18.5679],[79.7908,18.571],[79.7923,18.5831],[79.8017,18.6083],[79.8137,18.6312],[79.8244,18.6454],[79.8327,18.6613],[79.8289,18.6758],[79.8123,18.7103],[79.7784,18.6935],[79.7541,18.6849],[79.7362,18.6828],[79.7177,18.685]]]}},{"type":"Feature","properties":{"uid":"TSSD0309","mandal_name":"Manuguru","district_name":"Bhadradri Kothagudem","centroid":[80.7756,17.9527],"area":241.6,"zonalstat":{"min":-0.1634,"max":0.9729,"mean":0.5849,"count":1025,"sum":599.4954,"median":0.6784}},"geometry":{"type":"Polygon","coordinates":[[[80.8854,17.9332],[80.88,17.9544],[80.8501,17.9882],[80.8242,18.0016],[80.7737,18.0458],[80.7585,18.0359],[80.7501,18.0388],[80.7359,18.0245],[80.7343,18.0034],[80.7263,18.0053],[80.7068,17.9709],[80.7117,17.9658],[80.7013,17.9484],[80.6802,17.9408],[80.6674,17.922],[80.6753,17.9084],[80.6961,17.8907],[80.7115,17.8851],[80.7335,17.887],[80.7458,17.8795],[80.7593,17.8953],[80.7797,17.8946],[80.7984,17.9013],[80.8111,17.8984],[80.8326,17.9019],[80.8395,17.8962],[80.8515,17.8973],[80.8514,17.9226],[80.8585,17.9265],[80.8804,17.9272],[80.8854,17.9332]]]}},{"type":"Feature","properties":{"uid":"TSSD0310","mandal_name":"Maredpally","district_name":"Hyderabad","centroid":[78.5151,17.4394],"area":12.89,"zonalstat":{"min":0.2399,"max":0.6894,"mean":0.3861,"count":53,"sum":20.4651,"median":0.3553}},"geometry":{"type":"Polygon","coordinates":[[[78.5563,17.437],[78.5281,17.4403],[78.5282,17.431],[78.5138,17.4283],[78.506,17.4376],[78.5151,17.4513],[78.5133,17.4689],[78.5022,17.4648],[78.4901,17.4439],[78.4998,17.4352],[78.4952,17.4265],[78.5026,17.4226],[78.5276,17.4222],[78.539,17.4209],[78.5502,17.4369],[78.5563,17.437]]]}},{"type":"Feature","properties":{"uid":"TSSD0311","mandal_name":"Marikal","district_name":"Narayanpet","centroid":[77.7292,16.5883],"area":159.77,"zonalstat":{"min":0.3977,"max":0.8588,"mean":0.7043,"count":674,"sum":474.7302,"median":0.7082}},"geometry":{"type":"Polygon","coordinates":[[[77.7688,16.6646],[77.7515,16.6652],[77.7474,16.6593],[77.7329,16.6573],[77.6925,16.6467],[77.7077,16.6406],[77.6971,16.6301],[77.6901,16.6116],[77.6821,16.61],[77.6691,16.5926],[77.6575,16.5714],[77.6566,16.5574],[77.6749,16.5353],[77.6882,16.5318],[77.7007,16.5337],[77.7191,16.5249],[77.7182,16.5126],[77.736,16.5078],[77.7482,16.5061],[77.7624,16.5098],[77.7636,16.5282],[77.7528,16.5408],[77.7463,16.5674],[77.7646,16.5637],[77.7787,16.5645],[77.7885,16.5811],[77.7794,16.6161],[77.7984,16.6167],[77.7962,16.6337],[77.7742,16.654],[77.7688,16.6646]]]}},{"type":"Feature","properties":{"uid":"TSSD0312","mandal_name":"Maripeda","district_name":"Mahabubabad","centroid":[79.8668,17.4048],"area":234.68,"zonalstat":{"min":0.4416,"max":0.8963,"mean":0.7546,"count":992,"sum":748.5988,"median":0.7648}},"geometry":{"type":"Polygon","coordinates":[[[79.9383,17.4671],[79.9212,17.4491],[79.8854,17.4534],[79.8812,17.4604],[79.8857,17.474],[79.8581,17.4805],[79.8531,17.4869],[79.8425,17.4782],[79.8468,17.4677],[79.8428,17.4329],[79.8232,17.4395],[79.8189,17.4459],[79.8014,17.4544],[79.7953,17.4437],[79.7811,17.4362],[79.7768,17.4416],[79.7615,17.4306],[79.7626,17.4076],[79.7872,17.4012],[79.7965,17.3933],[79.791,17.3834],[79.7804,17.3801],[79.7763,17.3695],[79.7945,17.3511],[79.7925,17.3253],[79.804,17.3216],[79.8143,17.3311],[79.8316,17.3355],[79.8447,17.3291],[79.8489,17.3348],[79.872,17.3308],[79.8807,17.3474],[79.8918,17.354],[79.9031,17.3769],[79.9164,17.3724],[79.9382,17.3755],[79.9365,17.392],[79.9697,17.3991],[79.9797,17.406],[79.9827,17.4351],[79.9679,17.4422],[79.9695,17.4593],[79.9383,17.4671]]]}},{"type":"Feature","properties":{"uid":"TSSD0313","mandal_name":"Markook","district_name":"Siddipet","centroid":[78.7305,17.7469],"area":105.43,"zonalstat":{"min":0.0877,"max":0.8535,"mean":0.6583,"count":447,"sum":294.2451,"median":0.6796}},"geometry":{"type":"Polygon","coordinates":[[[78.782,17.7116],[78.7639,17.7243],[78.7803,17.7376],[78.7647,17.7453],[78.763,17.771],[78.771,17.7817],[78.7605,17.7934],[78.7513,17.8102],[78.7368,17.8031],[78.7204,17.8048],[78.7114,17.7943],[78.6973,17.799],[78.6839,17.7967],[78.6642,17.8009],[78.6699,17.7761],[78.6701,17.7607],[78.6808,17.7557],[78.7014,17.7562],[78.707,17.7518],[78.7025,17.7237],[78.723,17.7141],[78.7295,17.7041],[78.714,17.689],[78.7131,17.6781],[78.7234,17.6682],[78.7246,17.6678],[78.7305,17.6673],[78.7446,17.6836],[78.7664,17.6838],[78.7825,17.6994],[78.782,17.7116]]]}},{"type":"Feature","properties":{"uid":"TSSD0314","mandal_name":"Marpalle","district_name":"Vikarabad","centroid":[77.7857,17.5409],"area":225.88,"zonalstat":{"min":0.3963,"max":0.8099,"mean":0.7208,"count":957,"sum":689.7959,"median":0.7258}},"geometry":{"type":"Polygon","coordinates":[[[77.6861,17.4759],[77.6885,17.4686],[77.7154,17.4608],[77.7257,17.4539],[77.7523,17.4695],[77.7613,17.4689],[77.7719,17.4568],[77.8018,17.4733],[77.8013,17.4861],[77.8096,17.4984],[77.8079,17.5145],[77.8224,17.5132],[77.8274,17.5002],[77.8416,17.4919],[77.8486,17.5106],[77.8647,17.5099],[77.8718,17.5288],[77.8443,17.5467],[77.8371,17.5586],[77.8421,17.5688],[77.8659,17.5627],[77.8729,17.5848],[77.8694,17.5975],[77.8774,17.6067],[77.8655,17.6179],[77.8613,17.6131],[77.8438,17.619],[77.8234,17.6324],[77.8159,17.6263],[77.7978,17.6251],[77.7832,17.6387],[77.7714,17.6263],[77.7466,17.6243],[77.7496,17.6136],[77.7687,17.6122],[77.7741,17.5998],[77.7703,17.5856],[77.7612,17.5795],[77.7593,17.5602],[77.7473,17.5491],[77.7211,17.5342],[77.7085,17.5238],[77.6899,17.5269],[77.6871,17.5116],[77.6924,17.5002],[77.6861,17.4759]]]}},{"type":"Feature","properties":{"uid":"TSSD0315","mandal_name":"Marriguda","district_name":"Nalgonda","centroid":[78.8708,16.9838],"area":229.14,"zonalstat":{"min":0.1121,"max":0.8985,"mean":0.6832,"count":964,"sum":658.6504,"median":0.7106}},"geometry":{"type":"Polygon","coordinates":[[[78.844,17.072],[78.8361,17.0396],[78.8131,17.0303],[78.8201,17.0184],[78.8183,17.0069],[78.8068,17.0049],[78.7926,16.9911],[78.7894,16.9773],[78.7592,16.9833],[78.7595,16.9695],[78.7625,16.955],[78.7797,16.9514],[78.811,16.9333],[78.8185,16.9259],[78.8566,16.9114],[78.8615,16.9087],[78.8834,16.9139],[78.8868,16.9249],[78.9086,16.9256],[78.918,16.9356],[78.9381,16.9447],[78.9521,16.9428],[78.9548,16.9624],[78.963,16.9884],[78.9645,17.0018],[78.9538,17.0042],[78.9554,17.0302],[78.9172,17.042],[78.8929,17.0453],[78.8799,17.0464],[78.8749,17.0592],[78.844,17.072]]]}},{"type":"Feature","properties":{"uid":"TSSD0316","mandal_name":"Mattampalli","district_name":"Suryapet","centroid":[79.8517,16.7595],"area":210.69,"zonalstat":{"min":-0.3,"max":0.8942,"mean":0.6923,"count":862,"sum":596.8052,"median":0.7431}},"geometry":{"type":"Polygon","coordinates":[[[79.9438,16.7491],[79.931,16.7618],[79.9164,16.758],[79.9111,16.7732],[79.9104,16.7906],[79.8868,16.8142],[79.8855,16.8263],[79.8689,16.825],[79.8643,16.8422],[79.8518,16.8351],[79.8439,16.8246],[79.8332,16.8215],[79.8296,16.8111],[79.8194,16.8126],[79.8022,16.827],[79.7913,16.8315],[79.7837,16.8247],[79.774,16.8293],[79.7603,16.7918],[79.7891,16.76],[79.7852,16.7441],[79.7869,16.7305],[79.8125,16.6954],[79.829,16.6941],[79.8461,16.7038],[79.8576,16.7054],[79.8771,16.698],[79.8866,16.6869],[79.8917,16.6576],[79.9081,16.6929],[79.9364,16.7256],[79.941,16.7281],[79.9438,16.7491]]]}},{"type":"Feature","properties":{"uid":"TSSD0317","mandal_name":"Medak","district_name":"Medak","centroid":[78.291,18.0384],"area":140.85,"zonalstat":{"min":0.1452,"max":0.8908,"mean":0.7548,"count":591,"sum":446.0879,"median":0.7884}},"geometry":{"type":"Polygon","coordinates":[[[78.3682,18.0813],[78.3626,18.0848],[78.3531,18.1044],[78.3145,18.0989],[78.2844,18.0795],[78.2786,18.0719],[78.2581,18.0702],[78.2532,18.062],[78.2352,18.0617],[78.2288,18.0533],[78.2119,18.0557],[78.2135,18.043],[78.2077,18.0192],[78.2112,18.0108],[78.2298,18.0202],[78.2346,18.0085],[78.2454,17.997],[78.2483,17.9808],[78.2717,17.9739],[78.2802,17.9777],[78.2803,17.9852],[78.3106,17.9822],[78.3231,17.9871],[78.3276,17.9857],[78.3269,17.9901],[78.3385,18.0019],[78.3397,18.0114],[78.3291,18.02],[78.3348,18.0366],[78.3402,18.036],[78.357,18.0595],[78.3682,18.0813]]]}},{"type":"Feature","properties":{"uid":"TSSD0318","mandal_name":"Medchal","district_name":"Medchal_Malkajgiri","centroid":[78.4807,17.6367],"area":187.56,"zonalstat":{"min":0.0705,"max":0.8551,"mean":0.6332,"count":789,"sum":499.6246,"median":0.6509}},"geometry":{"type":"Polygon","coordinates":[[[78.4929,17.6946],[78.4694,17.6921],[78.4489,17.7085],[78.4459,17.6989],[78.4304,17.6869],[78.4207,17.6716],[78.3976,17.6741],[78.39,17.6685],[78.381,17.6422],[78.3878,17.6353],[78.4095,17.6389],[78.4143,17.6328],[78.4276,17.6323],[78.4274,17.6176],[78.4384,17.6161],[78.4481,17.6053],[78.4415,17.5894],[78.4435,17.5613],[78.4669,17.551],[78.4941,17.5602],[78.4939,17.5618],[78.4978,17.5842],[78.5021,17.5919],[78.52,17.5851],[78.5408,17.5875],[78.56,17.6551],[78.5481,17.6731],[78.551,17.6841],[78.5548,17.6873],[78.5537,17.6897],[78.5436,17.6922],[78.5353,17.6967],[78.5173,17.6999],[78.5077,17.6847],[78.4962,17.6858],[78.4929,17.6946]]]}},{"type":"Feature","properties":{"uid":"TSSD0319","mandal_name":"Medipalle","district_name":"Jagtial","centroid":[78.7968,18.7463],"area":206.03,"zonalstat":{"min":0.5597,"max":0.8868,"mean":0.7849,"count":870,"sum":682.86,"median":0.7958}},"geometry":{"type":"Polygon","coordinates":[[[78.8478,18.8435],[78.8533,18.855],[78.8501,18.874],[78.8261,18.8854],[78.8052,18.8645],[78.8078,18.8572],[78.7948,18.8476],[78.7911,18.8275],[78.7981,18.8216],[78.7852,18.8027],[78.7519,18.7911],[78.7459,18.7825],[78.757,18.7736],[78.7518,18.7551],[78.7439,18.7468],[78.7347,18.7527],[78.7321,18.7355],[78.7415,18.7281],[78.7333,18.7057],[78.7493,18.6993],[78.7499,18.6807],[78.7426,18.6648],[78.7586,18.6517],[78.7609,18.6336],[78.7887,18.6249],[78.7872,18.6345],[78.8102,18.6513],[78.815,18.6577],[78.809,18.6682],[78.832,18.6816],[78.8526,18.6804],[78.8401,18.702],[78.836,18.729],[78.8398,18.7518],[78.8469,18.7613],[78.8508,18.7708],[78.8418,18.7798],[78.832,18.7969],[78.8331,18.815],[78.8408,18.8406],[78.8478,18.8435]]]}},{"type":"Feature","properties":{"uid":"TSSD0320","mandal_name":"Medipally","district_name":"Medchal_Malkajgiri","centroid":[78.5997,17.42],"area":33.63,"zonalstat":{"min":0.1785,"max":0.8419,"mean":0.4617,"count":144,"sum":66.4802,"median":0.4396}},"geometry":{"type":"Polygon","coordinates":[[[78.6254,17.4518],[78.6233,17.4515],[78.6133,17.4548],[78.5914,17.4496],[78.564,17.4214],[78.5911,17.3881],[78.5927,17.3879],[78.6184,17.3874],[78.6218,17.3871],[78.6218,17.3941],[78.6246,17.4006],[78.6196,17.4244],[78.6242,17.4397],[78.6221,17.4461],[78.6231,17.4474],[78.6244,17.4503],[78.6254,17.4518]]]}},{"type":"Feature","properties":{"uid":"TSSD0321","mandal_name":"Mellachervu","district_name":"Suryapet","centroid":[79.9517,16.8298],"area":148.48,"zonalstat":{"min":0.2451,"max":0.8884,"mean":0.7478,"count":623,"sum":465.8518,"median":0.7854}},"geometry":{"type":"Polygon","coordinates":[[[80.0054,16.8803],[79.9853,16.8976],[79.9744,16.8808],[79.9402,16.8846],[79.9163,16.8925],[79.9152,16.8711],[79.9339,16.8628],[79.9346,16.8482],[79.9207,16.8459],[79.9088,16.8563],[79.8917,16.8582],[79.8643,16.8422],[79.8689,16.825],[79.8855,16.8263],[79.8868,16.8142],[79.9104,16.7906],[79.9111,16.7732],[79.9164,16.758],[79.931,16.7618],[79.9438,16.7491],[79.9564,16.762],[79.9582,16.7764],[79.965,16.7817],[79.976,16.8031],[79.9818,16.806],[79.9994,16.7956],[80.0098,16.8163],[80.0467,16.8489],[80.0464,16.8529],[80.0185,16.8535],[80.0049,16.8614],[80.0054,16.8803]]]}},{"type":"Feature","properties":{"uid":"TSSD0322","mandal_name":"Mendora","district_name":"Nizamabad","centroid":[78.4005,18.9582],"area":74.74,"zonalstat":{"min":0.0348,"max":0.8277,"mean":0.6343,"count":315,"sum":199.8079,"median":0.6469}},"geometry":{"type":"Polygon","coordinates":[[[78.4098,19.0032],[78.3818,19.0001],[78.3563,18.9853],[78.3496,18.985],[78.3414,18.9688],[78.3605,18.9522],[78.3575,18.9361],[78.3652,18.9298],[78.3821,18.9359],[78.389,18.9264],[78.4143,18.9163],[78.4535,18.9129],[78.4395,18.9314],[78.4575,18.9539],[78.4527,18.9617],[78.4301,18.9711],[78.4166,18.999],[78.4098,19.0032]]]}},{"type":"Feature","properties":{"uid":"TSSD0323","mandal_name":"Metpalli","district_name":"Jagtial","centroid":[78.6133,18.8086],"area":189.57,"zonalstat":{"min":0.3262,"max":0.8523,"mean":0.7035,"count":804,"sum":565.6105,"median":0.7216}},"geometry":{"type":"Polygon","coordinates":[[[78.6698,18.8745],[78.6438,18.8957],[78.6327,18.8764],[78.6242,18.8767],[78.606,18.8883],[78.5872,18.8743],[78.5868,18.8567],[78.5661,18.8618],[78.5562,18.8435],[78.5397,18.8447],[78.5476,18.8347],[78.5412,18.8184],[78.5512,18.813],[78.557,18.8004],[78.5529,18.7925],[78.564,18.7845],[78.5516,18.7461],[78.5713,18.7382],[78.5859,18.7208],[78.6143,18.7294],[78.6319,18.7246],[78.6373,18.7367],[78.6342,18.7453],[78.645,18.7706],[78.6676,18.7692],[78.6768,18.7895],[78.6796,18.8093],[78.6781,18.8363],[78.6717,18.8572],[78.6698,18.8745]]]}},{"type":"Feature","properties":{"uid":"TSSD0324","mandal_name":"Midjil","district_name":"Mahabubnagar","centroid":[78.2984,16.7552],"area":164.85,"zonalstat":{"min":0.1561,"max":0.9551,"mean":0.6447,"count":693,"sum":446.7468,"median":0.6542}},"geometry":{"type":"Polygon","coordinates":[[[78.323,16.8255],[78.3058,16.8192],[78.3015,16.8112],[78.2743,16.8159],[78.2653,16.8204],[78.2533,16.8108],[78.2325,16.808],[78.2273,16.7923],[78.2373,16.7902],[78.2372,16.7743],[78.227,16.7728],[78.2171,16.7577],[78.2258,16.754],[78.2232,16.7389],[78.2377,16.7391],[78.2591,16.7222],[78.2653,16.7128],[78.2819,16.706],[78.2969,16.6955],[78.2986,16.6874],[78.3109,16.6886],[78.3205,16.678],[78.341,16.6871],[78.3514,16.6848],[78.3558,16.6994],[78.3511,16.7081],[78.3677,16.7447],[78.3699,16.7564],[78.3649,16.7653],[78.3529,16.7695],[78.3486,16.7857],[78.332,16.7952],[78.3345,16.8169],[78.323,16.8255]]]}},{"type":"Feature","properties":{"uid":"TSSD0325","mandal_name":"Mirdoddi","district_name":"Siddipet","centroid":[78.6463,18.0741],"area":167.82,"zonalstat":{"min":0.295,"max":0.8977,"mean":0.7463,"count":709,"sum":529.1466,"median":0.7496}},"geometry":{"type":"Polygon","coordinates":[[[78.7307,18.0973],[78.7049,18.1091],[78.7125,18.1248],[78.689,18.1298],[78.676,18.116],[78.6521,18.1209],[78.6367,18.131],[78.6331,18.1252],[78.612,18.1179],[78.6083,18.1335],[78.5953,18.1488],[78.5884,18.1429],[78.5871,18.1246],[78.5756,18.1105],[78.5764,18.0929],[78.5691,18.0832],[78.5701,18.0661],[78.573,18.0655],[78.5852,18.0644],[78.5806,18.0322],[78.585,18.0295],[78.6086,18.0321],[78.6229,18.041],[78.6334,18.0233],[78.6436,17.9928],[78.6571,18.0034],[78.6736,18.0045],[78.6815,18.0187],[78.695,18.0245],[78.6981,18.0405],[78.7182,18.0517],[78.7136,18.0682],[78.7307,18.0973]]]}},{"type":"Feature","properties":{"uid":"TSSD0326","mandal_name":"Miryalaguda","district_name":"Nalgonda","centroid":[79.5765,16.8665],"area":248.98,"zonalstat":{"min":0.0857,"max":0.9008,"mean":0.7927,"count":1048,"sum":830.8,"median":0.8327}},"geometry":{"type":"Polygon","coordinates":[[[79.6155,16.9671],[79.5915,16.9784],[79.589,16.9989],[79.5686,17.0076],[79.5579,16.9816],[79.5611,16.9595],[79.57,16.9506],[79.5719,16.9263],[79.5754,16.9195],[79.5674,16.8967],[79.5609,16.9001],[79.5495,16.8906],[79.5252,16.8947],[79.5122,16.92],[79.5058,16.9056],[79.4998,16.8817],[79.5026,16.8728],[79.491,16.8611],[79.4847,16.8389],[79.4882,16.8227],[79.4987,16.8117],[79.4954,16.7986],[79.5102,16.794],[79.5419,16.7958],[79.5375,16.7738],[79.5423,16.7674],[79.5578,16.7621],[79.5693,16.762],[79.5625,16.787],[79.5544,16.7956],[79.5572,16.8081],[79.571,16.8129],[79.6091,16.8011],[79.6192,16.804],[79.6342,16.7992],[79.6406,16.8043],[79.6678,16.8027],[79.6676,16.8366],[79.6608,16.8535],[79.648,16.8636],[79.6396,16.8912],[79.617,16.9229],[79.6142,16.9464],[79.6155,16.9671]]]}},{"type":"Feature","properties":{"uid":"TSSD0327","mandal_name":"Mogudampally","district_name":"Sangareddy","centroid":[77.5064,17.6185],"area":152.32,"zonalstat":{"min":0.3275,"max":0.8101,"mean":0.6888,"count":634,"sum":436.6813,"median":0.6947}},"geometry":{"type":"Polygon","coordinates":[[[77.4717,17.7037],[77.4527,17.6951],[77.4552,17.6754],[77.4487,17.6587],[77.4522,17.6371],[77.4442,17.5842],[77.4628,17.5804],[77.478,17.5672],[77.4939,17.5689],[77.5068,17.5426],[77.5284,17.576],[77.5375,17.5761],[77.5506,17.5521],[77.588,17.5604],[77.5939,17.5645],[77.5912,17.5782],[77.5664,17.5895],[77.5655,17.6114],[77.551,17.6133],[77.548,17.6337],[77.5396,17.6665],[77.522,17.6787],[77.5179,17.6863],[77.4984,17.6897],[77.4956,17.6769],[77.4846,17.676],[77.4738,17.6908],[77.4717,17.7037]]]}},{"type":"Feature","properties":{"uid":"TSSD0328","mandal_name":"Mogullapally","district_name":"Jayashankar Bhupalpally","centroid":[79.6206,18.3059],"area":117.77,"zonalstat":{"min":0.295,"max":0.9118,"mean":0.7783,"count":500,"sum":389.1254,"median":0.7994}},"geometry":{"type":"Polygon","coordinates":[[[79.6409,18.3512],[79.6275,18.3677],[79.5852,18.3675],[79.5761,18.3589],[79.5803,18.3527],[79.5749,18.3327],[79.5747,18.3093],[79.5666,18.3105],[79.5592,18.2988],[79.5665,18.2838],[79.5627,18.2625],[79.5815,18.2562],[79.582,18.2567],[79.5972,18.2647],[79.6179,18.263],[79.6302,18.2734],[79.6543,18.2532],[79.6741,18.2573],[79.6962,18.2792],[79.6926,18.2834],[79.6769,18.3006],[79.6677,18.3193],[79.6457,18.3391],[79.6409,18.3512]]]}},{"type":"Feature","properties":{"uid":"TSSD0329","mandal_name":"Moinabad","district_name":"Rangareddy","centroid":[78.2692,17.3194],"area":210.03,"zonalstat":{"min":-0.0884,"max":0.9196,"mean":0.5901,"count":887,"sum":523.4394,"median":0.6485}},"geometry":{"type":"Polygon","coordinates":[[[78.3752,17.3286],[78.3625,17.3338],[78.3558,17.3417],[78.3431,17.3397],[78.3362,17.3601],[78.3271,17.3716],[78.305,17.3609],[78.2877,17.3623],[78.2874,17.371],[78.2685,17.3758],[78.2474,17.3965],[78.2334,17.3928],[78.2281,17.3998],[78.2157,17.3975],[78.2068,17.3824],[78.1836,17.3776],[78.1852,17.3607],[78.2181,17.3487],[78.2186,17.3248],[78.2146,17.3158],[78.192,17.3086],[78.1895,17.3006],[78.2001,17.2704],[78.1935,17.2642],[78.1971,17.2447],[78.213,17.2454],[78.2216,17.2532],[78.2435,17.2511],[78.2712,17.2562],[78.2966,17.2736],[78.3576,17.2849],[78.3564,17.298],[78.3708,17.3017],[78.3747,17.3227],[78.3752,17.3286]]]}},{"type":"Feature","properties":{"uid":"TSSD0330","mandal_name":"Mominpet","district_name":"Vikarabad","centroid":[77.9007,17.5056],"area":185.55,"zonalstat":{"min":0.1961,"max":0.8242,"mean":0.7,"count":782,"sum":547.392,"median":0.711}},"geometry":{"type":"Polygon","coordinates":[[[77.9338,17.5614],[77.9239,17.574],[77.8978,17.5822],[77.8873,17.5801],[77.8729,17.5848],[77.8659,17.5627],[77.8421,17.5688],[77.8371,17.5586],[77.8443,17.5467],[77.8718,17.5288],[77.8647,17.5099],[77.8486,17.5106],[77.8416,17.4919],[77.8274,17.5002],[77.8224,17.5132],[77.8079,17.5145],[77.8096,17.4984],[77.8013,17.4861],[77.8018,17.4733],[77.8213,17.4661],[77.8318,17.4506],[77.8525,17.4409],[77.8818,17.4458],[77.8839,17.4518],[77.9018,17.465],[77.917,17.463],[77.9231,17.4704],[77.9436,17.467],[77.9696,17.4676],[77.9766,17.4583],[78.001,17.4604],[78.0114,17.4555],[78.0228,17.4652],[78.0039,17.476],[78.0007,17.484],[78.0064,17.4958],[77.9901,17.5057],[77.9807,17.484],[77.9644,17.4843],[77.9661,17.5057],[77.9747,17.5212],[77.9678,17.5327],[77.9552,17.538],[77.9364,17.5395],[77.9404,17.5519],[77.9338,17.5614]]]}},{"type":"Feature","properties":{"uid":"TSSD0331","mandal_name":"Moosapet","district_name":"Mahabubnagar","centroid":[77.9645,16.6091],"area":95.02,"zonalstat":{"min":0.3253,"max":0.9023,"mean":0.7079,"count":405,"sum":286.6938,"median":0.7088}},"geometry":{"type":"Polygon","coordinates":[[[77.9914,16.6439],[77.9588,16.6453],[77.9323,16.6558],[77.9171,16.6487],[77.9251,16.6328],[77.9243,16.6171],[77.9168,16.6067],[77.9148,16.5943],[77.8969,16.597],[77.8882,16.5694],[77.9089,16.5636],[77.9176,16.5835],[77.93,16.5788],[77.9437,16.5796],[77.946,16.5693],[77.957,16.5599],[77.9669,16.5741],[77.9836,16.5712],[78.0011,16.5759],[78.0055,16.5673],[78.0197,16.5721],[78.0175,16.5803],[78.0009,16.5958],[78.0007,16.6067],[78.0109,16.6179],[78.0222,16.6151],[78.0364,16.6251],[78.0345,16.6414],[78.0119,16.6546],[78.0038,16.6404],[77.9914,16.6439]]]}},{"type":"Feature","properties":{"uid":"TSSD0332","mandal_name":"Morthad","district_name":"Nizamabad","centroid":[78.4535,18.8315],"area":110.93,"zonalstat":{"min":0.0482,"max":0.8122,"mean":0.6331,"count":476,"sum":301.3544,"median":0.6379}},"geometry":{"type":"Polygon","coordinates":[[[78.4365,18.8895],[78.4281,18.8959],[78.4041,18.8801],[78.3995,18.8729],[78.3957,18.8578],[78.399,18.8511],[78.4137,18.8462],[78.4121,18.8342],[78.399,18.826],[78.4072,18.8131],[78.4323,18.8072],[78.4212,18.7901],[78.4201,18.7777],[78.4453,18.7757],[78.4694,18.7774],[78.4751,18.7549],[78.4899,18.7748],[78.4938,18.7918],[78.5105,18.7953],[78.4979,18.8117],[78.504,18.8195],[78.4931,18.8273],[78.4924,18.837],[78.499,18.8549],[78.4912,18.8707],[78.4948,18.8858],[78.4865,18.8922],[78.4578,18.8779],[78.4545,18.8735],[78.4361,18.8719],[78.4365,18.8895]]]}},{"type":"Feature","properties":{"uid":"TSSD0333","mandal_name":"Motakondur","district_name":"Yadadri Bhuvanagiri","centroid":[79.0857,17.5366],"area":154.09,"zonalstat":{"min":0.4661,"max":0.7908,"mean":0.6701,"count":647,"sum":433.5278,"median":0.6733}},"geometry":{"type":"Polygon","coordinates":[[[79.035,17.6056],[79.0286,17.5669],[79.0219,17.5383],[79.0325,17.5316],[79.0312,17.5243],[79.0472,17.5135],[79.0429,17.4946],[79.0314,17.479],[79.0436,17.4712],[79.0526,17.456],[79.0808,17.4477],[79.0813,17.4671],[79.104,17.4752],[79.1106,17.4832],[79.1084,17.502],[79.1005,17.5122],[79.102,17.5214],[79.1192,17.531],[79.1321,17.5251],[79.1574,17.524],[79.1677,17.5192],[79.1776,17.5297],[79.1872,17.5289],[79.1877,17.5395],[79.1765,17.5419],[79.1718,17.5522],[79.1584,17.5518],[79.1491,17.5581],[79.1628,17.5671],[79.1468,17.5701],[79.135,17.5771],[79.131,17.5869],[79.1179,17.5847],[79.0928,17.5863],[79.0832,17.5773],[79.0749,17.5771],[79.0781,17.605],[79.0627,17.6142],[79.0545,17.6017],[79.0442,17.6081],[79.035,17.6056]]]}},{"type":"Feature","properties":{"uid":"TSSD0334","mandal_name":"Mothey","district_name":"Suryapet","centroid":[79.813,17.2022],"area":191.84,"zonalstat":{"min":0.1385,"max":0.8919,"mean":0.742,"count":811,"sum":601.7217,"median":0.7447}},"geometry":{"type":"Polygon","coordinates":[[[79.8748,17.2651],[79.8686,17.2626],[79.8401,17.2785],[79.8316,17.272],[79.8179,17.2831],[79.8148,17.2951],[79.8042,17.2853],[79.8013,17.2755],[79.8052,17.265],[79.7921,17.2522],[79.7705,17.2567],[79.7712,17.2264],[79.7525,17.2087],[79.7437,17.1965],[79.7302,17.1876],[79.73,17.1807],[79.7607,17.1753],[79.759,17.1612],[79.7478,17.1444],[79.7422,17.13],[79.7306,17.1341],[79.7286,17.1167],[79.7461,17.1084],[79.744,17.102],[79.7658,17.0986],[79.775,17.1058],[79.7875,17.135],[79.8035,17.161],[79.8217,17.1623],[79.8459,17.1646],[79.881,17.1745],[79.8792,17.1942],[79.8991,17.2359],[79.9011,17.2543],[79.8748,17.2651]]]}},{"type":"Feature","properties":{"uid":"TSSD0335","mandal_name":"Mothkur","district_name":"Yadadri Bhuvanagiri","centroid":[79.2646,17.4187],"area":146.43,"zonalstat":{"min":0.4037,"max":0.8164,"mean":0.6743,"count":613,"sum":413.3514,"median":0.6777}},"geometry":{"type":"Polygon","coordinates":[[[79.3353,17.4533],[79.3224,17.4521],[79.2936,17.4662],[79.2834,17.4685],[79.2897,17.4838],[79.2691,17.499],[79.2632,17.4964],[79.2622,17.4799],[79.2577,17.4726],[79.2442,17.4781],[79.2323,17.4728],[79.2278,17.4478],[79.2171,17.4488],[79.21,17.4294],[79.1989,17.4085],[79.1858,17.4043],[79.1789,17.3968],[79.2129,17.3797],[79.221,17.3694],[79.2316,17.3713],[79.2409,17.3584],[79.2733,17.36],[79.2934,17.3566],[79.3039,17.3582],[79.3048,17.3584],[79.3095,17.3814],[79.3089,17.4036],[79.3177,17.4021],[79.32,17.4294],[79.3375,17.4257],[79.3451,17.4395],[79.3353,17.4533]]]}},{"type":"Feature","properties":{"uid":"TSSD0336","mandal_name":"Mudhole","district_name":"Nirmal","centroid":[77.9611,18.9841],"area":187.43,"zonalstat":{"min":-0.1028,"max":0.8051,"mean":0.5678,"count":800,"sum":454.2452,"median":0.5983}},"geometry":{"type":"Polygon","coordinates":[[[78.0059,19.0354],[77.9787,19.0325],[77.9798,19.0456],[77.9614,19.0479],[77.9618,19.0362],[77.9511,19.0373],[77.9273,19.046],[77.926,19.052],[77.8914,19.0515],[77.8918,19.0437],[77.9039,19.0211],[77.8963,19.0179],[77.8886,19.0029],[77.8768,18.9674],[77.8736,18.9481],[77.8851,18.9377],[77.8943,18.941],[77.9051,18.9524],[77.9193,18.9486],[77.9219,18.9326],[77.9397,18.9412],[77.9649,18.9294],[78.0008,18.9167],[78.0217,18.917],[78.0406,18.9093],[78.0467,18.9319],[78.0235,18.9375],[78.011,18.9498],[78.0141,18.9602],[78.0237,18.9618],[78.0494,19.0115],[78.0288,19.0194],[78.0059,19.0354]]]}},{"type":"Feature","properties":{"uid":"TSSD0337","mandal_name":"Mudigonda","district_name":"Khammam","centroid":[80.1109,17.1143],"area":202.95,"zonalstat":{"min":0.4246,"max":0.9077,"mean":0.7664,"count":842,"sum":645.3497,"median":0.7757}},"geometry":{"type":"Polygon","coordinates":[[[80.1604,17.1837],[80.1362,17.1787],[80.1183,17.1949],[80.0957,17.2055],[80.0791,17.2033],[80.0626,17.2104],[80.0432,17.2147],[80.0385,17.1977],[80.0268,17.1898],[80.0118,17.194],[79.9998,17.1749],[80.0069,17.1743],[80.0214,17.1602],[80.0397,17.1511],[80.065,17.1453],[80.0898,17.1436],[80.1013,17.1317],[80.0894,17.1082],[80.1078,17.0974],[80.1066,17.0727],[80.0994,17.0569],[80.11,17.0436],[80.1053,17.0266],[80.0926,17.0115],[80.0902,17.0034],[80.0953,16.9901],[80.1203,16.9874],[80.1287,16.992],[80.141,16.9903],[80.1529,17.0069],[80.1679,17.0086],[80.1697,17.0317],[80.1575,17.0567],[80.1584,17.0692],[80.1714,17.0893],[80.1694,17.1139],[80.1593,17.1456],[80.1605,17.1793],[80.1604,17.1837]]]}},{"type":"Feature","properties":{"uid":"TSSD0338","mandal_name":"Mugpal","district_name":"Nizamabad","centroid":[78.1124,18.5588],"area":196.22,"zonalstat":{"min":0.1329,"max":0.9325,"mean":0.7652,"count":834,"sum":638.1432,"median":0.7932}},"geometry":{"type":"Polygon","coordinates":[[[78.1382,18.6507],[78.1169,18.6603],[78.1095,18.6414],[78.1016,18.6471],[78.0849,18.6381],[78.0861,18.6152],[78.0758,18.6029],[78.07,18.6057],[78.0584,18.5852],[78.0406,18.591],[78.0431,18.5898],[78.0533,18.5457],[78.0426,18.5405],[78.0381,18.5292],[78.0392,18.5133],[78.0333,18.5081],[78.0406,18.4965],[78.0409,18.4911],[78.0644,18.504],[78.1013,18.4982],[78.1166,18.4929],[78.1387,18.4801],[78.1592,18.4778],[78.1705,18.4894],[78.1786,18.5053],[78.1621,18.5227],[78.1661,18.5341],[78.1778,18.5415],[78.1841,18.552],[78.1816,18.5624],[78.1678,18.5695],[78.167,18.5998],[78.156,18.608],[78.1574,18.615],[78.1424,18.6212],[78.1449,18.6278],[78.1371,18.6437],[78.1382,18.6507]]]}},{"type":"Feature","properties":{"uid":"TSSD0339","mandal_name":"Mulakalapally","district_name":"Bhadradri Kothagudem","centroid":[80.8394,17.4878],"area":514.62,"zonalstat":{"min":0.1613,"max":0.9959,"mean":0.717,"count":2157,"sum":1546.5385,"median":0.7364}},"geometry":{"type":"Polygon","coordinates":[[[80.8672,17.5772],[80.8635,17.5801],[80.8475,17.5661],[80.8475,17.5595],[80.8092,17.5568],[80.801,17.5727],[80.7932,17.5773],[80.7739,17.5733],[80.7531,17.5901],[80.7397,17.5943],[80.7248,17.5685],[80.7201,17.5696],[80.7111,17.5485],[80.7065,17.5032],[80.711,17.4487],[80.7365,17.454],[80.7338,17.4103],[80.7393,17.3975],[80.7582,17.4016],[80.7892,17.4028],[80.807,17.4162],[80.8188,17.4169],[80.849,17.3774],[80.8633,17.3547],[80.8675,17.3542],[80.8859,17.3538],[80.9035,17.3859],[80.9137,17.3915],[80.9178,17.4154],[80.915,17.4242],[80.9492,17.4172],[80.9576,17.4179],[80.9566,17.5372],[80.9646,17.5682],[80.9567,17.5876],[80.9476,17.5904],[80.9262,17.5888],[80.8955,17.5895],[80.8817,17.5741],[80.8672,17.5772]]]}},{"type":"Feature","properties":{"uid":"TSSD0340","mandal_name":"Mulug","district_name":"Mulugu","centroid":[79.9692,18.1448],"area":363.24,"zonalstat":{"min":-0.0704,"max":0.9404,"mean":0.7027,"count":1541,"sum":1082.8839,"median":0.7411}},"geometry":{"type":"Polygon","coordinates":[[[80.0155,18.2188],[79.9742,18.2342],[79.9615,18.2271],[79.9437,18.248],[79.935,18.2301],[79.9223,18.2318],[79.9013,18.2079],[79.8782,18.2008],[79.8631,18.2032],[79.8577,18.2029],[79.8383,18.1871],[79.8464,18.1721],[79.8439,18.1596],[79.8547,18.1471],[79.8204,18.1132],[79.8148,18.0923],[79.8523,18.095],[79.8629,18.0925],[79.8836,18.0994],[79.8822,18.0881],[79.891,18.084],[79.9307,18.0864],[79.936,18.0832],[79.9603,18.0891],[79.9673,18.1003],[79.9789,18.1076],[80.0011,18.0797],[80.0284,18.0996],[80.0159,18.1153],[80.0373,18.1141],[80.0412,18.1065],[80.0524,18.0903],[80.0728,18.0801],[80.0795,18.0702],[80.091,18.0718],[80.1032,18.0806],[80.117,18.079],[80.1423,18.0877],[80.133,18.1191],[80.1167,18.1521],[80.1042,18.1568],[80.0615,18.1546],[80.0547,18.156],[80.0273,18.1788],[80.0052,18.1941],[79.9928,18.1968],[79.995,18.2144],[80.0152,18.2082],[80.0155,18.2188]]]}},{"type":"Feature","properties":{"uid":"TSSD0341","mandal_name":"Mulug","district_name":"Siddipet","centroid":[78.6174,17.7168],"area":148.86,"zonalstat":{"min":0.0632,"max":0.837,"mean":0.6224,"count":628,"sum":390.8607,"median":0.6753}},"geometry":{"type":"Polygon","coordinates":[[[78.7131,17.6781],[78.714,17.689],[78.7295,17.7041],[78.723,17.7141],[78.7025,17.7237],[78.707,17.7518],[78.7014,17.7562],[78.6808,17.7557],[78.6701,17.7607],[78.6411,17.7492],[78.601,17.7527],[78.5858,17.7401],[78.5696,17.7374],[78.548,17.7461],[78.5226,17.7449],[78.5106,17.7216],[78.4929,17.6946],[78.4962,17.6858],[78.5077,17.6847],[78.5173,17.6999],[78.5353,17.6967],[78.5436,17.6922],[78.5537,17.6897],[78.5548,17.6873],[78.5555,17.6886],[78.5749,17.6835],[78.5762,17.6958],[78.5956,17.6958],[78.6138,17.6805],[78.6223,17.6718],[78.635,17.6695],[78.6512,17.6782],[78.6587,17.6945],[78.6704,17.6985],[78.6855,17.6884],[78.7034,17.6866],[78.7131,17.6781]]]}},{"type":"Feature","properties":{"uid":"TSSD0342","mandal_name":"Munagala","district_name":"Suryapet","centroid":[79.8185,17.0623],"area":140.35,"zonalstat":{"min":0.1282,"max":0.8957,"mean":0.7781,"count":589,"sum":458.2963,"median":0.7913}},"geometry":{"type":"Polygon","coordinates":[[[79.8217,17.1623],[79.8035,17.161],[79.7875,17.135],[79.775,17.1058],[79.7658,17.0986],[79.7723,17.0832],[79.7623,17.0648],[79.7523,17.0618],[79.7371,17.0503],[79.723,17.0548],[79.7135,17.0453],[79.7428,17.0365],[79.7613,17.0236],[79.7682,17.0302],[79.7731,17.0509],[79.7928,17.0465],[79.8125,17.0259],[79.8106,17.0147],[79.7996,17.005],[79.7723,16.9983],[79.7701,16.9856],[79.7935,16.9766],[79.8074,16.9993],[79.8094,17.0107],[79.8389,17.0245],[79.8519,17.0177],[79.8612,17.0034],[79.882,17.007],[79.9042,16.996],[79.9202,16.996],[79.9272,17.0011],[79.9338,17.0074],[79.9311,17.0182],[79.921,17.0125],[79.9021,17.0342],[79.8949,17.039],[79.838,17.0468],[79.8365,17.0571],[79.8238,17.0783],[79.8244,17.0892],[79.8458,17.0987],[79.8361,17.112],[79.8399,17.1282],[79.8542,17.1273],[79.8543,17.1376],[79.826,17.1365],[79.8154,17.1395],[79.8217,17.1623]]]}},{"type":"Feature","properties":{"uid":"TSSD0343","mandal_name":"Munipally","district_name":"Sangareddy","centroid":[77.8468,17.7142],"area":221.68,"zonalstat":{"min":-0.3,"max":0.8172,"mean":0.6137,"count":941,"sum":577.5343,"median":0.7189}},"geometry":{"type":"Polygon","coordinates":[[[77.9134,17.81],[77.8995,17.8202],[77.8824,17.8217],[77.8746,17.7959],[77.8447,17.7867],[77.8442,17.7805],[77.8132,17.7807],[77.8077,17.7666],[77.7926,17.7677],[77.7904,17.7478],[77.8017,17.7434],[77.7865,17.7162],[77.7851,17.6971],[77.7713,17.694],[77.7697,17.6841],[77.7747,17.6466],[77.7832,17.6387],[77.7978,17.6251],[77.8159,17.6263],[77.8234,17.6324],[77.8438,17.619],[77.8613,17.6131],[77.8655,17.6179],[77.8563,17.6294],[77.8571,17.6447],[77.8718,17.6472],[77.8752,17.6653],[77.8944,17.6787],[77.907,17.6835],[77.908,17.6926],[77.8923,17.6988],[77.8867,17.7097],[77.9204,17.72],[77.9233,17.7438],[77.9311,17.7441],[77.9322,17.7448],[77.9314,17.7456],[77.918,17.7625],[77.9052,17.7658],[77.9087,17.8099],[77.9134,17.81]]]}},{"type":"Feature","properties":{"uid":"TSSD0344","mandal_name":"Munugode","district_name":"Nalgonda","centroid":[79.0471,17.0947],"area":242.13,"zonalstat":{"min":0.2929,"max":0.8524,"mean":0.7327,"count":1016,"sum":744.4174,"median":0.742}},"geometry":{"type":"Polygon","coordinates":[[[79.1206,17.1439],[79.1061,17.144],[79.09,17.1504],[79.0778,17.1496],[79.0595,17.1335],[79.0472,17.1268],[79.0447,17.1365],[79.0346,17.1491],[79.0256,17.1788],[79.0184,17.1826],[79.0104,17.1717],[78.9997,17.1738],[78.9954,17.1821],[78.985,17.1845],[78.9794,17.1746],[78.9779,17.1685],[78.9921,17.1557],[78.9719,17.1275],[78.9533,17.1336],[78.9507,17.1147],[78.9315,17.0918],[78.9278,17.0815],[78.9412,17.0735],[78.9628,17.069],[78.9673,17.0643],[78.9953,17.0593],[79.0092,17.0507],[79.029,17.0474],[79.0397,17.0563],[79.0562,17.0525],[79.06,17.0336],[79.074,17.0227],[79.0791,16.999],[79.0994,16.9937],[79.1124,17.0067],[79.1212,17.0322],[79.1165,17.0405],[79.1189,17.0582],[79.1268,17.0722],[79.1239,17.0834],[79.14,17.0906],[79.1468,17.0979],[79.1493,17.1163],[79.1428,17.1298],[79.1342,17.1301],[79.1206,17.1439]]]}},{"type":"Feature","properties":{"uid":"TSSD0345","mandal_name":"Mupkal","district_name":"Nizamabad","centroid":[78.3849,18.9112],"area":53.32,"zonalstat":{"min":-0.3,"max":0.9106,"mean":0.6092,"count":229,"sum":139.5165,"median":0.645}},"geometry":{"type":"Polygon","coordinates":[[[78.3414,18.9688],[78.3324,18.9688],[78.3449,18.9277],[78.3421,18.9141],[78.3549,18.9058],[78.3494,18.8915],[78.3608,18.8915],[78.3604,18.8773],[78.3823,18.8812],[78.3995,18.8729],[78.4041,18.8801],[78.4281,18.8959],[78.4365,18.8895],[78.4521,18.8997],[78.4535,18.9129],[78.4143,18.9163],[78.389,18.9264],[78.3821,18.9359],[78.3652,18.9298],[78.3575,18.9361],[78.3605,18.9522],[78.3414,18.9688]]]}},{"type":"Feature","properties":{"uid":"TSSD0346","mandal_name":"Musheerabad","district_name":"Hyderabad","centroid":[78.5029,17.4163],"area":9.91,"zonalstat":{"min":0.0436,"max":0.6706,"mean":0.2976,"count":44,"sum":13.0938,"median":0.2757}},"geometry":{"type":"Polygon","coordinates":[[[78.4952,17.4265],[78.4775,17.435],[78.4774,17.4219],[78.4908,17.4163],[78.4907,17.4073],[78.5028,17.4037],[78.5215,17.4019],[78.5276,17.4222],[78.5026,17.4226],[78.4952,17.4265]]]}},{"type":"Feature","properties":{"uid":"TSSD0347","mandal_name":"Mustabad","district_name":"Rajanna Sircilla","centroid":[78.704,18.2883],"area":162.34,"zonalstat":{"min":0.3504,"max":0.8845,"mean":0.7594,"count":691,"sum":524.7358,"median":0.7829}},"geometry":{"type":"Polygon","coordinates":[[[78.7434,18.3554],[78.7165,18.3608],[78.6843,18.3599],[78.6615,18.3485],[78.6679,18.3435],[78.6709,18.3224],[78.6466,18.3198],[78.638,18.3136],[78.6283,18.2772],[78.6363,18.2687],[78.6383,18.2557],[78.6759,18.238],[78.6975,18.2303],[78.7161,18.2345],[78.7266,18.2285],[78.7247,18.2153],[78.7346,18.2138],[78.7496,18.2212],[78.7504,18.2215],[78.7613,18.2404],[78.7688,18.2608],[78.7692,18.2621],[78.7664,18.2628],[78.7682,18.2665],[78.7687,18.2717],[78.7677,18.2792],[78.7674,18.2878],[78.7711,18.2986],[78.7564,18.3171],[78.7337,18.3309],[78.7271,18.3409],[78.7434,18.3554]]]}},{"type":"Feature","properties":{"uid":"TSSD0348","mandal_name":"Mutharam_Mahadevpur","district_name":"Jayashankar Bhupalpally","centroid":[80.1138,18.5243],"area":603.81,"zonalstat":{"min":0.0912,"max":0.9821,"mean":0.7192,"count":2561,"sum":1841.8777,"median":0.7624}},"geometry":{"type":"Polygon","coordinates":[[[80.1024,18.6656],[80.0576,18.6328],[80.0451,18.6384],[80.0219,18.6306],[80.004,18.6035],[80.0005,18.5908],[79.9837,18.5899],[79.979,18.5803],[79.9612,18.5791],[79.9471,18.5549],[79.9321,18.5105],[79.9518,18.505],[79.9554,18.4913],[79.9697,18.488],[79.9838,18.4797],[80.002,18.494],[80.0304,18.4909],[80.0384,18.5166],[80.0866,18.5187],[80.0858,18.5113],[80.0737,18.5027],[80.0597,18.4827],[80.0945,18.4682],[80.1152,18.466],[80.1133,18.4571],[80.1013,18.4522],[80.0839,18.4318],[80.0763,18.4269],[80.0292,18.43],[80.0271,18.4089],[80.0573,18.4037],[80.0787,18.3951],[80.083,18.4211],[80.0915,18.4284],[80.108,18.4301],[80.1179,18.4396],[80.1347,18.4326],[80.152,18.4199],[80.1471,18.4047],[80.1298,18.385],[80.1603,18.3534],[80.1723,18.3489],[80.2174,18.3888],[80.2174,18.3936],[80.2178,18.405],[80.2241,18.4196],[80.2261,18.4535],[80.2233,18.4713],[80.2421,18.5048],[80.2343,18.5219],[80.2295,18.5525],[80.2733,18.5874],[80.2099,18.6067],[80.2035,18.6027],[80.1745,18.5985],[80.15,18.617],[80.125,18.665],[80.1024,18.6656]]]}},{"type":"Feature","properties":{"uid":"TSSD0349","mandal_name":"Mutharam_Manthani","district_name":"Peddapalli","centroid":[79.6423,18.5319],"area":143.95,"zonalstat":{"min":0.1735,"max":0.8749,"mean":0.7578,"count":610,"sum":462.2445,"median":0.8036}},"geometry":{"type":"Polygon","coordinates":[[[79.7186,18.5619],[79.7067,18.5759],[79.6874,18.5854],[79.6701,18.6024],[79.6577,18.5922],[79.6486,18.5729],[79.6328,18.5562],[79.6175,18.5705],[79.5988,18.5732],[79.5831,18.5806],[79.5638,18.5611],[79.5773,18.5525],[79.5879,18.5374],[79.5704,18.5144],[79.5911,18.5063],[79.5845,18.4936],[79.584,18.4819],[79.5959,18.4715],[79.6079,18.4667],[79.6281,18.4815],[79.6397,18.4757],[79.6523,18.4755],[79.6693,18.4804],[79.6791,18.4924],[79.6998,18.5129],[79.7057,18.5237],[79.7101,18.5457],[79.7186,18.5619]]]}},{"type":"Feature","properties":{"uid":"TSSD0350","mandal_name":"Nadigudem","district_name":"Suryapet","centroid":[79.8779,17.1034],"area":132.47,"zonalstat":{"min":0.0459,"max":0.9052,"mean":0.8061,"count":556,"sum":448.2018,"median":0.8316}},"geometry":{"type":"Polygon","coordinates":[[[79.9477,17.1329],[79.9177,17.1304],[79.9096,17.1509],[79.897,17.1589],[79.8886,17.1718],[79.881,17.1745],[79.8459,17.1646],[79.8217,17.1623],[79.8154,17.1395],[79.826,17.1365],[79.8543,17.1376],[79.8542,17.1273],[79.8399,17.1282],[79.8361,17.112],[79.8458,17.0987],[79.8244,17.0892],[79.8238,17.0783],[79.8365,17.0571],[79.838,17.0468],[79.8949,17.039],[79.9021,17.0342],[79.9188,17.031],[79.9238,17.0486],[79.9189,17.0605],[79.9264,17.0796],[79.9139,17.0912],[79.9152,17.1058],[79.9289,17.1082],[79.9422,17.1162],[79.9477,17.1329]]]}},{"type":"Feature","properties":{"uid":"TSSD0351","mandal_name":"Nagalgidda","district_name":"Sangareddy","centroid":[77.6332,18.0511],"area":148.84,"zonalstat":{"min":0.0246,"max":0.8398,"mean":0.7097,"count":604,"sum":428.6435,"median":0.7355}},"geometry":{"type":"Polygon","coordinates":[[[77.6376,18.1243],[77.5994,18.1203],[77.6017,18.1063],[77.5973,18.0874],[77.5602,18.0728],[77.5492,18.066],[77.5541,18.0364],[77.5783,18.0332],[77.587,18.0135],[77.6081,18.017],[77.6287,17.9973],[77.6464,17.9997],[77.652,17.9917],[77.6799,17.9855],[77.6989,18.0045],[77.719,18.0072],[77.714,18.0284],[77.7061,18.0306],[77.7005,18.0383],[77.6857,18.047],[77.6832,18.0574],[77.6692,18.0646],[77.6587,18.0806],[77.6704,18.1029],[77.6376,18.1243]]]}},{"type":"Feature","properties":{"uid":"TSSD0352","mandal_name":"Nagaram","district_name":"Suryapet","centroid":[79.4846,17.4039],"area":134.54,"zonalstat":{"min":0.2638,"max":0.8554,"mean":0.7299,"count":572,"sum":417.4915,"median":0.7426}},"geometry":{"type":"Polygon","coordinates":[[[79.5368,17.4371],[79.5148,17.4344],[79.5065,17.4467],[79.4932,17.4563],[79.4699,17.451],[79.4502,17.4579],[79.4393,17.4472],[79.427,17.4439],[79.4189,17.4341],[79.4234,17.4114],[79.4125,17.398],[79.4256,17.3738],[79.443,17.3626],[79.4581,17.3432],[79.4629,17.3412],[79.4739,17.3549],[79.5046,17.3553],[79.5118,17.3671],[79.5281,17.3802],[79.5331,17.3785],[79.5496,17.3807],[79.5716,17.3877],[79.5712,17.4049],[79.5569,17.415],[79.5527,17.4274],[79.5368,17.4371]]]}},{"type":"Feature","properties":{"uid":"TSSD0353","mandal_name":"Nagi_Reddypet","district_name":"Kamareddy","centroid":[78.0981,18.1216],"area":138.95,"zonalstat":{"min":0.0071,"max":0.8553,"mean":0.6684,"count":590,"sum":394.3531,"median":0.7047}},"geometry":{"type":"Polygon","coordinates":[[[78.1669,18.1584],[78.1483,18.1631],[78.1452,18.1491],[78.1378,18.137],[78.1262,18.1309],[78.1102,18.1388],[78.0982,18.1755],[78.0917,18.2018],[78.071,18.1879],[78.0623,18.1874],[78.0648,18.1619],[78.0521,18.1521],[78.0521,18.1395],[78.0391,18.1397],[78.0303,18.1484],[78.0206,18.1364],[78.0187,18.1152],[78.0138,18.1066],[78.0211,18.0945],[78.0343,18.0931],[78.0657,18.0789],[78.0798,18.0756],[78.0897,18.0684],[78.0989,18.0742],[78.1004,18.0884],[78.115,18.0899],[78.1155,18.0734],[78.1388,18.0691],[78.1565,18.084],[78.1795,18.0986],[78.1766,18.1408],[78.1661,18.1492],[78.1669,18.1584]]]}},{"type":"Feature","properties":{"uid":"TSSD0354","mandal_name":"Nakrekal","district_name":"Nalgonda","centroid":[79.4316,17.1678],"area":151.19,"zonalstat":{"min":-0.0787,"max":0.8323,"mean":0.6855,"count":634,"sum":434.5932,"median":0.708}},"geometry":{"type":"Polygon","coordinates":[[[79.5008,17.2589],[79.4938,17.2549],[79.4711,17.2657],[79.455,17.2492],[79.4488,17.2366],[79.4276,17.222],[79.4063,17.2291],[79.3948,17.2247],[79.3802,17.2117],[79.3845,17.2001],[79.3798,17.1476],[79.3693,17.1319],[79.3627,17.1294],[79.3814,17.1208],[79.3863,17.1072],[79.4101,17.1019],[79.408,17.0801],[79.4299,17.0743],[79.4546,17.0969],[79.4692,17.0909],[79.4915,17.1042],[79.469,17.1197],[79.4703,17.1272],[79.4548,17.1333],[79.4597,17.1454],[79.4334,17.148],[79.4443,17.1762],[79.4452,17.1868],[79.4654,17.1798],[79.471,17.1949],[79.477,17.225],[79.4991,17.2328],[79.5136,17.2501],[79.5008,17.2589]]]}},{"type":"Feature","properties":{"uid":"TSSD0355","mandal_name":"Nalgonda","district_name":"Nalgonda","centroid":[79.2463,17.0609],"area":356.0,"zonalstat":{"min":0.0298,"max":0.8662,"mean":0.7,"count":1495,"sum":1046.4907,"median":0.732}},"geometry":{"type":"Polygon","coordinates":[[[79.3627,17.1294],[79.3514,17.1152],[79.34,17.1117],[79.3261,17.1198],[79.3257,17.1326],[79.3121,17.1371],[79.3066,17.1331],[79.2947,17.1446],[79.2723,17.1488],[79.2687,17.1192],[79.2502,17.1257],[79.2421,17.14],[79.2227,17.1424],[79.192,17.1391],[79.1804,17.1433],[79.1603,17.1137],[79.1493,17.1163],[79.1468,17.0979],[79.14,17.0906],[79.1239,17.0834],[79.1268,17.0722],[79.1189,17.0582],[79.1165,17.0405],[79.1212,17.0322],[79.1124,17.0067],[79.1191,17.0013],[79.1365,16.999],[79.1509,17.0093],[79.1644,17.0302],[79.1846,17.0271],[79.1989,17.0169],[79.197,17.01],[79.218,17.0014],[79.2422,17.0107],[79.2516,17.0068],[79.2684,16.9595],[79.2832,16.9522],[79.2996,16.95],[79.3041,16.9619],[79.3006,16.9766],[79.3155,16.9783],[79.3128,16.9638],[79.3162,16.9542],[79.3477,16.9503],[79.3471,16.9634],[79.3347,16.9911],[79.341,17.0085],[79.3155,17.0175],[79.3013,17.0267],[79.31,17.0421],[79.326,17.047],[79.3306,17.0671],[79.3397,17.0666],[79.3402,17.0805],[79.3669,17.0904],[79.3863,17.1072],[79.3814,17.1208],[79.3627,17.1294]]]}},{"type":"Feature","properties":{"uid":"TSSD0356","mandal_name":"Nallabelli","district_name":"Warangal_Rural","centroid":[79.918,18.0557],"area":164.31,"zonalstat":{"min":0.2408,"max":0.9469,"mean":0.7247,"count":695,"sum":503.6598,"median":0.7375}},"geometry":{"type":"Polygon","coordinates":[[[80.0412,18.1065],[80.0373,18.1141],[80.0159,18.1153],[80.0284,18.0996],[80.0011,18.0797],[79.9789,18.1076],[79.9673,18.1003],[79.9603,18.0891],[79.936,18.0832],[79.9307,18.0864],[79.891,18.084],[79.8822,18.0881],[79.8836,18.0994],[79.8629,18.0925],[79.8523,18.095],[79.8148,18.0923],[79.8107,18.0788],[79.8134,18.0634],[79.8303,18.0569],[79.8339,18.0384],[79.848,18.0326],[79.8595,18.0205],[79.8756,18.0148],[79.8933,17.9935],[79.9056,18.0056],[79.929,18.0108],[79.9483,18.0113],[79.9585,18.0196],[79.9916,18.0152],[79.9984,18.0339],[80.0006,18.0551],[80.0169,18.0801],[80.0412,18.1065]]]}},{"type":"Feature","properties":{"uid":"TSSD0357","mandal_name":"Nampally","district_name":"Hyderabad","centroid":[78.4729,17.385],"area":11.34,"zonalstat":{"min":0.1436,"max":0.3609,"mean":0.2276,"count":48,"sum":10.9257,"median":0.2059}},"geometry":{"type":"Polygon","coordinates":[[[78.4956,17.3869],[78.4736,17.4057],[78.462,17.4001],[78.4584,17.3907],[78.4581,17.3646],[78.479,17.3702],[78.4846,17.3761],[78.4956,17.3869]]]}},{"type":"Feature","properties":{"uid":"TSSD0358","mandal_name":"Nampally","district_name":"Nalgonda","centroid":[78.9526,16.8612],"area":280.57,"zonalstat":{"min":0.1087,"max":0.8442,"mean":0.6749,"count":1182,"sum":797.709,"median":0.6891}},"geometry":{"type":"Polygon","coordinates":[[[79.0469,16.9223],[79.0396,16.9241],[79.0358,16.9045],[79.0284,16.8932],[79.0061,16.8981],[79.0168,16.9109],[79.0136,16.9335],[78.9925,16.947],[78.9829,16.9633],[78.9743,16.9595],[78.9624,16.9655],[78.9548,16.9624],[78.9521,16.9428],[78.9381,16.9447],[78.918,16.9356],[78.9086,16.9256],[78.8868,16.9249],[78.8834,16.9139],[78.8615,16.9087],[78.8566,16.9114],[78.8493,16.8829],[78.8565,16.8592],[78.8725,16.8511],[78.8933,16.8467],[78.9169,16.8345],[78.9109,16.8064],[78.9244,16.796],[78.9182,16.7705],[78.9201,16.7589],[78.9465,16.7572],[78.9484,16.75],[78.9786,16.7403],[78.9809,16.7527],[78.9948,16.7618],[78.9999,16.7733],[79.0062,16.8065],[79.02,16.8227],[79.0122,16.8428],[79.0234,16.8642],[79.0307,16.8715],[79.037,16.8872],[79.0479,16.8897],[79.0419,16.9004],[79.0469,16.9223]]]}},{"type":"Feature","properties":{"uid":"TSSD0359","mandal_name":"Nandigama","district_name":"Rangareddy","centroid":[78.2376,17.128],"area":86.28,"zonalstat":{"min":0.1245,"max":0.9159,"mean":0.6411,"count":365,"sum":234.0142,"median":0.6611}},"geometry":{"type":"Polygon","coordinates":[[[78.3012,17.1332],[78.2781,17.1361],[78.2633,17.1459],[78.2251,17.152],[78.2102,17.1703],[78.2228,17.1693],[78.2313,17.176],[78.2249,17.1874],[78.2128,17.183],[78.2043,17.1722],[78.1781,17.1685],[78.1696,17.1634],[78.1642,17.1435],[78.1885,17.1364],[78.1799,17.1197],[78.1837,17.1144],[78.2172,17.1092],[78.2215,17.1009],[78.2331,17.1079],[78.2474,17.0933],[78.2476,17.0827],[78.262,17.0823],[78.2816,17.0745],[78.2886,17.0929],[78.2999,17.0962],[78.3031,17.113],[78.3138,17.1286],[78.3012,17.1332]]]}},{"type":"Feature","properties":{"uid":"TSSD0360","mandal_name":"Nandipet","district_name":"Nizamabad","centroid":[78.1734,18.9165],"area":296.41,"zonalstat":{"min":-0.3,"max":0.8849,"mean":0.4029,"count":1265,"sum":509.7308,"median":0.6052}},"geometry":{"type":"Polygon","coordinates":[[[78.2775,18.9792],[78.2741,18.9954],[78.2492,19.0143],[78.2388,19.0158],[78.2346,19.0082],[78.2082,19.0036],[78.1887,18.9977],[78.1735,18.999],[78.1623,18.9915],[78.1569,18.9771],[78.1416,18.9629],[78.1185,18.9626],[78.0873,18.9407],[78.0745,18.9178],[78.0801,18.9077],[78.0811,18.8777],[78.0713,18.8708],[78.0749,18.8636],[78.0639,18.8521],[78.0861,18.8433],[78.1319,18.8335],[78.127,18.8164],[78.1421,18.8101],[78.1802,18.8104],[78.1867,18.8309],[78.1736,18.8391],[78.173,18.8524],[78.1839,18.8585],[78.1971,18.8722],[78.2197,18.8643],[78.234,18.8679],[78.2385,18.8797],[78.2281,18.8891],[78.2335,18.9023],[78.2536,18.9117],[78.2556,18.9236],[78.2659,18.9225],[78.2706,18.9373],[78.2768,18.9512],[78.2775,18.9792]]]}},{"type":"Feature","properties":{"uid":"TSSD0361","mandal_name":"Nangnoor","district_name":"Siddipet","centroid":[79.0118,18.0682],"area":173.43,"zonalstat":{"min":0.5337,"max":0.836,"mean":0.7489,"count":732,"sum":548.1712,"median":0.7538}},"geometry":{"type":"Polygon","coordinates":[[[79.1255,18.0759],[79.0831,18.0864],[79.0556,18.0849],[79.0488,18.0819],[79.0247,18.0939],[79.033,18.1024],[79.0285,18.1288],[79.0106,18.1313],[79.0048,18.1393],[78.999,18.1318],[78.9839,18.1272],[78.9795,18.1185],[78.9579,18.1134],[78.9417,18.117],[78.9252,18.112],[78.9164,18.0867],[78.9334,18.0765],[78.9265,18.0534],[78.9603,18.0323],[78.9603,18.0323],[78.9636,18.0369],[78.9816,18.0279],[78.9846,18.0159],[79.0096,18.0053],[79.0264,18.0237],[79.0335,18.0224],[79.0413,18.0319],[79.0541,18.0324],[79.0597,18.02],[79.074,18.0119],[79.0893,18.0287],[79.1067,18.025],[79.1103,18.0271],[79.1081,18.0411],[79.0987,18.0467],[79.111,18.0649],[79.1255,18.0759]]]}},{"type":"Feature","properties":{"uid":"TSSD0362","mandal_name":"Narayanapoor","district_name":"Yadadri Bhuvanagiri","centroid":[78.879,17.1467],"area":255.72,"zonalstat":{"min":0.245,"max":0.8606,"mean":0.7077,"count":1075,"sum":760.7803,"median":0.7115}},"geometry":{"type":"Polygon","coordinates":[[[78.9615,17.1977],[78.9265,17.21],[78.9031,17.2088],[78.8821,17.2155],[78.8666,17.2094],[78.8582,17.1977],[78.8394,17.1953],[78.8272,17.1998],[78.8174,17.2119],[78.807,17.2089],[78.7964,17.198],[78.7859,17.2056],[78.7673,17.2128],[78.7677,17.2012],[78.7724,17.1888],[78.7805,17.1875],[78.7892,17.1642],[78.7779,17.1631],[78.7751,17.1527],[78.7861,17.1375],[78.7989,17.1324],[78.8339,17.1135],[78.8335,17.1037],[78.8183,17.1085],[78.8155,17.0947],[78.8358,17.0821],[78.844,17.072],[78.8749,17.0592],[78.8799,17.0464],[78.8929,17.0453],[78.9013,17.0763],[78.9119,17.0946],[78.9315,17.0918],[78.9507,17.1147],[78.9533,17.1336],[78.9719,17.1275],[78.9921,17.1557],[78.9779,17.1685],[78.9794,17.1746],[78.9728,17.1841],[78.9609,17.1909],[78.9615,17.1977]]]}},{"type":"Feature","properties":{"uid":"TSSD0363","mandal_name":"Narayankhed","district_name":"Sangareddy","centroid":[77.7833,18.0568],"area":221.04,"zonalstat":{"min":0.0371,"max":0.9146,"mean":0.7703,"count":929,"sum":715.5776,"median":0.7801}},"geometry":{"type":"Polygon","coordinates":[[[77.9162,18.1149],[77.8987,18.1319],[77.8725,18.1209],[77.8791,18.1024],[77.8694,18.0878],[77.8571,18.0844],[77.8241,18.0899],[77.8158,18.0884],[77.8076,18.1048],[77.7958,18.1164],[77.7812,18.106],[77.7471,18.1059],[77.739,18.1022],[77.7189,18.1132],[77.6971,18.1012],[77.6704,18.1029],[77.6587,18.0806],[77.6692,18.0646],[77.6832,18.0574],[77.6857,18.047],[77.7005,18.0383],[77.7061,18.0306],[77.7202,18.0341],[77.7363,18.0435],[77.7527,18.0451],[77.7571,18.0342],[77.7495,18.0283],[77.7462,17.9967],[77.7564,17.9903],[77.7834,17.9827],[77.7996,17.988],[77.7968,17.9741],[77.8093,17.9691],[77.8221,17.9714],[77.8231,17.981],[77.8527,18.0162],[77.8646,18.0223],[77.8521,18.051],[77.8524,18.0727],[77.8804,18.0743],[77.8876,18.0716],[77.8973,18.0928],[77.9056,18.1027],[77.9159,18.105],[77.9162,18.1149]]]}},{"type":"Feature","properties":{"uid":"TSSD0364","mandal_name":"Narayanpet","district_name":"Narayanpet","centroid":[77.5728,16.7367],"area":253.45,"zonalstat":{"min":0.3383,"max":0.8837,"mean":0.7227,"count":1061,"sum":766.74,"median":0.7314}},"geometry":{"type":"Polygon","coordinates":[[[77.4745,16.7921],[77.4745,16.7813],[77.4413,16.786],[77.4376,16.7743],[77.4429,16.7639],[77.4332,16.7379],[77.4268,16.7301],[77.4384,16.7122],[77.4448,16.7202],[77.4739,16.7166],[77.4799,16.7254],[77.4952,16.7218],[77.5107,16.7297],[77.5209,16.7265],[77.5198,16.7145],[77.5357,16.6993],[77.56,16.7062],[77.568,16.7204],[77.5802,16.7158],[77.5725,16.699],[77.5728,16.6839],[77.5873,16.6805],[77.5941,16.6921],[77.6042,16.6881],[77.6032,16.6784],[77.6083,16.6614],[77.619,16.6505],[77.6527,16.6512],[77.6738,16.6955],[77.6655,16.6984],[77.681,16.7223],[77.6765,16.7392],[77.6855,16.7538],[77.6754,16.7586],[77.6756,16.7751],[77.6646,16.7749],[77.6541,16.7876],[77.6511,16.7979],[77.6274,16.7938],[77.6162,16.7823],[77.605,16.7826],[77.5714,16.7649],[77.5548,16.7788],[77.5448,16.7939],[77.5154,16.7961],[77.4939,16.787],[77.4745,16.7921]]]}},{"type":"Feature","properties":{"uid":"TSSD0365","mandal_name":"Narketpally","district_name":"Nalgonda","centroid":[79.22,17.2323],"area":234.39,"zonalstat":{"min":0.212,"max":0.8228,"mean":0.707,"count":987,"sum":697.8363,"median":0.715}},"geometry":{"type":"Polygon","coordinates":[[[79.3039,17.3582],[79.2934,17.3566],[79.2733,17.36],[79.2409,17.3584],[79.235,17.3466],[79.2406,17.3363],[79.2534,17.3273],[79.2468,17.3151],[79.2346,17.3182],[79.2192,17.3137],[79.2159,17.2888],[79.2037,17.2634],[79.1843,17.2734],[79.1775,17.2519],[79.1778,17.2365],[79.1713,17.2235],[79.1577,17.2143],[79.1554,17.2009],[79.1466,17.1831],[79.1312,17.1684],[79.1206,17.1439],[79.1342,17.1301],[79.1428,17.1298],[79.1493,17.1163],[79.1603,17.1137],[79.1804,17.1433],[79.192,17.1391],[79.2227,17.1424],[79.2421,17.14],[79.2469,17.1571],[79.2427,17.17],[79.2558,17.199],[79.2491,17.2128],[79.2519,17.2305],[79.2635,17.2432],[79.2871,17.2377],[79.2905,17.2552],[79.2819,17.2665],[79.297,17.2916],[79.2872,17.305],[79.298,17.3244],[79.3039,17.3582]]]}},{"type":"Feature","properties":{"uid":"TSSD0366","mandal_name":"Narmetta","district_name":"Jangoan","centroid":[79.1637,17.8748],"area":125.01,"zonalstat":{"min":0.2711,"max":0.8341,"mean":0.7312,"count":527,"sum":385.32,"median":0.7426}},"geometry":{"type":"Polygon","coordinates":[[[79.2306,17.905],[79.223,17.9126],[79.2083,17.9163],[79.1997,17.9135],[79.1965,17.9017],[79.1679,17.9154],[79.1503,17.9121],[79.1375,17.9187],[79.1293,17.9237],[79.1278,17.9247],[79.1262,17.9257],[79.1166,17.9321],[79.1162,17.931],[79.1036,17.9145],[79.1122,17.8991],[79.0933,17.8732],[79.0928,17.8723],[79.0979,17.867],[79.0939,17.8499],[79.1026,17.8398],[79.0939,17.8227],[79.1085,17.8207],[79.1314,17.8306],[79.1314,17.8423],[79.148,17.8403],[79.1618,17.8339],[79.1826,17.8324],[79.196,17.8583],[79.2195,17.844],[79.2278,17.8433],[79.2551,17.8556],[79.2315,17.8876],[79.2358,17.8999],[79.2306,17.905]]]}},{"type":"Feature","properties":{"uid":"TSSD0367","mandal_name":"Narnoor","district_name":"Adilabad","centroid":[78.8515,19.5024],"area":201.81,"zonalstat":{"min":0.4877,"max":0.8567,"mean":0.7785,"count":855,"sum":665.6388,"median":0.7866}},"geometry":{"type":"Polygon","coordinates":[[[78.9379,19.5622],[78.9229,19.5733],[78.9203,19.5496],[78.9074,19.5572],[78.9074,19.5429],[78.902,19.5331],[78.8854,19.5288],[78.8746,19.5307],[78.8666,19.5387],[78.8491,19.5397],[78.8422,19.5466],[78.8294,19.5436],[78.8065,19.5577],[78.807,19.5662],[78.7839,19.5754],[78.7679,19.5676],[78.7664,19.5369],[78.7574,19.5269],[78.7634,19.5206],[78.7609,19.5041],[78.7608,19.5038],[78.7755,19.4975],[78.7763,19.4695],[78.8033,19.4569],[78.8139,19.4286],[78.8281,19.4244],[78.8469,19.4261],[78.8511,19.4435],[78.862,19.4499],[78.8814,19.4443],[78.8967,19.4632],[78.9002,19.4765],[78.9212,19.4916],[78.9336,19.4704],[78.9778,19.4936],[78.9606,19.5031],[78.9524,19.5031],[78.9402,19.5128],[78.9491,19.5341],[78.9389,19.5427],[78.9406,19.552],[78.9379,19.5622]]]}},{"type":"Feature","properties":{"uid":"TSSD0368","mandal_name":"Narsampet","district_name":"Warangal_Rural","centroid":[79.8776,17.9489],"area":128.11,"zonalstat":{"min":0.4014,"max":0.8963,"mean":0.7231,"count":540,"sum":390.4571,"median":0.7308}},"geometry":{"type":"Polygon","coordinates":[[[79.929,18.0108],[79.9056,18.0056],[79.8933,17.9935],[79.8756,18.0148],[79.8595,18.0205],[79.8536,18.0087],[79.8552,17.9985],[79.8464,17.9825],[79.8549,17.9706],[79.8693,17.9639],[79.8373,17.9557],[79.8277,17.9469],[79.8129,17.9523],[79.8051,17.9503],[79.8095,17.9332],[79.802,17.928],[79.8026,17.9115],[79.8447,17.8945],[79.8491,17.9088],[79.8654,17.8998],[79.8715,17.8854],[79.8849,17.8829],[79.8976,17.8943],[79.9179,17.9217],[79.9232,17.936],[79.9325,17.9388],[79.9444,17.9637],[79.9358,17.9775],[79.929,18.0108]]]}},{"type":"Feature","properties":{"uid":"TSSD0369","mandal_name":"Narsapur","district_name":"Medak","centroid":[78.2623,17.7601],"area":177.98,"zonalstat":{"min":0.1625,"max":0.9109,"mean":0.767,"count":752,"sum":576.8138,"median":0.7775}},"geometry":{"type":"Polygon","coordinates":[[[78.2951,17.8336],[78.2859,17.8336],[78.2551,17.8196],[78.2462,17.8119],[78.2429,17.7951],[78.2323,17.7873],[78.2096,17.8045],[78.2172,17.8214],[78.2073,17.8402],[78.1868,17.8325],[78.177,17.8153],[78.1654,17.8199],[78.1631,17.7967],[78.1756,17.7898],[78.2012,17.796],[78.1969,17.7667],[78.2061,17.7603],[78.2,17.7519],[78.217,17.736],[78.2379,17.7344],[78.2378,17.7075],[78.2312,17.7025],[78.2356,17.6846],[78.2457,17.6926],[78.2567,17.694],[78.2743,17.6873],[78.2885,17.6883],[78.2954,17.6799],[78.3106,17.6782],[78.3055,17.6691],[78.3195,17.6598],[78.3247,17.6723],[78.3186,17.6805],[78.3229,17.7004],[78.3242,17.7255],[78.3147,17.7278],[78.3182,17.7452],[78.3213,17.7575],[78.3207,17.78],[78.3312,17.7942],[78.3032,17.8102],[78.2951,17.8336]]]}},{"type":"Feature","properties":{"uid":"TSSD0370","mandal_name":"Narsapur_G","district_name":"Nirmal","centroid":[78.1609,19.1348],"area":147.48,"zonalstat":{"min":-0.3,"max":0.8945,"mean":0.683,"count":620,"sum":423.4877,"median":0.7336}},"geometry":{"type":"Polygon","coordinates":[[[78.2184,19.1405],[78.2191,19.1479],[78.1764,19.164],[78.1897,19.1952],[78.2099,19.1877],[78.2035,19.2167],[78.1902,19.2138],[78.1754,19.2377],[78.1592,19.2361],[78.1485,19.2297],[78.1428,19.2156],[78.1315,19.2116],[78.1282,19.1982],[78.1353,19.1756],[78.1556,19.1694],[78.1574,19.1538],[78.1347,19.1514],[78.1183,19.1461],[78.1094,19.1071],[78.0982,19.0883],[78.0911,19.092],[78.0758,19.0948],[78.0743,19.0809],[78.0934,19.0789],[78.1027,19.0843],[78.1275,19.0757],[78.1491,19.0855],[78.1551,19.0627],[78.1626,19.0569],[78.1588,19.0461],[78.1692,19.041],[78.175,19.0257],[78.1859,19.0251],[78.1816,19.0347],[78.1942,19.0775],[78.2026,19.0821],[78.1994,19.096],[78.2045,19.1288],[78.2184,19.1405]]]}},{"type":"Feature","properties":{"uid":"TSSD0371","mandal_name":"Narsimhulapet","district_name":"Mahabubabad","centroid":[79.8111,17.5011],"area":100.62,"zonalstat":{"min":0.5137,"max":0.885,"mean":0.7555,"count":423,"sum":319.585,"median":0.7558}},"geometry":{"type":"Polygon","coordinates":[[[79.852,17.5519],[79.8412,17.5595],[79.8396,17.5584],[79.8237,17.547],[79.808,17.5512],[79.7852,17.5465],[79.7696,17.5533],[79.7653,17.5458],[79.7655,17.5447],[79.7689,17.5319],[79.7576,17.5243],[79.7496,17.5031],[79.7853,17.4938],[79.7846,17.4677],[79.7768,17.4416],[79.7811,17.4362],[79.7953,17.4437],[79.8014,17.4544],[79.8189,17.4459],[79.8232,17.4395],[79.8428,17.4329],[79.8468,17.4677],[79.8425,17.4782],[79.8531,17.4869],[79.8522,17.5],[79.858,17.5039],[79.8574,17.5239],[79.8491,17.5356],[79.852,17.5519]]]}},{"type":"Feature","properties":{"uid":"TSSD0372","mandal_name":"Narsingi","district_name":"Medak","centroid":[78.436,18.0462],"area":55.63,"zonalstat":{"min":0.3933,"max":0.8831,"mean":0.7744,"count":231,"sum":178.877,"median":0.7985}},"geometry":{"type":"Polygon","coordinates":[[[78.4689,18.0273],[78.4591,18.0489],[78.4715,18.0649],[78.4458,18.0838],[78.41,18.0933],[78.4031,18.0777],[78.3923,18.0695],[78.4026,18.0612],[78.4035,18.0293],[78.4169,18.0194],[78.4246,18.0257],[78.4387,18.0248],[78.4368,18.0131],[78.4424,18.0062],[78.4392,17.9916],[78.4393,17.9915],[78.4521,17.9883],[78.4693,18.0033],[78.4688,18.0266],[78.4689,18.0273]]]}},{"type":"Feature","properties":{"uid":"TSSD0373","mandal_name":"Narva","district_name":"Narayanpet","centroid":[77.6726,16.4675],"area":194.24,"zonalstat":{"min":0.3714,"max":0.8418,"mean":0.6916,"count":814,"sum":562.9679,"median":0.6944}},"geometry":{"type":"Polygon","coordinates":[[[77.736,16.5078],[77.7182,16.5126],[77.7191,16.5249],[77.7007,16.5337],[77.6882,16.5318],[77.6749,16.5353],[77.6566,16.5574],[77.6533,16.5478],[77.6354,16.5383],[77.6239,16.5139],[77.6231,16.4961],[77.61,16.4862],[77.6094,16.4623],[77.6151,16.4484],[77.6105,16.4419],[77.579,16.433],[77.5875,16.41],[77.5994,16.4081],[77.6385,16.4211],[77.6453,16.418],[77.6485,16.396],[77.6735,16.3921],[77.7071,16.4038],[77.7034,16.4114],[77.7096,16.4372],[77.7167,16.4359],[77.7355,16.4089],[77.7433,16.4203],[77.7379,16.4387],[77.7442,16.4427],[77.7333,16.4583],[77.7371,16.4716],[77.7549,16.4706],[77.7605,16.4939],[77.7466,16.4973],[77.736,16.5078]]]}},{"type":"Feature","properties":{"uid":"TSSD0374","mandal_name":"Naspur","district_name":"Mancherial","centroid":[79.4912,18.857],"area":52.98,"zonalstat":{"min":-0.1592,"max":0.8641,"mean":0.6162,"count":225,"sum":138.6355,"median":0.6684}},"geometry":{"type":"Polygon","coordinates":[[[79.5273,18.8916],[79.5059,18.909],[79.4856,18.9144],[79.4831,18.9057],[79.4847,18.8948],[79.475,18.8747],[79.4588,18.8521],[79.4502,18.8351],[79.4567,18.8288],[79.4811,18.8158],[79.4953,18.7988],[79.5031,18.8062],[79.5117,18.8288],[79.5116,18.843],[79.5187,18.8695],[79.516,18.8855],[79.5273,18.8916]]]}},{"type":"Feature","properties":{"uid":"TSSD0375","mandal_name":"Nasurullabad","district_name":"Kamareddy","centroid":[77.8923,18.464],"area":102.21,"zonalstat":{"min":0.3815,"max":0.8593,"mean":0.6987,"count":439,"sum":306.7461,"median":0.6818}},"geometry":{"type":"Polygon","coordinates":[[[77.8514,18.5091],[77.8362,18.5053],[77.83,18.4889],[77.8384,18.4662],[77.8221,18.4474],[77.8188,18.4369],[77.83,18.4334],[77.8345,18.4424],[77.8604,18.4386],[77.8565,18.431],[77.8634,18.4113],[77.8805,18.4133],[77.8992,18.4359],[77.9262,18.4398],[77.9546,18.4374],[77.9557,18.4542],[77.9754,18.4482],[77.9765,18.4683],[77.9654,18.4789],[77.9388,18.4932],[77.9126,18.4903],[77.8877,18.4954],[77.8654,18.509],[77.8514,18.5091]]]}},{"type":"Feature","properties":{"uid":"TSSD0376","mandal_name":"Navipet","district_name":"Nizamabad","centroid":[78.0221,18.8274],"area":192.08,"zonalstat":{"min":-0.1202,"max":0.8907,"mean":0.6375,"count":815,"sum":519.565,"median":0.6835}},"geometry":{"type":"Polygon","coordinates":[[[78.0873,18.9407],[78.0505,18.9398],[78.0467,18.9319],[78.0406,18.9093],[78.0376,18.8777],[78.0303,18.8754],[78.0104,18.884],[77.9797,18.8771],[77.9615,18.8666],[77.9474,18.8452],[77.9433,18.8266],[77.9502,18.8075],[77.9681,18.8017],[77.9627,18.786],[77.9895,18.7747],[77.9997,18.7632],[78.0048,18.7423],[78.0033,18.7294],[78.0219,18.7226],[78.0297,18.741],[78.0365,18.7412],[78.0617,18.7318],[78.0612,18.7534],[78.0712,18.7887],[78.0792,18.7883],[78.0751,18.8048],[78.0642,18.8122],[78.0568,18.8333],[78.0639,18.8521],[78.0749,18.8636],[78.0713,18.8708],[78.0811,18.8777],[78.0801,18.9077],[78.0745,18.9178],[78.0873,18.9407]]]}},{"type":"Feature","properties":{"uid":"TSSD0377","mandal_name":"Nawabpet","district_name":"Mahabubnagar","centroid":[78.0221,16.9028],"area":296.21,"zonalstat":{"min":0.247,"max":0.8619,"mean":0.7177,"count":1239,"sum":889.249,"median":0.7236}},"geometry":{"type":"Polygon","coordinates":[[[78.0695,17.0033],[78.0582,16.9996],[78.0327,17.0097],[78.0296,17.0143],[78.0177,17.0059],[78.0,16.9802],[77.9869,16.9608],[77.9745,16.9663],[77.9685,16.9577],[77.9565,16.9518],[77.9447,16.9603],[77.9356,16.9552],[77.928,16.9344],[77.921,16.9305],[77.921,16.9161],[77.9388,16.9027],[77.94,16.8953],[77.9539,16.8686],[77.964,16.8522],[77.9878,16.8404],[77.9814,16.831],[77.9887,16.8063],[78.0105,16.7946],[78.0202,16.7926],[78.0301,16.7833],[78.045,16.7881],[78.0547,16.8128],[78.0648,16.8222],[78.0569,16.8423],[78.0912,16.8445],[78.0945,16.8529],[78.1149,16.8506],[78.119,16.8712],[78.0979,16.8774],[78.0762,16.9072],[78.0923,16.9296],[78.0929,16.9364],[78.0873,16.9469],[78.0885,16.9765],[78.0911,16.9839],[78.0853,16.9962],[78.0695,17.0033]]]}},{"type":"Feature","properties":{"uid":"TSSD0378","mandal_name":"Nawabpet","district_name":"Vikarabad","centroid":[77.9776,17.4231],"area":158.3,"zonalstat":{"min":0.1681,"max":0.855,"mean":0.6881,"count":661,"sum":454.828,"median":0.7001}},"geometry":{"type":"Polygon","coordinates":[[[78.0228,17.4652],[78.0114,17.4555],[78.001,17.4604],[77.9766,17.4583],[77.9696,17.4676],[77.9436,17.467],[77.9231,17.4704],[77.917,17.463],[77.9018,17.465],[77.8839,17.4518],[77.8818,17.4458],[77.8913,17.4407],[77.9009,17.4287],[77.8886,17.4202],[77.8864,17.4035],[77.8986,17.3923],[77.9115,17.3885],[77.9167,17.4061],[77.9276,17.4155],[77.9346,17.4032],[77.9494,17.3984],[77.9471,17.3891],[77.9343,17.3782],[77.9575,17.3695],[77.9711,17.3726],[77.9792,17.3655],[78.0033,17.3789],[78.0243,17.3702],[78.0331,17.3786],[78.0352,17.3903],[78.045,17.3974],[78.0511,17.4122],[78.0711,17.4107],[78.0718,17.4389],[78.0628,17.4495],[78.0483,17.4514],[78.0342,17.4712],[78.0228,17.4652]]]}},{"type":"Feature","properties":{"uid":"TSSD0379","mandal_name":"Nekkonda","district_name":"Warangal_Rural","centroid":[79.8178,17.7802],"area":188.28,"zonalstat":{"min":0.3687,"max":0.9145,"mean":0.7804,"count":797,"sum":621.9554,"median":0.7907}},"geometry":{"type":"Polygon","coordinates":[[[79.8755,17.8077],[79.8613,17.8102],[79.8413,17.7967],[79.8241,17.8021],[79.8244,17.8167],[79.839,17.8438],[79.8448,17.8721],[79.8429,17.8783],[79.8271,17.8797],[79.8175,17.8661],[79.7919,17.8656],[79.7816,17.8785],[79.7594,17.8675],[79.7685,17.8551],[79.75,17.8427],[79.762,17.8366],[79.7701,17.822],[79.766,17.8122],[79.7799,17.8038],[79.7808,17.7821],[79.7762,17.7602],[79.7638,17.7557],[79.758,17.7367],[79.7611,17.7322],[79.7475,17.7129],[79.7495,17.7035],[79.7651,17.704],[79.7679,17.6982],[79.7706,17.6965],[79.7848,17.7069],[79.7944,17.7075],[79.805,17.7006],[79.818,17.6989],[79.822,17.7102],[79.8402,17.717],[79.8541,17.7165],[79.864,17.7361],[79.8825,17.7313],[79.896,17.7364],[79.9019,17.7461],[79.9063,17.7705],[79.8937,17.7709],[79.8837,17.7852],[79.8755,17.8077]]]}},{"type":"Feature","properties":{"uid":"TSSD0380","mandal_name":"Nelakondapally","district_name":"Khammam","centroid":[80.0475,17.0852],"area":186.76,"zonalstat":{"min":0.0703,"max":0.9293,"mean":0.7987,"count":780,"sum":623.0089,"median":0.8167}},"geometry":{"type":"Polygon","coordinates":[[[80.0566,16.9705],[80.0911,16.9681],[80.0953,16.9901],[80.0902,17.0034],[80.0926,17.0115],[80.1053,17.0266],[80.11,17.0436],[80.0994,17.0569],[80.1066,17.0727],[80.1078,17.0974],[80.0894,17.1082],[80.1013,17.1317],[80.0898,17.1436],[80.065,17.1453],[80.0397,17.1511],[80.0214,17.1602],[80.0069,17.1743],[79.9998,17.1749],[79.9813,17.1732],[79.9727,17.1494],[79.9802,17.1341],[79.9678,17.114],[79.9865,17.0949],[79.9946,17.0769],[80.0076,17.068],[80.0161,17.0678],[80.0265,17.0542],[80.0414,17.0482],[80.036,17.0241],[80.046,17.0144],[80.0605,17.0071],[80.0579,16.9958],[80.061,16.9825],[80.0566,16.9705]]]}},{"type":"Feature","properties":{"uid":"TSSD0381","mandal_name":"Nellikudur","district_name":"Mahabubabad","centroid":[79.7957,17.6089],"area":206.97,"zonalstat":{"min":0.3287,"max":0.9018,"mean":0.7891,"count":871,"sum":687.3496,"median":0.7977}},"geometry":{"type":"Polygon","coordinates":[[[79.9187,17.6001],[79.8978,17.6217],[79.8876,17.6267],[79.872,17.6196],[79.8574,17.6244],[79.8532,17.6486],[79.8316,17.649],[79.8165,17.642],[79.7975,17.6436],[79.7917,17.652],[79.7658,17.6587],[79.7706,17.6965],[79.7668,17.6979],[79.7527,17.6877],[79.7345,17.6906],[79.7176,17.6988],[79.7144,17.6856],[79.7157,17.6833],[79.7164,17.6816],[79.7223,17.677],[79.7144,17.6395],[79.7189,17.6318],[79.7205,17.6047],[79.7301,17.5845],[79.7329,17.5419],[79.7375,17.5419],[79.7428,17.5466],[79.7649,17.5448],[79.7653,17.5458],[79.7696,17.5533],[79.7852,17.5465],[79.808,17.5512],[79.8237,17.547],[79.8396,17.5584],[79.8413,17.5599],[79.8464,17.5778],[79.8551,17.5708],[79.8716,17.5653],[79.8858,17.5644],[79.8961,17.5695],[79.893,17.5848],[79.9018,17.5871],[79.9098,17.5992],[79.9186,17.6002],[79.9187,17.6001]]]}},{"type":"Feature","properties":{"uid":"TSSD0382","mandal_name":"Nennel","district_name":"Mancherial","centroid":[79.6365,19.021],"area":269.42,"zonalstat":{"min":0.0781,"max":0.879,"mean":0.7684,"count":1149,"sum":882.8475,"median":0.7831}},"geometry":{"type":"Polygon","coordinates":[[[79.7181,19.0504],[79.7203,19.0631],[79.7045,19.0812],[79.7142,19.0967],[79.733,19.0979],[79.7255,19.1188],[79.707,19.116],[79.6977,19.1237],[79.6822,19.1258],[79.6764,19.1028],[79.646,19.0867],[79.5917,19.0902],[79.5748,19.0882],[79.5816,19.0737],[79.5795,19.0599],[79.5896,19.0436],[79.5705,19.047],[79.5489,19.0276],[79.5507,19.0119],[79.5461,18.9985],[79.5306,18.9848],[79.5266,18.9812],[79.5453,18.968],[79.561,18.9481],[79.5693,18.9458],[79.5801,18.96],[79.5911,18.9487],[79.5895,18.9309],[79.6056,18.9395],[79.6284,18.9424],[79.6595,18.942],[79.6691,18.9486],[79.6923,18.9539],[79.7019,18.959],[79.7214,18.9585],[79.7108,18.9721],[79.6906,18.984],[79.703,19.0071],[79.7212,19.0215],[79.7011,19.0346],[79.7181,19.0504]]]}},{"type":"Feature","properties":{"uid":"TSSD0383","mandal_name":"Neradigonda","district_name":"Adilabad","centroid":[78.4143,19.2691],"area":328.19,"zonalstat":{"min":0.5503,"max":0.8838,"mean":0.7783,"count":1401,"sum":1090.3865,"median":0.7846}},"geometry":{"type":"Polygon","coordinates":[[[78.4097,19.3972],[78.3968,19.3934],[78.3818,19.3817],[78.386,19.3755],[78.3935,19.347],[78.3694,19.3213],[78.3649,19.3035],[78.3484,19.3083],[78.3374,19.2877],[78.2939,19.2724],[78.2842,19.278],[78.2608,19.265],[78.2871,19.2649],[78.2993,19.2599],[78.3097,19.2236],[78.3302,19.2068],[78.3472,19.2074],[78.357,19.1986],[78.3732,19.1971],[78.3741,19.1832],[78.3863,19.178],[78.3987,19.1809],[78.4054,19.1728],[78.4482,19.1812],[78.4588,19.1913],[78.4545,19.2004],[78.4534,19.228],[78.471,19.2304],[78.4832,19.2277],[78.5091,19.2153],[78.519,19.2267],[78.5181,19.2466],[78.5274,19.256],[78.5463,19.2628],[78.5536,19.2714],[78.5192,19.2882],[78.4899,19.2982],[78.4872,19.3149],[78.4701,19.3266],[78.4632,19.338],[78.4604,19.3558],[78.4414,19.3561],[78.4272,19.3667],[78.4315,19.3761],[78.4182,19.378],[78.4097,19.3972]]]}},{"type":"Feature","properties":{"uid":"TSSD0384","mandal_name":"Nereducherla","district_name":"Suryapet","centroid":[79.67,16.9076],"area":126.74,"zonalstat":{"min":0.4639,"max":0.9262,"mean":0.8281,"count":533,"sum":441.3961,"median":0.845}},"geometry":{"type":"Polygon","coordinates":[[[79.699,16.9581],[79.6675,16.9727],[79.66,16.9675],[79.6326,16.984],[79.6161,16.9774],[79.6155,16.9671],[79.6142,16.9464],[79.617,16.9229],[79.6396,16.8912],[79.648,16.8636],[79.6608,16.8535],[79.6676,16.8366],[79.6965,16.8324],[79.6991,16.8358],[79.7202,16.8289],[79.7281,16.8532],[79.7263,16.8687],[79.7102,16.8784],[79.7114,16.8962],[79.7039,16.9128],[79.7024,16.9307],[79.7081,16.9506],[79.699,16.9581]]]}},{"type":"Feature","properties":{"uid":"TSSD0385","mandal_name":"Neredugommu","district_name":"Nalgonda","centroid":[79.032,16.5744],"area":161.07,"zonalstat":{"min":0.0709,"max":0.8507,"mean":0.6701,"count":676,"sum":453.0051,"median":0.6981}},"geometry":{"type":"Polygon","coordinates":[[[79.051,16.6264],[79.0346,16.6303],[79.0164,16.6385],[79.0011,16.6357],[78.9862,16.651],[78.9674,16.6497],[78.9609,16.6234],[78.9427,16.6216],[78.9452,16.5881],[78.9548,16.5714],[78.9902,16.5682],[79.0213,16.5468],[79.0408,16.5506],[79.0473,16.5344],[79.0297,16.5321],[79.0284,16.5204],[79.053,16.5161],[79.0755,16.4687],[79.0898,16.4748],[79.0997,16.5052],[79.1169,16.522],[79.1005,16.5283],[79.0859,16.5283],[79.0656,16.5349],[79.0813,16.5519],[79.0997,16.5497],[79.1147,16.5583],[79.116,16.5752],[79.0969,16.5847],[79.0748,16.5909],[79.0556,16.6034],[79.051,16.6264]]]}},{"type":"Feature","properties":{"uid":"TSSD0386","mandal_name":"Nidamanoor","district_name":"Nalgonda","centroid":[79.3862,16.8309],"area":217.58,"zonalstat":{"min":0.2286,"max":0.9253,"mean":0.8062,"count":914,"sum":736.8773,"median":0.8151}},"geometry":{"type":"Polygon","coordinates":[[[79.4005,16.9047],[79.3738,16.9232],[79.3649,16.9325],[79.3464,16.9369],[79.342,16.9207],[79.3207,16.9247],[79.3014,16.9197],[79.2937,16.906],[79.2945,16.8842],[79.3077,16.8839],[79.3195,16.8578],[79.3354,16.8535],[79.3396,16.8199],[79.3513,16.8102],[79.3513,16.7904],[79.3648,16.771],[79.392,16.7576],[79.384,16.7269],[79.3948,16.7315],[79.4073,16.7293],[79.4221,16.7386],[79.4503,16.7314],[79.467,16.7313],[79.4629,16.7527],[79.454,16.7679],[79.4602,16.7805],[79.4639,16.8037],[79.4627,16.8142],[79.4529,16.8321],[79.4407,16.8338],[79.4389,16.8455],[79.4189,16.8584],[79.4036,16.8555],[79.3914,16.8588],[79.3861,16.8699],[79.4053,16.8827],[79.4005,16.9047]]]}},{"type":"Feature","properties":{"uid":"TSSD0387","mandal_name":"Nirmal","district_name":"Nirmal","centroid":[78.3456,19.1014],"area":26.54,"zonalstat":{"min":0.313,"max":0.7932,"mean":0.5805,"count":110,"sum":63.8568,"median":0.5842}},"geometry":{"type":"Polygon","coordinates":[[[78.3551,19.0698],[78.367,19.0832],[78.3654,19.1184],[78.3525,19.135],[78.3464,19.1281],[78.3323,19.1332],[78.3232,19.1245],[78.3213,19.0998],[78.338,19.0874],[78.3345,19.0717],[78.3379,19.0614],[78.3551,19.0698]]]}},{"type":"Feature","properties":{"uid":"TSSD0388","mandal_name":"Nirmal Rural","district_name":"Nirmal","centroid":[78.359,19.105],"area":121.65,"zonalstat":{"min":0.3261,"max":0.8339,"mean":0.724,"count":516,"sum":373.6026,"median":0.7402}},"geometry":{"type":"MultiPolygon","coordinates":[[[[78.3379,19.0614],[78.3345,19.0717],[78.338,19.0874],[78.3213,19.0998],[78.3232,19.1245],[78.3323,19.1332],[78.3072,19.1342],[78.2951,19.1237],[78.2989,19.1086],[78.2862,19.1023],[78.2865,19.0886],[78.2962,19.0766],[78.2904,19.0695],[78.2929,19.0449],[78.3055,19.0406],[78.3097,19.0307],[78.333,19.0341],[78.3442,19.0474],[78.3379,19.0614]]],[[[78.3741,19.1832],[78.3638,19.1871],[78.3516,19.1741],[78.3418,19.1525],[78.3558,19.1492],[78.3692,19.1568],[78.372,19.1461],[78.3525,19.135],[78.3654,19.1184],[78.367,19.0832],[78.3551,19.0698],[78.3736,19.0592],[78.3751,19.0491],[78.4001,19.0453],[78.4079,19.0484],[78.4035,19.0803],[78.4062,19.0929],[78.4162,19.0952],[78.4192,19.1094],[78.4089,19.1194],[78.4186,19.1318],[78.4204,19.1413],[78.4128,19.1527],[78.4054,19.1728],[78.3987,19.1809],[78.3863,19.178],[78.3741,19.1832]]]]}},{"type":"Feature","properties":{"uid":"TSSD0389","mandal_name":"Nizamabad North","district_name":"Nizamabad","centroid":[78.0908,18.6887],"area":8.31,"zonalstat":{"min":0.3409,"max":0.8144,"mean":0.5246,"count":33,"sum":17.3106,"median":0.4988}},"geometry":{"type":"MultiPolygon","coordinates":[[[[78.0835,18.6921],[78.0675,18.695],[78.0516,18.6823],[78.0542,18.6745],[78.0748,18.6814],[78.0835,18.6921]]],[[[78.1252,18.6993],[78.1026,18.7004],[78.1014,18.6866],[78.115,18.68],[78.1204,18.6846],[78.1273,18.6974],[78.1252,18.6993]]]]}},{"type":"Feature","properties":{"uid":"TSSD0390","mandal_name":"Nizamabad Rural","district_name":"Nizamabad","centroid":[78.0641,18.6739],"area":143.88,"zonalstat":{"min":0.1274,"max":0.8927,"mean":0.7042,"count":610,"sum":429.5752,"median":0.7175}},"geometry":{"type":"MultiPolygon","coordinates":[[[[78.1623,18.6726],[78.1587,18.6807],[78.1427,18.6922],[78.1273,18.6974],[78.1204,18.6846],[78.1169,18.6603],[78.1382,18.6507],[78.1431,18.6691],[78.1596,18.6635],[78.1623,18.6726]]],[[[78.0792,18.7883],[78.0712,18.7887],[78.0612,18.7534],[78.0617,18.7318],[78.0365,18.7412],[78.0297,18.741],[78.0219,18.7226],[78.04,18.7157],[78.0423,18.7007],[78.0286,18.6982],[78.032,18.6557],[78.0237,18.6458],[78.0195,18.6234],[77.991,18.628],[77.986,18.6245],[77.9856,18.6239],[77.9901,18.6042],[78.0023,18.5827],[78.0089,18.5657],[78.0176,18.5811],[78.0399,18.5914],[78.0406,18.591],[78.0584,18.5852],[78.07,18.6057],[78.0758,18.6029],[78.0861,18.6152],[78.0849,18.6381],[78.0514,18.6522],[78.0542,18.6745],[78.0516,18.6823],[78.0675,18.695],[78.0835,18.6921],[78.098,18.692],[78.1026,18.7004],[78.1252,18.6993],[78.1273,18.7155],[78.1128,18.7211],[78.0915,18.7737],[78.0792,18.7883]]]]}},{"type":"Feature","properties":{"uid":"TSSD0391","mandal_name":"Nizamabad South","district_name":"Nizamabad","centroid":[78.0869,18.6651],"area":30.08,"zonalstat":{"min":0.2383,"max":0.8321,"mean":0.5236,"count":126,"sum":65.9762,"median":0.529}},"geometry":{"type":"Polygon","coordinates":[[[78.1204,18.6846],[78.115,18.68],[78.1014,18.6866],[78.1026,18.7004],[78.098,18.692],[78.0835,18.6921],[78.0748,18.6814],[78.0542,18.6745],[78.0514,18.6522],[78.0849,18.6381],[78.1016,18.6471],[78.1095,18.6414],[78.1169,18.6603],[78.1204,18.6846]]]}},{"type":"Feature","properties":{"uid":"TSSD0392","mandal_name":"Nizampet","district_name":"Medak","centroid":[78.5322,18.121],"area":96.69,"zonalstat":{"min":0.1444,"max":0.9183,"mean":0.7854,"count":406,"sum":318.8653,"median":0.7948}},"geometry":{"type":"Polygon","coordinates":[[[78.5688,18.183],[78.5534,18.1774],[78.5366,18.1867],[78.5236,18.1824],[78.5149,18.1691],[78.5025,18.1755],[78.4968,18.1635],[78.4835,18.1471],[78.4858,18.1302],[78.4969,18.1155],[78.5088,18.1117],[78.4931,18.085],[78.4993,18.0749],[78.5188,18.0684],[78.5213,18.0611],[78.5534,18.0529],[78.5685,18.0652],[78.5701,18.0661],[78.5691,18.0832],[78.5764,18.0929],[78.5756,18.1105],[78.5468,18.1126],[78.5529,18.1325],[78.5531,18.1444],[78.5673,18.1618],[78.5799,18.1633],[78.5804,18.1711],[78.5688,18.183]]]}},{"type":"Feature","properties":{"uid":"TSSD0393","mandal_name":"Nizamsagar","district_name":"Kamareddy","centroid":[77.9304,18.233],"area":241.59,"zonalstat":{"min":-0.3,"max":0.8302,"mean":0.5211,"count":1025,"sum":534.1308,"median":0.712}},"geometry":{"type":"Polygon","coordinates":[[[77.9891,18.3183],[77.9791,18.3431],[77.9701,18.3385],[77.9301,18.3455],[77.9232,18.3161],[77.8864,18.3224],[77.8809,18.3211],[77.8889,18.3065],[77.8931,18.2868],[77.8899,18.2701],[77.8785,18.2773],[77.8801,18.2933],[77.8688,18.3071],[77.8556,18.2621],[77.8651,18.2407],[77.8519,18.2219],[77.8456,18.2019],[77.8539,18.2077],[77.8653,18.2016],[77.8697,18.1883],[77.8983,18.1889],[77.9034,18.1662],[77.9233,18.1487],[77.9369,18.1541],[77.9455,18.1415],[77.9317,18.1221],[77.9299,18.1139],[77.9162,18.1149],[77.9159,18.105],[77.9056,18.1027],[77.8973,18.0928],[77.9043,18.0984],[77.9309,18.101],[77.942,18.1236],[77.9408,18.1305],[77.9847,18.1332],[78.0054,18.1307],[78.0026,18.1434],[78.0082,18.1517],[78.0005,18.163],[78.0011,18.1782],[77.9928,18.1793],[77.9672,18.2177],[77.973,18.2282],[77.9592,18.2383],[77.9603,18.2473],[77.9873,18.2534],[77.979,18.2795],[77.9644,18.2884],[77.9754,18.3038],[77.9777,18.3141],[77.9891,18.3183]]]}},{"type":"Feature","properties":{"uid":"TSSD0394","mandal_name":"Noothankal","district_name":"Suryapet","centroid":[79.7136,17.332],"area":119.91,"zonalstat":{"min":0.5844,"max":0.8653,"mean":0.7654,"count":504,"sum":385.7388,"median":0.77}},"geometry":{"type":"Polygon","coordinates":[[[79.7763,17.3695],[79.7639,17.361],[79.7436,17.3651],[79.7328,17.3786],[79.7099,17.3711],[79.7055,17.3518],[79.6716,17.368],[79.6568,17.366],[79.6532,17.3565],[79.6376,17.3494],[79.6309,17.3401],[79.6323,17.312],[79.6264,17.3011],[79.6369,17.2864],[79.6504,17.2811],[79.6602,17.3052],[79.6857,17.3103],[79.7442,17.2989],[79.7703,17.3013],[79.7771,17.3148],[79.792,17.3024],[79.8086,17.3009],[79.8021,17.3099],[79.804,17.3216],[79.7925,17.3253],[79.7945,17.3511],[79.7763,17.3695]]]}},{"type":"Feature","properties":{"uid":"TSSD0395","mandal_name":"Nyalkal","district_name":"Sangareddy","centroid":[77.6221,17.8456],"area":259.19,"zonalstat":{"min":-0.3,"max":0.8231,"mean":0.6869,"count":1078,"sum":740.4689,"median":0.7017}},"geometry":{"type":"Polygon","coordinates":[[[77.6496,17.9505],[77.6372,17.9529],[77.6229,17.946],[77.6193,17.9045],[77.6001,17.9047],[77.5865,17.9092],[77.5862,17.8945],[77.5959,17.8818],[77.5702,17.8683],[77.5676,17.8456],[77.5606,17.8389],[77.5541,17.8209],[77.5471,17.8288],[77.5278,17.8271],[77.5273,17.8139],[77.5155,17.8061],[77.5091,17.7883],[77.5271,17.782],[77.5545,17.7649],[77.5674,17.7599],[77.5681,17.7493],[77.5957,17.7458],[77.6122,17.7474],[77.6198,17.7437],[77.6241,17.7552],[77.6254,17.7822],[77.6314,17.7922],[77.6653,17.7928],[77.6726,17.7967],[77.6767,17.8147],[77.7052,17.8165],[77.7093,17.8306],[77.7072,17.8398],[77.69,17.8414],[77.6902,17.8511],[77.6678,17.8587],[77.6716,17.8707],[77.6928,17.8772],[77.7022,17.8918],[77.7096,17.9115],[77.6928,17.9188],[77.6951,17.9291],[77.7081,17.9383],[77.7086,17.9507],[77.6797,17.9515],[77.6551,17.944],[77.6496,17.9505]]]}},{"type":"Feature","properties":{"uid":"TSSD0396","mandal_name":"Odela","district_name":"Peddapalli","centroid":[79.4486,18.4521],"area":148.08,"zonalstat":{"min":0.2259,"max":0.9201,"mean":0.7587,"count":624,"sum":473.4365,"median":0.7836}},"geometry":{"type":"Polygon","coordinates":[[[79.4392,18.5265],[79.4236,18.5327],[79.408,18.5289],[79.3929,18.532],[79.386,18.5236],[79.3991,18.5142],[79.3921,18.4832],[79.3834,18.4615],[79.3666,18.4401],[79.3966,18.4263],[79.4193,18.4196],[79.4395,18.4106],[79.4627,18.3912],[79.4731,18.3864],[79.4879,18.3873],[79.5033,18.3975],[79.5297,18.3985],[79.5522,18.4126],[79.5379,18.4273],[79.5226,18.4265],[79.5094,18.4432],[79.4864,18.4516],[79.4848,18.4665],[79.4758,18.4754],[79.475,18.4888],[79.4464,18.4982],[79.4485,18.5155],[79.4392,18.5265]]]}},{"type":"Feature","properties":{"uid":"TSSD0397","mandal_name":"Padara","district_name":"Nagarkurnool","centroid":[79.0646,16.333],"area":630.47,"zonalstat":{"min":-0.1096,"max":0.8914,"mean":0.6786,"count":2498,"sum":1695.2395,"median":0.6983}},"geometry":{"type":"Polygon","coordinates":[[[79.0627,16.4461],[79.0642,16.4311],[79.0564,16.4159],[79.0531,16.3951],[79.0387,16.3978],[79.0305,16.412],[79.0173,16.4215],[78.9919,16.4235],[78.9795,16.4325],[78.9733,16.4523],[78.9316,16.4614],[78.9263,16.4427],[78.9095,16.4421],[78.9059,16.4499],[78.892,16.4595],[78.8756,16.4588],[78.859,16.4473],[78.8596,16.4279],[78.8687,16.4225],[78.8722,16.4059],[78.8968,16.3987],[78.9066,16.4101],[78.9216,16.4048],[78.9314,16.3955],[78.9289,16.3766],[78.938,16.3524],[78.9352,16.3392],[78.9365,16.3163],[78.9298,16.3095],[78.9261,16.2928],[78.9374,16.2723],[78.9737,16.269],[79.0171,16.2751],[79.0221,16.2634],[79.0182,16.2506],[79.0269,16.2432],[79.0562,16.238],[79.0735,16.2284],[79.0844,16.2313],[79.101,16.2244],[79.1234,16.2331],[79.1339,16.2242],[79.1574,16.2103],[79.177,16.213],[79.2089,16.2233],[79.2206,16.2326],[79.2253,16.2685],[79.2302,16.2819],[79.2313,16.3164],[79.2343,16.3374],[79.2113,16.3558],[79.2,16.3623],[79.1911,16.3606],[79.1715,16.3689],[79.1551,16.3817],[79.1521,16.4002],[79.1387,16.3987],[79.1178,16.4106],[79.1093,16.4218],[79.0911,16.4227],[79.0726,16.4437],[79.0627,16.4461]]]}},{"type":"Feature","properties":{"uid":"TSSD0398","mandal_name":"Palakeedu","district_name":"Suryapet","centroid":[79.7189,16.7634],"area":132.07,"zonalstat":{"min":0.0317,"max":0.9388,"mean":0.745,"count":539,"sum":401.5675,"median":0.7823}},"geometry":{"type":"Polygon","coordinates":[[[79.7202,16.8289],[79.6991,16.8358],[79.6965,16.8324],[79.6676,16.8366],[79.6678,16.8027],[79.6738,16.7801],[79.6738,16.7589],[79.6689,16.7315],[79.702,16.7193],[79.6847,16.6948],[79.7139,16.6897],[79.7286,16.6944],[79.746,16.7202],[79.777,16.7317],[79.7869,16.7305],[79.7852,16.7441],[79.7891,16.76],[79.7603,16.7918],[79.734,16.8032],[79.7182,16.8208],[79.7202,16.8289]]]}},{"type":"Feature","properties":{"uid":"TSSD0399","mandal_name":"Palakurthy","district_name":"Jangoan","centroid":[79.4357,17.6505],"area":255.42,"zonalstat":{"min":0.5395,"max":0.8411,"mean":0.7476,"count":1081,"sum":808.2089,"median":0.7571}},"geometry":{"type":"Polygon","coordinates":[[[79.4814,17.7056],[79.4598,17.6986],[79.437,17.7216],[79.4383,17.7335],[79.4278,17.7397],[79.435,17.7503],[79.416,17.7582],[79.4095,17.7444],[79.3956,17.7423],[79.3819,17.7243],[79.3728,17.7202],[79.35,17.7223],[79.3473,17.7102],[79.3562,17.7026],[79.3469,17.6777],[79.3571,17.6721],[79.3423,17.645],[79.3736,17.6394],[79.3786,17.6181],[79.3769,17.6039],[79.3928,17.6009],[79.4009,17.577],[79.4351,17.5779],[79.4346,17.561],[79.4587,17.5603],[79.4708,17.5635],[79.4904,17.5894],[79.5007,17.5952],[79.5119,17.5869],[79.5129,17.588],[79.5305,17.5944],[79.5366,17.6013],[79.5401,17.6277],[79.5365,17.6302],[79.5252,17.6341],[79.5215,17.6608],[79.5032,17.6612],[79.491,17.6652],[79.4815,17.6747],[79.4905,17.6914],[79.4814,17.7056]]]}},{"type":"Feature","properties":{"uid":"TSSD0400","mandal_name":"Palakurthy","district_name":"Peddapalli","centroid":[79.366,18.7355],"area":137.42,"zonalstat":{"min":-0.3,"max":0.9142,"mean":0.7438,"count":582,"sum":432.92,"median":0.7976}},"geometry":{"type":"Polygon","coordinates":[[[79.4297,18.7284],[79.4143,18.738],[79.4086,18.75],[79.372,18.7548],[79.3449,18.7615],[79.3355,18.7702],[79.3112,18.78],[79.3211,18.8144],[79.2977,18.8183],[79.2948,18.8007],[79.2846,18.7931],[79.265,18.7902],[79.2537,18.7665],[79.2535,18.7552],[79.2634,18.7474],[79.2818,18.7425],[79.3201,18.7478],[79.3229,18.7239],[79.3288,18.7061],[79.3388,18.7009],[79.3556,18.7042],[79.361,18.6983],[79.3966,18.7028],[79.405,18.6969],[79.4049,18.6832],[79.4207,18.6779],[79.4393,18.6785],[79.4488,18.6707],[79.4634,18.6955],[79.4898,18.6875],[79.5038,18.7159],[79.5008,18.7221],[79.4931,18.7278],[79.4785,18.7111],[79.4667,18.7104],[79.4442,18.7152],[79.4297,18.7284]]]}},{"type":"Feature","properties":{"uid":"TSSD0401","mandal_name":"Palmela","district_name":"Jayashankar Bhupalpally","centroid":[80.2339,18.6488],"area":226.16,"zonalstat":{"min":-0.1749,"max":0.9577,"mean":0.6196,"count":936,"sum":579.9052,"median":0.6754}},"geometry":{"type":"Polygon","coordinates":[[[80.3446,18.5968],[80.3344,18.6136],[80.3191,18.6551],[80.3043,18.69],[80.2863,18.7165],[80.2747,18.7224],[80.2544,18.7053],[80.2337,18.7021],[80.2176,18.7074],[80.1991,18.6906],[80.1937,18.6798],[80.1782,18.6827],[80.1682,18.6991],[80.1553,18.7001],[80.1472,18.6924],[80.1286,18.6872],[80.1226,18.6802],[80.1097,18.6842],[80.1106,18.6719],[80.1024,18.6656],[80.125,18.665],[80.15,18.617],[80.1745,18.5985],[80.2035,18.6027],[80.2099,18.6067],[80.2733,18.5874],[80.3387,18.5944],[80.3446,18.5968]]]}},{"type":"Feature","properties":{"uid":"TSSD0402","mandal_name":"Palvancha","district_name":"Bhadradri Kothagudem","centroid":[80.6911,17.7083],"area":421.11,"zonalstat":{"min":-0.3,"max":0.9943,"mean":0.7282,"count":1776,"sum":1293.3158,"median":0.7598}},"geometry":{"type":"Polygon","coordinates":[[[80.6855,17.8754],[80.6565,17.8748],[80.6625,17.8954],[80.6306,17.8712],[80.6141,17.8725],[80.6045,17.8672],[80.5796,17.8447],[80.5715,17.8166],[80.6119,17.7929],[80.628,17.79],[80.6218,17.7645],[80.6294,17.7536],[80.6209,17.719],[80.6289,17.7083],[80.6462,17.7074],[80.6544,17.6985],[80.658,17.6837],[80.6479,17.6835],[80.643,17.6578],[80.672,17.6318],[80.6575,17.6022],[80.659,17.5797],[80.669,17.5618],[80.6692,17.5554],[80.686,17.5272],[80.7065,17.5032],[80.7111,17.5485],[80.7201,17.5696],[80.7248,17.5685],[80.7397,17.5943],[80.7531,17.5901],[80.7739,17.5733],[80.7932,17.5773],[80.801,17.5727],[80.8092,17.5568],[80.8475,17.5595],[80.8475,17.5661],[80.8635,17.5801],[80.8672,17.5772],[80.8546,17.5938],[80.8556,17.5998],[80.8362,17.5984],[80.8178,17.6039],[80.7908,17.6081],[80.7804,17.6204],[80.758,17.6212],[80.7415,17.6365],[80.7323,17.6378],[80.7344,17.6631],[80.7438,17.6853],[80.7508,17.6944],[80.7342,17.6923],[80.7186,17.7051],[80.714,17.716],[80.7095,17.7421],[80.7155,17.7408],[80.7285,17.772],[80.7344,17.8059],[80.7166,17.8281],[80.6904,17.8535],[80.6855,17.8754]]]}},{"type":"Feature","properties":{"uid":"TSSD0403","mandal_name":"Pangal","district_name":"Wanaparthy","centroid":[78.1344,16.2479],"area":205.91,"zonalstat":{"min":0.4542,"max":0.8838,"mean":0.7138,"count":867,"sum":618.8436,"median":0.7177}},"geometry":{"type":"Polygon","coordinates":[[[78.181,16.3314],[78.1601,16.341],[78.1366,16.3358],[78.1351,16.3285],[78.1277,16.3138],[78.1193,16.3083],[78.1029,16.3122],[78.0855,16.2989],[78.0828,16.2849],[78.0719,16.2622],[78.0411,16.277],[78.0286,16.2604],[78.0481,16.2437],[78.0614,16.225],[78.0885,16.2119],[78.0855,16.1896],[78.1076,16.1786],[78.1187,16.188],[78.1374,16.1794],[78.1528,16.1764],[78.1617,16.1841],[78.1804,16.1759],[78.2008,16.1734],[78.21,16.1778],[78.2087,16.2002],[78.1966,16.2256],[78.2024,16.2358],[78.2192,16.234],[78.2225,16.253],[78.1974,16.2564],[78.1756,16.2548],[78.1657,16.2792],[78.1647,16.2974],[78.183,16.3065],[78.1922,16.3219],[78.181,16.3314]]]}},{"type":"Feature","properties":{"uid":"TSSD0404","mandal_name":"Papannapet","district_name":"Medak","centroid":[78.1111,18.036],"area":205.14,"zonalstat":{"min":-0.1366,"max":0.9112,"mean":0.7108,"count":869,"sum":617.6873,"median":0.7636}},"geometry":{"type":"Polygon","coordinates":[[[78.0138,18.1066],[78.0044,18.1092],[77.9979,18.0893],[77.9981,18.0595],[78.0169,18.0517],[78.0335,18.0401],[78.0321,18.0252],[78.0368,18.0183],[78.0506,18.0157],[78.0575,18.0066],[78.051,17.9978],[78.0701,17.9899],[78.0849,18.0001],[78.0958,17.9911],[78.0875,17.9806],[78.0889,17.9706],[78.1052,17.9698],[78.1159,17.9754],[78.1285,17.9654],[78.1445,17.9654],[78.1615,17.9902],[78.1774,17.9973],[78.1851,17.9917],[78.196,17.9944],[78.2112,18.0108],[78.2077,18.0192],[78.2135,18.043],[78.2119,18.0557],[78.2093,18.0632],[78.1565,18.084],[78.1388,18.0691],[78.1155,18.0734],[78.115,18.0899],[78.1004,18.0884],[78.0989,18.0742],[78.0897,18.0684],[78.0798,18.0756],[78.0657,18.0789],[78.0343,18.0931],[78.0211,18.0945],[78.0138,18.1066]]]}},{"type":"Feature","properties":{"uid":"TSSD0405","mandal_name":"Pargi","district_name":"Vikarabad","centroid":[77.8846,17.1708],"area":227.88,"zonalstat":{"min":-0.0116,"max":0.9674,"mean":0.7103,"count":963,"sum":684.0448,"median":0.7232}},"geometry":{"type":"Polygon","coordinates":[[[77.8968,17.239],[77.8841,17.2573],[77.8713,17.2448],[77.8539,17.2413],[77.8423,17.2282],[77.8264,17.2149],[77.811,17.2107],[77.7876,17.2221],[77.7678,17.2086],[77.7641,17.1991],[77.787,17.1705],[77.7823,17.151],[77.7971,17.1463],[77.8168,17.1355],[77.8304,17.1349],[77.8369,17.1466],[77.8659,17.1363],[77.8814,17.1272],[77.8995,17.1307],[77.9015,17.1203],[77.9133,17.1168],[77.918,17.1068],[77.9315,17.1025],[77.9325,17.086],[77.9382,17.0741],[77.9483,17.0749],[77.9458,17.0913],[77.9544,17.0991],[77.9901,17.1039],[77.9933,17.1223],[77.9913,17.1312],[77.9814,17.1527],[77.9602,17.1606],[77.9322,17.1645],[77.9484,17.1758],[77.9594,17.1789],[77.9602,17.2025],[77.9485,17.2114],[77.9314,17.2106],[77.9241,17.2205],[77.9156,17.2178],[77.8968,17.2285],[77.8968,17.239]]]}},{"type":"Feature","properties":{"uid":"TSSD0406","mandal_name":"Parkal","district_name":"Warangal_Rural","centroid":[79.6902,18.2001],"area":79.71,"zonalstat":{"min":0.4232,"max":0.9073,"mean":0.7546,"count":339,"sum":255.8156,"median":0.7701}},"geometry":{"type":"Polygon","coordinates":[[[79.6543,18.2532],[79.6495,18.2339],[79.6693,18.2317],[79.666,18.2195],[79.6761,18.2039],[79.671,18.1847],[79.6576,18.1834],[79.6458,18.1683],[79.6613,18.1567],[79.6632,18.1489],[79.664,18.1486],[79.6888,18.1382],[79.7064,18.135],[79.7132,18.1533],[79.7226,18.1562],[79.7174,18.1774],[79.7288,18.1924],[79.7325,18.2023],[79.7237,18.2153],[79.7166,18.2179],[79.7131,18.2388],[79.6967,18.2515],[79.703,18.2709],[79.6962,18.2792],[79.6741,18.2573],[79.6543,18.2532]]]}},{"type":"Feature","properties":{"uid":"TSSD0407","mandal_name":"Parvathagiri","district_name":"Warangal_Rural","centroid":[79.7194,17.7686],"area":161.29,"zonalstat":{"min":0.3073,"max":0.9102,"mean":0.7822,"count":683,"sum":534.2611,"median":0.7947}},"geometry":{"type":"Polygon","coordinates":[[[79.75,17.8427],[79.7406,17.8436],[79.7205,17.8267],[79.702,17.8315],[79.6743,17.8209],[79.6634,17.8254],[79.6445,17.821],[79.6454,17.8099],[79.6608,17.8015],[79.6584,17.7779],[79.6624,17.7614],[79.677,17.7572],[79.6955,17.7351],[79.6862,17.7178],[79.6767,17.6928],[79.6909,17.6856],[79.6997,17.6826],[79.7067,17.6846],[79.7093,17.683],[79.7123,17.684],[79.7128,17.6838],[79.7149,17.685],[79.7144,17.6856],[79.7176,17.6988],[79.7345,17.6906],[79.7527,17.6877],[79.7668,17.6979],[79.7679,17.6982],[79.7651,17.704],[79.7495,17.7035],[79.7475,17.7129],[79.7611,17.7322],[79.758,17.7367],[79.7638,17.7557],[79.7762,17.7602],[79.7808,17.7821],[79.7799,17.8038],[79.766,17.8122],[79.7701,17.822],[79.762,17.8366],[79.75,17.8427]]]}},{"type":"Feature","properties":{"uid":"TSSD0408","mandal_name":"Patancheruvu","district_name":"Sangareddy","centroid":[78.2162,17.5462],"area":186.54,"zonalstat":{"min":0.2683,"max":0.8611,"mean":0.6101,"count":786,"sum":479.5273,"median":0.6258}},"geometry":{"type":"Polygon","coordinates":[[[78.2896,17.5764],[78.282,17.59],[78.2839,17.6048],[78.2681,17.6065],[78.2618,17.6281],[78.2508,17.6224],[78.2274,17.6192],[78.2153,17.6034],[78.1788,17.601],[78.1716,17.5872],[78.1523,17.5862],[78.1453,17.5671],[78.146,17.5515],[78.1649,17.5447],[78.1631,17.514],[78.1432,17.5013],[78.1372,17.4888],[78.1451,17.4839],[78.1448,17.4709],[78.1655,17.4636],[78.1921,17.4788],[78.1912,17.4872],[78.2046,17.4897],[78.2114,17.4831],[78.2312,17.4871],[78.2515,17.4873],[78.2679,17.5226],[78.2823,17.5159],[78.2897,17.5299],[78.2811,17.5413],[78.2802,17.5525],[78.2893,17.559],[78.2896,17.5764]]]}},{"type":"Feature","properties":{"uid":"TSSD0409","mandal_name":"Pebbair","district_name":"Wanaparthy","centroid":[77.9915,16.1547],"area":199.7,"zonalstat":{"min":-0.3,"max":0.8758,"mean":0.583,"count":837,"sum":487.9615,"median":0.6718}},"geometry":{"type":"Polygon","coordinates":[[[78.0111,16.2538],[77.9875,16.2683],[77.9789,16.2648],[77.9739,16.2497],[77.9609,16.2468],[77.9403,16.2569],[77.9161,16.2347],[77.925,16.203],[77.9328,16.1918],[77.9311,16.1756],[77.9396,16.1532],[77.9411,16.137],[77.9475,16.1189],[77.9738,16.0958],[77.9839,16.0895],[78.001,16.0804],[78.013,16.068],[78.0332,16.0534],[78.0595,16.0246],[78.0703,16.0422],[78.071,16.0835],[78.0747,16.0928],[78.0387,16.1095],[78.0508,16.1304],[78.0417,16.1404],[78.0263,16.1482],[78.0097,16.151],[78.0067,16.1433],[77.991,16.1573],[77.999,16.1748],[78.0116,16.1903],[78.0153,16.2246],[78.0091,16.2336],[78.0111,16.2538]]]}},{"type":"Feature","properties":{"uid":"TSSD0410","mandal_name":"Peda Adisharla Palli","district_name":"Nalgonda","centroid":[79.1509,16.6284],"area":534.97,"zonalstat":{"min":-0.3,"max":0.9664,"mean":0.5336,"count":2233,"sum":1191.448,"median":0.671}},"geometry":{"type":"Polygon","coordinates":[[[79.1757,16.7915],[79.1601,16.8045],[79.1448,16.8063],[79.132,16.8025],[79.1084,16.8043],[79.111,16.7943],[79.0851,16.7928],[79.0751,16.7991],[79.0568,16.7735],[79.0552,16.7524],[79.0418,16.7359],[79.0237,16.7307],[79.0213,16.7238],[79.0286,16.7064],[79.0369,16.7002],[79.0388,16.6664],[79.0496,16.6634],[79.062,16.6516],[79.0549,16.6418],[79.051,16.6264],[79.0556,16.6034],[79.0748,16.5909],[79.0969,16.5847],[79.116,16.5752],[79.1147,16.5583],[79.0997,16.5497],[79.0813,16.5519],[79.0656,16.5349],[79.0859,16.5283],[79.1005,16.5283],[79.1169,16.522],[79.1217,16.5122],[79.1646,16.5104],[79.1734,16.5229],[79.1697,16.4816],[79.1633,16.47],[79.1669,16.449],[79.2104,16.4292],[79.2116,16.4464],[79.2187,16.4549],[79.2338,16.4606],[79.215,16.4835],[79.2184,16.509],[79.2302,16.527],[79.2452,16.532],[79.2526,16.5601],[79.2569,16.5663],[79.2794,16.5617],[79.2913,16.5624],[79.3113,16.5752],[79.3105,16.5905],[79.3053,16.594],[79.284,16.6207],[79.276,16.6259],[79.2824,16.6388],[79.2529,16.6554],[79.2494,16.6391],[79.2395,16.6377],[79.2006,16.6442],[79.1897,16.6415],[79.181,16.6327],[79.1778,16.6206],[79.1829,16.6116],[79.1414,16.6207],[79.1397,16.6406],[79.1335,16.6566],[79.1427,16.6684],[79.1566,16.6789],[79.1522,16.7122],[79.1607,16.7156],[79.1664,16.7474],[79.1631,16.762],[79.1757,16.7915]]]}},{"type":"Feature","properties":{"uid":"TSSD0411","mandal_name":"Pedda Kodapgal","district_name":"Kamareddy","centroid":[77.7278,18.2901],"area":93.4,"zonalstat":{"min":0.2316,"max":0.9247,"mean":0.7313,"count":396,"sum":289.5762,"median":0.7219}},"geometry":{"type":"Polygon","coordinates":[[[77.7944,18.3298],[77.7769,18.3297],[77.7563,18.3196],[77.7442,18.3018],[77.7324,18.3006],[77.7299,18.3204],[77.7224,18.3245],[77.7208,18.3484],[77.7306,18.3519],[77.7332,18.3609],[77.7212,18.3633],[77.71,18.3464],[77.7133,18.3334],[77.7041,18.3075],[77.6684,18.3043],[77.6674,18.3236],[77.6569,18.3138],[77.643,18.3085],[77.6462,18.2902],[77.6576,18.2878],[77.6739,18.2781],[77.6893,18.2621],[77.7155,18.2595],[77.7248,18.2553],[77.7298,18.2436],[77.7391,18.2444],[77.7739,18.2343],[77.7781,18.244],[77.7677,18.2587],[77.7686,18.2699],[77.7799,18.2766],[77.7769,18.2914],[77.7915,18.3028],[77.7944,18.3298]]]}},{"type":"Feature","properties":{"uid":"TSSD0412","mandal_name":"Peddakothapalle","district_name":"Nagarkurnool","centroid":[78.367,16.264],"area":268.13,"zonalstat":{"min":0.0469,"max":0.8792,"mean":0.6657,"count":1111,"sum":739.6013,"median":0.6731}},"geometry":{"type":"Polygon","coordinates":[[[78.3852,16.3736],[78.3784,16.3765],[78.3429,16.3783],[78.3421,16.367],[78.3332,16.3515],[78.3199,16.3509],[78.3115,16.3564],[78.2997,16.3461],[78.2971,16.3319],[78.3027,16.3151],[78.3445,16.2998],[78.3446,16.281],[78.3344,16.2812],[78.3239,16.259],[78.3123,16.258],[78.3062,16.2474],[78.2957,16.2399],[78.2973,16.2303],[78.2844,16.2291],[78.2821,16.2215],[78.2957,16.2135],[78.3082,16.2144],[78.3061,16.195],[78.2855,16.1757],[78.2882,16.1591],[78.3022,16.1561],[78.3104,16.1672],[78.3343,16.1688],[78.3555,16.1731],[78.3661,16.181],[78.3914,16.1747],[78.3945,16.1944],[78.4215,16.1951],[78.4244,16.2033],[78.4536,16.2107],[78.4608,16.2165],[78.4501,16.2263],[78.4498,16.2383],[78.4363,16.2419],[78.4309,16.266],[78.4381,16.2741],[78.4369,16.2928],[78.4225,16.3106],[78.4188,16.3199],[78.4188,16.3428],[78.3836,16.359],[78.3852,16.3736]]]}},{"type":"Feature","properties":{"uid":"TSSD0413","mandal_name":"Peddamandaddi","district_name":"Wanaparthy","centroid":[78.0214,16.4488],"area":184.53,"zonalstat":{"min":0.0213,"max":0.8821,"mean":0.6774,"count":770,"sum":521.6276,"median":0.6817}},"geometry":{"type":"Polygon","coordinates":[[[78.1262,16.4712],[78.1008,16.4879],[78.103,16.5007],[78.0629,16.5256],[78.0723,16.5],[78.0667,16.4902],[78.0547,16.4943],[78.0298,16.479],[78.0016,16.4976],[77.9831,16.5018],[77.9709,16.5022],[77.9656,16.4927],[77.9465,16.4911],[77.9344,16.4803],[77.9308,16.4669],[77.9233,16.459],[77.9176,16.442],[77.9348,16.4482],[77.9491,16.4433],[77.9529,16.4276],[77.9738,16.4196],[77.9849,16.4012],[77.9788,16.3693],[77.9924,16.3664],[78.012,16.3648],[78.0328,16.379],[78.0339,16.4022],[78.0483,16.4165],[78.0718,16.4152],[78.0744,16.4269],[78.0871,16.4327],[78.0995,16.4455],[78.1096,16.4451],[78.1159,16.4583],[78.1279,16.4649],[78.1262,16.4712]]]}},{"type":"Feature","properties":{"uid":"TSSD0414","mandal_name":"Peddapalli","district_name":"Peddapalli","centroid":[79.398,18.6193],"area":249.03,"zonalstat":{"min":0.3949,"max":0.8702,"mean":0.7823,"count":1057,"sum":826.9314,"median":0.801}},"geometry":{"type":"Polygon","coordinates":[[[79.4488,18.6707],[79.4393,18.6785],[79.4207,18.6779],[79.4049,18.6832],[79.405,18.6969],[79.3966,18.7028],[79.361,18.6983],[79.3556,18.7042],[79.3388,18.7009],[79.3204,18.6968],[79.3142,18.7005],[79.3097,18.6719],[79.3242,18.6613],[79.3166,18.6365],[79.3127,18.6113],[79.3241,18.6063],[79.3391,18.6012],[79.3406,18.5849],[79.3593,18.5749],[79.3575,18.5669],[79.3682,18.5433],[79.3881,18.5497],[79.3929,18.532],[79.408,18.5289],[79.4236,18.5327],[79.4392,18.5265],[79.4407,18.5429],[79.4575,18.543],[79.4675,18.5545],[79.4731,18.5677],[79.4876,18.584],[79.4935,18.6017],[79.4774,18.604],[79.4715,18.6222],[79.4791,18.6453],[79.4582,18.6494],[79.4566,18.665],[79.4488,18.6707]]]}},{"type":"Feature","properties":{"uid":"TSSD0415","mandal_name":"Peddavangara","district_name":"Mahabubabad","centroid":[79.5775,17.5536],"area":111.61,"zonalstat":{"min":0.5595,"max":0.8744,"mean":0.7738,"count":469,"sum":362.9055,"median":0.7778}},"geometry":{"type":"Polygon","coordinates":[[[79.5366,17.6013],[79.5305,17.5944],[79.5129,17.588],[79.5126,17.5873],[79.5172,17.5759],[79.5168,17.5594],[79.5342,17.5501],[79.5411,17.5242],[79.5649,17.498],[79.57,17.5023],[79.5778,17.5055],[79.5958,17.4985],[79.6231,17.4988],[79.6283,17.4918],[79.6299,17.4906],[79.6385,17.5011],[79.6241,17.5167],[79.6244,17.5262],[79.6321,17.552],[79.6319,17.5699],[79.6173,17.5705],[79.6161,17.5833],[79.5978,17.5873],[79.5911,17.5929],[79.582,17.6168],[79.5772,17.62],[79.5625,17.6197],[79.5548,17.5978],[79.5366,17.6013]]]}},{"type":"Feature","properties":{"uid":"TSSD0416","mandal_name":"Peddavoora","district_name":"Nalgonda","centroid":[79.2283,16.7036],"area":289.57,"zonalstat":{"min":0.0281,"max":0.8998,"mean":0.7013,"count":1210,"sum":848.5884,"median":0.7079}},"geometry":{"type":"Polygon","coordinates":[[[79.2645,16.763],[79.2611,16.7818],[79.2702,16.8024],[79.2618,16.8164],[79.2246,16.8239],[79.2039,16.8327],[79.1987,16.8045],[79.187,16.8041],[79.1757,16.7915],[79.1631,16.762],[79.1664,16.7474],[79.1607,16.7156],[79.1522,16.7122],[79.1566,16.6789],[79.1427,16.6684],[79.1335,16.6566],[79.1397,16.6406],[79.1414,16.6207],[79.1829,16.6116],[79.1778,16.6206],[79.181,16.6327],[79.1897,16.6415],[79.2006,16.6442],[79.2395,16.6377],[79.2494,16.6391],[79.2529,16.6554],[79.2824,16.6388],[79.276,16.6259],[79.284,16.6207],[79.3053,16.594],[79.3105,16.5905],[79.3113,16.5752],[79.3268,16.5771],[79.3402,16.5834],[79.3604,16.5909],[79.3427,16.6184],[79.33,16.6138],[79.3154,16.6204],[79.3151,16.6283],[79.2941,16.6409],[79.2926,16.6467],[79.3018,16.67],[79.299,16.6894],[79.3047,16.6988],[79.3005,16.7107],[79.2685,16.7188],[79.2718,16.7392],[79.2616,16.7461],[79.2645,16.763]]]}},{"type":"Feature","properties":{"uid":"TSSD0417","mandal_name":"Peddemul","district_name":"Vikarabad","centroid":[77.6288,17.3605],"area":240.11,"zonalstat":{"min":0.2098,"max":0.8909,"mean":0.7168,"count":1004,"sum":719.707,"median":0.7178}},"geometry":{"type":"Polygon","coordinates":[[[77.5366,17.4025],[77.5492,17.3971],[77.5666,17.3976],[77.5803,17.4018],[77.5833,17.3829],[77.5707,17.3718],[77.5753,17.3659],[77.5784,17.3415],[77.5912,17.3178],[77.5953,17.2945],[77.6173,17.298],[77.6223,17.2771],[77.6318,17.2651],[77.6455,17.2616],[77.6599,17.267],[77.6685,17.2654],[77.6754,17.2723],[77.6899,17.2748],[77.7077,17.2839],[77.7199,17.2828],[77.7194,17.2951],[77.7133,17.3072],[77.7257,17.3208],[77.7093,17.3256],[77.7059,17.3468],[77.6985,17.3599],[77.6723,17.3642],[77.6682,17.3785],[77.6866,17.3862],[77.6717,17.3904],[77.672,17.4025],[77.6605,17.413],[77.6541,17.4368],[77.6393,17.4453],[77.6139,17.4467],[77.6032,17.4446],[77.5758,17.4566],[77.5758,17.431],[77.5625,17.4376],[77.5525,17.4374],[77.5369,17.444],[77.5126,17.4314],[77.5134,17.4143],[77.5366,17.4025]]]}},{"type":"Feature","properties":{"uid":"TSSD0418","mandal_name":"Pegadapalli","district_name":"Jagtial","centroid":[79.0662,18.7047],"area":131.5,"zonalstat":{"min":0.3297,"max":0.89,"mean":0.7594,"count":555,"sum":421.4456,"median":0.7873}},"geometry":{"type":"Polygon","coordinates":[[[79.1249,18.7455],[79.1103,18.7582],[79.1005,18.7556],[79.0978,18.7467],[79.0737,18.7487],[79.0626,18.7669],[79.0344,18.7487],[79.0253,18.746],[79.0085,18.7499],[79.0077,18.708],[79.0031,18.6981],[79.0066,18.683],[79.0216,18.6558],[79.0335,18.6509],[79.0374,18.6405],[79.0457,18.6382],[79.0538,18.6709],[79.0631,18.6592],[79.0801,18.6528],[79.1016,18.6511],[79.1112,18.6624],[79.1241,18.6656],[79.121,18.689],[79.1129,18.7041],[79.1263,18.7081],[79.1357,18.7248],[79.125,18.736],[79.1249,18.7455]]]}},{"type":"Feature","properties":{"uid":"TSSD0419","mandal_name":"Pembi","district_name":"Nirmal","centroid":[78.6207,19.2216],"area":315.89,"zonalstat":{"min":0.5416,"max":0.9092,"mean":0.7837,"count":1349,"sum":1057.2579,"median":0.7893}},"geometry":{"type":"Polygon","coordinates":[[[78.7206,19.2968],[78.7274,19.3123],[78.7057,19.3104],[78.6932,19.3171],[78.6761,19.3163],[78.6514,19.2996],[78.6343,19.3021],[78.6271,19.3078],[78.5987,19.3097],[78.5907,19.301],[78.5845,19.2888],[78.5689,19.2866],[78.5536,19.2714],[78.5463,19.2628],[78.5274,19.256],[78.5181,19.2466],[78.519,19.2267],[78.5091,19.2153],[78.5055,19.2043],[78.493,19.2007],[78.482,19.1835],[78.5029,19.1823],[78.509,19.1754],[78.5552,19.1822],[78.5891,19.2025],[78.614,19.1575],[78.6116,19.1275],[78.5999,19.1319],[78.5857,19.1265],[78.586,19.1089],[78.5966,19.1092],[78.5962,19.0963],[78.5997,19.0949],[78.6193,19.0854],[78.6286,19.1047],[78.6545,19.0987],[78.6536,19.1088],[78.6593,19.1395],[78.6728,19.1659],[78.6751,19.1783],[78.6904,19.1826],[78.7026,19.1947],[78.7042,19.2296],[78.7096,19.2524],[78.7064,19.2651],[78.7206,19.2968]]]}},{"type":"Feature","properties":{"uid":"TSSD0420","mandal_name":"Penchikalpet","district_name":"Kumurambheem Asifabad","centroid":[79.7954,19.2863],"area":209.6,"zonalstat":{"min":0.0566,"max":0.9748,"mean":0.7573,"count":895,"sum":677.8,"median":0.7876}},"geometry":{"type":"Polygon","coordinates":[[[79.9422,19.2738],[79.9178,19.2809],[79.9023,19.2667],[79.8598,19.2817],[79.8439,19.29],[79.8264,19.291],[79.8166,19.3056],[79.8128,19.3253],[79.8162,19.3445],[79.7968,19.3379],[79.7767,19.3357],[79.7787,19.3472],[79.7651,19.3606],[79.7469,19.367],[79.729,19.3296],[79.7212,19.3437],[79.7021,19.3453],[79.6898,19.3365],[79.6639,19.3469],[79.6678,19.3274],[79.664,19.3106],[79.6802,19.2989],[79.6987,19.2771],[79.7189,19.2772],[79.7471,19.2736],[79.7708,19.2432],[79.7779,19.2394],[79.7922,19.2444],[79.8182,19.2353],[79.8312,19.2345],[79.8669,19.2509],[79.8651,19.2346],[79.8901,19.2218],[79.8873,19.2118],[79.9035,19.1998],[79.9128,19.2119],[79.9247,19.2119],[79.9243,19.228],[79.9313,19.2541],[79.9422,19.2738]]]}},{"type":"Feature","properties":{"uid":"TSSD0421","mandal_name":"Penpahad","district_name":"Suryapet","centroid":[79.6908,17.0251],"area":190.1,"zonalstat":{"min":0.3598,"max":0.8919,"mean":0.7937,"count":802,"sum":636.5854,"median":0.8062}},"geometry":{"type":"Polygon","coordinates":[[[79.7523,17.0618],[79.7474,17.0715],[79.7355,17.0765],[79.73,17.0869],[79.715,17.0909],[79.7105,17.0846],[79.6865,17.0755],[79.6758,17.0748],[79.6662,17.0812],[79.6558,17.0766],[79.6491,17.0662],[79.6353,17.0618],[79.593,17.0655],[79.6001,17.0488],[79.5978,17.0323],[79.6054,17.0004],[79.6161,16.9774],[79.6326,16.984],[79.66,16.9675],[79.6675,16.9727],[79.699,16.9581],[79.7054,16.9811],[79.7205,16.9873],[79.7265,16.9959],[79.7376,16.9967],[79.7545,16.9886],[79.7701,16.9856],[79.7723,16.9983],[79.7996,17.005],[79.8106,17.0147],[79.8125,17.0259],[79.7928,17.0465],[79.7731,17.0509],[79.7682,17.0302],[79.7613,17.0236],[79.7428,17.0365],[79.7135,17.0453],[79.723,17.0548],[79.7371,17.0503],[79.7523,17.0618]]]}},{"type":"Feature","properties":{"uid":"TSSD0422","mandal_name":"Pentlavelli","district_name":"Nagarkurnool","centroid":[78.2446,16.0583],"area":100.6,"zonalstat":{"min":-0.3,"max":0.8276,"mean":0.4703,"count":365,"sum":171.6743,"median":0.586}},"geometry":{"type":"Polygon","coordinates":[[[78.1815,16.081],[78.1811,16.064],[78.2023,16.0547],[78.2075,16.0373],[78.2219,16.0229],[78.2127,16.0096],[78.2306,16.0053],[78.2571,16.0086],[78.2602,16.0248],[78.2731,16.0269],[78.2968,16.0141],[78.3114,16.0122],[78.323,16.0209],[78.3232,16.0337],[78.312,16.0396],[78.3054,16.0528],[78.2771,16.0631],[78.2734,16.0809],[78.2554,16.0834],[78.2353,16.09],[78.2391,16.1101],[78.2268,16.1387],[78.2182,16.1395],[78.2111,16.1305],[78.206,16.1061],[78.2133,16.0974],[78.1984,16.092],[78.1922,16.0817],[78.1815,16.081]]]}},{"type":"Feature","properties":{"uid":"TSSD0423","mandal_name":"Penuballi","district_name":"Khammam","centroid":[80.6844,17.2175],"area":273.41,"zonalstat":{"min":0.0794,"max":0.9511,"mean":0.7768,"count":1157,"sum":898.7075,"median":0.8039}},"geometry":{"type":"Polygon","coordinates":[[[80.6072,17.135],[80.6206,17.1279],[80.6364,17.1281],[80.6414,17.1162],[80.6706,17.1013],[80.6806,17.1008],[80.6873,17.1104],[80.6724,17.1304],[80.6867,17.1308],[80.6912,17.1391],[80.7179,17.155],[80.7133,17.1706],[80.7278,17.1862],[80.7457,17.1858],[80.7611,17.1777],[80.7572,17.1835],[80.7568,17.2075],[80.7608,17.2385],[80.7707,17.2701],[80.7754,17.2965],[80.7732,17.3047],[80.7489,17.321],[80.737,17.3049],[80.7272,17.3089],[80.7081,17.3054],[80.6951,17.2867],[80.6885,17.2858],[80.667,17.3007],[80.6386,17.2774],[80.642,17.2566],[80.6299,17.2483],[80.6176,17.2559],[80.5958,17.2595],[80.5978,17.2253],[80.612,17.217],[80.6077,17.1942],[80.6187,17.185],[80.606,17.1599],[80.6159,17.1487],[80.6072,17.135]]]}},{"type":"Feature","properties":{"uid":"TSSD0424","mandal_name":"Pinapaka","district_name":"Bhadradri Kothagudem","centroid":[80.6829,18.0492],"area":237.05,"zonalstat":{"min":-0.1855,"max":0.998,"mean":0.6687,"count":1002,"sum":670.0675,"median":0.7425}},"geometry":{"type":"Polygon","coordinates":[[[80.7088,18.1353],[80.6837,18.1158],[80.6763,18.1306],[80.679,18.1496],[80.6643,18.1584],[80.6565,18.1515],[80.6481,18.1352],[80.6311,18.1416],[80.6226,18.1278],[80.6432,18.1246],[80.6353,18.1091],[80.6194,18.1138],[80.6021,18.0805],[80.6154,18.0721],[80.6266,18.0561],[80.6351,18.0364],[80.6418,17.9946],[80.6362,17.9754],[80.64,17.9642],[80.6492,17.9609],[80.6584,17.934],[80.6674,17.922],[80.6802,17.9408],[80.7013,17.9484],[80.7117,17.9658],[80.7068,17.9709],[80.7263,18.0053],[80.7343,18.0034],[80.7359,18.0245],[80.7501,18.0388],[80.7585,18.0359],[80.7737,18.0458],[80.7639,18.0566],[80.7593,18.0774],[80.7346,18.106],[80.7088,18.1353]]]}},{"type":"Feature","properties":{"uid":"TSSD0425","mandal_name":"Pudur","district_name":"Vikarabad","centroid":[77.9923,17.2353],"area":206.05,"zonalstat":{"min":0.3201,"max":0.8503,"mean":0.7061,"count":870,"sum":614.3419,"median":0.7171}},"geometry":{"type":"Polygon","coordinates":[[[78.0088,17.322],[77.9626,17.3241],[77.9523,17.316],[77.9554,17.3031],[77.9468,17.2733],[77.9519,17.2571],[77.931,17.2554],[77.9266,17.2469],[77.8968,17.239],[77.8968,17.2285],[77.9156,17.2178],[77.9241,17.2205],[77.9314,17.2106],[77.9485,17.2114],[77.9602,17.2025],[77.9594,17.1789],[77.9484,17.1758],[77.9322,17.1645],[77.9602,17.1606],[77.9814,17.1527],[77.9913,17.1312],[77.9984,17.1331],[78.004,17.1473],[78.0109,17.1486],[78.0165,17.1661],[78.0444,17.1683],[78.0459,17.1877],[78.0485,17.2013],[78.0581,17.2145],[78.0527,17.2319],[78.0602,17.2334],[78.0605,17.2505],[78.05,17.2635],[78.0447,17.2791],[78.0464,17.2961],[78.0181,17.3101],[78.0088,17.322]]]}},{"type":"Feature","properties":{"uid":"TSSD0426","mandal_name":"Pulkal","district_name":"Sangareddy","centroid":[77.9905,17.7475],"area":148.67,"zonalstat":{"min":-0.3,"max":0.9058,"mean":0.6326,"count":630,"sum":398.5495,"median":0.7383}},"geometry":{"type":"Polygon","coordinates":[[[78.0616,17.769],[78.0604,17.769],[78.05,17.7693],[78.0403,17.7601],[78.0256,17.7607],[78.023,17.7712],[78.0368,17.7756],[78.0391,17.7981],[78.0208,17.7987],[78.0139,17.7907],[77.9941,17.7984],[77.9778,17.7892],[77.9616,17.7933],[77.9617,17.8106],[77.9449,17.8128],[77.945,17.8065],[77.9134,17.81],[77.9087,17.8099],[77.9052,17.7658],[77.918,17.7625],[77.9314,17.7456],[77.9327,17.7444],[77.9346,17.7422],[77.9381,17.716],[77.9542,17.7129],[77.9619,17.7188],[77.9808,17.7214],[77.9958,17.7138],[77.9973,17.6969],[78.029,17.6893],[78.0362,17.684],[78.0334,17.6729],[78.0449,17.6682],[78.0473,17.6675],[78.0486,17.6668],[78.0601,17.6598],[78.0692,17.6732],[78.0657,17.688],[78.0745,17.6986],[78.0736,17.7084],[78.0584,17.7181],[78.0365,17.7275],[78.036,17.7458],[78.048,17.7503],[78.0577,17.7663],[78.0605,17.7663],[78.0616,17.769]]]}},{"type":"Feature","properties":{"uid":"TSSD0427","mandal_name":"Quthbullapur","district_name":"Medchal_Malkajgiri","centroid":[78.439,17.5206],"area":43.97,"zonalstat":{"min":0.0911,"max":0.8182,"mean":0.4366,"count":187,"sum":81.6483,"median":0.4011}},"geometry":{"type":"Polygon","coordinates":[[[78.5004,17.5281],[78.4846,17.5256],[78.4689,17.5272],[78.4477,17.5335],[78.4413,17.5508],[78.432,17.5522],[78.4187,17.5614],[78.4135,17.5492],[78.3948,17.5419],[78.3991,17.5162],[78.3892,17.5119],[78.3926,17.5062],[78.4119,17.5088],[78.4159,17.5139],[78.4344,17.508],[78.4456,17.4834],[78.4554,17.481],[78.4705,17.4959],[78.4789,17.495],[78.4856,17.52],[78.5004,17.5281]]]}},{"type":"Feature","properties":{"uid":"TSSD0428","mandal_name":"Raghunadhapalem","district_name":"Khammam","centroid":[80.2336,17.3242],"area":192.3,"zonalstat":{"min":0.3062,"max":0.8836,"mean":0.7286,"count":808,"sum":588.7438,"median":0.7405}},"geometry":{"type":"Polygon","coordinates":[[[80.3233,17.3651],[80.32,17.3637],[80.2636,17.3602],[80.2324,17.3697],[80.2113,17.3709],[80.1977,17.3824],[80.1899,17.4011],[80.1733,17.3999],[80.1609,17.3887],[80.1587,17.3785],[80.1669,17.3608],[80.1362,17.3202],[80.1332,17.312],[80.1532,17.3062],[80.1672,17.3155],[80.1779,17.3023],[80.189,17.2988],[80.1903,17.2775],[80.2049,17.2681],[80.2067,17.2503],[80.2158,17.2365],[80.2291,17.2327],[80.2408,17.2398],[80.2378,17.2622],[80.2463,17.2754],[80.2623,17.2654],[80.2704,17.2732],[80.2745,17.288],[80.2931,17.294],[80.3095,17.3125],[80.3253,17.3179],[80.3376,17.3317],[80.3428,17.3567],[80.3233,17.3651]]]}},{"type":"Feature","properties":{"uid":"TSSD0429","mandal_name":"Ragunathpally","district_name":"Jangoan","centroid":[79.2717,17.768],"area":251.68,"zonalstat":{"min":0.2127,"max":0.8628,"mean":0.7244,"count":1063,"sum":770.0162,"median":0.7289}},"geometry":{"type":"Polygon","coordinates":[[[79.2551,17.8556],[79.2278,17.8433],[79.2195,17.844],[79.196,17.8583],[79.1826,17.8324],[79.1933,17.8237],[79.1822,17.7999],[79.1918,17.7814],[79.1788,17.7721],[79.199,17.7548],[79.2104,17.7371],[79.2088,17.7168],[79.2311,17.699],[79.2528,17.7112],[79.274,17.7072],[79.2813,17.7004],[79.3084,17.6903],[79.3175,17.6747],[79.3293,17.6734],[79.3469,17.6777],[79.3562,17.7026],[79.3473,17.7102],[79.35,17.7223],[79.3436,17.7595],[79.3564,17.7795],[79.3608,17.7779],[79.3733,17.7974],[79.346,17.8173],[79.3308,17.7997],[79.2922,17.819],[79.2551,17.8556]]]}},{"type":"Feature","properties":{"uid":"TSSD0430","mandal_name":"Raikal","district_name":"Jagtial","centroid":[78.8406,18.9517],"area":266.42,"zonalstat":{"min":-0.0844,"max":0.8681,"mean":0.763,"count":1135,"sum":865.9713,"median":0.7827}},"geometry":{"type":"Polygon","coordinates":[[[78.8779,19.0528],[78.8469,19.0711],[78.8314,19.0644],[78.8243,19.0527],[78.8147,19.0469],[78.803,19.0484],[78.79,19.0375],[78.793,19.0268],[78.8131,19.0184],[78.8088,19.0104],[78.7946,18.9997],[78.792,18.954],[78.7808,18.9465],[78.7675,18.9308],[78.7502,18.9375],[78.7373,18.9378],[78.7289,18.9272],[78.7357,18.9105],[78.7422,18.9058],[78.7673,18.8979],[78.7912,18.8863],[78.7913,18.8711],[78.8052,18.8645],[78.8261,18.8854],[78.8501,18.874],[78.8533,18.855],[78.8478,18.8435],[78.8818,18.8312],[78.8866,18.8338],[78.8945,18.8559],[78.9024,18.8596],[78.8938,18.8791],[78.8936,18.895],[78.8975,18.9211],[78.8886,18.9267],[78.8996,18.9576],[78.9151,18.9842],[78.9339,19.0089],[78.8844,19.0115],[78.8779,19.0528]]]}},{"type":"Feature","properties":{"uid":"TSSD0431","mandal_name":"Raikode","district_name":"Sangareddy","centroid":[77.7781,17.8446],"area":223.22,"zonalstat":{"min":-0.3,"max":0.8174,"mean":0.5979,"count":940,"sum":561.9842,"median":0.692}},"geometry":{"type":"Polygon","coordinates":[[[77.8263,17.8788],[77.8081,17.8798],[77.7941,17.8853],[77.795,17.8926],[77.7762,17.9293],[77.7581,17.9091],[77.7436,17.9135],[77.7371,17.9316],[77.7267,17.9311],[77.7096,17.9115],[77.7022,17.8918],[77.6928,17.8772],[77.6716,17.8707],[77.6678,17.8587],[77.6902,17.8511],[77.69,17.8414],[77.7072,17.8398],[77.7093,17.8306],[77.7202,17.8213],[77.7159,17.8103],[77.7426,17.7991],[77.7523,17.8062],[77.7611,17.7992],[77.7645,17.7693],[77.7926,17.7677],[77.8077,17.7666],[77.8132,17.7807],[77.8442,17.7805],[77.8447,17.7867],[77.8746,17.7959],[77.8824,17.8217],[77.8622,17.8321],[77.8654,17.8695],[77.8507,17.8738],[77.8435,17.8599],[77.8351,17.8629],[77.8263,17.8788]]]}},{"type":"Feature","properties":{"uid":"TSSD0432","mandal_name":"Raiparthy","district_name":"Warangal_Rural","centroid":[79.5979,17.6842],"area":219.17,"zonalstat":{"min":0.1709,"max":0.9115,"mean":0.7599,"count":926,"sum":703.6475,"median":0.771}},"geometry":{"type":"Polygon","coordinates":[[[79.6624,17.7614],[79.6462,17.76],[79.6396,17.7483],[79.6439,17.7274],[79.6376,17.7229],[79.5843,17.7341],[79.578,17.7381],[79.5616,17.7292],[79.5587,17.7228],[79.5338,17.7303],[79.5294,17.7191],[79.5391,17.7133],[79.5266,17.6956],[79.5158,17.7002],[79.5025,17.7148],[79.486,17.7117],[79.4814,17.7056],[79.4905,17.6914],[79.4815,17.6747],[79.491,17.6652],[79.5032,17.6612],[79.5215,17.6608],[79.5252,17.6341],[79.5365,17.6302],[79.5625,17.6197],[79.5772,17.62],[79.5782,17.6268],[79.602,17.6338],[79.6111,17.633],[79.6174,17.6219],[79.6373,17.6214],[79.6538,17.6268],[79.6635,17.6522],[79.6788,17.6503],[79.6828,17.6698],[79.6909,17.6856],[79.6767,17.6928],[79.6862,17.7178],[79.6955,17.7351],[79.677,17.7572],[79.6624,17.7614]]]}},{"type":"Feature","properties":{"uid":"TSSD0433","mandal_name":"Raipole","district_name":"Siddipet","centroid":[78.6173,17.9088],"area":104.17,"zonalstat":{"min":0.1576,"max":0.8662,"mean":0.7046,"count":445,"sum":313.5307,"median":0.7141}},"geometry":{"type":"Polygon","coordinates":[[[78.6889,17.9745],[78.6662,17.9851],[78.6496,17.9686],[78.6408,17.9713],[78.6341,17.9627],[78.6177,17.958],[78.6079,17.9496],[78.6066,17.9265],[78.5828,17.9293],[78.5728,17.9066],[78.5669,17.9017],[78.5614,17.8825],[78.5573,17.8501],[78.5594,17.8379],[78.583,17.8324],[78.5933,17.8594],[78.6031,17.8682],[78.6105,17.8609],[78.6326,17.8648],[78.6357,17.8787],[78.6605,17.8852],[78.6475,17.8948],[78.6563,17.9135],[78.6614,17.9341],[78.6704,17.949],[78.6849,17.958],[78.6889,17.9745]]]}},{"type":"Feature","properties":{"uid":"TSSD0434","mandal_name":"Rajampet","district_name":"Kamareddy","centroid":[78.2923,18.2115],"area":126.93,"zonalstat":{"min":0.3433,"max":0.8553,"mean":0.733,"count":537,"sum":393.6309,"median":0.745}},"geometry":{"type":"Polygon","coordinates":[[[78.3664,18.2656],[78.3636,18.2636],[78.3305,18.2677],[78.3132,18.2584],[78.3,18.2564],[78.2733,18.2399],[78.2587,18.2504],[78.2424,18.2352],[78.2368,18.2134],[78.2177,18.2153],[78.2222,18.1824],[78.2414,18.1558],[78.2627,18.1468],[78.2786,18.1482],[78.2904,18.1621],[78.3043,18.1663],[78.3079,18.1669],[78.3117,18.2026],[78.3323,18.1961],[78.3449,18.212],[78.3547,18.2086],[78.365,18.2127],[78.3716,18.2248],[78.3649,18.2339],[78.3761,18.2554],[78.3664,18.2656]]]}},{"type":"Feature","properties":{"uid":"TSSD0435","mandal_name":"Rajapeta","district_name":"Yadadri Bhuvanagiri","centroid":[78.9323,17.7364],"area":197.22,"zonalstat":{"min":0.3922,"max":0.8393,"mean":0.7128,"count":837,"sum":596.6277,"median":0.7174}},"geometry":{"type":"Polygon","coordinates":[[[79.016,17.7258],[79.0065,17.7338],[78.9956,17.7537],[79.0007,17.7705],[78.9912,17.7941],[78.9766,17.7955],[78.9461,17.7893],[78.9381,17.7979],[78.9213,17.8026],[78.9068,17.8127],[78.8998,17.8039],[78.8847,17.8088],[78.8679,17.8088],[78.8698,17.7856],[78.8583,17.7486],[78.8723,17.7397],[78.8713,17.7194],[78.8625,17.7068],[78.8721,17.6972],[78.8983,17.6808],[78.8869,17.6654],[78.894,17.656],[78.9131,17.6549],[78.926,17.6697],[78.9377,17.6738],[78.9505,17.672],[78.9906,17.6765],[78.9923,17.6865],[78.9926,17.7096],[79.0149,17.7106],[79.016,17.7258]]]}},{"type":"Feature","properties":{"uid":"TSSD0436","mandal_name":"Rajapur","district_name":"Mahabubnagar","centroid":[78.1607,16.8812],"area":125.06,"zonalstat":{"min":0.2169,"max":0.8888,"mean":0.6873,"count":528,"sum":362.8885,"median":0.6949}},"geometry":{"type":"Polygon","coordinates":[[[78.2395,16.8677],[78.2326,16.8716],[78.2363,16.8883],[78.2344,16.9035],[78.2007,16.9128],[78.199,16.8993],[78.1878,16.9014],[78.18,16.909],[78.1572,16.9206],[78.1258,16.9233],[78.1231,16.9308],[78.0986,16.9326],[78.0929,16.9364],[78.0923,16.9296],[78.0762,16.9072],[78.0979,16.8774],[78.119,16.8712],[78.1149,16.8506],[78.1445,16.8404],[78.1469,16.8273],[78.1683,16.8322],[78.1819,16.8304],[78.1912,16.8431],[78.2032,16.8432],[78.2259,16.8374],[78.2395,16.8677]]]}},{"type":"Feature","properties":{"uid":"TSSD0437","mandal_name":"Rajendranagar","district_name":"Rangareddy","centroid":[78.4181,17.323],"area":48.26,"zonalstat":{"min":0.1484,"max":0.7938,"mean":0.387,"count":199,"sum":77.0054,"median":0.3697}},"geometry":{"type":"Polygon","coordinates":[[[78.4601,17.334],[78.4444,17.3269],[78.4448,17.3378],[78.4303,17.348],[78.4396,17.3655],[78.4316,17.3721],[78.4314,17.3721],[78.4201,17.3695],[78.4014,17.3504],[78.398,17.3312],[78.3752,17.3286],[78.3747,17.3227],[78.3756,17.3112],[78.3972,17.2981],[78.3994,17.2872],[78.4232,17.2855],[78.4285,17.2793],[78.4352,17.3001],[78.4539,17.3019],[78.4537,17.3118],[78.4601,17.334]]]}},{"type":"Feature","properties":{"uid":"TSSD0438","mandal_name":"Rajoli","district_name":"Jogulamba Gadwal","centroid":[77.7533,15.9118],"area":129.05,"zonalstat":{"min":-0.1045,"max":0.8916,"mean":0.6648,"count":536,"sum":356.3305,"median":0.6678}},"geometry":{"type":"Polygon","coordinates":[[[77.8692,15.896],[77.8523,15.902],[77.8502,15.9211],[77.8203,15.9275],[77.821,15.9322],[77.7832,15.9374],[77.7724,15.9517],[77.7572,15.9399],[77.7123,15.9557],[77.7112,15.9499],[77.6821,15.9463],[77.6793,15.9326],[77.6567,15.9195],[77.6447,15.8926],[77.6595,15.8861],[77.6948,15.8842],[77.7122,15.8948],[77.7308,15.8948],[77.7415,15.8875],[77.7683,15.8862],[77.7835,15.8769],[77.8048,15.8747],[77.8375,15.8852],[77.8472,15.8827],[77.8624,15.8861],[77.8692,15.896]]]}},{"type":"Feature","properties":{"uid":"TSSD0439","mandal_name":"Ramachandrapuram","district_name":"Sangareddy","centroid":[78.264,17.4728],"area":76.01,"zonalstat":{"min":0.0931,"max":0.8797,"mean":0.5493,"count":323,"sum":177.4298,"median":0.571}},"geometry":{"type":"Polygon","coordinates":[[[78.313,17.5107],[78.3065,17.5226],[78.2897,17.5299],[78.2823,17.5159],[78.2679,17.5226],[78.2515,17.4873],[78.2312,17.4871],[78.2114,17.4831],[78.2064,17.479],[78.2101,17.4555],[78.2183,17.4558],[78.218,17.4382],[78.2275,17.4398],[78.233,17.4279],[78.2596,17.4279],[78.2707,17.4316],[78.2717,17.4321],[78.2884,17.4316],[78.2935,17.4526],[78.3014,17.4597],[78.2987,17.4916],[78.3167,17.4932],[78.313,17.5107]]]}},{"type":"Feature","properties":{"uid":"TSSD0440","mandal_name":"Ramadugu","district_name":"Karimnagar","centroid":[79.0713,18.5641],"area":134.02,"zonalstat":{"min":0.5967,"max":0.8967,"mean":0.7891,"count":571,"sum":450.5962,"median":0.7962}},"geometry":{"type":"Polygon","coordinates":[[[79.1112,18.6624],[79.1016,18.6511],[79.0801,18.6528],[79.0806,18.635],[79.0744,18.6225],[79.0638,18.6225],[79.0581,18.6359],[79.0457,18.6382],[79.0374,18.6405],[79.0353,18.63],[79.0407,18.6187],[79.0422,18.6011],[79.0397,18.5865],[79.0297,18.5846],[79.0277,18.5664],[79.0378,18.5632],[79.0262,18.5448],[79.021,18.5203],[79.0368,18.5116],[79.0332,18.4779],[79.0533,18.4684],[79.0682,18.4831],[79.0706,18.5098],[79.0807,18.5144],[79.0987,18.5052],[79.1144,18.4917],[79.1246,18.5131],[79.1221,18.5205],[79.1019,18.526],[79.1039,18.5382],[79.0967,18.5467],[79.1066,18.5723],[79.1007,18.5755],[79.1038,18.5906],[79.133,18.6002],[79.116,18.6099],[79.1094,18.623],[79.1136,18.6544],[79.1112,18.6624]]]}},{"type":"Feature","properties":{"uid":"TSSD0441","mandal_name":"Ramagiri","district_name":"Peddapalli","centroid":[79.5618,18.6428],"area":174.25,"zonalstat":{"min":-0.1795,"max":0.9347,"mean":0.7047,"count":740,"sum":521.4477,"median":0.7896}},"geometry":{"type":"Polygon","coordinates":[[[79.6026,18.7384],[79.5873,18.7489],[79.5695,18.7667],[79.5462,18.7772],[79.5334,18.7361],[79.5237,18.7366],[79.5242,18.7228],[79.531,18.7206],[79.5273,18.6985],[79.5399,18.6825],[79.5505,18.6811],[79.5514,18.6702],[79.5443,18.6645],[79.5525,18.654],[79.5426,18.6416],[79.5284,18.65],[79.5116,18.6531],[79.5012,18.609],[79.4964,18.6048],[79.5212,18.5759],[79.5223,18.5653],[79.5416,18.5552],[79.5538,18.5433],[79.5879,18.5374],[79.5773,18.5525],[79.5638,18.5611],[79.5831,18.5806],[79.5988,18.5732],[79.6175,18.5705],[79.6328,18.5562],[79.6486,18.5729],[79.6471,18.5888],[79.6231,18.5816],[79.6211,18.5915],[79.6115,18.599],[79.6085,18.6106],[79.6066,18.6423],[79.5901,18.6421],[79.591,18.6536],[79.5693,18.6513],[79.5646,18.6708],[79.5771,18.6772],[79.5788,18.7123],[79.5972,18.7251],[79.6026,18.7384]]]}},{"type":"Feature","properties":{"uid":"TSSD0442","mandal_name":"Ramagundam","district_name":"Peddapalli","centroid":[79.4845,18.7562],"area":113.66,"zonalstat":{"min":-0.1773,"max":0.8797,"mean":0.5934,"count":482,"sum":285.9979,"median":0.6357}},"geometry":{"type":"Polygon","coordinates":[[[79.4953,18.7988],[79.4811,18.8158],[79.4567,18.8288],[79.4496,18.8259],[79.4477,18.7993],[79.4136,18.7693],[79.4307,18.7676],[79.4388,18.7611],[79.4427,18.7479],[79.4297,18.7284],[79.4442,18.7152],[79.4667,18.7104],[79.4785,18.7111],[79.4931,18.7278],[79.5008,18.7221],[79.5032,18.722],[79.51,18.6985],[79.5129,18.6778],[79.5322,18.6742],[79.5399,18.6825],[79.5273,18.6985],[79.531,18.7206],[79.5242,18.7228],[79.5237,18.7366],[79.5334,18.7361],[79.5462,18.7772],[79.5278,18.786],[79.51,18.7854],[79.4953,18.7988]]]}},{"type":"Feature","properties":{"uid":"TSSD0443","mandal_name":"Ramannapet","district_name":"Yadadri Bhuvanagiri","centroid":[79.1203,17.3086],"area":229.79,"zonalstat":{"min":0.3757,"max":0.8621,"mean":0.7207,"count":971,"sum":699.7831,"median":0.7296}},"geometry":{"type":"Polygon","coordinates":[[[79.2409,17.3584],[79.2316,17.3713],[79.221,17.3694],[79.1895,17.3522],[79.1794,17.352],[79.1601,17.3408],[79.1395,17.3419],[79.1202,17.3557],[79.105,17.3618],[79.0708,17.3541],[79.0517,17.3636],[79.0426,17.3604],[79.039,17.32],[79.0367,17.3136],[78.9975,17.3141],[78.9881,17.2824],[79.0033,17.2695],[79.0401,17.266],[79.053,17.2582],[79.0658,17.2594],[79.0705,17.2534],[79.0852,17.2517],[79.1029,17.245],[79.1111,17.2683],[79.1184,17.2775],[79.1375,17.2772],[79.1563,17.2608],[79.1775,17.2519],[79.1843,17.2734],[79.2037,17.2634],[79.2159,17.2888],[79.2192,17.3137],[79.2346,17.3182],[79.2468,17.3151],[79.2534,17.3273],[79.2406,17.3363],[79.235,17.3466],[79.2409,17.3584]]]}},{"type":"Feature","properties":{"uid":"TSSD0444","mandal_name":"Ramareddy","district_name":"Kamareddy","centroid":[78.3987,18.4243],"area":168.07,"zonalstat":{"min":0.3478,"max":0.8651,"mean":0.7549,"count":714,"sum":539.0017,"median":0.7666}},"geometry":{"type":"Polygon","coordinates":[[[78.4923,18.4395],[78.4734,18.4417],[78.4651,18.4626],[78.4482,18.4774],[78.4233,18.4758],[78.3991,18.4835],[78.3964,18.4703],[78.3813,18.4584],[78.364,18.4551],[78.3477,18.4614],[78.3151,18.466],[78.3052,18.4566],[78.3143,18.4368],[78.3153,18.4164],[78.3065,18.3978],[78.3141,18.3954],[78.3196,18.382],[78.3298,18.3864],[78.3461,18.3907],[78.3556,18.38],[78.3745,18.3875],[78.386,18.3742],[78.3958,18.3748],[78.4024,18.3862],[78.4111,18.3831],[78.4007,18.3696],[78.4089,18.3535],[78.4175,18.3573],[78.4203,18.3827],[78.4342,18.3914],[78.4554,18.3848],[78.4733,18.3756],[78.4814,18.3918],[78.4782,18.4054],[78.4923,18.4395]]]}},{"type":"Feature","properties":{"uid":"TSSD0445","mandal_name":"Ramayampet","district_name":"Medak","centroid":[78.4169,18.1099],"area":151.12,"zonalstat":{"min":0.129,"max":0.9108,"mean":0.7821,"count":640,"sum":500.5655,"median":0.7902}},"geometry":{"type":"Polygon","coordinates":[[[78.4858,18.1302],[78.4534,18.1224],[78.4422,18.1319],[78.447,18.1397],[78.4414,18.1556],[78.4346,18.1624],[78.4252,18.1562],[78.4223,18.1437],[78.4123,18.1309],[78.3844,18.1265],[78.374,18.135],[78.3598,18.1691],[78.3402,18.1721],[78.3372,18.1909],[78.3323,18.1961],[78.3117,18.2026],[78.3079,18.1669],[78.3043,18.1663],[78.3102,18.1435],[78.3497,18.131],[78.3467,18.1167],[78.3531,18.1044],[78.3626,18.0848],[78.3682,18.0813],[78.3923,18.0695],[78.4031,18.0777],[78.41,18.0933],[78.4458,18.0838],[78.4715,18.0649],[78.4591,18.0489],[78.4689,18.0273],[78.4689,18.0273],[78.4861,18.0236],[78.5025,18.034],[78.5108,18.0469],[78.5197,18.0516],[78.5213,18.0611],[78.5188,18.0684],[78.4993,18.0749],[78.4931,18.085],[78.5088,18.1117],[78.4969,18.1155],[78.4858,18.1302]]]}},{"type":"Feature","properties":{"uid":"TSSD0446","mandal_name":"Rebbena","district_name":"Kumurambheem Asifabad","centroid":[79.4379,19.2597],"area":259.91,"zonalstat":{"min":0.3811,"max":0.9022,"mean":0.7482,"count":1110,"sum":830.5396,"median":0.7642}},"geometry":{"type":"Polygon","coordinates":[[[79.5101,19.2881],[79.5109,19.3078],[79.5169,19.3242],[79.508,19.331],[79.4537,19.3096],[79.4376,19.3076],[79.4359,19.3256],[79.4234,19.3306],[79.4174,19.345],[79.3996,19.3491],[79.3768,19.3497],[79.3807,19.3393],[79.3739,19.3328],[79.3601,19.3358],[79.3511,19.3256],[79.3615,19.312],[79.3588,19.2977],[79.3714,19.291],[79.3714,19.2661],[79.3613,19.2544],[79.3326,19.2531],[79.3291,19.2503],[79.3217,19.2387],[79.3283,19.2269],[79.3543,19.2176],[79.365,19.2092],[79.378,19.2113],[79.3947,19.2063],[79.4159,19.2059],[79.4279,19.1995],[79.4359,19.1892],[79.4626,19.1787],[79.4743,19.1782],[79.4958,19.2027],[79.5053,19.2005],[79.5191,19.2048],[79.5421,19.1968],[79.5478,19.1986],[79.5491,19.2123],[79.5419,19.2246],[79.5299,19.2348],[79.5321,19.2492],[79.525,19.2576],[79.5058,19.2683],[79.5101,19.2881]]]}},{"type":"Feature","properties":{"uid":"TSSD0447","mandal_name":"Regode","district_name":"Medak","centroid":[77.8526,17.96],"area":80.04,"zonalstat":{"min":0.4517,"max":0.8742,"mean":0.7343,"count":337,"sum":247.4701,"median":0.7405}},"geometry":{"type":"Polygon","coordinates":[[[77.902,17.9988],[77.894,18.0087],[77.8726,18.0],[77.8646,18.0223],[77.8527,18.0162],[77.8231,17.981],[77.8221,17.9714],[77.8214,17.9576],[77.8088,17.9597],[77.796,17.9359],[77.7948,17.9255],[77.8216,17.9265],[77.8249,17.9082],[77.8315,17.8997],[77.8445,17.9002],[77.8564,17.9209],[77.8602,17.9347],[77.8708,17.9478],[77.8801,17.9478],[77.8821,17.9374],[77.9,17.9334],[77.9076,17.9489],[77.9067,17.9592],[77.8909,17.9646],[77.888,17.9853],[77.902,17.9988]]]}},{"type":"Feature","properties":{"uid":"TSSD0448","mandal_name":"Regonda","district_name":"Jayashankar Bhupalpally","centroid":[79.7831,18.2453],"area":230.7,"zonalstat":{"min":0.2651,"max":0.9243,"mean":0.7277,"count":971,"sum":706.5629,"median":0.7317}},"geometry":{"type":"Polygon","coordinates":[[[79.7721,18.3342],[79.7547,18.3386],[79.7466,18.3275],[79.7463,18.3113],[79.7356,18.2991],[79.7113,18.294],[79.6926,18.2834],[79.6962,18.2792],[79.703,18.2709],[79.6967,18.2515],[79.7131,18.2388],[79.7166,18.2179],[79.7237,18.2153],[79.7325,18.2023],[79.7288,18.1924],[79.7442,18.1777],[79.7648,18.1749],[79.7889,18.178],[79.8017,18.1615],[79.8103,18.1567],[79.8439,18.1596],[79.8464,18.1721],[79.8383,18.1871],[79.8577,18.2029],[79.8631,18.2032],[79.8595,18.2233],[79.8509,18.249],[79.8631,18.2626],[79.8417,18.269],[79.8407,18.2962],[79.8194,18.2963],[79.8076,18.3118],[79.8158,18.3319],[79.8011,18.3263],[79.7721,18.3342]]]}},{"type":"Feature","properties":{"uid":"TSSD0449","mandal_name":"Renjal","district_name":"Nizamabad","centroid":[77.9369,18.7711],"area":113.22,"zonalstat":{"min":-0.3,"max":0.8974,"mean":0.6215,"count":483,"sum":300.1798,"median":0.6686}},"geometry":{"type":"Polygon","coordinates":[[[77.9433,18.8266],[77.9321,18.8234],[77.9062,18.8278],[77.8821,18.8186],[77.8709,18.8194],[77.8614,18.8114],[77.8654,18.7988],[77.8826,18.798],[77.8742,18.7533],[77.888,18.7594],[77.9158,18.7505],[77.917,18.738],[77.9263,18.7331],[77.947,18.7099],[77.9477,18.7038],[77.9496,18.7155],[77.9592,18.7252],[77.9714,18.7184],[78.0004,18.7118],[78.0033,18.7294],[78.0048,18.7423],[77.9997,18.7632],[77.9895,18.7747],[77.9627,18.786],[77.9681,18.8017],[77.9502,18.8075],[77.9433,18.8266]]]}},{"type":"Feature","properties":{"uid":"TSSD0450","mandal_name":"Revally","district_name":"Wanaparthy","centroid":[78.2457,16.3605],"area":123.03,"zonalstat":{"min":0.2492,"max":0.8617,"mean":0.7264,"count":514,"sum":373.3699,"median":0.742}},"geometry":{"type":"Polygon","coordinates":[[[78.3115,16.3564],[78.3135,16.376],[78.3102,16.3937],[78.2963,16.3999],[78.2575,16.4062],[78.252,16.4165],[78.2406,16.4152],[78.2297,16.408],[78.2017,16.4058],[78.1914,16.3795],[78.1863,16.3441],[78.181,16.3314],[78.1922,16.3219],[78.2174,16.3205],[78.2225,16.3063],[78.2516,16.2893],[78.2582,16.3072],[78.2624,16.3338],[78.28,16.3294],[78.2971,16.3319],[78.2997,16.3461],[78.3115,16.3564]]]}},{"type":"Feature","properties":{"uid":"TSSD0451","mandal_name":"Rudrangi","district_name":"Rajanna Sircilla","centroid":[78.6475,18.6288],"area":102.53,"zonalstat":{"min":0.5218,"max":0.8779,"mean":0.7802,"count":437,"sum":340.9681,"median":0.7902}},"geometry":{"type":"Polygon","coordinates":[[[78.732,18.6343],[78.7199,18.6337],[78.7066,18.6412],[78.6939,18.6414],[78.6846,18.6347],[78.661,18.6322],[78.6528,18.6345],[78.6375,18.6725],[78.6318,18.6774],[78.6344,18.69],[78.6214,18.6904],[78.582,18.6842],[78.5964,18.6671],[78.597,18.6541],[78.5873,18.6545],[78.5806,18.634],[78.6058,18.6011],[78.6197,18.5905],[78.6286,18.5839],[78.6408,18.5831],[78.648,18.5907],[78.72,18.5934],[78.7326,18.6103],[78.732,18.6343]]]}},{"type":"Feature","properties":{"uid":"TSSD0452","mandal_name":"Rudrur","district_name":"Nizamabad","centroid":[77.8711,18.5833],"area":49.47,"zonalstat":{"min":0.1287,"max":0.7945,"mean":0.5797,"count":216,"sum":125.2102,"median":0.5835}},"geometry":{"type":"Polygon","coordinates":[[[77.9087,18.575],[77.907,18.5903],[77.8944,18.5968],[77.888,18.6131],[77.8776,18.6245],[77.859,18.6278],[77.8562,18.6204],[77.8383,18.6207],[77.8331,18.6004],[77.8543,18.5921],[77.8543,18.581],[77.8396,18.5759],[77.8379,18.5675],[77.8528,18.5579],[77.8511,18.5471],[77.8605,18.5493],[77.8681,18.5425],[77.865,18.5342],[77.8835,18.5294],[77.8814,18.5516],[77.897,18.5611],[77.9047,18.5608],[77.9087,18.575]]]}},{"type":"Feature","properties":{"uid":"TSSD0453","mandal_name":"Sadashivnagar","district_name":"Kamareddy","centroid":[78.2349,18.4269],"area":196.13,"zonalstat":{"min":-0.0613,"max":0.8883,"mean":0.7238,"count":830,"sum":600.7754,"median":0.7263}},"geometry":{"type":"Polygon","coordinates":[[[78.3052,18.4566],[78.263,18.4523],[78.2547,18.4669],[78.2549,18.4865],[78.2371,18.4907],[78.2226,18.4887],[78.203,18.5016],[78.1997,18.5073],[78.1786,18.5053],[78.1705,18.4894],[78.1592,18.4778],[78.1387,18.4801],[78.1386,18.4546],[78.1686,18.449],[78.1768,18.4313],[78.1747,18.4003],[78.1669,18.3803],[78.1749,18.3764],[78.1919,18.3835],[78.2022,18.3683],[78.2196,18.3664],[78.2506,18.3824],[78.2581,18.3818],[78.2624,18.3667],[78.2698,18.357],[78.2901,18.3538],[78.3109,18.3581],[78.3255,18.3696],[78.3298,18.3864],[78.3196,18.382],[78.3141,18.3954],[78.3065,18.3978],[78.3153,18.4164],[78.3143,18.4368],[78.3052,18.4566]]]}},{"type":"Feature","properties":{"uid":"TSSD0454","mandal_name":"Sadasivpet","district_name":"Sangareddy","centroid":[77.9532,17.6458],"area":248.56,"zonalstat":{"min":-0.0055,"max":0.8109,"mean":0.678,"count":1050,"sum":711.9189,"median":0.6996}},"geometry":{"type":"Polygon","coordinates":[[[78.0449,17.6682],[78.0334,17.6729],[78.0362,17.684],[78.029,17.6893],[77.9973,17.6969],[77.9958,17.7138],[77.9808,17.7214],[77.9619,17.7188],[77.9542,17.7129],[77.9381,17.716],[77.9346,17.7422],[77.9322,17.7448],[77.9311,17.7441],[77.9233,17.7438],[77.9204,17.72],[77.8867,17.7097],[77.8923,17.6988],[77.908,17.6926],[77.907,17.6835],[77.8944,17.6787],[77.8752,17.6653],[77.8718,17.6472],[77.8571,17.6447],[77.8563,17.6294],[77.8655,17.6179],[77.8774,17.6067],[77.8694,17.5975],[77.8729,17.5848],[77.8873,17.5801],[77.8978,17.5822],[77.9239,17.574],[77.9338,17.5614],[77.9454,17.5728],[77.9522,17.5716],[77.9742,17.583],[77.9741,17.5901],[77.99,17.6004],[78.0026,17.5954],[78.0059,17.5847],[78.0171,17.5936],[78.0258,17.594],[78.0422,17.6109],[78.0478,17.6092],[78.0409,17.6349],[78.0547,17.6525],[78.0495,17.6574],[78.0503,17.6613],[78.0477,17.663],[78.047,17.6663],[78.0477,17.6673],[78.0449,17.6682]]]}},{"type":"Feature","properties":{"uid":"TSSD0455","mandal_name":"Saidabad","district_name":"Hyderabad","centroid":[78.5067,17.3609],"area":4.44,"zonalstat":{"min":0.1781,"max":0.4832,"mean":0.2798,"count":16,"sum":4.4771,"median":0.2887}},"geometry":{"type":"Polygon","coordinates":[[[78.5069,17.3485],[78.5211,17.3576],[78.5107,17.3655],[78.5101,17.3799],[78.4992,17.3682],[78.4967,17.35],[78.5007,17.3505],[78.5069,17.3485]]]}},{"type":"Feature","properties":{"uid":"TSSD0456","mandal_name":"Sangareddy","district_name":"Sangareddy","centroid":[78.0978,17.6224],"area":85.0,"zonalstat":{"min":0.1353,"max":0.8331,"mean":0.6603,"count":364,"sum":240.3521,"median":0.7021}},"geometry":{"type":"Polygon","coordinates":[[[78.1462,17.6511],[78.1356,17.6506],[78.1323,17.6615],[78.1227,17.6659],[78.119,17.6497],[78.0907,17.6572],[78.0779,17.6548],[78.0692,17.6732],[78.0601,17.6598],[78.0486,17.6668],[78.0477,17.6673],[78.047,17.6663],[78.0477,17.663],[78.0503,17.6613],[78.0495,17.6574],[78.0547,17.6525],[78.0409,17.6349],[78.0478,17.6092],[78.0658,17.6063],[78.0732,17.5786],[78.0651,17.5779],[78.0575,17.5624],[78.0755,17.5552],[78.0895,17.5536],[78.0898,17.5741],[78.0931,17.5906],[78.1053,17.609],[78.1275,17.6033],[78.153,17.6042],[78.1651,17.6226],[78.1614,17.6371],[78.1615,17.6461],[78.1522,17.6477],[78.1551,17.6524],[78.1534,17.6545],[78.1512,17.6549],[78.1499,17.6562],[78.1489,17.6567],[78.1462,17.6511]]]}},{"type":"Feature","properties":{"uid":"TSSD0457","mandal_name":"Sangem","district_name":"Warangal_Rural","centroid":[79.708,17.8791],"area":147.68,"zonalstat":{"min":0.3257,"max":0.8977,"mean":0.7277,"count":623,"sum":453.3499,"median":0.7315}},"geometry":{"type":"Polygon","coordinates":[[[79.7723,17.9336],[79.7554,17.9339],[79.7403,17.9447],[79.7213,17.9445],[79.721,17.9337],[79.7123,17.9249],[79.7037,17.9012],[79.6918,17.8975],[79.6738,17.904],[79.6583,17.925],[79.6516,17.9236],[79.6475,17.9071],[79.6323,17.8936],[79.6267,17.8739],[79.6449,17.8679],[79.6347,17.8406],[79.6375,17.8264],[79.6445,17.821],[79.6634,17.8254],[79.6743,17.8209],[79.702,17.8315],[79.7205,17.8267],[79.7406,17.8436],[79.75,17.8427],[79.7685,17.8551],[79.7594,17.8675],[79.7816,17.8785],[79.7789,17.8866],[79.7911,17.8968],[79.7884,17.9121],[79.7758,17.9214],[79.7723,17.9336]]]}},{"type":"Feature","properties":{"uid":"TSSD0458","mandal_name":"Sarangapur","district_name":"Jagtial","centroid":[78.9444,18.9259],"area":143.97,"zonalstat":{"min":0.4811,"max":0.8961,"mean":0.8119,"count":608,"sum":493.6361,"median":0.8189}},"geometry":{"type":"Polygon","coordinates":[[[79.0122,18.9604],[78.9854,18.9703],[78.9867,18.9789],[78.9738,18.9885],[78.9584,18.9831],[78.9339,19.0089],[78.9151,18.9842],[78.8996,18.9576],[78.8886,18.9267],[78.8975,18.9211],[78.8936,18.895],[78.8938,18.8791],[78.9024,18.8596],[78.9147,18.8539],[78.942,18.8496],[78.955,18.859],[78.9533,18.8731],[78.9754,18.8635],[78.9843,18.8726],[78.9699,18.9072],[78.9802,18.9076],[78.9914,18.9163],[79.0108,18.9275],[79.0086,18.9516],[79.0122,18.9604]]]}},{"type":"Feature","properties":{"uid":"TSSD0459","mandal_name":"Sarangapur","district_name":"Nirmal","centroid":[78.259,19.2071],"area":255.36,"zonalstat":{"min":0.0635,"max":0.8648,"mean":0.7182,"count":1054,"sum":756.9629,"median":0.7379}},"geometry":{"type":"Polygon","coordinates":[[[78.2608,19.265],[78.2511,19.2767],[78.2523,19.2867],[78.2443,19.3004],[78.2308,19.3092],[78.2102,19.3065],[78.1972,19.3091],[78.1934,19.3174],[78.1822,19.2839],[78.1769,19.2789],[78.1769,19.2631],[78.1816,19.2473],[78.1754,19.2377],[78.1902,19.2138],[78.2035,19.2167],[78.2099,19.1877],[78.1897,19.1952],[78.1764,19.164],[78.2191,19.1479],[78.2184,19.1405],[78.235,19.1368],[78.2346,19.1267],[78.2543,19.1197],[78.2697,19.1337],[78.2782,19.1518],[78.2959,19.1336],[78.2951,19.1237],[78.3072,19.1342],[78.3323,19.1332],[78.3464,19.1281],[78.3525,19.135],[78.372,19.1461],[78.3692,19.1568],[78.3558,19.1492],[78.3418,19.1525],[78.3516,19.1741],[78.3638,19.1871],[78.3741,19.1832],[78.3732,19.1971],[78.357,19.1986],[78.3472,19.2074],[78.3302,19.2068],[78.3097,19.2236],[78.2993,19.2599],[78.2871,19.2649],[78.2608,19.265]]]}},{"type":"Feature","properties":{"uid":"TSSD0460","mandal_name":"Sathupally","district_name":"Khammam","centroid":[80.8331,17.2346],"area":285.22,"zonalstat":{"min":-0.0863,"max":0.9257,"mean":0.7173,"count":1190,"sum":853.5428,"median":0.7728}},"geometry":{"type":"Polygon","coordinates":[[[80.8675,17.3542],[80.8633,17.3547],[80.849,17.3774],[80.8514,17.3546],[80.8299,17.3541],[80.807,17.3349],[80.7863,17.3367],[80.7732,17.3047],[80.7754,17.2965],[80.7707,17.2701],[80.7608,17.2385],[80.7568,17.2075],[80.7572,17.1835],[80.7611,17.1777],[80.7831,17.1643],[80.8234,17.1492],[80.8364,17.1421],[80.8365,17.1329],[80.8706,17.1172],[80.8698,17.1272],[80.8796,17.1334],[80.8809,17.161],[80.9031,17.1547],[80.9239,17.1573],[80.9256,17.1835],[80.9185,17.1896],[80.9164,17.2107],[80.9193,17.2195],[80.8933,17.2222],[80.8844,17.2298],[80.8648,17.2352],[80.8684,17.2556],[80.8749,17.2666],[80.8691,17.283],[80.8722,17.3192],[80.8675,17.3542]]]}},{"type":"Feature","properties":{"uid":"TSSD0461","mandal_name":"Secunderabad","district_name":"Hyderabad","centroid":[78.4865,17.4367],"area":3.33,"zonalstat":{"min":0.1974,"max":0.4798,"mean":0.3049,"count":13,"sum":3.9632,"median":0.2735}},"geometry":{"type":"Polygon","coordinates":[[[78.4952,17.4265],[78.4998,17.4352],[78.4901,17.4439],[78.4774,17.4438],[78.4696,17.4378],[78.4775,17.435],[78.4952,17.4265]]]}},{"type":"Feature","properties":{"uid":"TSSD0462","mandal_name":"Serilingampalle","district_name":"Rangareddy","centroid":[78.3478,17.4607],"area":96.56,"zonalstat":{"min":0.0536,"max":0.7706,"mean":0.4041,"count":410,"sum":165.6655,"median":0.3882}},"geometry":{"type":"Polygon","coordinates":[[[78.3771,17.5106],[78.3715,17.5187],[78.348,17.5227],[78.3392,17.5056],[78.313,17.5107],[78.3167,17.4932],[78.2987,17.4916],[78.3014,17.4597],[78.2935,17.4526],[78.2884,17.4316],[78.2717,17.4321],[78.2801,17.4284],[78.2947,17.4339],[78.3186,17.4315],[78.3296,17.4217],[78.3518,17.4092],[78.3624,17.4165],[78.3871,17.4148],[78.4002,17.4109],[78.4045,17.4191],[78.3973,17.4382],[78.4072,17.4412],[78.405,17.4502],[78.3916,17.46],[78.3781,17.4765],[78.3696,17.4769],[78.368,17.4893],[78.3767,17.4965],[78.3771,17.5106]]]}},{"type":"Feature","properties":{"uid":"TSSD0463","mandal_name":"Shabad","district_name":"Rangareddy","centroid":[78.1411,17.1845],"area":232.51,"zonalstat":{"min":0.1028,"max":0.8833,"mean":0.6658,"count":983,"sum":654.4474,"median":0.6884}},"geometry":{"type":"Polygon","coordinates":[[[78.1971,17.2447],[78.1824,17.2429],[78.1758,17.2478],[78.1564,17.2402],[78.1315,17.244],[78.1258,17.2563],[78.1111,17.2593],[78.0902,17.2505],[78.0769,17.2505],[78.0712,17.233],[78.0602,17.2334],[78.0527,17.2319],[78.0581,17.2145],[78.0485,17.2013],[78.0459,17.1877],[78.0736,17.1847],[78.0833,17.1794],[78.0825,17.1683],[78.0895,17.1611],[78.0951,17.1369],[78.0816,17.1271],[78.0806,17.1067],[78.0944,17.1015],[78.0918,17.091],[78.0977,17.0842],[78.1165,17.1035],[78.1371,17.1009],[78.1587,17.0918],[78.1759,17.0883],[78.1755,17.1152],[78.1837,17.1144],[78.1799,17.1197],[78.1885,17.1364],[78.1642,17.1435],[78.1696,17.1634],[78.1781,17.1685],[78.2043,17.1722],[78.2128,17.183],[78.2158,17.2031],[78.2282,17.1981],[78.2561,17.2005],[78.2593,17.2102],[78.2332,17.222],[78.2326,17.2423],[78.2435,17.2511],[78.2216,17.2532],[78.213,17.2454],[78.1971,17.2447]]]}},{"type":"Feature","properties":{"uid":"TSSD0464","mandal_name":"Shaikpet","district_name":"Hyderabad","centroid":[78.4204,17.4144],"area":23.35,"zonalstat":{"min":0.1318,"max":0.7652,"mean":0.3327,"count":98,"sum":32.6003,"median":0.3215}},"geometry":{"type":"Polygon","coordinates":[[[78.4519,17.4081],[78.4481,17.4238],[78.4408,17.4301],[78.4072,17.4412],[78.3973,17.4382],[78.4045,17.4191],[78.4002,17.4109],[78.3884,17.393],[78.3947,17.39],[78.41,17.3963],[78.4258,17.3865],[78.429,17.3975],[78.4519,17.4081]]]}},{"type":"Feature","properties":{"uid":"TSSD0465","mandal_name":"Shaligouraram","district_name":"Nalgonda","centroid":[79.3927,17.2937],"area":228.95,"zonalstat":{"min":-0.0035,"max":0.8782,"mean":0.7006,"count":968,"sum":678.1523,"median":0.7298}},"geometry":{"type":"Polygon","coordinates":[[[79.3802,17.2117],[79.3948,17.2247],[79.4063,17.2291],[79.4276,17.222],[79.4488,17.2366],[79.455,17.2492],[79.4711,17.2657],[79.4938,17.2549],[79.5008,17.2589],[79.4905,17.2783],[79.4843,17.3088],[79.4705,17.3344],[79.4629,17.3412],[79.4581,17.3432],[79.4388,17.3458],[79.4017,17.3474],[79.3763,17.3433],[79.3312,17.3593],[79.3048,17.3584],[79.3039,17.3582],[79.298,17.3244],[79.2872,17.305],[79.297,17.2916],[79.3218,17.2734],[79.3372,17.2594],[79.3564,17.2512],[79.3535,17.2373],[79.3758,17.2214],[79.3802,17.2117]]]}},{"type":"Feature","properties":{"uid":"TSSD0466","mandal_name":"Shamirpet","district_name":"Medchal_Malkajgiri","centroid":[78.5784,17.6069],"area":150.73,"zonalstat":{"min":0.0536,"max":0.8469,"mean":0.6456,"count":638,"sum":411.8808,"median":0.6628}},"geometry":{"type":"Polygon","coordinates":[[[78.6161,17.6728],[78.6138,17.6805],[78.5956,17.6958],[78.5762,17.6958],[78.5749,17.6835],[78.5555,17.6886],[78.5551,17.6875],[78.551,17.6841],[78.5481,17.6731],[78.56,17.6551],[78.5408,17.5875],[78.52,17.5851],[78.5021,17.5919],[78.4978,17.5842],[78.4939,17.5618],[78.4947,17.5612],[78.5053,17.5489],[78.5167,17.5493],[78.5281,17.5404],[78.5436,17.5364],[78.5537,17.543],[78.5583,17.5531],[78.5788,17.5448],[78.5922,17.5446],[78.5894,17.5552],[78.6036,17.5636],[78.628,17.5706],[78.6407,17.5679],[78.6562,17.58],[78.6546,17.5939],[78.6486,17.5979],[78.6421,17.6184],[78.6307,17.6116],[78.6178,17.6113],[78.6092,17.6218],[78.63,17.65],[78.6142,17.658],[78.6161,17.6728]]]}},{"type":"Feature","properties":{"uid":"TSSD0467","mandal_name":"Shamshabad","district_name":"Rangareddy","centroid":[78.3454,17.2328],"area":199.4,"zonalstat":{"min":0.0474,"max":0.9127,"mean":0.6158,"count":840,"sum":517.2757,"median":0.6257}},"geometry":{"type":"Polygon","coordinates":[[[78.4285,17.2793],[78.4232,17.2855],[78.3994,17.2872],[78.3972,17.2981],[78.3756,17.3112],[78.3747,17.3227],[78.3708,17.3017],[78.3564,17.298],[78.3576,17.2849],[78.2966,17.2736],[78.2712,17.2562],[78.2435,17.2511],[78.2326,17.2423],[78.2332,17.222],[78.2593,17.2102],[78.2664,17.2255],[78.2873,17.2193],[78.2892,17.1869],[78.303,17.1751],[78.2976,17.148],[78.3015,17.145],[78.3143,17.1496],[78.3216,17.1596],[78.3366,17.1639],[78.3458,17.1959],[78.353,17.1889],[78.3695,17.1866],[78.3726,17.1936],[78.4075,17.1927],[78.4252,17.1854],[78.4369,17.1992],[78.4328,17.2251],[78.4363,17.2314],[78.4193,17.2383],[78.4275,17.2518],[78.4083,17.2542],[78.4285,17.2793]]]}},{"type":"Feature","properties":{"uid":"TSSD0468","mandal_name":"Shankarampet_A","district_name":"Medak","centroid":[77.9302,18.0557],"area":142.04,"zonalstat":{"min":-0.3,"max":0.882,"mean":0.6452,"count":601,"sum":387.7763,"median":0.7332}},"geometry":{"type":"Polygon","coordinates":[[[78.0044,18.1092],[77.9846,18.1081],[77.9528,18.1178],[77.942,18.1236],[77.9309,18.101],[77.9043,18.0984],[77.8973,18.0928],[77.8876,18.0716],[77.8804,18.0743],[77.8524,18.0727],[77.8521,18.051],[77.8646,18.0223],[77.8726,18.0],[77.894,18.0087],[77.902,17.9988],[77.921,18.0141],[77.931,18.0135],[77.9537,18.0047],[77.9699,17.9946],[77.9778,17.9962],[77.9855,18.0135],[77.9818,18.0174],[77.9839,18.0388],[77.9797,18.0511],[77.9691,18.0592],[77.9804,18.0718],[77.9981,18.0595],[77.9979,18.0893],[78.0044,18.1092]]]}},{"type":"Feature","properties":{"uid":"TSSD0469","mandal_name":"Shankarapatnam","district_name":"Karimnagar","centroid":[79.3315,18.306],"area":144.28,"zonalstat":{"min":0.5873,"max":0.8501,"mean":0.7721,"count":613,"sum":473.2858,"median":0.7822}},"geometry":{"type":"Polygon","coordinates":[[[79.4047,18.2853],[79.3914,18.2978],[79.3817,18.3012],[79.3847,18.3217],[79.3977,18.3383],[79.3891,18.3528],[79.355,18.3632],[79.3496,18.3579],[79.3215,18.3681],[79.3098,18.3609],[79.2984,18.3654],[79.2902,18.3493],[79.2901,18.3333],[79.276,18.3298],[79.2763,18.3232],[79.2616,18.3157],[79.2657,18.3049],[79.2577,18.3001],[79.2597,18.2861],[79.2714,18.2816],[79.2661,18.2634],[79.3074,18.2571],[79.326,18.2559],[79.3413,18.2446],[79.3397,18.2267],[79.3479,18.247],[79.3586,18.2607],[79.3908,18.2597],[79.3958,18.2815],[79.4047,18.2853]]]}},{"type":"Feature","properties":{"uid":"TSSD0470","mandal_name":"Shankarpalle","district_name":"Rangareddy","centroid":[78.1461,17.4317],"area":210.66,"zonalstat":{"min":0.1198,"max":0.8263,"mean":0.6632,"count":881,"sum":584.2836,"median":0.6855}},"geometry":{"type":"Polygon","coordinates":[[[78.1372,17.4888],[78.1182,17.4835],[78.1097,17.4914],[78.084,17.4984],[78.0816,17.5168],[78.0715,17.5191],[78.0633,17.4854],[78.0528,17.4836],[78.0487,17.4724],[78.0631,17.4693],[78.0628,17.4495],[78.0718,17.4389],[78.0711,17.4107],[78.0511,17.4122],[78.045,17.3974],[78.0352,17.3903],[78.056,17.3865],[78.0743,17.3892],[78.0793,17.3856],[78.089,17.3629],[78.1013,17.3627],[78.1209,17.369],[78.1232,17.391],[78.1348,17.4094],[78.1548,17.408],[78.1533,17.395],[78.1744,17.3893],[78.1836,17.3776],[78.2068,17.3824],[78.2157,17.3975],[78.2281,17.3998],[78.2326,17.3948],[78.2498,17.4],[78.2684,17.3914],[78.2888,17.3918],[78.288,17.4098],[78.2727,17.4172],[78.2707,17.4316],[78.2596,17.4279],[78.233,17.4279],[78.2275,17.4398],[78.218,17.4382],[78.2183,17.4558],[78.2101,17.4555],[78.2064,17.479],[78.2114,17.4831],[78.2046,17.4897],[78.1912,17.4872],[78.1921,17.4788],[78.1655,17.4636],[78.1448,17.4709],[78.1451,17.4839],[78.1372,17.4888]]]}},{"type":"Feature","properties":{"uid":"TSSD0471","mandal_name":"Shayampet","district_name":"Warangal_Rural","centroid":[79.758,18.137],"area":116.47,"zonalstat":{"min":0.5841,"max":0.9131,"mean":0.7952,"count":497,"sum":395.2181,"median":0.8006}},"geometry":{"type":"Polygon","coordinates":[[[79.8439,18.1596],[79.8103,18.1567],[79.8017,18.1615],[79.7889,18.178],[79.7648,18.1749],[79.7442,18.1777],[79.7288,18.1924],[79.7174,18.1774],[79.7226,18.1562],[79.7132,18.1533],[79.7064,18.135],[79.6888,18.1382],[79.664,18.1486],[79.6629,18.1486],[79.658,18.1343],[79.6575,18.1323],[79.679,18.1141],[79.6789,18.114],[79.6821,18.1138],[79.6871,18.1147],[79.6957,18.1114],[79.7091,18.099],[79.7225,18.1032],[79.745,18.0987],[79.7589,18.0912],[79.7769,18.1085],[79.7835,18.1003],[79.7996,18.1034],[79.8093,18.1191],[79.8204,18.1132],[79.8547,18.1471],[79.8439,18.1596]]]}},{"type":"Feature","properties":{"uid":"TSSD0472","mandal_name":"Shivampet","district_name":"Medak","centroid":[78.3767,17.7961],"area":193.23,"zonalstat":{"min":0.2329,"max":0.9181,"mean":0.7626,"count":819,"sum":624.5612,"median":0.7708}},"geometry":{"type":"Polygon","coordinates":[[[78.4395,17.8713],[78.4266,17.8694],[78.4214,17.8771],[78.4187,17.8786],[78.4071,17.8718],[78.401,17.86],[78.3893,17.8556],[78.3479,17.8651],[78.3339,17.8658],[78.3146,17.8452],[78.2996,17.8527],[78.2984,17.8501],[78.2951,17.8336],[78.3032,17.8102],[78.3312,17.7942],[78.3207,17.78],[78.3213,17.7575],[78.3182,17.7452],[78.3294,17.7419],[78.3529,17.7464],[78.3708,17.7183],[78.3753,17.706],[78.396,17.6991],[78.4034,17.7185],[78.4158,17.7326],[78.4406,17.7267],[78.4466,17.7338],[78.4479,17.7469],[78.427,17.7554],[78.4193,17.7688],[78.4267,17.7787],[78.4327,17.7984],[78.4471,17.8005],[78.4469,17.8149],[78.426,17.826],[78.4338,17.8391],[78.4279,17.8517],[78.4403,17.8719],[78.4395,17.8713]]]}},{"type":"Feature","properties":{"uid":"TSSD0473","mandal_name":"Siddipet_Rural","district_name":"Siddipet","centroid":[78.7736,18.1453],"area":112.6,"zonalstat":{"min":0.3051,"max":0.8546,"mean":0.7624,"count":476,"sum":362.9241,"median":0.7709}},"geometry":{"type":"Polygon","coordinates":[[[78.827,18.1791],[78.7968,18.1864],[78.7974,18.1967],[78.7682,18.2004],[78.7595,18.196],[78.7501,18.2213],[78.7496,18.2212],[78.7346,18.2138],[78.7247,18.2153],[78.7206,18.2072],[78.7174,18.1772],[78.7391,18.1683],[78.757,18.1578],[78.7556,18.1423],[78.7428,18.134],[78.7397,18.107],[78.7404,18.1038],[78.7493,18.0987],[78.7458,18.0768],[78.7537,18.0677],[78.7759,18.0667],[78.7741,18.0581],[78.7861,18.0634],[78.7862,18.0773],[78.7955,18.0876],[78.798,18.1119],[78.8146,18.1182],[78.8221,18.1357],[78.8293,18.1413],[78.8249,18.1513],[78.8265,18.1774],[78.827,18.1791]]]}},{"type":"Feature","properties":{"uid":"TSSD0474","mandal_name":"Siddipet_Urban","district_name":"Siddipet","centroid":[78.8606,18.0893],"area":140.55,"zonalstat":{"min":0.3063,"max":0.826,"mean":0.7147,"count":597,"sum":426.6665,"median":0.7453}},"geometry":{"type":"Polygon","coordinates":[[[78.9252,18.112],[78.9044,18.1363],[78.8861,18.1308],[78.8704,18.1487],[78.8564,18.153],[78.8293,18.1413],[78.8221,18.1357],[78.8146,18.1182],[78.798,18.1119],[78.7955,18.0876],[78.7862,18.0773],[78.7861,18.0634],[78.7741,18.0581],[78.7879,18.0578],[78.8061,18.0483],[78.8305,18.0481],[78.8533,18.0411],[78.8764,18.0415],[78.9057,18.0365],[78.9084,18.0466],[78.9241,18.044],[78.9265,18.0534],[78.9334,18.0765],[78.9164,18.0867],[78.9252,18.112]]]}},{"type":"Feature","properties":{"uid":"TSSD0475","mandal_name":"Singareni","district_name":"Khammam","centroid":[80.3223,17.5023],"area":248.58,"zonalstat":{"min":0.3625,"max":0.903,"mean":0.7707,"count":1043,"sum":803.8765,"median":0.7776}},"geometry":{"type":"Polygon","coordinates":[[[80.4098,17.5234],[80.376,17.4952],[80.3688,17.5095],[80.3534,17.5092],[80.3595,17.533],[80.3708,17.5429],[80.3729,17.5595],[80.3596,17.5589],[80.3287,17.5689],[80.2894,17.5779],[80.2834,17.5654],[80.2736,17.5645],[80.2658,17.5511],[80.2569,17.5526],[80.2465,17.5426],[80.2331,17.566],[80.2307,17.5496],[80.2147,17.5563],[80.203,17.5561],[80.2076,17.5444],[80.2285,17.5302],[80.2092,17.5047],[80.2146,17.4948],[80.2158,17.4797],[80.195,17.4665],[80.2023,17.4411],[80.213,17.4463],[80.2336,17.4635],[80.2372,17.4712],[80.2487,17.4679],[80.2672,17.4571],[80.2759,17.4639],[80.2805,17.4792],[80.3041,17.4739],[80.3246,17.4636],[80.3533,17.455],[80.3557,17.4414],[80.3587,17.4263],[80.3766,17.4298],[80.395,17.4374],[80.4164,17.4593],[80.4348,17.4526],[80.4448,17.4714],[80.4716,17.5081],[80.4358,17.5113],[80.4098,17.5234]]]}},{"type":"Feature","properties":{"uid":"TSSD0476","mandal_name":"Sircilla","district_name":"Rajanna Sircilla","centroid":[78.7911,18.3954],"area":53.12,"zonalstat":{"min":0.1716,"max":0.8048,"mean":0.6674,"count":222,"sum":148.1707,"median":0.7053}},"geometry":{"type":"Polygon","coordinates":[[[78.845,18.4152],[78.8303,18.4238],[78.8155,18.4254],[78.8103,18.4333],[78.8,18.4303],[78.7861,18.4041],[78.757,18.4198],[78.7423,18.4157],[78.7414,18.4014],[78.7576,18.3943],[78.7499,18.3816],[78.7493,18.3562],[78.763,18.3528],[78.7938,18.3736],[78.8211,18.3802],[78.8394,18.3981],[78.8523,18.4068],[78.845,18.4152]]]}},{"type":"Feature","properties":{"uid":"TSSD0477","mandal_name":"Sirgapoor","district_name":"Sangareddy","centroid":[77.7218,18.1433],"area":119.81,"zonalstat":{"min":-0.1191,"max":0.9341,"mean":0.7451,"count":506,"sum":377.0401,"median":0.768}},"geometry":{"type":"Polygon","coordinates":[[[77.7718,18.1903],[77.7489,18.206],[77.7375,18.2033],[77.7275,18.1878],[77.7185,18.1858],[77.7071,18.173],[77.7094,18.1541],[77.7008,18.1485],[77.6843,18.1655],[77.6802,18.1765],[77.6634,18.1783],[77.6484,18.152],[77.6446,18.1357],[77.6376,18.1243],[77.6704,18.1029],[77.6971,18.1012],[77.7189,18.1132],[77.739,18.1022],[77.7471,18.1059],[77.7812,18.106],[77.7958,18.1164],[77.8002,18.1341],[77.7887,18.1437],[77.7832,18.1555],[77.7668,18.1604],[77.7718,18.1903]]]}},{"type":"Feature","properties":{"uid":"TSSD0478","mandal_name":"Sirikonda","district_name":"Adilabad","centroid":[78.6043,19.3736],"area":202.11,"zonalstat":{"min":0.3712,"max":0.9177,"mean":0.7841,"count":857,"sum":672.0025,"median":0.7892}},"geometry":{"type":"Polygon","coordinates":[[[78.6732,19.3953],[78.6632,19.3791],[78.6232,19.3901],[78.6268,19.4148],[78.6438,19.4203],[78.6285,19.4334],[78.6242,19.4268],[78.608,19.4175],[78.5984,19.4194],[78.5954,19.4534],[78.6074,19.4591],[78.6168,19.472],[78.5913,19.4726],[78.5853,19.4607],[78.5665,19.4681],[78.5542,19.472],[78.549,19.4418],[78.5241,19.4457],[78.5155,19.4435],[78.5141,19.4427],[78.5074,19.4285],[78.515,19.4205],[78.5325,19.415],[78.5389,19.4259],[78.5526,19.4272],[78.5645,19.4232],[78.5653,19.4141],[78.5513,19.4095],[78.5479,19.3914],[78.5476,19.3687],[78.5437,19.3546],[78.5322,19.3457],[78.5319,19.3326],[78.5605,19.3264],[78.5606,19.3166],[78.5706,19.3049],[78.5907,19.301],[78.5987,19.3097],[78.6271,19.3078],[78.6343,19.3021],[78.6514,19.2996],[78.6761,19.3163],[78.6932,19.3171],[78.6936,19.3313],[78.6895,19.3743],[78.6905,19.3923],[78.6732,19.3953]]]}},{"type":"Feature","properties":{"uid":"TSSD0479","mandal_name":"Sirikonda","district_name":"Nizamabad","centroid":[78.4917,18.5514],"area":334.45,"zonalstat":{"min":0.3893,"max":0.8682,"mean":0.7638,"count":1424,"sum":1087.6499,"median":0.7761}},"geometry":{"type":"Polygon","coordinates":[[[78.5873,18.6545],[78.5709,18.6413],[78.5644,18.6259],[78.5456,18.6289],[78.5338,18.6226],[78.5069,18.621],[78.4816,18.627],[78.4611,18.624],[78.4533,18.6179],[78.4398,18.6231],[78.4124,18.6275],[78.3968,18.6023],[78.3876,18.5971],[78.3916,18.5803],[78.4038,18.5725],[78.3974,18.5658],[78.3948,18.5465],[78.402,18.5383],[78.4027,18.5197],[78.3967,18.4887],[78.3991,18.4835],[78.4233,18.4758],[78.4482,18.4774],[78.4651,18.4626],[78.4734,18.4417],[78.4923,18.4395],[78.515,18.4564],[78.5243,18.4678],[78.5301,18.4704],[78.5411,18.4931],[78.5566,18.5134],[78.5579,18.5312],[78.577,18.5513],[78.597,18.55],[78.6081,18.5822],[78.6127,18.588],[78.6197,18.5905],[78.6058,18.6011],[78.5806,18.634],[78.5873,18.6545]]]}},{"type":"Feature","properties":{"uid":"TSSD0480","mandal_name":"Sirpur_T","district_name":"Kumurambheem Asifabad","centroid":[79.5829,19.4682],"area":336.55,"zonalstat":{"min":0.2709,"max":0.9067,"mean":0.7687,"count":1402,"sum":1077.7871,"median":0.7872}},"geometry":{"type":"Polygon","coordinates":[[[79.4593,19.5168],[79.4541,19.5021],[79.46,19.4784],[79.455,19.4597],[79.4677,19.4562],[79.4788,19.444],[79.4887,19.3877],[79.4932,19.3793],[79.5058,19.378],[79.5226,19.3868],[79.5349,19.3879],[79.542,19.4046],[79.5398,19.4163],[79.5553,19.4159],[79.5619,19.4058],[79.5873,19.4084],[79.5895,19.4192],[79.6222,19.4181],[79.6286,19.4072],[79.6278,19.3971],[79.6672,19.3907],[79.6777,19.3842],[79.6831,19.4193],[79.6813,19.4263],[79.693,19.4356],[79.6953,19.453],[79.6923,19.4597],[79.7052,19.4754],[79.6742,19.5243],[79.6624,19.5219],[79.6662,19.536],[79.6615,19.5506],[79.6372,19.5591],[79.6341,19.5761],[79.6148,19.5617],[79.6006,19.5109],[79.5932,19.5074],[79.5529,19.5243],[79.5477,19.5319],[79.5445,19.5517],[79.5392,19.5552],[79.5179,19.5433],[79.5184,19.5211],[79.4996,19.5068],[79.4825,19.5068],[79.4718,19.5006],[79.4593,19.5168]]]}},{"type":"Feature","properties":{"uid":"TSSD0481","mandal_name":"Sirpur_U","district_name":"Kumurambheem Asifabad","centroid":[78.9715,19.34],"area":188.92,"zonalstat":{"min":0.6181,"max":0.8469,"mean":0.7805,"count":807,"sum":629.8689,"median":0.7819}},"geometry":{"type":"Polygon","coordinates":[[[79.0201,19.4203],[79.0006,19.4091],[78.997,19.398],[78.9849,19.3892],[78.9705,19.3952],[78.9578,19.3915],[78.9549,19.3608],[78.943,19.3531],[78.9314,19.3696],[78.9117,19.3664],[78.898,19.3695],[78.8954,19.3534],[78.9204,19.3464],[78.9121,19.3306],[78.8846,19.3349],[78.8629,19.3245],[78.8666,19.3144],[78.86,19.2801],[78.8689,19.2824],[78.8839,19.2744],[78.8926,19.2803],[78.8939,19.2902],[78.9181,19.2708],[78.9322,19.2907],[78.9466,19.3004],[78.9892,19.2915],[78.9957,19.2803],[79.023,19.3012],[79.0313,19.3115],[79.0393,19.3311],[79.0691,19.3417],[79.0595,19.3612],[79.0539,19.395],[79.0433,19.4028],[79.0406,19.416],[79.0201,19.4203]]]}},{"type":"Feature","properties":{"uid":"TSSD0482","mandal_name":"Soan","district_name":"Nirmal","centroid":[78.3477,19.0112],"area":83.77,"zonalstat":{"min":-0.3,"max":0.838,"mean":0.5369,"count":358,"sum":192.2163,"median":0.7069}},"geometry":{"type":"Polygon","coordinates":[[[78.4079,19.0484],[78.4001,19.0453],[78.3751,19.0491],[78.3736,19.0592],[78.3551,19.0698],[78.3379,19.0614],[78.3442,19.0474],[78.333,19.0341],[78.3097,19.0307],[78.3018,19.0193],[78.319,19.0008],[78.303,18.9832],[78.2775,18.9792],[78.2768,18.9512],[78.3087,18.9601],[78.3222,18.9685],[78.3324,18.9688],[78.3414,18.9688],[78.3496,18.985],[78.3563,18.9853],[78.3818,19.0001],[78.4098,19.0032],[78.4115,19.0193],[78.4072,19.0277],[78.4079,19.0484]]]}},{"type":"Feature","properties":{"uid":"TSSD0483","mandal_name":"Srirampur","district_name":"Peddapalli","centroid":[79.5216,18.5026],"area":188.77,"zonalstat":{"min":0.1691,"max":0.882,"mean":0.7575,"count":806,"sum":610.5206,"median":0.7862}},"geometry":{"type":"Polygon","coordinates":[[[79.5879,18.5374],[79.5538,18.5433],[79.5416,18.5552],[79.5223,18.5653],[79.5212,18.5759],[79.4964,18.6048],[79.4935,18.6017],[79.4876,18.584],[79.4731,18.5677],[79.4675,18.5545],[79.4575,18.543],[79.4407,18.5429],[79.4392,18.5265],[79.4485,18.5155],[79.4464,18.4982],[79.475,18.4888],[79.4758,18.4754],[79.4848,18.4665],[79.4864,18.4516],[79.5094,18.4432],[79.5226,18.4265],[79.5379,18.4273],[79.5522,18.4126],[79.5683,18.4239],[79.5919,18.4461],[79.5908,18.4629],[79.5959,18.4715],[79.584,18.4819],[79.5845,18.4936],[79.5911,18.5063],[79.5704,18.5144],[79.5879,18.5374]]]}},{"type":"Feature","properties":{"uid":"TSSD0484","mandal_name":"Srirangapur","district_name":"Wanaparthy","centroid":[78.0383,16.195],"area":78.54,"zonalstat":{"min":0.0455,"max":0.9055,"mean":0.6689,"count":327,"sum":218.7451,"median":0.7036}},"geometry":{"type":"Polygon","coordinates":[[[78.0286,16.2604],[78.0111,16.2538],[78.0091,16.2336],[78.0153,16.2246],[78.0116,16.1903],[77.999,16.1748],[77.991,16.1573],[78.0067,16.1433],[78.0097,16.151],[78.0263,16.1482],[78.0417,16.1404],[78.0508,16.1304],[78.0608,16.1643],[78.0739,16.185],[78.0855,16.1896],[78.0885,16.2119],[78.0614,16.225],[78.0481,16.2437],[78.0286,16.2604]]]}},{"type":"Feature","properties":{"uid":"TSSD0485","mandal_name":"Sujathanagar","district_name":"Bhadradri Kothagudem","centroid":[80.5813,17.4931],"area":105.54,"zonalstat":{"min":0.3449,"max":0.993,"mean":0.7188,"count":443,"sum":318.4391,"median":0.7444}},"geometry":{"type":"Polygon","coordinates":[[[80.6009,17.5476],[80.5734,17.545],[80.5616,17.5355],[80.5439,17.5446],[80.5138,17.5231],[80.4963,17.5171],[80.4872,17.5081],[80.5311,17.4991],[80.5451,17.4892],[80.5568,17.4757],[80.5559,17.4662],[80.5691,17.4565],[80.5636,17.4461],[80.5699,17.4385],[80.5887,17.4339],[80.5912,17.4498],[80.6008,17.4523],[80.6229,17.4462],[80.6236,17.4334],[80.6383,17.437],[80.6379,17.4725],[80.6564,17.479],[80.6408,17.505],[80.6122,17.5032],[80.61,17.5131],[80.5908,17.5155],[80.601,17.5466],[80.6009,17.5476]]]}},{"type":"Feature","properties":{"uid":"TSSD0486","mandal_name":"Sultanabad","district_name":"Peddapalli","centroid":[79.3192,18.5107],"area":165.88,"zonalstat":{"min":0.2016,"max":0.925,"mean":0.7628,"count":704,"sum":537.0393,"median":0.786}},"geometry":{"type":"Polygon","coordinates":[[[79.3929,18.532],[79.3881,18.5497],[79.3682,18.5433],[79.3575,18.5669],[79.3593,18.5749],[79.3406,18.5849],[79.3391,18.6012],[79.3241,18.6063],[79.3237,18.5969],[79.3122,18.5925],[79.3017,18.5753],[79.3129,18.5709],[79.3247,18.5549],[79.3168,18.5456],[79.2944,18.5463],[79.2746,18.5079],[79.2628,18.5152],[79.2495,18.507],[79.2419,18.5193],[79.2208,18.5268],[79.2155,18.5126],[79.2228,18.5054],[79.2196,18.4921],[79.2241,18.4866],[79.2255,18.4606],[79.2369,18.448],[79.255,18.4572],[79.2772,18.4781],[79.2893,18.4819],[79.3033,18.4803],[79.3264,18.4726],[79.3533,18.4517],[79.3666,18.4401],[79.3834,18.4615],[79.3921,18.4832],[79.3991,18.5142],[79.386,18.5236],[79.3929,18.532]]]}},{"type":"Feature","properties":{"uid":"TSSD0487","mandal_name":"Suryapet","district_name":"Suryapet","centroid":[79.5875,17.1753],"area":218.55,"zonalstat":{"min":-0.0756,"max":0.925,"mean":0.7322,"count":921,"sum":674.3803,"median":0.7697}},"geometry":{"type":"Polygon","coordinates":[[[79.5915,17.2669],[79.5773,17.2682],[79.5717,17.2591],[79.5591,17.2625],[79.548,17.2587],[79.5309,17.2786],[79.5182,17.2746],[79.5084,17.2849],[79.4905,17.2783],[79.5008,17.2589],[79.5136,17.2501],[79.5202,17.2391],[79.5256,17.2042],[79.5247,17.1879],[79.5381,17.1661],[79.5603,17.1435],[79.5676,17.1234],[79.5823,17.1018],[79.5932,17.0797],[79.5934,17.0724],[79.593,17.0655],[79.6353,17.0618],[79.6491,17.0662],[79.6558,17.0766],[79.6662,17.0812],[79.6698,17.0969],[79.6504,17.1084],[79.6587,17.1386],[79.6329,17.1597],[79.6191,17.1593],[79.6153,17.1764],[79.6162,17.1909],[79.6279,17.2151],[79.6294,17.2334],[79.6269,17.2524],[79.6084,17.2583],[79.6025,17.2545],[79.5915,17.2669]]]}},{"type":"Feature","properties":{"uid":"TSSD0488","mandal_name":"Tadoor","district_name":"Nagarkurnool","centroid":[78.3467,16.5751],"area":226.32,"zonalstat":{"min":0.086,"max":0.9006,"mean":0.5897,"count":946,"sum":557.8291,"median":0.6119}},"geometry":{"type":"Polygon","coordinates":[[[78.3205,16.678],[78.3109,16.6886],[78.2986,16.6874],[78.3007,16.6791],[78.287,16.6668],[78.2839,16.6576],[78.2973,16.6513],[78.2959,16.6027],[78.2719,16.5941],[78.2673,16.5872],[78.2702,16.5726],[78.2679,16.5545],[78.2823,16.5379],[78.2753,16.5126],[78.2838,16.5139],[78.3005,16.5023],[78.3075,16.5149],[78.3359,16.52],[78.3445,16.5135],[78.3482,16.4963],[78.3814,16.4946],[78.3915,16.5306],[78.4054,16.5308],[78.4224,16.5181],[78.4497,16.5159],[78.4571,16.5239],[78.4418,16.5626],[78.4246,16.5715],[78.4142,16.5712],[78.405,16.5788],[78.3948,16.6032],[78.3843,16.6119],[78.3766,16.625],[78.3637,16.6354],[78.366,16.6454],[78.3426,16.6591],[78.3318,16.6556],[78.3217,16.6692],[78.3205,16.678]]]}},{"type":"Feature","properties":{"uid":"TSSD0489","mandal_name":"Tadvai (Sammakka Sarakka)","district_name":"Mulugu","centroid":[80.2872,18.1722],"area":839.17,"zonalstat":{"min":0.1788,"max":0.9721,"mean":0.7487,"count":3553,"sum":2660.0488,"median":0.7556}},"geometry":{"type":"Polygon","coordinates":[[[80.2694,18.3502],[80.2508,18.3567],[80.2352,18.3584],[80.2426,18.3758],[80.2253,18.3804],[80.2306,18.3921],[80.2174,18.3936],[80.2174,18.3888],[80.1723,18.3489],[80.1603,18.3534],[80.1298,18.385],[80.1121,18.3803],[80.1117,18.3646],[80.1042,18.3392],[80.1413,18.2994],[80.1474,18.3071],[80.1579,18.3065],[80.1792,18.2977],[80.1971,18.2836],[80.1827,18.2783],[80.1737,18.2551],[80.1883,18.2458],[80.197,18.2603],[80.2124,18.2618],[80.2268,18.2501],[80.2399,18.2447],[80.2514,18.2206],[80.2694,18.2155],[80.2633,18.2042],[80.2597,18.1797],[80.253,18.1709],[80.2205,18.1644],[80.1674,18.1669],[80.1668,18.1544],[80.1752,18.1497],[80.2,18.1436],[80.1628,18.0832],[80.1423,18.0877],[80.117,18.079],[80.1421,18.0542],[80.2021,18.0198],[80.2075,18.0145],[80.2151,18.0103],[80.2225,18.0236],[80.2425,18.0144],[80.2551,18.02],[80.2812,17.9974],[80.2954,18.0005],[80.316,17.9963],[80.3407,18.0136],[80.3493,18.0441],[80.3869,18.0822],[80.4036,18.0699],[80.4313,18.0573],[80.4431,18.0611],[80.4554,18.0601],[80.4559,18.0762],[80.4669,18.0937],[80.48,18.1268],[80.4762,18.1328],[80.4622,18.1377],[80.4385,18.1538],[80.4356,18.1607],[80.4383,18.1777],[80.4269,18.18],[80.4244,18.2035],[80.4084,18.2114],[80.4145,18.2337],[80.3865,18.2422],[80.3479,18.2466],[80.3276,18.2975],[80.3137,18.316],[80.2937,18.3103],[80.2778,18.3246],[80.2694,18.3502]]]}},{"type":"Feature","properties":{"uid":"TSSD0490","mandal_name":"Tadwai","district_name":"Kamareddy","centroid":[78.2361,18.3072],"area":177.12,"zonalstat":{"min":0.0155,"max":0.8624,"mean":0.6822,"count":756,"sum":515.7224,"median":0.6841}},"geometry":{"type":"Polygon","coordinates":[[[78.2901,18.3538],[78.2698,18.357],[78.2624,18.3667],[78.2581,18.3818],[78.2506,18.3824],[78.2196,18.3664],[78.2022,18.3683],[78.1919,18.3835],[78.1749,18.3764],[78.1669,18.3803],[78.1568,18.3746],[78.1521,18.3577],[78.1555,18.35],[78.1825,18.3415],[78.1836,18.3361],[78.187,18.3188],[78.1841,18.2998],[78.1987,18.2935],[78.2013,18.2837],[78.1872,18.2692],[78.2011,18.2547],[78.2177,18.2153],[78.2368,18.2134],[78.2424,18.2352],[78.2587,18.2504],[78.2733,18.2399],[78.3,18.2564],[78.2983,18.2642],[78.3066,18.3032],[78.2873,18.3301],[78.2901,18.3538]]]}},{"type":"Feature","properties":{"uid":"TSSD0491","mandal_name":"Talakondapally","district_name":"Rangareddy","centroid":[78.4175,16.8595],"area":245.69,"zonalstat":{"min":0.0295,"max":0.8589,"mean":0.6736,"count":1029,"sum":693.0932,"median":0.6815}},"geometry":{"type":"Polygon","coordinates":[[[78.4951,16.9133],[78.4762,16.9192],[78.4433,16.921],[78.4501,16.9433],[78.4277,16.9567],[78.4254,16.9613],[78.404,16.9617],[78.3988,16.9516],[78.3829,16.9391],[78.3729,16.9247],[78.378,16.9132],[78.3979,16.907],[78.3899,16.8867],[78.3674,16.8774],[78.3599,16.8807],[78.3426,16.8789],[78.3305,16.8522],[78.3262,16.8482],[78.323,16.8255],[78.3345,16.8169],[78.332,16.7952],[78.3486,16.7857],[78.3572,16.796],[78.3756,16.7914],[78.3891,16.7831],[78.3989,16.7973],[78.4174,16.7952],[78.4351,16.7795],[78.4738,16.7773],[78.4732,16.7997],[78.4765,16.8115],[78.4881,16.8208],[78.4872,16.8478],[78.4932,16.8722],[78.5052,16.8945],[78.4951,16.9133]]]}},{"type":"Feature","properties":{"uid":"TSSD0492","mandal_name":"Talamadugu","district_name":"Adilabad","centroid":[78.3832,19.6301],"area":285.66,"zonalstat":{"min":0.4576,"max":0.8917,"mean":0.7733,"count":1152,"sum":890.7961,"median":0.7811}},"geometry":{"type":"Polygon","coordinates":[[[78.3428,19.7141],[78.3215,19.7077],[78.3133,19.6929],[78.2998,19.6882],[78.2761,19.6925],[78.263,19.6652],[78.2789,19.658],[78.2906,19.6461],[78.2944,19.6194],[78.3054,19.6075],[78.3012,19.5804],[78.3181,19.5706],[78.3323,19.5804],[78.3551,19.5747],[78.3704,19.5755],[78.38,19.5805],[78.38,19.5569],[78.4078,19.5376],[78.4209,19.5432],[78.4405,19.5434],[78.4511,19.5668],[78.4526,19.5771],[78.4686,19.5718],[78.4725,19.5871],[78.4834,19.594],[78.4941,19.5914],[78.4968,19.6078],[78.4871,19.6317],[78.4865,19.6378],[78.4703,19.6516],[78.4765,19.6781],[78.4569,19.6738],[78.4409,19.6661],[78.4332,19.6761],[78.4064,19.6809],[78.3956,19.6881],[78.3956,19.7003],[78.3784,19.7087],[78.3681,19.7085],[78.353,19.7162],[78.3428,19.7141]]]}},{"type":"Feature","properties":{"uid":"TSSD0493","mandal_name":"Tamsi","district_name":"Adilabad","centroid":[78.4398,19.7066],"area":97.7,"zonalstat":{"min":0.3398,"max":0.854,"mean":0.7406,"count":404,"sum":299.1969,"median":0.7537}},"geometry":{"type":"Polygon","coordinates":[[[78.3494,19.7387],[78.3433,19.7382],[78.3397,19.723],[78.3428,19.7141],[78.353,19.7162],[78.3681,19.7085],[78.3784,19.7087],[78.3956,19.7003],[78.3956,19.6881],[78.4064,19.6809],[78.4332,19.6761],[78.4409,19.6661],[78.4569,19.6738],[78.4765,19.6781],[78.4703,19.6516],[78.4865,19.6378],[78.4871,19.6317],[78.4953,19.6506],[78.4973,19.6739],[78.5008,19.6819],[78.4837,19.6931],[78.4735,19.6847],[78.4679,19.6983],[78.4848,19.6983],[78.4948,19.7085],[78.5005,19.724],[78.5125,19.727],[78.5158,19.744],[78.4926,19.7529],[78.4909,19.7392],[78.4771,19.733],[78.4666,19.7385],[78.4489,19.741],[78.4358,19.7339],[78.4208,19.735],[78.4085,19.7286],[78.3684,19.7386],[78.3494,19.7387]]]}},{"type":"Feature","properties":{"uid":"TSSD0494","mandal_name":"Tandur","district_name":"Mancherial","centroid":[79.4564,19.1616],"area":177.0,"zonalstat":{"min":0.349,"max":0.9475,"mean":0.7646,"count":752,"sum":574.9499,"median":0.7755}},"geometry":{"type":"Polygon","coordinates":[[[79.5478,19.1986],[79.5421,19.1968],[79.5191,19.2048],[79.5053,19.2005],[79.4958,19.2027],[79.4743,19.1782],[79.4626,19.1787],[79.4359,19.1892],[79.4279,19.1995],[79.4159,19.2059],[79.3947,19.2063],[79.378,19.2113],[79.365,19.2092],[79.3543,19.2176],[79.3283,19.2269],[79.3236,19.2073],[79.3441,19.206],[79.3396,19.1945],[79.3422,19.1772],[79.3592,19.1827],[79.3869,19.1627],[79.3956,19.1446],[79.3902,19.1342],[79.4069,19.1117],[79.4212,19.0984],[79.4273,19.0877],[79.4382,19.0829],[79.4435,19.0877],[79.4228,19.1101],[79.419,19.118],[79.44,19.1306],[79.4539,19.1205],[79.4559,19.1115],[79.4666,19.111],[79.4696,19.1022],[79.4894,19.1057],[79.4929,19.132],[79.5105,19.132],[79.5209,19.1238],[79.5434,19.1167],[79.5544,19.1315],[79.5705,19.1404],[79.5615,19.1451],[79.5639,19.171],[79.5461,19.1845],[79.5478,19.1986]]]}},{"type":"Feature","properties":{"uid":"TSSD0495","mandal_name":"Tandur","district_name":"Vikarabad","centroid":[77.5394,17.3037],"area":240.33,"zonalstat":{"min":0.137,"max":0.8457,"mean":0.6373,"count":999,"sum":636.6477,"median":0.6458}},"geometry":{"type":"Polygon","coordinates":[[[77.6685,17.2654],[77.6599,17.267],[77.6455,17.2616],[77.6318,17.2651],[77.6223,17.2771],[77.6173,17.298],[77.5953,17.2945],[77.5912,17.3178],[77.5784,17.3415],[77.5753,17.3659],[77.5707,17.3718],[77.5833,17.3829],[77.5803,17.4018],[77.5666,17.3976],[77.5492,17.3971],[77.5366,17.4025],[77.5235,17.3867],[77.5327,17.3801],[77.5237,17.3646],[77.5015,17.3575],[77.475,17.3622],[77.475,17.3687],[77.4526,17.3743],[77.4505,17.3531],[77.4565,17.3474],[77.4474,17.3072],[77.437,17.2926],[77.4535,17.2885],[77.458,17.2817],[77.4489,17.2719],[77.4663,17.269],[77.4765,17.2607],[77.484,17.2671],[77.5095,17.2654],[77.5162,17.268],[77.5284,17.258],[77.5194,17.236],[77.5265,17.211],[77.5384,17.2095],[77.5558,17.2149],[77.5573,17.2386],[77.5757,17.2357],[77.5822,17.2306],[77.6016,17.2505],[77.6261,17.2529],[77.6614,17.2368],[77.6741,17.2456],[77.6774,17.2565],[77.6685,17.2654]]]}},{"type":"Feature","properties":{"uid":"TSSD0496","mandal_name":"Tanoor","district_name":"Nirmal","centroid":[77.842,19.0348],"area":217.5,"zonalstat":{"min":0.1951,"max":0.841,"mean":0.6105,"count":898,"sum":548.2446,"median":0.631}},"geometry":{"type":"Polygon","coordinates":[[[77.8989,19.1438],[77.8857,19.1516],[77.8525,19.155],[77.8355,19.1382],[77.8416,19.1182],[77.8476,19.116],[77.8485,19.0868],[77.8293,19.0874],[77.8175,19.1054],[77.8045,19.1013],[77.7997,19.068],[77.7904,19.0556],[77.7749,19.0562],[77.7651,19.063],[77.7617,19.0331],[77.7693,19.0229],[77.7748,19.001],[77.7711,18.9803],[77.7872,18.974],[77.7907,18.984],[77.8214,18.9799],[77.8161,18.9492],[77.8295,18.9438],[77.8417,18.9514],[77.858,18.9505],[77.8429,18.9103],[77.8546,18.9045],[77.874,18.9091],[77.8851,18.9377],[77.8736,18.9481],[77.8768,18.9674],[77.8886,19.0029],[77.8963,19.0179],[77.9039,19.0211],[77.8918,19.0437],[77.8914,19.0515],[77.8846,19.0554],[77.8784,19.0695],[77.8815,19.0959],[77.8948,19.0938],[77.8995,19.1311],[77.8989,19.1438]]]}},{"type":"Feature","properties":{"uid":"TSSD0497","mandal_name":"Tekmal","district_name":"Medak","centroid":[78.0232,17.9746],"area":138.61,"zonalstat":{"min":0.3113,"max":0.8962,"mean":0.7552,"count":579,"sum":437.2765,"median":0.7589}},"geometry":{"type":"Polygon","coordinates":[[[77.9981,18.0595],[77.9804,18.0718],[77.9691,18.0592],[77.9797,18.0511],[77.9839,18.0388],[77.9818,18.0174],[77.9855,18.0135],[77.9778,17.9962],[77.977,17.9871],[77.9965,17.9826],[77.9753,17.9479],[77.9709,17.9334],[77.9985,17.9258],[78.0039,17.9028],[78.0189,17.9032],[78.0252,17.8874],[78.0346,17.8777],[78.0464,17.8922],[78.0479,17.9167],[78.0629,17.9259],[78.059,17.9391],[78.0685,17.9456],[78.076,17.9635],[78.0889,17.9706],[78.0875,17.9806],[78.0958,17.9911],[78.0849,18.0001],[78.0701,17.9899],[78.051,17.9978],[78.0575,18.0066],[78.0506,18.0157],[78.0368,18.0183],[78.0321,18.0252],[78.0335,18.0401],[78.0169,18.0517],[77.9981,18.0595]]]}},{"type":"Feature","properties":{"uid":"TSSD0498","mandal_name":"Tekulapalle","district_name":"Bhadradri Kothagudem","centroid":[80.4915,17.6358],"area":467.77,"zonalstat":{"min":0.1804,"max":0.9651,"mean":0.7754,"count":1976,"sum":1532.2303,"median":0.7894}},"geometry":{"type":"Polygon","coordinates":[[[80.5439,17.5446],[80.5138,17.5555],[80.5201,17.5806],[80.5491,17.5662],[80.5633,17.5655],[80.5798,17.5692],[80.5789,17.5777],[80.5923,17.5994],[80.6002,17.5928],[80.6213,17.5964],[80.6032,17.6124],[80.5952,17.6236],[80.6147,17.6572],[80.5965,17.6819],[80.582,17.692],[80.529,17.7582],[80.5162,17.7596],[80.495,17.753],[80.4719,17.765],[80.4638,17.7619],[80.4551,17.7501],[80.4288,17.736],[80.4269,17.7301],[80.3773,17.6646],[80.4063,17.6459],[80.4181,17.6101],[80.3908,17.56],[80.3969,17.5322],[80.4098,17.5234],[80.4358,17.5113],[80.4716,17.5081],[80.4872,17.5081],[80.4963,17.5171],[80.5138,17.5231],[80.5439,17.5446]]]}},{"type":"Feature","properties":{"uid":"TSSD0499","mandal_name":"Tekumatla","district_name":"Jayashankar Bhupalpally","centroid":[79.6226,18.4156],"area":105.62,"zonalstat":{"min":0.1883,"max":0.8796,"mean":0.7511,"count":452,"sum":339.4971,"median":0.7812}},"geometry":{"type":"Polygon","coordinates":[[[79.6523,18.4755],[79.6397,18.4757],[79.6281,18.4815],[79.6079,18.4667],[79.5959,18.4715],[79.5908,18.4629],[79.5919,18.4461],[79.5683,18.4239],[79.5799,18.4118],[79.575,18.3915],[79.5744,18.372],[79.5761,18.3589],[79.5852,18.3675],[79.6275,18.3677],[79.6409,18.3512],[79.6545,18.3631],[79.6628,18.3757],[79.6623,18.395],[79.6681,18.4007],[79.6654,18.4224],[79.6802,18.4403],[79.6471,18.4543],[79.6523,18.4755]]]}},{"type":"Feature","properties":{"uid":"TSSD0500","mandal_name":"Telkapalle","district_name":"Nagarkurnool","centroid":[78.4403,16.4157],"area":246.35,"zonalstat":{"min":0.0963,"max":0.8496,"mean":0.6438,"count":1028,"sum":661.8726,"median":0.675}},"geometry":{"type":"Polygon","coordinates":[[[78.4571,16.5239],[78.4497,16.5159],[78.4224,16.5181],[78.4244,16.4935],[78.4163,16.4963],[78.3843,16.4883],[78.3832,16.4731],[78.3928,16.4526],[78.3642,16.4349],[78.3516,16.4333],[78.347,16.4174],[78.3924,16.3999],[78.3849,16.385],[78.3852,16.3736],[78.3836,16.359],[78.4188,16.3428],[78.4188,16.3199],[78.4225,16.3106],[78.4369,16.2928],[78.454,16.3043],[78.4551,16.3219],[78.4733,16.3232],[78.4749,16.3339],[78.4869,16.3535],[78.4874,16.3755],[78.5146,16.3766],[78.5163,16.3837],[78.5102,16.4098],[78.5004,16.4086],[78.4955,16.4194],[78.5097,16.4288],[78.4994,16.4463],[78.4998,16.4528],[78.4961,16.4584],[78.4988,16.4771],[78.495,16.4865],[78.4734,16.4833],[78.4768,16.5064],[78.4571,16.5239]]]}},{"type":"Feature","properties":{"uid":"TSSD0501","mandal_name":"Thallada","district_name":"Khammam","centroid":[80.4442,17.2077],"area":201.36,"zonalstat":{"min":-0.0119,"max":0.9309,"mean":0.7891,"count":848,"sum":669.1781,"median":0.8146}},"geometry":{"type":"Polygon","coordinates":[[[80.4764,17.3004],[80.4653,17.2961],[80.4424,17.3052],[80.4217,17.2888],[80.4055,17.2857],[80.4071,17.2734],[80.3982,17.2594],[80.3829,17.2595],[80.3844,17.2374],[80.3819,17.2097],[80.3766,17.2027],[80.3828,17.18],[80.3992,17.1834],[80.3982,17.1722],[80.4183,17.1615],[80.4389,17.1573],[80.4315,17.1401],[80.4077,17.1404],[80.4099,17.1259],[80.4203,17.1138],[80.4195,17.092],[80.4339,17.09],[80.4475,17.0932],[80.4519,17.1078],[80.477,17.1235],[80.4694,17.1309],[80.4722,17.1505],[80.4809,17.1687],[80.4986,17.1894],[80.5184,17.1967],[80.5188,17.2082],[80.5106,17.212],[80.5069,17.2314],[80.4999,17.2416],[80.5107,17.2572],[80.495,17.2623],[80.4889,17.2587],[80.4702,17.2733],[80.4764,17.3004]]]}},{"type":"Feature","properties":{"uid":"TSSD0502","mandal_name":"Thangallapalli","district_name":"Rajanna Sircilla","centroid":[78.8291,18.3376],"area":188.9,"zonalstat":{"min":-0.0056,"max":0.8343,"mean":0.6731,"count":804,"sum":541.1855,"median":0.723}},"geometry":{"type":"Polygon","coordinates":[[[78.9143,18.4035],[78.8703,18.4148],[78.8523,18.4068],[78.8394,18.3981],[78.8211,18.3802],[78.7938,18.3736],[78.763,18.3528],[78.7493,18.3562],[78.7434,18.3554],[78.7271,18.3409],[78.7337,18.3309],[78.7564,18.3171],[78.7711,18.2986],[78.7674,18.2878],[78.7677,18.2792],[78.7687,18.2717],[78.7682,18.2665],[78.7664,18.2628],[78.7692,18.2621],[78.7692,18.263],[78.7949,18.254],[78.8227,18.2547],[78.8245,18.2658],[78.8385,18.27],[78.846,18.2818],[78.863,18.2814],[78.8665,18.295],[78.8598,18.3045],[78.8709,18.3149],[78.8733,18.3586],[78.8849,18.3621],[78.9181,18.364],[78.9275,18.3704],[78.9432,18.3972],[78.9143,18.4035]]]}},{"type":"Feature","properties":{"uid":"TSSD0503","mandal_name":"Tharigoppula","district_name":"Jangoan","centroid":[79.1798,17.9504],"area":85.48,"zonalstat":{"min":0.6011,"max":0.8306,"mean":0.7399,"count":364,"sum":269.3175,"median":0.7428}},"geometry":{"type":"Polygon","coordinates":[[[79.2308,17.9925],[79.1918,17.9989],[79.1709,17.9912],[79.1531,17.992],[79.1389,17.9783],[79.1433,17.9663],[79.1293,17.9471],[79.1209,17.9406],[79.1185,17.9346],[79.1166,17.9321],[79.1262,17.9257],[79.1278,17.9247],[79.1293,17.9237],[79.1375,17.9187],[79.1503,17.9121],[79.1679,17.9154],[79.1965,17.9017],[79.1997,17.9135],[79.2083,17.9163],[79.223,17.9126],[79.2306,17.905],[79.2341,17.9347],[79.2257,17.9436],[79.2071,17.9522],[79.2034,17.9592],[79.2174,17.9694],[79.2284,17.9873],[79.2308,17.9925]]]}},{"type":"Feature","properties":{"uid":"TSSD0504","mandal_name":"Thimmajipeta","district_name":"Nagarkurnool","centroid":[78.2184,16.6588],"area":211.8,"zonalstat":{"min":0.1014,"max":0.8346,"mean":0.6589,"count":887,"sum":584.4713,"median":0.6778}},"geometry":{"type":"Polygon","coordinates":[[[78.2986,16.6874],[78.2969,16.6955],[78.2819,16.706],[78.2653,16.7128],[78.2591,16.7222],[78.2377,16.7391],[78.2232,16.7389],[78.2085,16.7079],[78.2004,16.7027],[78.1816,16.7109],[78.1839,16.7276],[78.1775,16.7308],[78.1601,16.7221],[78.1579,16.7085],[78.14,16.68],[78.1398,16.6613],[78.1535,16.6495],[78.1309,16.6271],[78.1277,16.6092],[78.1556,16.5949],[78.1701,16.6001],[78.1749,16.5922],[78.194,16.5926],[78.1958,16.6267],[78.2223,16.6178],[78.2338,16.6055],[78.2463,16.5978],[78.2517,16.5881],[78.2673,16.5872],[78.2719,16.5941],[78.2959,16.6027],[78.2973,16.6513],[78.2839,16.6576],[78.287,16.6668],[78.3007,16.6791],[78.2986,16.6874]]]}},{"type":"Feature","properties":{"uid":"TSSD0505","mandal_name":"Thimmapur","district_name":"Karimnagar","centroid":[79.1817,18.3225],"area":159.28,"zonalstat":{"min":0.008,"max":0.9106,"mean":0.6972,"count":674,"sum":469.9119,"median":0.7422}},"geometry":{"type":"Polygon","coordinates":[[[79.2616,18.3157],[79.2495,18.3226],[79.2358,18.3237],[79.2313,18.3346],[79.2139,18.3472],[79.2133,18.3654],[79.2062,18.3751],[79.1838,18.3732],[79.1794,18.3919],[79.1575,18.3921],[79.1628,18.4068],[79.1596,18.4243],[79.1539,18.4201],[79.1252,18.3971],[79.1281,18.3878],[79.1524,18.3788],[79.1576,18.3568],[79.121,18.3466],[79.1068,18.3367],[79.1015,18.3173],[79.1167,18.3134],[79.1106,18.2906],[79.1179,18.2696],[79.1333,18.2723],[79.148,18.2811],[79.1587,18.2774],[79.1779,18.2852],[79.1984,18.2831],[79.2001,18.277],[79.2168,18.2591],[79.2278,18.2683],[79.2573,18.2567],[79.2661,18.2634],[79.2714,18.2816],[79.2597,18.2861],[79.2577,18.3001],[79.2657,18.3049],[79.2616,18.3157]]]}},{"type":"Feature","properties":{"uid":"TSSD0506","mandal_name":"Thoguta","district_name":"Siddipet","centroid":[78.7399,18.0085],"area":163.65,"zonalstat":{"min":0.0365,"max":0.8763,"mean":0.6004,"count":688,"sum":413.1019,"median":0.6929}},"geometry":{"type":"Polygon","coordinates":[[[78.7404,18.1038],[78.7403,18.1038],[78.7307,18.0973],[78.7136,18.0682],[78.7182,18.0517],[78.6981,18.0405],[78.695,18.0245],[78.6815,18.0187],[78.6736,18.0045],[78.6571,18.0034],[78.6436,17.9928],[78.6408,17.9713],[78.6496,17.9686],[78.6662,17.9851],[78.6889,17.9745],[78.7099,17.9753],[78.7128,17.9642],[78.729,17.9463],[78.7335,17.9357],[78.7589,17.9352],[78.7875,17.9481],[78.7942,17.9634],[78.7949,17.9829],[78.7877,17.993],[78.8007,17.9997],[78.8056,18.0095],[78.7992,18.0221],[78.8061,18.0483],[78.7879,18.0578],[78.7741,18.0581],[78.7759,18.0667],[78.7537,18.0677],[78.7458,18.0768],[78.7493,18.0987],[78.7404,18.1038]]]}},{"type":"Feature","properties":{"uid":"TSSD0507","mandal_name":"Thorrur","district_name":"Mahabubabad","centroid":[79.6701,17.5841],"area":190.94,"zonalstat":{"min":0.2766,"max":0.9202,"mean":0.7787,"count":804,"sum":626.0976,"median":0.7894}},"geometry":{"type":"Polygon","coordinates":[[[79.7149,17.685],[79.7128,17.6838],[79.7123,17.684],[79.7093,17.683],[79.7067,17.6846],[79.6997,17.6826],[79.6909,17.6856],[79.6828,17.6698],[79.6788,17.6503],[79.6635,17.6522],[79.6538,17.6268],[79.6373,17.6214],[79.6174,17.6219],[79.6111,17.633],[79.602,17.6338],[79.5782,17.6268],[79.5772,17.62],[79.582,17.6168],[79.5911,17.5929],[79.5978,17.5873],[79.6161,17.5833],[79.6173,17.5705],[79.6319,17.5699],[79.6321,17.552],[79.6244,17.5262],[79.6241,17.5167],[79.6385,17.5011],[79.6299,17.4906],[79.6298,17.4905],[79.6389,17.4858],[79.6556,17.4941],[79.6664,17.5087],[79.6826,17.51],[79.6878,17.5196],[79.7021,17.5137],[79.7174,17.5154],[79.7185,17.5246],[79.7345,17.5414],[79.7329,17.5419],[79.7301,17.5845],[79.7205,17.6047],[79.7189,17.6318],[79.7144,17.6395],[79.7223,17.677],[79.7164,17.6816],[79.7149,17.685]]]}},{"type":"Feature","properties":{"uid":"TSSD0508","mandal_name":"Thungathurthy","district_name":"Suryapet","centroid":[79.5994,17.4184],"area":155.64,"zonalstat":{"min":0.378,"max":0.8618,"mean":0.763,"count":655,"sum":499.7597,"median":0.7712}},"geometry":{"type":"Polygon","coordinates":[[[79.6283,17.4918],[79.6231,17.4988],[79.5958,17.4985],[79.5778,17.5055],[79.57,17.5023],[79.5774,17.4933],[79.5717,17.4745],[79.5784,17.4601],[79.5687,17.457],[79.555,17.4654],[79.5455,17.4556],[79.5368,17.4371],[79.5527,17.4274],[79.5569,17.415],[79.5712,17.4049],[79.5716,17.3877],[79.5496,17.3807],[79.5331,17.3785],[79.5352,17.3705],[79.5516,17.3597],[79.5516,17.3499],[79.5692,17.3444],[79.5782,17.3474],[79.6037,17.3369],[79.6138,17.3484],[79.6309,17.3401],[79.6376,17.3494],[79.6532,17.3565],[79.6568,17.366],[79.6423,17.3684],[79.6349,17.3744],[79.6389,17.3889],[79.6518,17.4136],[79.6379,17.4246],[79.6334,17.4396],[79.6363,17.4596],[79.657,17.471],[79.6556,17.4941],[79.6389,17.4858],[79.6298,17.4905],[79.6283,17.4918]]]}},{"type":"Feature","properties":{"uid":"TSSD0509","mandal_name":"Tipparthy","district_name":"Nalgonda","centroid":[79.3991,17.0395],"area":191.03,"zonalstat":{"min":0.4012,"max":0.8915,"mean":0.7228,"count":803,"sum":580.4302,"median":0.7266}},"geometry":{"type":"Polygon","coordinates":[[[79.4915,17.1042],[79.4692,17.0909],[79.4546,17.0969],[79.4299,17.0743],[79.408,17.0801],[79.4101,17.1019],[79.3863,17.1072],[79.3669,17.0904],[79.3402,17.0805],[79.3397,17.0666],[79.3306,17.0671],[79.326,17.047],[79.31,17.0421],[79.3013,17.0267],[79.3155,17.0175],[79.341,17.0085],[79.3347,16.9911],[79.3471,16.9634],[79.3699,16.9626],[79.381,16.9705],[79.4056,16.9804],[79.4102,16.99],[79.424,17.0006],[79.4495,17.0005],[79.4659,17.0193],[79.4705,17.0457],[79.4811,17.0479],[79.4898,17.0563],[79.4976,17.075],[79.5078,17.0833],[79.4927,17.0937],[79.4915,17.1042]]]}},{"type":"Feature","properties":{"uid":"TSSD0510","mandal_name":"Tirumalagiri","district_name":"Suryapet","centroid":[79.4753,17.4795],"area":133.14,"zonalstat":{"min":0.3739,"max":0.88,"mean":0.7265,"count":559,"sum":406.093,"median":0.7336}},"geometry":{"type":"Polygon","coordinates":[[[79.57,17.5023],[79.5649,17.498],[79.5411,17.5242],[79.5247,17.5094],[79.5193,17.4917],[79.497,17.4962],[79.4877,17.5097],[79.4722,17.5148],[79.455,17.5124],[79.4302,17.517],[79.4224,17.5015],[79.4148,17.4982],[79.386,17.5107],[79.3787,17.5113],[79.3716,17.5027],[79.3652,17.4843],[79.3888,17.4685],[79.4057,17.4527],[79.4189,17.4341],[79.427,17.4439],[79.4393,17.4472],[79.4502,17.4579],[79.4699,17.451],[79.4932,17.4563],[79.5065,17.4467],[79.5148,17.4344],[79.5368,17.4371],[79.5455,17.4556],[79.555,17.4654],[79.5687,17.457],[79.5784,17.4601],[79.5717,17.4745],[79.5774,17.4933],[79.57,17.5023]]]}},{"type":"Feature","properties":{"uid":"TSSD0511","mandal_name":"Tirumalagiri_Sagar","district_name":"Nalgonda","centroid":[79.3669,16.6751],"area":252.04,"zonalstat":{"min":0.1797,"max":0.9159,"mean":0.7276,"count":1028,"sum":747.9778,"median":0.7261}},"geometry":{"type":"Polygon","coordinates":[[[79.384,16.7269],[79.382,16.7373],[79.3625,16.7441],[79.3491,16.7403],[79.325,16.7422],[79.309,16.7341],[79.3028,16.7647],[79.2645,16.763],[79.2616,16.7461],[79.2718,16.7392],[79.2685,16.7188],[79.3005,16.7107],[79.3047,16.6988],[79.299,16.6894],[79.3018,16.67],[79.2926,16.6467],[79.2941,16.6409],[79.3151,16.6283],[79.3154,16.6204],[79.33,16.6138],[79.3427,16.6184],[79.3604,16.5909],[79.3402,16.5834],[79.3567,16.5801],[79.379,16.5835],[79.3964,16.5807],[79.4187,16.5808],[79.4339,16.593],[79.4391,16.6125],[79.4233,16.6287],[79.4055,16.6412],[79.4276,16.6516],[79.4393,16.6508],[79.4403,16.6615],[79.4297,16.6746],[79.4506,16.7034],[79.4687,16.7066],[79.4665,16.7277],[79.467,16.7313],[79.4503,16.7314],[79.4221,16.7386],[79.4073,16.7293],[79.3948,16.7315],[79.384,16.7269]]]}},{"type":"Feature","properties":{"uid":"TSSD0512","mandal_name":"Tirumalayapalem","district_name":"Khammam","centroid":[79.9415,17.3256],"area":235.92,"zonalstat":{"min":0.2464,"max":0.8699,"mean":0.7382,"count":997,"sum":735.9673,"median":0.7441}},"geometry":{"type":"Polygon","coordinates":[[[79.9797,17.406],[79.9697,17.3991],[79.9365,17.392],[79.9382,17.3755],[79.9164,17.3724],[79.9031,17.3769],[79.8918,17.354],[79.8807,17.3474],[79.872,17.3308],[79.8489,17.3348],[79.8447,17.3291],[79.8316,17.3355],[79.8143,17.3311],[79.804,17.3216],[79.8021,17.3099],[79.8086,17.3009],[79.8148,17.2951],[79.8179,17.2831],[79.8316,17.272],[79.8401,17.2785],[79.8686,17.2626],[79.8748,17.2651],[79.8813,17.2852],[79.9101,17.286],[79.9197,17.2955],[79.9347,17.2838],[79.9518,17.2908],[79.9684,17.2844],[80.0168,17.2764],[80.0462,17.2799],[80.0501,17.2851],[80.0453,17.3023],[80.0541,17.3092],[80.0577,17.3458],[80.0474,17.3522],[80.0224,17.3566],[80.0092,17.3699],[79.9958,17.3728],[79.9926,17.3972],[79.9797,17.406]]]}},{"type":"Feature","properties":{"uid":"TSSD0513","mandal_name":"Tirumalgiri","district_name":"Hyderabad","centroid":[78.4876,17.4634],"area":13.97,"zonalstat":{"min":0.2625,"max":0.7132,"mean":0.49,"count":57,"sum":27.9275,"median":0.5}},"geometry":{"type":"Polygon","coordinates":[[[78.5133,17.4689],[78.5167,17.4838],[78.5046,17.4843],[78.4971,17.4806],[78.4882,17.4685],[78.4668,17.4763],[78.4646,17.4551],[78.4684,17.4447],[78.4774,17.4438],[78.4901,17.4439],[78.5022,17.4648],[78.5133,17.4689]]]}},{"type":"Feature","properties":{"uid":"TSSD0514","mandal_name":"Tiryani","district_name":"Kumurambheem Asifabad","centroid":[79.2036,19.1928],"area":581.75,"zonalstat":{"min":-0.0636,"max":0.8738,"mean":0.7936,"count":2479,"sum":1967.3215,"median":0.8173}},"geometry":{"type":"Polygon","coordinates":[[[79.3291,19.2503],[79.3122,19.2694],[79.3087,19.2771],[79.2916,19.2715],[79.2776,19.2733],[79.2721,19.2813],[79.2523,19.2869],[79.2291,19.2813],[79.2102,19.287],[79.1835,19.3119],[79.1702,19.3135],[79.1587,19.3056],[79.1583,19.2975],[79.1436,19.293],[79.1286,19.2989],[79.1254,19.3127],[79.1177,19.3194],[79.1035,19.3108],[79.0907,19.31],[79.0917,19.2951],[79.081,19.2854],[79.0785,19.2723],[79.0913,19.2554],[79.1087,19.2472],[79.1107,19.2317],[79.0956,19.2247],[79.0804,19.2102],[79.0618,19.2068],[79.0382,19.208],[79.0349,19.19],[79.0363,19.173],[79.08,19.1636],[79.0812,19.1492],[79.1185,19.1091],[79.1349,19.112],[79.1417,19.1032],[79.1504,19.0921],[79.1603,19.0913],[79.2073,19.0706],[79.2174,19.0506],[79.2282,19.0667],[79.245,19.0774],[79.2583,19.0755],[79.2583,19.1005],[79.2555,19.1111],[79.2618,19.1213],[79.2511,19.1288],[79.2596,19.1369],[79.2856,19.1179],[79.3155,19.1029],[79.3169,19.121],[79.3227,19.14],[79.3155,19.159],[79.3314,19.1535],[79.3535,19.1504],[79.3769,19.1363],[79.3902,19.1342],[79.3956,19.1446],[79.3869,19.1627],[79.3592,19.1827],[79.3422,19.1772],[79.3396,19.1945],[79.3441,19.206],[79.3236,19.2073],[79.3283,19.2269],[79.3217,19.2387],[79.3291,19.2503]]]}},{"type":"Feature","properties":{"uid":"TSSD0515","mandal_name":"Tripuraram","district_name":"Nalgonda","centroid":[79.4712,16.8248],"area":161.12,"zonalstat":{"min":0.1886,"max":0.9281,"mean":0.8121,"count":680,"sum":552.2277,"median":0.8317}},"geometry":{"type":"Polygon","coordinates":[[[79.5058,16.9056],[79.498,16.9078],[79.4836,16.8954],[79.4808,16.9043],[79.4669,16.9053],[79.4557,16.8969],[79.4458,16.9105],[79.441,16.9331],[79.4221,16.9365],[79.4209,16.9208],[79.4005,16.9047],[79.4053,16.8827],[79.3861,16.8699],[79.3914,16.8588],[79.4036,16.8555],[79.4189,16.8584],[79.4389,16.8455],[79.4407,16.8338],[79.4529,16.8321],[79.4627,16.8142],[79.4639,16.8037],[79.4602,16.7805],[79.454,16.7679],[79.4629,16.7527],[79.467,16.7313],[79.4665,16.7277],[79.4867,16.7137],[79.5243,16.7252],[79.5301,16.7389],[79.5238,16.7531],[79.5447,16.7565],[79.5578,16.7621],[79.5423,16.7674],[79.5375,16.7738],[79.5419,16.7958],[79.5102,16.794],[79.4954,16.7986],[79.4987,16.8117],[79.4882,16.8227],[79.4847,16.8389],[79.491,16.8611],[79.5026,16.8728],[79.4998,16.8817],[79.5058,16.9056]]]}},{"type":"Feature","properties":{"uid":"TSSD0516","mandal_name":"Turkapalle_M","district_name":"Yadadri Bhuvanagiri","centroid":[78.8234,17.6616],"area":188.2,"zonalstat":{"min":0.3389,"max":0.823,"mean":0.7061,"count":796,"sum":562.0627,"median":0.7067}},"geometry":{"type":"Polygon","coordinates":[[[78.894,17.656],[78.8869,17.6654],[78.8983,17.6808],[78.8721,17.6972],[78.8625,17.7068],[78.8713,17.7194],[78.8723,17.7397],[78.8583,17.7486],[78.8406,17.7526],[78.8165,17.7236],[78.8159,17.7106],[78.8035,17.7086],[78.782,17.7116],[78.7825,17.6994],[78.7664,17.6838],[78.7446,17.6836],[78.7305,17.6673],[78.7364,17.6546],[78.7526,17.6377],[78.755,17.6208],[78.7617,17.6145],[78.7863,17.6165],[78.7996,17.6014],[78.8331,17.5874],[78.8288,17.5735],[78.8351,17.5705],[78.8513,17.5771],[78.856,17.596],[78.8508,17.5988],[78.8484,17.6207],[78.8599,17.6207],[78.8787,17.6117],[78.8876,17.6113],[78.894,17.656]]]}},{"type":"Feature","properties":{"uid":"TSSD0517","mandal_name":"Undavelly","district_name":"Jogulamba Gadwal","centroid":[78.0137,15.9498],"area":170.36,"zonalstat":{"min":-0.3,"max":0.8025,"mean":0.5928,"count":698,"sum":413.7711,"median":0.6492}},"geometry":{"type":"MultiPolygon","coordinates":[[[[77.8931,15.9676],[77.8871,15.9679],[77.8816,15.9432],[77.8871,15.9387],[77.9051,15.9395],[77.9099,15.9646],[77.8931,15.9676]]],[[[78.0595,16.0246],[78.0332,16.0534],[78.0186,16.0377],[78.0032,16.0157],[77.998,15.9915],[77.9868,15.9936],[77.9864,15.9679],[77.9819,15.9508],[78.0053,15.9492],[78.0013,15.9231],[77.9872,15.9227],[77.9418,15.9327],[77.9333,15.8854],[77.9764,15.8837],[77.9957,15.868],[78.009,15.8644],[78.0261,15.9029],[78.0324,15.9078],[78.0455,15.9048],[78.0473,15.8753],[78.065,15.8636],[78.0634,15.906],[78.0593,15.9128],[78.0738,15.9521],[78.064,15.9609],[78.0635,15.9771],[78.0788,15.9956],[78.0862,16.0112],[78.0595,16.0246]]]]}},{"type":"Feature","properties":{"uid":"TSSD0518","mandal_name":"Uppal","district_name":"Medchal_Malkajgiri","centroid":[78.5587,17.408],"area":52.14,"zonalstat":{"min":0.0321,"max":0.8211,"mean":0.407,"count":221,"sum":89.9485,"median":0.3883}},"geometry":{"type":"Polygon","coordinates":[[[78.5914,17.4496],[78.5924,17.4615],[78.5822,17.4669],[78.5705,17.4651],[78.5595,17.4724],[78.5563,17.437],[78.5502,17.4369],[78.539,17.4209],[78.5276,17.4222],[78.5215,17.4019],[78.5288,17.4019],[78.5265,17.3853],[78.5156,17.3773],[78.5263,17.3705],[78.5495,17.3723],[78.557,17.3624],[78.5833,17.3626],[78.5893,17.3881],[78.5911,17.3881],[78.564,17.4214],[78.5914,17.4496]]]}},{"type":"Feature","properties":{"uid":"TSSD0519","mandal_name":"Uppunuthala","district_name":"Nagarkurnool","centroid":[78.6279,16.4866],"area":220.67,"zonalstat":{"min":-0.0805,"max":0.8626,"mean":0.6216,"count":925,"sum":574.9846,"median":0.6356}},"geometry":{"type":"Polygon","coordinates":[[[78.7807,16.5248],[78.765,16.5342],[78.7241,16.5401],[78.691,16.5369],[78.6818,16.5402],[78.6673,16.5306],[78.6471,16.5328],[78.6153,16.5223],[78.5913,16.5223],[78.5779,16.517],[78.5684,16.5014],[78.5433,16.4984],[78.5239,16.5025],[78.5144,16.4997],[78.4948,16.5048],[78.495,16.4865],[78.4988,16.4771],[78.4961,16.4584],[78.4998,16.4528],[78.5092,16.4513],[78.5347,16.4273],[78.5468,16.4368],[78.569,16.4389],[78.5874,16.4287],[78.6138,16.4313],[78.6165,16.4361],[78.6355,16.4376],[78.6309,16.4599],[78.6506,16.4579],[78.6812,16.4489],[78.6808,16.4708],[78.6982,16.4714],[78.7006,16.4559],[78.7109,16.454],[78.7303,16.4667],[78.7189,16.4855],[78.7194,16.5004],[78.7534,16.4982],[78.7687,16.5094],[78.7807,16.5248]]]}},{"type":"Feature","properties":{"uid":"TSSD0520","mandal_name":"Urkonda","district_name":"Nagarkurnool","centroid":[78.401,16.7286],"area":151.12,"zonalstat":{"min":0.313,"max":0.8572,"mean":0.6155,"count":629,"sum":387.1622,"median":0.6203}},"geometry":{"type":"Polygon","coordinates":[[[78.4738,16.7773],[78.4351,16.7795],[78.4174,16.7952],[78.3989,16.7973],[78.3891,16.7831],[78.3756,16.7914],[78.3572,16.796],[78.3486,16.7857],[78.3529,16.7695],[78.3649,16.7653],[78.3699,16.7564],[78.3677,16.7447],[78.3511,16.7081],[78.3558,16.6994],[78.3514,16.6848],[78.341,16.6871],[78.3205,16.678],[78.3217,16.6692],[78.3318,16.6556],[78.3426,16.6591],[78.366,16.6454],[78.3769,16.6619],[78.4036,16.6615],[78.402,16.674],[78.4241,16.6802],[78.4297,16.7057],[78.4461,16.71],[78.4627,16.7287],[78.465,16.7525],[78.4885,16.7517],[78.492,16.7648],[78.4738,16.7773]]]}},{"type":"Feature","properties":{"uid":"TSSD0521","mandal_name":"Utnur","district_name":"Adilabad","centroid":[78.7677,19.3699],"area":387.91,"zonalstat":{"min":0.4094,"max":0.8693,"mean":0.784,"count":1656,"sum":1298.2213,"median":0.7892}},"geometry":{"type":"Polygon","coordinates":[[[78.7591,19.5036],[78.7383,19.4992],[78.7222,19.5021],[78.7062,19.5131],[78.6943,19.5065],[78.7003,19.4937],[78.6936,19.4664],[78.6816,19.4697],[78.6768,19.4345],[78.6803,19.4186],[78.6732,19.3953],[78.6905,19.3923],[78.6895,19.3743],[78.6936,19.3313],[78.6932,19.3171],[78.7057,19.3104],[78.7274,19.3123],[78.7206,19.2968],[78.7368,19.2864],[78.7586,19.2797],[78.768,19.2572],[78.7896,19.2424],[78.7994,19.2165],[78.8124,19.2219],[78.82,19.2466],[78.8439,19.255],[78.8479,19.2716],[78.86,19.2801],[78.8666,19.3144],[78.8629,19.3245],[78.8846,19.3349],[78.8719,19.3402],[78.8482,19.3572],[78.8345,19.3636],[78.8368,19.3832],[78.8172,19.3813],[78.8197,19.3937],[78.8295,19.4147],[78.8281,19.4244],[78.8139,19.4286],[78.8033,19.4569],[78.7763,19.4695],[78.7755,19.4975],[78.7608,19.5038],[78.7591,19.5036]]]}},{"type":"Feature","properties":{"uid":"TSSD0522","mandal_name":"V_Saidapur","district_name":"Karimnagar","centroid":[79.3087,18.198],"area":142.44,"zonalstat":{"min":0.3614,"max":0.8422,"mean":0.7691,"count":604,"sum":464.5195,"median":0.775}},"geometry":{"type":"Polygon","coordinates":[[[79.2661,18.2634],[79.2573,18.2567],[79.2516,18.2165],[79.2566,18.2041],[79.2534,18.194],[79.2419,18.1807],[79.2464,18.1664],[79.2897,18.1524],[79.288,18.1394],[79.3034,18.1325],[79.3339,18.1477],[79.3472,18.1469],[79.3563,18.1377],[79.3651,18.1519],[79.3737,18.1562],[79.371,18.174],[79.3772,18.1852],[79.3671,18.189],[79.3764,18.2132],[79.3724,18.2172],[79.3397,18.2267],[79.3413,18.2446],[79.326,18.2559],[79.3074,18.2571],[79.2661,18.2634]]]}},{"type":"Feature","properties":{"uid":"TSSD0523","mandal_name":"Vailpur","district_name":"Nizamabad","centroid":[78.3903,18.769],"area":135.3,"zonalstat":{"min":0.2573,"max":0.857,"mean":0.6285,"count":575,"sum":361.3781,"median":0.6238}},"geometry":{"type":"Polygon","coordinates":[[[78.4751,18.7549],[78.4694,18.7774],[78.4453,18.7757],[78.4201,18.7777],[78.4212,18.7901],[78.4323,18.8072],[78.4072,18.8131],[78.399,18.826],[78.4121,18.8342],[78.4137,18.8462],[78.399,18.8511],[78.3932,18.8363],[78.3597,18.8485],[78.3514,18.8203],[78.3563,18.8088],[78.3436,18.8003],[78.3405,18.7819],[78.3519,18.7737],[78.3452,18.7579],[78.336,18.7517],[78.333,18.7338],[78.3437,18.7228],[78.3424,18.6978],[78.3579,18.6938],[78.3729,18.7195],[78.3837,18.7235],[78.3933,18.7183],[78.3965,18.7083],[78.4285,18.7066],[78.4292,18.7271],[78.4374,18.7493],[78.4751,18.7549]]]}},{"type":"Feature","properties":{"uid":"TSSD0524","mandal_name":"Valigonda","district_name":"Yadadri Bhuvanagiri","centroid":[79.0426,17.3901],"area":316.13,"zonalstat":{"min":0.1833,"max":0.9067,"mean":0.7101,"count":1329,"sum":943.7297,"median":0.7041}},"geometry":{"type":"Polygon","coordinates":[[[79.0808,17.4477],[79.0526,17.456],[79.0436,17.4712],[79.0314,17.479],[79.0179,17.4753],[78.9979,17.4591],[78.9669,17.4603],[78.9591,17.4497],[78.9592,17.4377],[78.9522,17.4161],[78.9455,17.4144],[78.9415,17.3965],[78.9297,17.3948],[78.929,17.3832],[78.9117,17.3762],[78.9112,17.3582],[78.9054,17.3485],[78.9261,17.3411],[78.9294,17.3337],[78.948,17.3368],[78.9649,17.3249],[78.9975,17.3141],[79.0367,17.3136],[79.039,17.32],[79.0426,17.3604],[79.0517,17.3636],[79.0708,17.3541],[79.105,17.3618],[79.1202,17.3557],[79.1395,17.3419],[79.1601,17.3408],[79.1794,17.352],[79.1895,17.3522],[79.221,17.3694],[79.2129,17.3797],[79.1789,17.3968],[79.162,17.4016],[79.1447,17.399],[79.1207,17.4066],[79.1272,17.4337],[79.1133,17.4473],[79.0932,17.4445],[79.0808,17.4477]]]}},{"type":"Feature","properties":{"uid":"TSSD0525","mandal_name":"Vangoor","district_name":"Nagarkurnool","centroid":[78.5995,16.5768],"area":244.56,"zonalstat":{"min":0.0661,"max":0.8832,"mean":0.5687,"count":1022,"sum":581.1677,"median":0.6046}},"geometry":{"type":"Polygon","coordinates":[[[78.6671,16.6524],[78.6495,16.6488],[78.616,16.6377],[78.6064,16.6369],[78.5894,16.6425],[78.5859,16.6576],[78.5761,16.6648],[78.5672,16.6542],[78.5472,16.6441],[78.5435,16.6334],[78.556,16.6228],[78.5608,16.6093],[78.5491,16.5765],[78.5254,16.5761],[78.5221,16.5629],[78.5106,16.5523],[78.4897,16.5618],[78.4814,16.5321],[78.4934,16.527],[78.4948,16.5048],[78.5144,16.4997],[78.5239,16.5025],[78.5433,16.4984],[78.5684,16.5014],[78.5779,16.517],[78.5913,16.5223],[78.6153,16.5223],[78.6261,16.529],[78.6373,16.5419],[78.6528,16.5497],[78.6656,16.5436],[78.6674,16.5622],[78.6825,16.554],[78.6997,16.564],[78.7153,16.5797],[78.6981,16.6193],[78.6804,16.6269],[78.6671,16.6524]]]}},{"type":"Feature","properties":{"uid":"TSSD0526","mandal_name":"Varni","district_name":"Nizamabad","centroid":[77.9491,18.5064],"area":134.67,"zonalstat":{"min":0.3246,"max":0.8536,"mean":0.6602,"count":567,"sum":374.3277,"median":0.6743}},"geometry":{"type":"Polygon","coordinates":[[[77.9184,18.5735],[77.9087,18.575],[77.9047,18.5608],[77.897,18.5611],[77.8814,18.5516],[77.8835,18.5294],[77.865,18.5342],[77.8681,18.5425],[77.8605,18.5493],[77.8511,18.5471],[77.8455,18.5293],[77.8514,18.5091],[77.8654,18.509],[77.8877,18.4954],[77.9126,18.4903],[77.9388,18.4932],[77.9654,18.4789],[77.9765,18.4683],[77.9754,18.4482],[78.01,18.4368],[78.0241,18.4344],[78.0358,18.4648],[78.0346,18.4789],[78.0409,18.4911],[78.0406,18.4965],[78.0103,18.5065],[77.9944,18.5185],[77.9588,18.5408],[77.948,18.5432],[77.9351,18.5551],[77.9313,18.5654],[77.9184,18.5735]]]}},{"type":"Feature","properties":{"uid":"TSSD0527","mandal_name":"Vatpally","district_name":"Sangareddy","centroid":[77.9016,17.8753],"area":138.9,"zonalstat":{"min":-0.3,"max":0.918,"mean":0.6223,"count":588,"sum":365.9273,"median":0.7185}},"geometry":{"type":"Polygon","coordinates":[[[77.9,17.9334],[77.8821,17.9374],[77.8801,17.9478],[77.8708,17.9478],[77.8602,17.9347],[77.8564,17.9209],[77.8445,17.9002],[77.8315,17.8997],[77.8263,17.8788],[77.8351,17.8629],[77.8435,17.8599],[77.8507,17.8738],[77.8654,17.8695],[77.8622,17.8321],[77.8824,17.8217],[77.8995,17.8202],[77.9134,17.81],[77.945,17.8065],[77.9449,17.8128],[77.9429,17.8233],[77.9509,17.8373],[77.9555,17.8558],[77.9724,17.8549],[77.976,17.865],[77.9735,17.8839],[77.9404,17.8908],[77.9404,17.9202],[77.9222,17.9259],[77.9129,17.925],[77.9,17.9334]]]}},{"type":"Feature","properties":{"uid":"TSSD0528","mandal_name":"Veenavanka","district_name":"Karimnagar","centroid":[79.3964,18.3747],"area":149.05,"zonalstat":{"min":0.2273,"max":0.8391,"mean":0.7401,"count":634,"sum":469.2363,"median":0.7656}},"geometry":{"type":"Polygon","coordinates":[[[79.3666,18.4401],[79.3533,18.4517],[79.3433,18.4327],[79.3291,18.4327],[79.3241,18.4175],[79.3297,18.4121],[79.3215,18.3681],[79.3496,18.3579],[79.355,18.3632],[79.3891,18.3528],[79.3977,18.3383],[79.3847,18.3217],[79.3817,18.3012],[79.3914,18.2978],[79.4047,18.2853],[79.4083,18.2848],[79.4202,18.3089],[79.4426,18.3056],[79.4541,18.3122],[79.4584,18.3208],[79.4425,18.335],[79.4488,18.3545],[79.4627,18.359],[79.4662,18.3781],[79.4731,18.3864],[79.4627,18.3912],[79.4395,18.4106],[79.4193,18.4196],[79.3966,18.4263],[79.3666,18.4401]]]}},{"type":"Feature","properties":{"uid":"TSSD0529","mandal_name":"Veernapalli","district_name":"Rajanna Sircilla","centroid":[78.5899,18.4876],"area":108.34,"zonalstat":{"min":0.5522,"max":0.8494,"mean":0.7802,"count":459,"sum":358.1018,"median":0.7914}},"geometry":{"type":"Polygon","coordinates":[[[78.597,18.55],[78.577,18.5513],[78.5579,18.5312],[78.5566,18.5134],[78.5411,18.4931],[78.5301,18.4704],[78.5243,18.4678],[78.5402,18.4515],[78.5479,18.4325],[78.5847,18.4462],[78.6094,18.4422],[78.6187,18.4522],[78.6533,18.4535],[78.6579,18.4629],[78.6616,18.4673],[78.6455,18.4918],[78.6356,18.4889],[78.6191,18.5135],[78.6274,18.5299],[78.597,18.55]]]}},{"type":"Feature","properties":{"uid":"TSSD0530","mandal_name":"Velair","district_name":"Warangal_Urban","centroid":[79.3198,17.9907],"area":99.79,"zonalstat":{"min":0.5532,"max":0.9371,"mean":0.7671,"count":420,"sum":322.1681,"median":0.7677}},"geometry":{"type":"Polygon","coordinates":[[[79.3748,18.0437],[79.3692,18.0513],[79.3374,18.0511],[79.3303,18.0382],[79.3303,18.0214],[79.2995,18.0238],[79.2922,18.0105],[79.2809,18.0011],[79.2599,18.0076],[79.2496,18.0091],[79.2308,17.9925],[79.2284,17.9873],[79.264,17.9837],[79.272,17.9786],[79.2696,17.9611],[79.2872,17.9516],[79.308,17.9498],[79.3324,17.9416],[79.3455,17.9308],[79.3595,17.9428],[79.3761,17.9738],[79.3585,17.9754],[79.3439,17.9869],[79.3514,18.0021],[79.3593,18.0044],[79.3772,18.0242],[79.3766,18.0318],[79.3748,18.0437]]]}},{"type":"Feature","properties":{"uid":"TSSD0531","mandal_name":"Veldanda","district_name":"Nagarkurnool","centroid":[78.561,16.7532],"area":241.3,"zonalstat":{"min":0.2659,"max":0.8646,"mean":0.6082,"count":1016,"sum":617.9342,"median":0.6176}},"geometry":{"type":"Polygon","coordinates":[[[78.662,16.7635],[78.6577,16.7746],[78.6652,16.7817],[78.6835,16.7899],[78.6831,16.8112],[78.6742,16.8269],[78.6675,16.831],[78.6634,16.8084],[78.6486,16.7762],[78.6346,16.7754],[78.6159,16.7854],[78.6158,16.7943],[78.5913,16.7957],[78.5603,16.8137],[78.5549,16.8197],[78.5388,16.8224],[78.5295,16.816],[78.508,16.8227],[78.4881,16.8208],[78.4765,16.8115],[78.4732,16.7997],[78.4738,16.7773],[78.492,16.7648],[78.4885,16.7517],[78.465,16.7525],[78.4627,16.7287],[78.468,16.7231],[78.4918,16.7189],[78.5031,16.7108],[78.5013,16.6931],[78.5133,16.6741],[78.5318,16.6664],[78.5601,16.689],[78.5688,16.7032],[78.5864,16.7041],[78.5791,16.6874],[78.5989,16.6876],[78.5992,16.704],[78.6236,16.7142],[78.6398,16.7062],[78.6471,16.7089],[78.6465,16.7241],[78.6514,16.7393],[78.669,16.7487],[78.662,16.7635]]]}},{"type":"Feature","properties":{"uid":"TSSD0532","mandal_name":"Velgatur","district_name":"Jagtial","centroid":[79.1995,18.8081],"area":186.9,"zonalstat":{"min":-0.3,"max":0.8941,"mean":0.7303,"count":794,"sum":579.8857,"median":0.7988}},"geometry":{"type":"Polygon","coordinates":[[[79.169,18.8846],[79.1601,18.895],[79.145,18.8778],[79.1292,18.8809],[79.1447,18.8556],[79.1422,18.8497],[79.1422,18.8401],[79.1304,18.8119],[79.1323,18.806],[79.153,18.8017],[79.1533,18.7926],[79.1371,18.7875],[79.1409,18.7648],[79.1376,18.7532],[79.1249,18.7455],[79.125,18.736],[79.1357,18.7248],[79.1461,18.7228],[79.1607,18.7558],[79.182,18.7504],[79.2014,18.75],[79.2102,18.7428],[79.2228,18.7454],[79.2313,18.7547],[79.2442,18.7499],[79.2535,18.7552],[79.2537,18.7665],[79.265,18.7902],[79.2846,18.7931],[79.2948,18.8007],[79.2977,18.8183],[79.2757,18.8254],[79.2657,18.8325],[79.2483,18.8541],[79.2297,18.8625],[79.185,18.8684],[79.169,18.8846]]]}},{"type":"Feature","properties":{"uid":"TSSD0533","mandal_name":"Vemanpalle","district_name":"Mancherial","centroid":[79.8069,19.0937],"area":250.71,"zonalstat":{"min":-0.1741,"max":0.9008,"mean":0.7205,"count":1061,"sum":764.4625,"median":0.7817}},"geometry":{"type":"Polygon","coordinates":[[[79.883,19.0395],[79.8682,19.0436],[79.8581,19.0953],[79.863,19.1155],[79.8731,19.1244],[79.9202,19.149],[79.9309,19.1561],[79.9226,19.165],[79.894,19.1617],[79.8726,19.174],[79.8569,19.1735],[79.8507,19.1656],[79.8361,19.1696],[79.836,19.1591],[79.8181,19.1567],[79.8052,19.147],[79.7949,19.1394],[79.7703,19.1483],[79.7661,19.1617],[79.7517,19.156],[79.7405,19.1588],[79.7201,19.1539],[79.7223,19.1404],[79.7002,19.1406],[79.6977,19.1237],[79.707,19.116],[79.7255,19.1188],[79.733,19.0979],[79.7142,19.0967],[79.7045,19.0812],[79.7203,19.0631],[79.7181,19.0504],[79.7318,19.0452],[79.7442,19.0555],[79.7595,19.0528],[79.7847,19.0558],[79.7806,19.0423],[79.7871,19.0226],[79.8014,19.013],[79.8219,19.0159],[79.8282,18.9952],[79.8554,18.9954],[79.8696,18.999],[79.8741,19.0197],[79.883,19.0395]]]}},{"type":"Feature","properties":{"uid":"TSSD0534","mandal_name":"Vemsoor","district_name":"Khammam","centroid":[80.7726,17.1107],"area":212.09,"zonalstat":{"min":0.0191,"max":0.9224,"mean":0.774,"count":878,"sum":679.5412,"median":0.7885}},"geometry":{"type":"Polygon","coordinates":[[[80.7611,17.1777],[80.7457,17.1858],[80.7278,17.1862],[80.7133,17.1706],[80.7179,17.155],[80.6912,17.1391],[80.6867,17.1308],[80.6724,17.1304],[80.6873,17.1104],[80.6806,17.1008],[80.6706,17.1013],[80.6554,17.0867],[80.6503,17.0729],[80.6724,17.0675],[80.6946,17.0739],[80.6987,17.0822],[80.7469,17.0771],[80.7648,17.0665],[80.7984,17.0615],[80.8116,17.0547],[80.826,17.053],[80.8426,17.045],[80.857,17.0469],[80.8771,17.0731],[80.8679,17.0807],[80.8766,17.1047],[80.8706,17.1172],[80.8365,17.1329],[80.8364,17.1421],[80.8234,17.1492],[80.7831,17.1643],[80.7611,17.1777]]]}},{"type":"Feature","properties":{"uid":"TSSD0535","mandal_name":"Vemulapally","district_name":"Nalgonda","centroid":[79.5568,16.9816],"area":112.25,"zonalstat":{"min":0.2123,"max":0.9184,"mean":0.798,"count":472,"sum":376.6654,"median":0.8226}},"geometry":{"type":"Polygon","coordinates":[[[79.5934,17.0724],[79.5558,17.0777],[79.5552,17.0682],[79.539,17.0596],[79.5401,17.0513],[79.5571,17.0414],[79.5625,17.0218],[79.5552,17.02],[79.5391,17.0286],[79.5285,17.0157],[79.5257,17.0035],[79.534,16.9956],[79.5384,16.9699],[79.5359,16.959],[79.5171,16.948],[79.5035,16.9559],[79.4907,16.9331],[79.5122,16.92],[79.5252,16.8947],[79.5495,16.8906],[79.5609,16.9001],[79.5674,16.8967],[79.5754,16.9195],[79.5719,16.9263],[79.57,16.9506],[79.5611,16.9595],[79.5579,16.9816],[79.5686,17.0076],[79.589,16.9989],[79.5915,16.9784],[79.6155,16.9671],[79.6161,16.9774],[79.6054,17.0004],[79.5978,17.0323],[79.6001,17.0488],[79.593,17.0655],[79.5934,17.0724]]]}},{"type":"Feature","properties":{"uid":"TSSD0536","mandal_name":"Vemulawada","district_name":"Rajanna Sircilla","centroid":[78.8636,18.4713],"area":84.86,"zonalstat":{"min":0.1501,"max":0.8293,"mean":0.7108,"count":362,"sum":257.3186,"median":0.7472}},"geometry":{"type":"Polygon","coordinates":[[[78.893,18.5364],[78.8782,18.5446],[78.8694,18.5355],[78.8699,18.511],[78.8534,18.5169],[78.8386,18.4973],[78.8317,18.4818],[78.8439,18.4757],[78.8388,18.4673],[78.8165,18.4782],[78.8078,18.4554],[78.8165,18.4491],[78.8103,18.4333],[78.8155,18.4254],[78.8303,18.4238],[78.845,18.4152],[78.8468,18.4224],[78.8698,18.4374],[78.9081,18.4338],[78.9155,18.4434],[78.9106,18.4546],[78.9125,18.4696],[78.8929,18.4762],[78.8914,18.486],[78.8983,18.5186],[78.9021,18.5235],[78.893,18.5364]]]}},{"type":"Feature","properties":{"uid":"TSSD0537","mandal_name":"Vemulawada Rural","district_name":"Rajanna Sircilla","centroid":[78.8492,18.5158],"area":107.21,"zonalstat":{"min":-0.0793,"max":0.8447,"mean":0.6849,"count":453,"sum":310.2737,"median":0.7562}},"geometry":{"type":"MultiPolygon","coordinates":[[[[78.9081,18.4338],[78.8698,18.4374],[78.8468,18.4224],[78.845,18.4152],[78.8523,18.4068],[78.8703,18.4148],[78.9143,18.4035],[78.9173,18.4242],[78.9081,18.4338]]],[[[78.9077,18.5647],[78.8774,18.5979],[78.857,18.5942],[78.846,18.5968],[78.8312,18.5819],[78.8278,18.5546],[78.8195,18.536],[78.8179,18.5188],[78.8003,18.5222],[78.788,18.5354],[78.7856,18.5219],[78.7912,18.5074],[78.7743,18.5069],[78.7738,18.4881],[78.7916,18.4765],[78.8005,18.4846],[78.8165,18.4782],[78.8388,18.4673],[78.8439,18.4757],[78.8317,18.4818],[78.8386,18.4973],[78.8534,18.5169],[78.8699,18.511],[78.8694,18.5355],[78.8782,18.5446],[78.893,18.5364],[78.8967,18.5517],[78.9077,18.5647]]]]}},{"type":"Feature","properties":{"uid":"TSSD0538","mandal_name":"Venkatapur","district_name":"Mulugu","centroid":[80.001,18.3029],"area":370.83,"zonalstat":{"min":0.0936,"max":0.9456,"mean":0.7223,"count":1573,"sum":1136.1539,"median":0.7488}},"geometry":{"type":"Polygon","coordinates":[[[80.1121,18.3803],[80.1022,18.3932],[80.0778,18.3902],[80.0422,18.401],[80.0239,18.3974],[79.9915,18.3858],[79.9702,18.39],[79.9678,18.376],[79.9504,18.3662],[79.9418,18.3454],[79.9528,18.3363],[79.9411,18.3062],[79.9229,18.3036],[79.8985,18.3147],[79.8816,18.3013],[79.8811,18.2854],[79.8695,18.2745],[79.8631,18.2626],[79.8509,18.249],[79.8595,18.2233],[79.8631,18.2032],[79.8782,18.2008],[79.9013,18.2079],[79.9223,18.2318],[79.935,18.2301],[79.9437,18.248],[79.9615,18.2271],[79.9742,18.2342],[80.0155,18.2188],[80.0292,18.2112],[80.0446,18.213],[80.0402,18.2246],[80.0241,18.2474],[80.0274,18.2664],[80.0323,18.2721],[80.0696,18.278],[80.147,18.2817],[80.1792,18.2977],[80.1579,18.3065],[80.1474,18.3071],[80.1413,18.2994],[80.1042,18.3392],[80.1117,18.3646],[80.1121,18.3803]]]}},{"type":"Feature","properties":{"uid":"TSSD0539","mandal_name":"Venkatapuram","district_name":"Mulugu","centroid":[80.6475,18.2998],"area":588.35,"zonalstat":{"min":-0.3,"max":0.9818,"mean":0.4735,"count":2484,"sum":1176.1251,"median":0.4773}},"geometry":{"type":"Polygon","coordinates":[[[80.7644,18.1672],[80.7424,18.1715],[80.7374,18.1801],[80.7368,18.2217],[80.7768,18.2428],[80.7933,18.2497],[80.7937,18.2592],[80.7794,18.2666],[80.7677,18.2884],[80.7485,18.3084],[80.7472,18.3303],[80.7318,18.354],[80.7267,18.3686],[80.7296,18.3752],[80.7207,18.3929],[80.7318,18.4012],[80.7346,18.4132],[80.7174,18.4101],[80.696,18.4243],[80.6986,18.4384],[80.6873,18.4494],[80.6578,18.4263],[80.642,18.4191],[80.6107,18.4145],[80.5926,18.4032],[80.5595,18.388],[80.5551,18.3738],[80.5436,18.3784],[80.5334,18.3721],[80.5225,18.385],[80.487,18.3558],[80.4796,18.3466],[80.4654,18.3399],[80.4825,18.3131],[80.4904,18.3047],[80.5134,18.2844],[80.5724,18.2536],[80.5917,18.2449],[80.6348,18.211],[80.6596,18.1891],[80.6714,18.1742],[80.7088,18.1353],[80.7346,18.106],[80.7425,18.1117],[80.7436,18.1297],[80.7339,18.1461],[80.7499,18.1516],[80.7644,18.1672]]]}},{"type":"Feature","properties":{"uid":"TSSD0540","mandal_name":"Vikarabad","district_name":"Vikarabad","centroid":[77.9005,17.3372],"area":270.72,"zonalstat":{"min":0.1723,"max":0.8558,"mean":0.6906,"count":1141,"sum":787.9929,"median":0.7032}},"geometry":{"type":"Polygon","coordinates":[[[78.0243,17.3702],[78.0033,17.3789],[77.9792,17.3655],[77.9711,17.3726],[77.9575,17.3695],[77.9343,17.3782],[77.9471,17.3891],[77.9494,17.3984],[77.9346,17.4032],[77.9276,17.4155],[77.9167,17.4061],[77.9115,17.3885],[77.8986,17.3923],[77.8864,17.4035],[77.8886,17.4202],[77.9009,17.4287],[77.8913,17.4407],[77.8818,17.4458],[77.8525,17.4409],[77.8515,17.419],[77.8375,17.3955],[77.8047,17.4043],[77.7909,17.3865],[77.793,17.3776],[77.803,17.3763],[77.83,17.3547],[77.8555,17.3501],[77.8568,17.3289],[77.848,17.3232],[77.8558,17.2987],[77.8388,17.2948],[77.8372,17.2864],[77.8444,17.2765],[77.831,17.253],[77.8324,17.2338],[77.8423,17.2282],[77.8539,17.2413],[77.8713,17.2448],[77.8841,17.2573],[77.8968,17.239],[77.9266,17.2469],[77.931,17.2554],[77.9519,17.2571],[77.9468,17.2733],[77.9554,17.3031],[77.9523,17.316],[77.9626,17.3241],[78.0088,17.322],[78.0041,17.3284],[78.0082,17.3416],[78.0173,17.3444],[78.0243,17.3702]]]}},{"type":"Feature","properties":{"uid":"TSSD0541","mandal_name":"Waddepally","district_name":"Jogulamba Gadwal","centroid":[77.8208,15.9669],"area":129.2,"zonalstat":{"min":0.4574,"max":0.816,"mean":0.6539,"count":538,"sum":351.8072,"median":0.6537}},"geometry":{"type":"Polygon","coordinates":[[[77.8965,15.982],[77.8749,15.9953],[77.8762,16.0105],[77.8564,16.018],[77.8404,16.0187],[77.8165,16.0138],[77.8076,16.0086],[77.7912,16.0094],[77.7862,15.997],[77.769,15.9819],[77.7676,15.9695],[77.7414,15.9729],[77.7192,15.9807],[77.7123,15.9557],[77.7572,15.9399],[77.7724,15.9517],[77.7832,15.9374],[77.821,15.9322],[77.8203,15.9275],[77.8502,15.9211],[77.8523,15.902],[77.8692,15.896],[77.8733,15.9004],[77.8693,15.9027],[77.8717,15.9438],[77.8816,15.9432],[77.8871,15.9679],[77.8931,15.9676],[77.8965,15.982]]]}},{"type":"Feature","properties":{"uid":"TSSD0542","mandal_name":"Wanaparthy","district_name":"Wanaparthy","centroid":[78.049,16.3393],"area":201.88,"zonalstat":{"min":0.1077,"max":0.8671,"mean":0.6681,"count":845,"sum":564.5381,"median":0.6759}},"geometry":{"type":"Polygon","coordinates":[[[78.1351,16.3285],[78.1072,16.3368],[78.1028,16.3457],[78.1106,16.3709],[78.0859,16.3797],[78.0926,16.4028],[78.1002,16.4003],[78.1151,16.4254],[78.1153,16.4352],[78.1325,16.4519],[78.1279,16.4649],[78.1159,16.4583],[78.1096,16.4451],[78.0995,16.4455],[78.0871,16.4327],[78.0744,16.4269],[78.0718,16.4152],[78.0483,16.4165],[78.0339,16.4022],[78.0328,16.379],[78.012,16.3648],[77.9924,16.3664],[77.9906,16.3461],[77.9724,16.3209],[77.9588,16.3198],[77.9538,16.2985],[77.9696,16.2892],[77.9876,16.2828],[77.9875,16.2683],[78.0111,16.2538],[78.0286,16.2604],[78.0411,16.277],[78.0719,16.2622],[78.0828,16.2849],[78.0855,16.2989],[78.1029,16.3122],[78.1193,16.3083],[78.1277,16.3138],[78.1351,16.3285]]]}},{"type":"Feature","properties":{"uid":"TSSD0543","mandal_name":"Wankidi","district_name":"Kumurambheem Asifabad","centroid":[79.3117,19.4953],"area":335.2,"zonalstat":{"min":0.4616,"max":0.8645,"mean":0.8005,"count":1384,"sum":1107.9512,"median":0.8127}},"geometry":{"type":"Polygon","coordinates":[[[79.4025,19.5383],[79.3857,19.5588],[79.3729,19.5613],[79.3692,19.5732],[79.3571,19.578],[79.3347,19.5752],[79.3182,19.5772],[79.3101,19.5714],[79.3066,19.5971],[79.2847,19.5959],[79.2721,19.5996],[79.2502,19.6165],[79.2385,19.6069],[79.2444,19.5951],[79.253,19.5937],[79.2513,19.5787],[79.237,19.5569],[79.2397,19.5364],[79.2335,19.5204],[79.2213,19.5215],[79.2073,19.5064],[79.2043,19.4907],[79.2231,19.4723],[79.2155,19.4651],[79.2233,19.4477],[79.2433,19.439],[79.2537,19.4398],[79.2916,19.4252],[79.29,19.414],[79.3194,19.3965],[79.3299,19.4014],[79.3418,19.3992],[79.3474,19.3845],[79.3679,19.3794],[79.3819,19.3997],[79.3829,19.4128],[79.3958,19.4251],[79.3881,19.4375],[79.4002,19.4411],[79.4089,19.4276],[79.4227,19.4417],[79.4213,19.4493],[79.4081,19.4579],[79.3994,19.4518],[79.3842,19.4663],[79.3762,19.4827],[79.3863,19.4907],[79.3894,19.5067],[79.4025,19.5383]]]}},{"type":"Feature","properties":{"uid":"TSSD0544","mandal_name":"Warangal","district_name":"Warangal_Urban","centroid":[79.6241,18.0103],"area":39.54,"zonalstat":{"min":0.2212,"max":0.8028,"mean":0.6108,"count":166,"sum":101.3907,"median":0.6766}},"geometry":{"type":"Polygon","coordinates":[[[79.6709,18.0266],[79.6638,18.0366],[79.6506,18.0414],[79.6442,18.0365],[79.6251,18.0408],[79.6065,18.0291],[79.5992,18.0356],[79.5945,18.0207],[79.5907,17.9864],[79.5975,17.9746],[79.6179,17.9761],[79.6192,17.9813],[79.6374,17.9848],[79.6608,18.0241],[79.6707,18.0256],[79.6709,18.0266]]]}},{"type":"Feature","properties":{"uid":"TSSD0545","mandal_name":"Wardhannapet","district_name":"Warangal_Rural","centroid":[79.5845,17.7725],"area":158.41,"zonalstat":{"min":0.275,"max":0.8883,"mean":0.7486,"count":666,"sum":498.5397,"median":0.7537}},"geometry":{"type":"Polygon","coordinates":[[[79.6445,17.821],[79.6375,17.8264],[79.6347,17.8406],[79.6449,17.8679],[79.6267,17.8739],[79.617,17.8692],[79.6159,17.8492],[79.6222,17.8334],[79.6127,17.8212],[79.596,17.8233],[79.5817,17.8147],[79.5619,17.8115],[79.5618,17.7932],[79.5531,17.7862],[79.5145,17.7939],[79.5147,17.7738],[79.5049,17.7485],[79.4904,17.7553],[79.4795,17.744],[79.4939,17.7404],[79.5035,17.7255],[79.5025,17.7148],[79.5158,17.7002],[79.5266,17.6956],[79.5391,17.7133],[79.5294,17.7191],[79.5338,17.7303],[79.5587,17.7228],[79.5616,17.7292],[79.578,17.7381],[79.5843,17.7341],[79.6376,17.7229],[79.6439,17.7274],[79.6396,17.7483],[79.6462,17.76],[79.6624,17.7614],[79.6584,17.7779],[79.6608,17.8015],[79.6454,17.8099],[79.6445,17.821]]]}},{"type":"Feature","properties":{"uid":"TSSD0546","mandal_name":"Wargal","district_name":"Siddipet","centroid":[78.5857,17.7876],"area":141.87,"zonalstat":{"min":0.2913,"max":0.8782,"mean":0.6911,"count":600,"sum":414.6883,"median":0.7008}},"geometry":{"type":"Polygon","coordinates":[[[78.5594,17.8379],[78.548,17.834],[78.5283,17.8345],[78.5197,17.8272],[78.5231,17.8193],[78.5107,17.8036],[78.5182,17.7941],[78.5113,17.7736],[78.5226,17.7449],[78.548,17.7461],[78.5696,17.7374],[78.5858,17.7401],[78.601,17.7527],[78.6411,17.7492],[78.6701,17.7607],[78.6699,17.7761],[78.6642,17.8009],[78.6498,17.8102],[78.64,17.8214],[78.6289,17.8236],[78.6182,17.8323],[78.6095,17.8257],[78.5914,17.833],[78.583,17.8324],[78.5594,17.8379]]]}},{"type":"Feature","properties":{"uid":"TSSD0547","mandal_name":"Weepangandla","district_name":"Wanaparthy","centroid":[78.1355,16.137],"area":165.53,"zonalstat":{"min":0.1702,"max":0.879,"mean":0.6705,"count":694,"sum":465.2933,"median":0.6727}},"geometry":{"type":"Polygon","coordinates":[[[78.21,16.1778],[78.2008,16.1734],[78.1804,16.1759],[78.1617,16.1841],[78.1528,16.1764],[78.1374,16.1794],[78.1187,16.188],[78.1076,16.1786],[78.0855,16.1896],[78.0739,16.185],[78.0608,16.1643],[78.0508,16.1304],[78.0387,16.1095],[78.0747,16.0928],[78.0811,16.1049],[78.1094,16.0994],[78.1213,16.0919],[78.1388,16.093],[78.1515,16.0985],[78.1703,16.0843],[78.1815,16.081],[78.1922,16.0817],[78.1984,16.092],[78.2133,16.0974],[78.206,16.1061],[78.2111,16.1305],[78.2182,16.1395],[78.2206,16.1497],[78.2275,16.1699],[78.21,16.1778]]]}},{"type":"Feature","properties":{"uid":"TSSD0548","mandal_name":"Wyra","district_name":"Khammam","centroid":[80.365,17.1246],"area":135.48,"zonalstat":{"min":0.2759,"max":0.9346,"mean":0.8128,"count":568,"sum":461.6902,"median":0.8408}},"geometry":{"type":"Polygon","coordinates":[[[80.4195,17.092],[80.4203,17.1138],[80.4099,17.1259],[80.4077,17.1404],[80.4315,17.1401],[80.4389,17.1573],[80.4183,17.1615],[80.3982,17.1722],[80.3992,17.1834],[80.3828,17.18],[80.3766,17.2027],[80.3645,17.195],[80.3441,17.2012],[80.3396,17.1745],[80.3428,17.1616],[80.3322,17.1537],[80.3247,17.1286],[80.3076,17.1281],[80.2977,17.1131],[80.3068,17.0997],[80.2925,17.0794],[80.3107,17.0698],[80.3113,17.0852],[80.3283,17.0874],[80.3214,17.0652],[80.3331,17.0557],[80.3433,17.0661],[80.3438,17.0757],[80.3604,17.0728],[80.3665,17.0526],[80.3873,17.0705],[80.409,17.0915],[80.4186,17.0918],[80.4195,17.092]]]}},{"type":"Feature","properties":{"uid":"TSSD0549","mandal_name":"Yacharam","district_name":"Rangareddy","centroid":[78.6631,17.0259],"area":316.92,"zonalstat":{"min":0.1266,"max":0.9333,"mean":0.6981,"count":1329,"sum":927.7564,"median":0.7185}},"geometry":{"type":"Polygon","coordinates":[[[78.8068,17.0049],[78.8079,17.0095],[78.779,17.0123],[78.7681,17.0195],[78.7787,17.0407],[78.7342,17.0399],[78.7091,17.0507],[78.6974,17.0733],[78.7119,17.0972],[78.7023,17.1159],[78.6902,17.1189],[78.6811,17.1287],[78.6553,17.1278],[78.6338,17.1169],[78.6138,17.1204],[78.61,17.1158],[78.5995,17.0779],[78.5889,17.0632],[78.596,17.0542],[78.586,17.0369],[78.5667,17.0426],[78.5482,17.0418],[78.5457,17.0285],[78.5657,16.9944],[78.5596,16.9835],[78.5727,16.9603],[78.5886,16.9521],[78.6115,16.9648],[78.649,16.9605],[78.6673,16.9445],[78.686,16.9341],[78.6955,16.936],[78.7097,16.9662],[78.7292,16.9737],[78.7595,16.9695],[78.7592,16.9833],[78.7894,16.9773],[78.7926,16.9911],[78.8068,17.0049]]]}},{"type":"Feature","properties":{"uid":"TSSD0550","mandal_name":"Yadagirigutta","district_name":"Yadadri Bhuvanagiri","centroid":[78.9601,17.612],"area":186.21,"zonalstat":{"min":0.2907,"max":0.8455,"mean":0.6675,"count":787,"sum":525.2863,"median":0.6811}},"geometry":{"type":"Polygon","coordinates":[[[79.0219,17.5383],[79.0286,17.5669],[79.035,17.6056],[79.0383,17.6173],[79.0175,17.6244],[79.0227,17.6325],[79.0157,17.6425],[79.0164,17.6634],[78.998,17.685],[78.9923,17.6865],[78.9906,17.6765],[78.9505,17.672],[78.9377,17.6738],[78.926,17.6697],[78.9131,17.6549],[78.894,17.656],[78.8876,17.6113],[78.8787,17.6117],[78.8599,17.6207],[78.8484,17.6207],[78.8508,17.5988],[78.856,17.596],[78.865,17.5874],[78.8799,17.5807],[78.8859,17.5912],[78.9042,17.5805],[78.9273,17.5783],[78.9332,17.5706],[78.9557,17.5713],[78.9684,17.5672],[78.9671,17.5501],[78.9868,17.5514],[78.986,17.5356],[79.0144,17.5346],[79.0219,17.5383]]]}},{"type":"Feature","properties":{"uid":"TSSD0551","mandal_name":"Yedapally","district_name":"Nizamabad","centroid":[77.9855,18.6785],"area":94.89,"zonalstat":{"min":0.3827,"max":0.8681,"mean":0.6249,"count":403,"sum":251.821,"median":0.6106}},"geometry":{"type":"Polygon","coordinates":[[[77.986,18.6245],[77.991,18.628],[78.0195,18.6234],[78.0237,18.6458],[78.032,18.6557],[78.0286,18.6982],[78.0423,18.7007],[78.04,18.7157],[78.0219,18.7226],[78.0033,18.7294],[78.0004,18.7118],[77.9714,18.7184],[77.9592,18.7252],[77.9496,18.7155],[77.9477,18.7038],[77.9452,18.6967],[77.929,18.707],[77.9209,18.7035],[77.9155,18.69],[77.9288,18.6851],[77.9281,18.6739],[77.9363,18.6623],[77.9569,18.6528],[77.9601,18.6365],[77.9742,18.6391],[77.9853,18.6252],[77.986,18.6245]]]}},{"type":"Feature","properties":{"uid":"TSSD0552","mandal_name":"Yelal","district_name":"Vikarabad","centroid":[77.6368,17.2112],"area":198.18,"zonalstat":{"min":0.0411,"max":0.879,"mean":0.708,"count":832,"sum":589.0808,"median":0.7204}},"geometry":{"type":"Polygon","coordinates":[[[77.7437,17.2298],[77.7514,17.2589],[77.7344,17.2675],[77.7445,17.2856],[77.7199,17.2828],[77.7077,17.2839],[77.6899,17.2748],[77.6754,17.2723],[77.6685,17.2654],[77.6774,17.2565],[77.6741,17.2456],[77.6614,17.2368],[77.6261,17.2529],[77.6016,17.2505],[77.5822,17.2306],[77.5757,17.2357],[77.5573,17.2386],[77.5558,17.2149],[77.5384,17.2095],[77.5366,17.1966],[77.5279,17.1883],[77.5315,17.1674],[77.5428,17.161],[77.5408,17.1521],[77.5478,17.1418],[77.5764,17.1305],[77.5863,17.1519],[77.6202,17.1533],[77.6132,17.1683],[77.642,17.1743],[77.6468,17.1836],[77.6729,17.1819],[77.6819,17.1764],[77.6935,17.186],[77.6937,17.1998],[77.6996,17.2079],[77.716,17.2097],[77.7286,17.2039],[77.7243,17.1901],[77.7383,17.1815],[77.7362,17.2042],[77.7315,17.2218],[77.7437,17.2298]]]}},{"type":"Feature","properties":{"uid":"TSSD0553","mandal_name":"Yeldurthy","district_name":"Medak","centroid":[78.3287,17.9093],"area":163.31,"zonalstat":{"min":0.1729,"max":0.8906,"mean":0.7562,"count":686,"sum":518.7299,"median":0.7673}},"geometry":{"type":"Polygon","coordinates":[[[78.3967,17.9049],[78.3831,17.909],[78.3727,17.9449],[78.3625,17.9493],[78.3586,17.966],[78.3418,17.9653],[78.328,17.9856],[78.3231,17.9871],[78.3106,17.9822],[78.2803,17.9852],[78.2802,17.9777],[78.2884,17.9491],[78.274,17.9271],[78.2749,17.9269],[78.2692,17.9227],[78.2616,17.9166],[78.2659,17.896],[78.2502,17.8698],[78.2785,17.8607],[78.2907,17.8504],[78.2996,17.8527],[78.3146,17.8452],[78.3339,17.8658],[78.3479,17.8651],[78.3893,17.8556],[78.401,17.86],[78.4071,17.8718],[78.4187,17.8786],[78.4199,17.8779],[78.4238,17.8835],[78.4251,17.885],[78.3967,17.9049]]]}},{"type":"Feature","properties":{"uid":"TSSD0554","mandal_name":"Yellandu","district_name":"Bhadradri Kothagudem","centroid":[80.3207,17.6558],"area":446.45,"zonalstat":{"min":0.1079,"max":0.9343,"mean":0.7995,"count":1889,"sum":1510.2839,"median":0.8117}},"geometry":{"type":"Polygon","coordinates":[[[80.4288,17.736],[80.4229,17.7349],[80.4117,17.7537],[80.3943,17.7497],[80.3425,17.785],[80.2928,17.7849],[80.2812,17.7773],[80.2636,17.7808],[80.2588,17.776],[80.2601,17.75],[80.2484,17.7333],[80.2415,17.7346],[80.25,17.7118],[80.2604,17.7061],[80.2609,17.6904],[80.2553,17.6632],[80.2472,17.6546],[80.2356,17.6505],[80.2283,17.6548],[80.2076,17.6509],[80.2064,17.6241],[80.2109,17.6116],[80.2252,17.6084],[80.202,17.5591],[80.203,17.5561],[80.2147,17.5563],[80.2307,17.5496],[80.2331,17.566],[80.2465,17.5426],[80.2569,17.5526],[80.2658,17.5511],[80.2736,17.5645],[80.2834,17.5654],[80.2894,17.5779],[80.3287,17.5689],[80.3596,17.5589],[80.3729,17.5595],[80.3708,17.5429],[80.3595,17.533],[80.3534,17.5092],[80.3688,17.5095],[80.376,17.4952],[80.4098,17.5234],[80.3969,17.5322],[80.3908,17.56],[80.4181,17.6101],[80.4063,17.6459],[80.3773,17.6646],[80.4269,17.7301],[80.4288,17.736]]]}},{"type":"Feature","properties":{"uid":"TSSD0555","mandal_name":"Yellareddy","district_name":"Kamareddy","centroid":[78.019,18.2172],"area":184.45,"zonalstat":{"min":-0.3,"max":0.8811,"mean":0.7204,"count":780,"sum":561.8976,"median":0.7606}},"geometry":{"type":"Polygon","coordinates":[[[78.0917,18.2018],[78.0959,18.2154],[78.0897,18.2194],[78.0835,18.2395],[78.0839,18.2491],[78.0611,18.2477],[78.0453,18.256],[78.0357,18.2684],[78.0389,18.2966],[78.0255,18.3213],[77.9891,18.3183],[77.9777,18.3141],[77.9754,18.3038],[77.9644,18.2884],[77.979,18.2795],[77.9873,18.2534],[77.9603,18.2473],[77.9592,18.2383],[77.973,18.2282],[77.9672,18.2177],[77.9928,18.1793],[78.0011,18.1782],[78.0005,18.163],[78.0082,18.1517],[78.0026,18.1434],[78.0054,18.1307],[77.9847,18.1332],[77.9408,18.1305],[77.942,18.1236],[77.9528,18.1178],[77.9846,18.1081],[78.0044,18.1092],[78.0138,18.1066],[78.0187,18.1152],[78.0206,18.1364],[78.0303,18.1484],[78.0391,18.1397],[78.0521,18.1395],[78.0521,18.1521],[78.0648,18.1619],[78.0623,18.1874],[78.071,18.1879],[78.0917,18.2018]]]}},{"type":"Feature","properties":{"uid":"TSSD0556","mandal_name":"Yellareddypet","district_name":"Rajanna Sircilla","centroid":[78.6577,18.3974],"area":186.82,"zonalstat":{"min":0.3752,"max":0.8753,"mean":0.7365,"count":786,"sum":578.9126,"median":0.7443}},"geometry":{"type":"Polygon","coordinates":[[[78.7423,18.4157],[78.7212,18.4222],[78.7173,18.4345],[78.6989,18.4522],[78.675,18.4453],[78.6579,18.4629],[78.6533,18.4535],[78.6187,18.4522],[78.6094,18.4422],[78.5847,18.4462],[78.5479,18.4325],[78.5519,18.4266],[78.5668,18.411],[78.6009,18.3914],[78.6097,18.377],[78.6021,18.3638],[78.6087,18.3498],[78.6303,18.3234],[78.6393,18.3285],[78.6466,18.3198],[78.6709,18.3224],[78.6679,18.3435],[78.6615,18.3485],[78.6843,18.3599],[78.7165,18.3608],[78.7434,18.3554],[78.7493,18.3562],[78.7499,18.3816],[78.7576,18.3943],[78.7414,18.4014],[78.7423,18.4157]]]}},{"type":"Feature","properties":{"uid":"TSSD0557","mandal_name":"Yergatla","district_name":"Nizamabad","centroid":[78.4835,18.9242],"area":68.02,"zonalstat":{"min":0.1499,"max":0.8023,"mean":0.6656,"count":289,"sum":192.3546,"median":0.6806}},"geometry":{"type":"Polygon","coordinates":[[[78.5081,18.9713],[78.4969,18.9731],[78.4817,18.9667],[78.4797,18.9594],[78.4575,18.9539],[78.4395,18.9314],[78.4535,18.9129],[78.4521,18.8997],[78.4365,18.8895],[78.4361,18.8719],[78.4545,18.8735],[78.4578,18.8779],[78.4865,18.8922],[78.4948,18.8858],[78.5001,18.8932],[78.5196,18.9009],[78.5215,18.9246],[78.5287,18.9434],[78.5386,18.9465],[78.5282,18.9488],[78.5081,18.9713]]]}},{"type":"Feature","properties":{"uid":"TSSD0558","mandal_name":"Yerrupalem","district_name":"Khammam","centroid":[80.5182,16.8651],"area":262.24,"zonalstat":{"min":0.1979,"max":0.9256,"mean":0.7244,"count":1072,"sum":776.5939,"median":0.7379}},"geometry":{"type":"Polygon","coordinates":[[[80.47,16.9408],[80.4656,16.9279],[80.4572,16.9282],[80.4458,16.9063],[80.4349,16.8974],[80.429,16.8707],[80.4469,16.8553],[80.4448,16.8431],[80.4331,16.8372],[80.4531,16.8227],[80.4666,16.8165],[80.4649,16.7949],[80.4865,16.7915],[80.4941,16.7832],[80.5266,16.7747],[80.5516,16.7749],[80.5703,16.7688],[80.5775,16.779],[80.6053,16.7978],[80.5937,16.8034],[80.5634,16.8337],[80.5696,16.8452],[80.5689,16.8697],[80.5778,16.8796],[80.5962,16.8873],[80.5923,16.9065],[80.6011,16.9171],[80.5969,16.9243],[80.5842,16.9289],[80.581,16.9365],[80.5452,16.957],[80.5332,16.9616],[80.5266,16.9477],[80.5044,16.9563],[80.497,16.9542],[80.4934,16.9268],[80.47,16.9408]]]}},{"type":"Feature","properties":{"uid":"TSSD0559","mandal_name":"Zaffergadh","district_name":"Jangoan","centroid":[79.4627,17.7963],"area":163.78,"zonalstat":{"min":0.3782,"max":0.8482,"mean":0.7377,"count":686,"sum":506.0962,"median":0.7462}},"geometry":{"type":"Polygon","coordinates":[[[79.5145,17.7939],[79.5146,17.8181],[79.4957,17.8188],[79.4931,17.8412],[79.5079,17.8616],[79.4928,17.8685],[79.4873,17.8882],[79.4783,17.8923],[79.4629,17.8729],[79.4494,17.8787],[79.4236,17.8736],[79.4215,17.8492],[79.4084,17.8437],[79.4199,17.8312],[79.4203,17.8097],[79.407,17.8093],[79.4043,17.7927],[79.4225,17.7722],[79.416,17.7582],[79.435,17.7503],[79.4278,17.7397],[79.4383,17.7335],[79.437,17.7216],[79.4598,17.6986],[79.4814,17.7056],[79.486,17.7117],[79.5025,17.7148],[79.5035,17.7255],[79.4939,17.7404],[79.4795,17.744],[79.4904,17.7553],[79.5049,17.7485],[79.5147,17.7738],[79.5145,17.7939]]]}},{"type":"Feature","properties":{"uid":"TSSD0560","mandal_name":"Zahirabad","district_name":"Sangareddy","centroid":[77.5935,17.6687],"area":243.94,"zonalstat":{"min":0.177,"max":0.8352,"mean":0.662,"count":1028,"sum":680.582,"median":0.6761}},"geometry":{"type":"Polygon","coordinates":[[[77.5939,17.5645],[77.5955,17.5459],[77.6104,17.5525],[77.61,17.5586],[77.6393,17.6025],[77.6368,17.6228],[77.6443,17.6344],[77.6672,17.6378],[77.6763,17.6579],[77.6941,17.6712],[77.7049,17.6835],[77.7136,17.7052],[77.698,17.6913],[77.6774,17.6818],[77.6732,17.6896],[77.6541,17.6973],[77.6477,17.7189],[77.6374,17.7346],[77.6198,17.7437],[77.6122,17.7474],[77.5957,17.7458],[77.5681,17.7493],[77.5469,17.7292],[77.5218,17.7268],[77.494,17.71],[77.4717,17.7037],[77.4738,17.6908],[77.4846,17.676],[77.4956,17.6769],[77.4984,17.6897],[77.5179,17.6863],[77.522,17.6787],[77.5396,17.6665],[77.548,17.6337],[77.551,17.6133],[77.5655,17.6114],[77.5664,17.5895],[77.5912,17.5782],[77.5939,17.5645]]]}},{"type":"Feature","properties":{"uid":"TSSD0561","mandal_name":"Lingal","district_name":"Nagarkurnool","centroid":[78.5061,16.2704],"area":183.51,"zonalstat":{"min":0.1661,"max":0.8332,"mean":0.6387,"count":775,"sum":494.9939,"median":0.6444}},"geometry":{"type":"Polygon","coordinates":[[[78.5146,16.3766],[78.4874,16.3755],[78.4869,16.3535],[78.4749,16.3339],[78.4733,16.3232],[78.4551,16.3219],[78.454,16.3043],[78.4369,16.2928],[78.4381,16.2741],[78.4309,16.266],[78.4363,16.2419],[78.4498,16.2383],[78.4501,16.2263],[78.4608,16.2165],[78.4874,16.2168],[78.5021,16.2178],[78.5059,16.2067],[78.5203,16.1973],[78.5577,16.1973],[78.5697,16.2046],[78.5763,16.2194],[78.594,16.2475],[78.5885,16.26],[78.5766,16.2609],[78.5651,16.2591],[78.5417,16.2918],[78.5314,16.2922],[78.5213,16.3226],[78.5206,16.3444],[78.527,16.3549],[78.5146,16.3766]]]}},{"type":"Feature","properties":{"uid":"TSSD0562","mandal_name":"Nagar_Kurnool","district_name":"Nagarkurnool","centroid":[78.3155,16.4489],"area":222.74,"zonalstat":{"min":0.0239,"max":0.8946,"mean":0.6452,"count":939,"sum":605.8083,"median":0.6674}},"geometry":{"type":"Polygon","coordinates":[[[78.4224,16.5181],[78.4054,16.5308],[78.3915,16.5306],[78.3814,16.4946],[78.3482,16.4963],[78.3445,16.5135],[78.3359,16.52],[78.3075,16.5149],[78.3005,16.5023],[78.2838,16.5139],[78.2753,16.5126],[78.2671,16.5105],[78.2622,16.4975],[78.2527,16.4985],[78.2346,16.4827],[78.2357,16.4637],[78.2285,16.4533],[78.2346,16.432],[78.2011,16.4214],[78.2017,16.4058],[78.2297,16.408],[78.2406,16.4152],[78.252,16.4165],[78.2575,16.4062],[78.2963,16.3999],[78.3102,16.3937],[78.3135,16.376],[78.3115,16.3564],[78.3199,16.3509],[78.3332,16.3515],[78.3421,16.367],[78.3429,16.3783],[78.3784,16.3765],[78.3852,16.3736],[78.3849,16.385],[78.3924,16.3999],[78.347,16.4174],[78.3516,16.4333],[78.3642,16.4349],[78.3928,16.4526],[78.3832,16.4731],[78.3843,16.4883],[78.4163,16.4963],[78.4244,16.4935],[78.4224,16.5181]]]}},{"type":"Feature","properties":{"uid":"TSSD0563","mandal_name":"Mahabubnagar_Rural","district_name":"Mahabubnagar","centroid":[77.9159,16.6976],"area":145.45,"zonalstat":{"min":0.4923,"max":0.8431,"mean":0.7358,"count":608,"sum":447.3621,"median":0.7447}},"geometry":{"type":"Polygon","coordinates":[[[77.9473,16.7562],[77.9441,16.7726],[77.9339,16.7717],[77.9258,16.7629],[77.9078,16.7634],[77.9085,16.7547],[77.8906,16.7545],[77.8881,16.7408],[77.8743,16.7146],[77.867,16.7112],[77.8588,16.7198],[77.8407,16.7239],[77.8286,16.7069],[77.8478,16.6886],[77.8518,16.6685],[77.8669,16.6535],[77.9,16.6442],[77.9171,16.6487],[77.9323,16.6558],[77.9588,16.6453],[77.9914,16.6439],[77.986,16.6488],[77.9925,16.6615],[77.9778,16.6684],[77.9715,16.6954],[77.9833,16.6976],[77.9866,16.7081],[77.9764,16.7177],[77.9661,16.7198],[77.9463,16.7417],[77.9473,16.7562]]]}},{"type":"Feature","properties":{"uid":"TSSD0564","mandal_name":"Utkoor","district_name":"Narayanpet","centroid":[77.5324,16.6377],"area":256.63,"zonalstat":{"min":0.1857,"max":0.8691,"mean":0.665,"count":1065,"sum":708.1993,"median":0.6658}},"geometry":{"type":"Polygon","coordinates":[[[77.619,16.6505],[77.6083,16.6614],[77.6032,16.6784],[77.6042,16.6881],[77.5941,16.6921],[77.5873,16.6805],[77.5728,16.6839],[77.5725,16.699],[77.5802,16.7158],[77.568,16.7204],[77.56,16.7062],[77.5357,16.6993],[77.5198,16.7145],[77.5209,16.7265],[77.5107,16.7297],[77.4952,16.7218],[77.4799,16.7254],[77.4739,16.7166],[77.4693,16.7028],[77.4699,16.6883],[77.4638,16.6774],[77.448,16.6803],[77.4421,16.6703],[77.423,16.6686],[77.4187,16.6592],[77.432,16.6547],[77.444,16.64],[77.4635,16.6547],[77.4732,16.6462],[77.4636,16.6283],[77.4534,16.6172],[77.4678,16.6106],[77.4611,16.5849],[77.4607,16.584],[77.4605,16.5832],[77.4616,16.583],[77.4631,16.5838],[77.4641,16.5835],[77.4677,16.5851],[77.4689,16.5872],[77.4798,16.585],[77.4801,16.5735],[77.51,16.5697],[77.5179,16.574],[77.5352,16.569],[77.5338,16.5471],[77.5469,16.5437],[77.5608,16.5481],[77.5717,16.546],[77.5864,16.5755],[77.6034,16.5851],[77.6134,16.5959],[77.6179,16.6043],[77.6308,16.614],[77.6347,16.6285],[77.6158,16.6264],[77.595,16.6438],[77.6127,16.6441],[77.619,16.6505]]]}},{"type":"Feature","properties":{"uid":"TSSD0565","mandal_name":"Saroornagar","district_name":"Rangareddy","centroid":[78.5434,17.3556],"area":22.03,"zonalstat":{"min":0.0471,"max":0.8261,"mean":0.29,"count":94,"sum":27.2575,"median":0.233}},"geometry":{"type":"Polygon","coordinates":[[[78.5833,17.3626],[78.557,17.3624],[78.5495,17.3723],[78.5263,17.3705],[78.5156,17.3773],[78.5101,17.3799],[78.5107,17.3655],[78.5211,17.3576],[78.5069,17.3485],[78.5186,17.3428],[78.5368,17.3376],[78.5424,17.3383],[78.5425,17.3367],[78.5442,17.3361],[78.5456,17.3368],[78.5444,17.343],[78.5617,17.3399],[78.5754,17.3482],[78.5856,17.3467],[78.5833,17.3626]]]}},{"type":"Feature","properties":{"uid":"TSSD0566","mandal_name":"Ameenpur","district_name":"Sangareddy","centroid":[78.3147,17.5432],"area":37.76,"zonalstat":{"min":0.1061,"max":0.8106,"mean":0.4937,"count":161,"sum":79.4916,"median":0.4878}},"geometry":{"type":"Polygon","coordinates":[[[78.35,17.5282],[78.3467,17.5352],[78.3306,17.5468],[78.3357,17.5625],[78.3266,17.5739],[78.3053,17.5799],[78.2896,17.5764],[78.2893,17.559],[78.2802,17.5525],[78.2811,17.5413],[78.2897,17.5299],[78.3065,17.5226],[78.313,17.5107],[78.3392,17.5056],[78.348,17.5227],[78.35,17.5282]]]}},{"type":"Feature","properties":{"uid":"TSSD0567","mandal_name":"Jinnaram","district_name":"Sangareddy","centroid":[78.3202,17.6107],"area":111.94,"zonalstat":{"min":0.1691,"max":0.8414,"mean":0.6612,"count":468,"sum":309.4603,"median":0.6901}},"geometry":{"type":"Polygon","coordinates":[[[78.3724,17.6142],[78.3606,17.622],[78.3628,17.6399],[78.3442,17.6539],[78.3325,17.657],[78.3357,17.6717],[78.3247,17.6723],[78.3195,17.6598],[78.3096,17.6497],[78.2928,17.6453],[78.2943,17.6619],[78.2707,17.6515],[78.2549,17.6472],[78.2445,17.6398],[78.2337,17.6384],[78.2336,17.6249],[78.2274,17.6192],[78.2508,17.6224],[78.2618,17.6281],[78.2681,17.6065],[78.2839,17.6048],[78.282,17.59],[78.2896,17.5764],[78.3053,17.5799],[78.3266,17.5739],[78.3357,17.5625],[78.3306,17.5468],[78.3467,17.5352],[78.35,17.5282],[78.3483,17.5351],[78.3628,17.5519],[78.36,17.5674],[78.3802,17.581],[78.3875,17.6065],[78.3724,17.6142]]]}},{"type":"Feature","properties":{"uid":"TSSD0568","mandal_name":"Toopran","district_name":"Medak","centroid":[78.4935,17.8457],"area":112.07,"zonalstat":{"min":0.2227,"max":0.9178,"mean":0.7524,"count":472,"sum":355.133,"median":0.7645}},"geometry":{"type":"Polygon","coordinates":[[[78.5273,17.898],[78.5116,17.8972],[78.5001,17.8907],[78.4856,17.8947],[78.4746,17.892],[78.4724,17.8798],[78.4572,17.8833],[78.4554,17.8753],[78.4411,17.8739],[78.4403,17.8719],[78.4279,17.8517],[78.4338,17.8391],[78.426,17.826],[78.4469,17.8149],[78.454,17.8176],[78.4683,17.809],[78.4704,17.7971],[78.4817,17.782],[78.5,17.7759],[78.5084,17.797],[78.5182,17.7941],[78.5107,17.8036],[78.5231,17.8193],[78.5197,17.8272],[78.5283,17.8345],[78.548,17.834],[78.5594,17.8379],[78.5573,17.8501],[78.5614,17.8825],[78.5513,17.8845],[78.5285,17.8781],[78.5273,17.898]]]}},{"type":"Feature","properties":{"uid":"TSSD0569","mandal_name":"Manoharabad","district_name":"Medak","centroid":[78.4726,17.752],"area":88.1,"zonalstat":{"min":0.3395,"max":0.8847,"mean":0.7035,"count":376,"sum":264.498,"median":0.7163}},"geometry":{"type":"Polygon","coordinates":[[[78.5182,17.7941],[78.5084,17.797],[78.5,17.7759],[78.4817,17.782],[78.4704,17.7971],[78.4683,17.809],[78.454,17.8176],[78.4469,17.8149],[78.4471,17.8005],[78.4327,17.7984],[78.4267,17.7787],[78.4193,17.7688],[78.427,17.7554],[78.4479,17.7469],[78.4466,17.7338],[78.4406,17.7267],[78.4489,17.7085],[78.4694,17.6921],[78.4929,17.6946],[78.5106,17.7216],[78.5226,17.7449],[78.5113,17.7736],[78.5182,17.7941]]]}},{"type":"Feature","properties":{"uid":"TSSD0570","mandal_name":"Doultabad","district_name":"Siddipet","centroid":[78.5809,17.97],"area":129.06,"zonalstat":{"min":0.3838,"max":0.8837,"mean":0.7446,"count":547,"sum":407.3152,"median":0.7462}},"geometry":{"type":"Polygon","coordinates":[[[78.5614,17.8825],[78.5669,17.9017],[78.5728,17.9066],[78.5828,17.9293],[78.6066,17.9265],[78.6079,17.9496],[78.6177,17.958],[78.6341,17.9627],[78.6408,17.9713],[78.6436,17.9928],[78.6334,18.0233],[78.6229,18.041],[78.6086,18.0321],[78.585,18.0295],[78.5806,18.0322],[78.5677,18.032],[78.5597,18.0383],[78.5498,18.0183],[78.5443,17.9975],[78.533,17.9914],[78.5427,17.9737],[78.535,17.963],[78.5319,17.95],[78.5431,17.9408],[78.5295,17.9247],[78.546,17.9154],[78.5336,17.9057],[78.5273,17.898],[78.5285,17.8781],[78.5513,17.8845],[78.5614,17.8825]]]}},{"type":"Feature","properties":{"uid":"TSSD0571","mandal_name":"Chilipched","district_name":"Medak","centroid":[78.1238,17.8555],"area":76.05,"zonalstat":{"min":0.3112,"max":0.9045,"mean":0.7597,"count":321,"sum":243.8516,"median":0.7727}},"geometry":{"type":"Polygon","coordinates":[[[78.1056,17.9034],[78.0788,17.905],[78.0736,17.8684],[78.0952,17.8593],[78.094,17.8333],[78.0985,17.8158],[78.114,17.803],[78.132,17.8123],[78.1381,17.8249],[78.1481,17.8342],[78.15,17.7971],[78.1631,17.7967],[78.1654,17.8199],[78.177,17.8153],[78.1868,17.8325],[78.1764,17.8329],[78.1524,17.8427],[78.1575,17.8569],[78.1371,17.8572],[78.138,17.8796],[78.162,17.8785],[78.1717,17.8867],[78.1654,17.8939],[78.134,17.8972],[78.1056,17.9034]]]}},{"type":"Feature","properties":{"uid":"TSSD0572","mandal_name":"Shankarampet_R","district_name":"Medak","centroid":[78.3865,17.9942],"area":136.79,"zonalstat":{"min":0.1152,"max":0.9001,"mean":0.7801,"count":580,"sum":452.4659,"median":0.7977}},"geometry":{"type":"Polygon","coordinates":[[[78.3682,18.0813],[78.357,18.0595],[78.3402,18.036],[78.3348,18.0366],[78.3291,18.02],[78.3397,18.0114],[78.3385,18.0019],[78.3269,17.9901],[78.3276,17.9857],[78.328,17.9856],[78.3418,17.9653],[78.3586,17.966],[78.3625,17.9493],[78.3727,17.9449],[78.3831,17.909],[78.3967,17.9049],[78.4035,17.9272],[78.4367,17.9372],[78.44,17.9487],[78.4375,17.969],[78.4311,17.9843],[78.438,17.9908],[78.4392,17.9916],[78.4424,18.0062],[78.4368,18.0131],[78.4387,18.0248],[78.4246,18.0257],[78.4169,18.0194],[78.4035,18.0293],[78.4026,18.0612],[78.3923,18.0695],[78.3682,18.0813]]]}},{"type":"Feature","properties":{"uid":"TSSD0573","mandal_name":"Chegunta","district_name":"Medak","centroid":[78.507,17.9882],"area":131.44,"zonalstat":{"min":0.2724,"max":0.9082,"mean":0.7739,"count":556,"sum":430.2829,"median":0.7839}},"geometry":{"type":"Polygon","coordinates":[[[78.5336,17.9057],[78.546,17.9154],[78.5295,17.9247],[78.5431,17.9408],[78.5319,17.95],[78.535,17.963],[78.5427,17.9737],[78.533,17.9914],[78.5443,17.9975],[78.5498,18.0183],[78.5597,18.0383],[78.5677,18.032],[78.5806,18.0322],[78.5852,18.0644],[78.573,18.0655],[78.5685,18.0652],[78.5534,18.0529],[78.5213,18.0611],[78.5197,18.0516],[78.5108,18.0469],[78.5025,18.034],[78.4861,18.0236],[78.4689,18.0273],[78.4688,18.0266],[78.4693,18.0033],[78.4521,17.9883],[78.4393,17.9915],[78.438,17.9908],[78.4311,17.9843],[78.4375,17.969],[78.44,17.9487],[78.4768,17.9395],[78.4888,17.9282],[78.4925,17.9172],[78.5109,17.9132],[78.5127,17.9231],[78.5233,17.9249],[78.526,17.913],[78.5336,17.9057]]]}},{"type":"Feature","properties":{"uid":"TSSD0574","mandal_name":"Domakonda","district_name":"Kamareddy","centroid":[78.4476,18.2569],"area":74.34,"zonalstat":{"min":0.2547,"max":0.8864,"mean":0.756,"count":314,"sum":237.3753,"median":0.7699}},"geometry":{"type":"Polygon","coordinates":[[[78.4283,18.2982],[78.415,18.3001],[78.4075,18.2952],[78.3862,18.2962],[78.3776,18.2906],[78.3792,18.2788],[78.409,18.266],[78.4045,18.2553],[78.4115,18.2472],[78.4111,18.2281],[78.4272,18.2135],[78.4625,18.2144],[78.4794,18.2235],[78.4845,18.2365],[78.4741,18.2413],[78.4795,18.2508],[78.5088,18.2464],[78.5149,18.2722],[78.5258,18.2756],[78.5208,18.2818],[78.516,18.285],[78.4924,18.2865],[78.4737,18.269],[78.4584,18.267],[78.4277,18.2831],[78.4283,18.2982]]]}},{"type":"Feature","properties":{"uid":"TSSD0575","mandal_name":"Pitlam","district_name":"Kamareddy","centroid":[77.8197,18.2718],"area":168.77,"zonalstat":{"min":0.3086,"max":0.9239,"mean":0.751,"count":715,"sum":536.9827,"median":0.7563}},"geometry":{"type":"Polygon","coordinates":[[[77.8408,18.3723],[77.8322,18.3805],[77.8153,18.3262],[77.7944,18.3298],[77.7915,18.3028],[77.7769,18.2914],[77.7799,18.2766],[77.7686,18.2699],[77.7677,18.2587],[77.7781,18.244],[77.7739,18.2343],[77.7391,18.2444],[77.7298,18.2436],[77.7449,18.2231],[77.7443,18.2087],[77.7375,18.2033],[77.7489,18.206],[77.7718,18.1903],[77.7972,18.205],[77.8115,18.1963],[77.8292,18.1955],[77.8387,18.2045],[77.8456,18.2019],[77.8519,18.2219],[77.8651,18.2407],[77.8556,18.2621],[77.8688,18.3071],[77.8801,18.2933],[77.8785,18.2773],[77.8899,18.2701],[77.8931,18.2868],[77.8889,18.3065],[77.8809,18.3211],[77.8741,18.3295],[77.8671,18.3508],[77.8408,18.3723]]]}},{"type":"Feature","properties":{"uid":"TSSD0576","mandal_name":"Bichkunda","district_name":"Kamareddy","centroid":[77.7471,18.3899],"area":191.8,"zonalstat":{"min":-0.0179,"max":0.8969,"mean":0.6685,"count":803,"sum":536.8083,"median":0.6833}},"geometry":{"type":"Polygon","coordinates":[[[77.7595,18.4788],[77.738,18.4883],[77.7337,18.4665],[77.714,18.4685],[77.7239,18.4532],[77.7026,18.4302],[77.6755,18.4311],[77.6696,18.4215],[77.6699,18.4102],[77.6593,18.4015],[77.6536,18.3847],[77.6626,18.3819],[77.6754,18.3687],[77.6905,18.3684],[77.7036,18.3584],[77.71,18.3464],[77.7212,18.3633],[77.7332,18.3609],[77.7306,18.3519],[77.7208,18.3484],[77.7224,18.3245],[77.7299,18.3204],[77.7324,18.3006],[77.7442,18.3018],[77.7563,18.3196],[77.7769,18.3297],[77.7944,18.3298],[77.8153,18.3262],[77.8322,18.3805],[77.821,18.3915],[77.7973,18.4058],[77.7819,18.434],[77.7789,18.4446],[77.7581,18.4714],[77.7595,18.4788]]]}},{"type":"Feature","properties":{"uid":"TSSD0577","mandal_name":"Birkoor","district_name":"Kamareddy","centroid":[77.8089,18.4498],"area":82.32,"zonalstat":{"min":-0.1837,"max":0.8583,"mean":0.5923,"count":350,"sum":207.3176,"median":0.642}},"geometry":{"type":"Polygon","coordinates":[[[77.8362,18.5053],[77.7889,18.4972],[77.7817,18.5045],[77.7613,18.5026],[77.7595,18.4788],[77.7581,18.4714],[77.7789,18.4446],[77.7819,18.434],[77.7973,18.4058],[77.821,18.3915],[77.8322,18.3805],[77.8408,18.3723],[77.8437,18.3896],[77.8385,18.3917],[77.8394,18.411],[77.8532,18.4079],[77.8634,18.4113],[77.8565,18.431],[77.8604,18.4386],[77.8345,18.4424],[77.83,18.4334],[77.8188,18.4369],[77.8221,18.4474],[77.8384,18.4662],[77.83,18.4889],[77.8362,18.5053]]]}},{"type":"Feature","properties":{"uid":"TSSD0578","mandal_name":"Mavala","district_name":"Adilabad","centroid":[78.5141,19.6386],"area":34.92,"zonalstat":{"min":0.3331,"max":0.8402,"mean":0.648,"count":151,"sum":97.8483,"median":0.6536}},"geometry":{"type":"Polygon","coordinates":[[[78.5114,19.6837],[78.5008,19.6819],[78.4973,19.6739],[78.4953,19.6506],[78.4871,19.6317],[78.4968,19.6078],[78.5131,19.6017],[78.5308,19.6045],[78.5382,19.6148],[78.5355,19.6297],[78.5431,19.6411],[78.5292,19.6644],[78.5207,19.668],[78.5114,19.6837]]]}},{"type":"Feature","properties":{"uid":"TSSD0579","mandal_name":"Anthergaon","district_name":"Peddapalli","centroid":[79.3901,18.7982],"area":122.7,"zonalstat":{"min":-0.3,"max":0.8555,"mean":0.6424,"count":524,"sum":336.6316,"median":0.776}},"geometry":{"type":"Polygon","coordinates":[[[79.4297,18.7284],[79.4427,18.7479],[79.4388,18.7611],[79.4307,18.7676],[79.4136,18.7693],[79.4477,18.7993],[79.4496,18.8259],[79.4567,18.8288],[79.4502,18.8351],[79.4319,18.8488],[79.4164,18.8532],[79.3977,18.8556],[79.3749,18.8512],[79.3578,18.8237],[79.3335,18.8145],[79.3211,18.8144],[79.3112,18.78],[79.3355,18.7702],[79.3449,18.7615],[79.372,18.7548],[79.4086,18.75],[79.4143,18.738],[79.4297,18.7284]]]}},{"type":"Feature","properties":{"uid":"TSSD0580","mandal_name":"Wazeed","district_name":"Mulugu","centroid":[80.5136,18.4966],"area":576.05,"zonalstat":{"min":-0.0567,"max":0.9785,"mean":0.4765,"count":2438,"sum":1161.7373,"median":0.4618}},"geometry":{"type":"Polygon","coordinates":[[[80.6873,18.4494],[80.6859,18.4585],[80.6558,18.4752],[80.6373,18.5043],[80.6384,18.522],[80.6187,18.528],[80.6078,18.5474],[80.5912,18.5582],[80.5717,18.5651],[80.5558,18.5807],[80.5352,18.5917],[80.515,18.6196],[80.5019,18.6218],[80.4887,18.6326],[80.4671,18.6267],[80.4582,18.6306],[80.418,18.6121],[80.3934,18.6069],[80.389,18.5993],[80.3965,18.574],[80.3941,18.5639],[80.3764,18.5313],[80.3741,18.5132],[80.3781,18.4848],[80.4005,18.4668],[80.4285,18.4626],[80.4575,18.4512],[80.462,18.4438],[80.4651,18.4131],[80.4612,18.3854],[80.4548,18.3616],[80.4654,18.3399],[80.4796,18.3466],[80.487,18.3558],[80.5225,18.385],[80.5334,18.3721],[80.5436,18.3784],[80.5551,18.3738],[80.5595,18.388],[80.5926,18.4032],[80.6107,18.4145],[80.642,18.4191],[80.6578,18.4263],[80.6873,18.4494]]]}},{"type":"Feature","properties":{"uid":"TSSD0581","mandal_name":"Kammarpally","district_name":"Nizamabad","centroid":[78.5418,18.7727],"area":158.53,"zonalstat":{"min":0.2133,"max":0.8659,"mean":0.6916,"count":671,"sum":464.0821,"median":0.7164}},"geometry":{"type":"Polygon","coordinates":[[[78.5397,18.8447],[78.5421,18.8518],[78.5359,18.888],[78.5196,18.9009],[78.5001,18.8932],[78.4948,18.8858],[78.4912,18.8707],[78.499,18.8549],[78.4924,18.837],[78.4931,18.8273],[78.504,18.8195],[78.4979,18.8117],[78.5105,18.7953],[78.4938,18.7918],[78.4899,18.7748],[78.4751,18.7549],[78.4948,18.7449],[78.4998,18.7471],[78.5142,18.7206],[78.5264,18.7187],[78.5302,18.6998],[78.5464,18.6886],[78.582,18.6842],[78.6214,18.6904],[78.6344,18.69],[78.6403,18.6976],[78.6399,18.7145],[78.6319,18.7246],[78.6143,18.7294],[78.5859,18.7208],[78.5713,18.7382],[78.5516,18.7461],[78.564,18.7845],[78.5529,18.7925],[78.557,18.8004],[78.5512,18.813],[78.5412,18.8184],[78.5476,18.8347],[78.5397,18.8447]]]}},{"type":"Feature","properties":{"uid":"TSSD0582","mandal_name":"Kodakandla","district_name":"Jangoan","centroid":[79.467,17.5439],"area":120.55,"zonalstat":{"min":0.3158,"max":0.8625,"mean":0.7165,"count":511,"sum":366.1127,"median":0.7301}},"geometry":{"type":"MultiPolygon","coordinates":[[[[79.5119,17.5869],[79.5007,17.5952],[79.4904,17.5894],[79.4708,17.5635],[79.4587,17.5603],[79.4346,17.561],[79.4351,17.5779],[79.4009,17.577],[79.3894,17.5665],[79.3836,17.5344],[79.3913,17.5325],[79.386,17.5107],[79.4148,17.4982],[79.4224,17.5015],[79.4302,17.517],[79.455,17.5124],[79.4722,17.5148],[79.4877,17.5097],[79.497,17.4962],[79.5193,17.4917],[79.5247,17.5094],[79.5411,17.5242],[79.5342,17.5501],[79.5168,17.5594],[79.5172,17.5759],[79.5126,17.5873],[79.5119,17.5869]]],[[[79.5366,17.6013],[79.5548,17.5978],[79.5625,17.6197],[79.5365,17.6302],[79.5401,17.6277],[79.5366,17.6013]]]]}},{"type":"Feature","properties":{"uid":"TSSD0583","mandal_name":"Krishna","district_name":"Narayanpet","centroid":[77.3509,16.432],"area":172.63,"zonalstat":{"min":-0.1044,"max":0.9061,"mean":0.7163,"count":707,"sum":506.3952,"median":0.7464}},"geometry":{"type":"Polygon","coordinates":[[[77.3691,16.4892],[77.346,16.4891],[77.3297,16.4858],[77.3146,16.4944],[77.2997,16.4899],[77.2937,16.4777],[77.2768,16.4756],[77.2391,16.4766],[77.2373,16.4708],[77.2616,16.4534],[77.2691,16.4323],[77.2874,16.4091],[77.3159,16.3977],[77.337,16.3941],[77.3482,16.3846],[77.3768,16.3868],[77.3996,16.372],[77.4222,16.3663],[77.4382,16.3794],[77.4502,16.3814],[77.4496,16.4016],[77.4564,16.4135],[77.438,16.4225],[77.4228,16.4221],[77.4101,16.4352],[77.3972,16.442],[77.3977,16.4643],[77.3775,16.4674],[77.3691,16.4892]]]}},{"type":"Feature","properties":{"uid":"TSSD0584","mandal_name":"Kotapalle","district_name":"Mancherial","centroid":[79.8491,18.9506],"area":414.48,"zonalstat":{"min":-0.2,"max":0.9448,"mean":0.7408,"count":1675,"sum":1240.8347,"median":0.7778}},"geometry":{"type":"Polygon","coordinates":[[[79.9143,18.8249],[79.9262,18.8373],[79.9448,18.8463],[79.9598,18.859],[79.9625,18.872],[79.9553,18.8987],[79.959,18.9301],[79.9569,18.9477],[79.9421,18.9957],[79.9378,19.0405],[79.9227,19.0504],[79.8989,19.0401],[79.883,19.0395],[79.8741,19.0197],[79.8696,18.999],[79.8554,18.9954],[79.8282,18.9952],[79.8219,19.0159],[79.8014,19.013],[79.7871,19.0226],[79.7806,19.0423],[79.7847,19.0558],[79.7595,19.0528],[79.7442,19.0555],[79.7318,19.0452],[79.7181,19.0504],[79.7011,19.0346],[79.7212,19.0215],[79.703,19.0071],[79.6906,18.984],[79.7108,18.9721],[79.7214,18.9585],[79.7392,18.9511],[79.7611,18.9337],[79.7775,18.9095],[79.7903,18.9087],[79.8081,18.9169],[79.8186,18.902],[79.8347,18.8964],[79.8371,18.8752],[79.846,18.8689],[79.8604,18.8554],[79.8703,18.8314],[79.8846,18.826],[79.9143,18.8249]]]}},{"type":"Feature","properties":{"uid":"TSSD0585","mandal_name":"Nadikuda","district_name":"Warangal_Rural","centroid":[79.6287,18.2044],"area":96.85,"zonalstat":{"min":0.2241,"max":0.9475,"mean":0.7615,"count":403,"sum":306.8837,"median":0.7766}},"geometry":{"type":"Polygon","coordinates":[[[79.6543,18.2532],[79.6302,18.2734],[79.6179,18.263],[79.5972,18.2647],[79.582,18.2567],[79.5802,18.2535],[79.58,18.2409],[79.5897,18.2354],[79.5918,18.2178],[79.5997,18.2122],[79.5986,18.1946],[79.6082,18.1887],[79.6019,18.1615],[79.6023,18.1422],[79.6023,18.1409],[79.62,18.1382],[79.6246,18.1317],[79.6251,18.1308],[79.6258,18.1318],[79.6279,18.1317],[79.633,18.1344],[79.6374,18.139],[79.6579,18.1342],[79.658,18.1343],[79.6629,18.1486],[79.6632,18.1489],[79.6613,18.1567],[79.6458,18.1683],[79.6576,18.1834],[79.671,18.1847],[79.6761,18.2039],[79.666,18.2195],[79.6693,18.2317],[79.6495,18.2339],[79.6543,18.2532]]]}},{"type":"Feature","properties":{"uid":"TSSD0586","mandal_name":"Muduchinthalaphally","district_name":"Medchal_Malkajgiri","centroid":[78.667,17.641],"area":92.19,"zonalstat":{"min":0.3704,"max":0.8633,"mean":0.6837,"count":388,"sum":265.2633,"median":0.6954}},"geometry":{"type":"Polygon","coordinates":[[[78.6562,17.58],[78.6649,17.573],[78.674,17.5799],[78.6846,17.579],[78.6876,17.5812],[78.6976,17.6127],[78.6855,17.6221],[78.7115,17.6392],[78.711,17.6506],[78.7236,17.6647],[78.7234,17.6682],[78.7131,17.6781],[78.7034,17.6866],[78.6855,17.6884],[78.6704,17.6985],[78.6587,17.6945],[78.6512,17.6782],[78.635,17.6695],[78.6223,17.6718],[78.6161,17.6728],[78.6142,17.658],[78.63,17.65],[78.6092,17.6218],[78.6178,17.6113],[78.6307,17.6116],[78.6421,17.6184],[78.6486,17.5979],[78.6546,17.5939],[78.6562,17.58]]]}},{"type":"Feature","properties":{"uid":"TSSD0587","mandal_name":"Narayanraopet","district_name":"Siddipet","centroid":[78.8029,18.2224],"area":66.64,"zonalstat":{"min":0.5172,"max":0.8419,"mean":0.7637,"count":281,"sum":214.6132,"median":0.7769}},"geometry":{"type":"Polygon","coordinates":[[[78.827,18.1791],[78.8279,18.1802],[78.8409,18.1918],[78.8387,18.2011],[78.8529,18.2224],[78.8459,18.2363],[78.8495,18.2428],[78.8466,18.2472],[78.8227,18.2547],[78.7949,18.254],[78.7692,18.263],[78.7694,18.2626],[78.7688,18.2608],[78.7613,18.2404],[78.7504,18.2215],[78.7501,18.2213],[78.7595,18.196],[78.7682,18.2004],[78.7974,18.1967],[78.7968,18.1864],[78.827,18.1791]]]}},{"type":"Feature","properties":{"uid":"TSSD0588","mandal_name":"Mosra","district_name":"Nizamabad","centroid":[77.9942,18.5828],"area":59.09,"zonalstat":{"min":0.4464,"max":0.8476,"mean":0.7031,"count":253,"sum":177.8944,"median":0.7102}},"geometry":{"type":"Polygon","coordinates":[[[77.934,18.5935],[77.9342,18.5905],[77.9448,18.5859],[77.9639,18.5876],[77.9668,18.5753],[77.9764,18.5607],[77.991,18.5554],[78.0099,18.5558],[78.0173,18.5419],[78.0294,18.5311],[78.0381,18.5292],[78.0426,18.5405],[78.0533,18.5457],[78.0431,18.5898],[78.0399,18.5914],[78.0176,18.5811],[78.0089,18.5657],[78.0023,18.5827],[77.9901,18.6042],[77.9856,18.6239],[77.9853,18.6252],[77.9742,18.6391],[77.9601,18.6365],[77.955,18.6169],[77.9478,18.6166],[77.9353,18.6057],[77.934,18.5935]]]}},{"type":"Feature","properties":{"uid":"TSSD0589","mandal_name":"Chandur","district_name":"Nizamabad","centroid":[77.981,18.5461],"area":49.75,"zonalstat":{"min":0.3615,"max":0.8299,"mean":0.6445,"count":208,"sum":134.062,"median":0.6592}},"geometry":{"type":"Polygon","coordinates":[[[78.0406,18.4965],[78.0333,18.5081],[78.0392,18.5133],[78.0381,18.5292],[78.0294,18.5311],[78.0173,18.5419],[78.0099,18.5558],[77.991,18.5554],[77.9764,18.5607],[77.9668,18.5753],[77.9639,18.5876],[77.9448,18.5859],[77.9342,18.5905],[77.9334,18.5871],[77.9215,18.586],[77.9184,18.5735],[77.9313,18.5654],[77.9351,18.5551],[77.948,18.5432],[77.9588,18.5408],[77.9944,18.5185],[78.0103,18.5065],[78.0406,18.4965]]]}},{"type":"Feature","properties":{"uid":"TSSD0590","mandal_name":"Chowtakur","district_name":"Sangareddy","centroid":[78.0973,17.7092],"area":97.98,"zonalstat":{"min":0.1158,"max":0.8564,"mean":0.7056,"count":413,"sum":291.4054,"median":0.7277}},"geometry":{"type":"Polygon","coordinates":[[[78.0692,17.6732],[78.0779,17.6548],[78.0907,17.6572],[78.119,17.6497],[78.1227,17.6659],[78.1323,17.6615],[78.1356,17.6506],[78.1462,17.6511],[78.1488,17.6566],[78.1502,17.6587],[78.1529,17.6671],[78.1421,17.6739],[78.1416,17.6896],[78.1554,17.7005],[78.1487,17.7187],[78.1359,17.7151],[78.1289,17.7251],[78.1337,17.736],[78.1128,17.732],[78.1056,17.7356],[78.1158,17.7596],[78.0954,17.7626],[78.0709,17.771],[78.0634,17.7688],[78.0616,17.769],[78.0605,17.7663],[78.0577,17.7663],[78.048,17.7503],[78.036,17.7458],[78.0365,17.7275],[78.0584,17.7181],[78.0736,17.7084],[78.0745,17.6986],[78.0657,17.688],[78.0692,17.6732]]]}},{"type":"Feature","properties":{"uid":"TSSD0591","mandal_name":"Masaipet","district_name":"Medak","centroid":[78.4566,17.9094],"area":67.5,"zonalstat":{"min":0.3481,"max":0.9019,"mean":0.7577,"count":285,"sum":215.954,"median":0.7722}},"geometry":{"type":"Polygon","coordinates":[[[78.5336,17.9057],[78.526,17.913],[78.5233,17.9249],[78.5127,17.9231],[78.5109,17.9132],[78.4925,17.9172],[78.4888,17.9282],[78.4768,17.9395],[78.44,17.9487],[78.4367,17.9372],[78.4035,17.9272],[78.3967,17.9049],[78.4251,17.885],[78.4238,17.8835],[78.4199,17.8779],[78.4214,17.8771],[78.4266,17.8694],[78.4395,17.8713],[78.4411,17.8739],[78.4554,17.8753],[78.4572,17.8833],[78.4724,17.8798],[78.4746,17.892],[78.4856,17.8947],[78.5001,17.8907],[78.5116,17.8972],[78.5273,17.898],[78.5336,17.9057]]]}},{"type":"Feature","properties":{"uid":"TSSD0592","mandal_name":"Dhoolumitta","district_name":"Siddipet","centroid":[79.0916,17.9904],"area":70.13,"zonalstat":{"min":0.6342,"max":0.8483,"mean":0.7544,"count":296,"sum":223.2948,"median":0.7545}},"geometry":{"type":"Polygon","coordinates":[[[79.1209,17.9406],[79.1293,17.9471],[79.1433,17.9663],[79.1389,17.9783],[79.1531,17.992],[79.1447,18.0034],[79.1224,18.0048],[79.107,18.0131],[79.11,18.024],[79.1067,18.025],[79.0893,18.0287],[79.074,18.0119],[79.0597,18.02],[79.0541,18.0324],[79.0413,18.0319],[79.0335,18.0224],[79.0401,18.0],[79.0341,17.987],[79.0556,17.9765],[79.0673,17.9594],[79.0868,17.9661],[79.1081,17.9645],[79.113,17.9439],[79.1209,17.9406]]]}}]}