uid,mandal,district,latitude,longitude,ndvi_annual_mean,ndvi_annual_min,ndvi_annual_max,ndvi_std,ndvi_anomaly_mean,nai,drought_risk_ndvi
TSSD0001,Abdullapurmet,Rangareddy,17.315001852853733,78.66119131932955,0.47166220966665107,0.3384445489063956,0.6362697747080324,0.10422030136397041,1.206764157201257e-17,-1.206764157201257e-17,Moderate
TSSD0002,Achampet,Nagarkurnool,16.449031780228726,78.80794806602876,0.4920144619913105,0.3355792765936166,0.6757332090519796,0.11698743627300896,-4.827056628805028e-18,4.827056628805028e-18,Moderate
TSSD0003,Adavidevulapally,Nalgonda,16.66702037824714,79.49288713174597,0.4611126391065567,0.2860584221263923,0.6823937142249381,0.12291358507144387,4.827056628805028e-18,-4.827056628805028e-18,Moderate
TSSD0004,Addagudur,Yadadri Bhuvanagiri,17.40205899369024,79.37292614841395,0.4839556917549261,0.2892562535051909,0.720714231564326,0.12995266470108066,-4.827056628805028e-18,4.827056628805028e-18,Moderate
TSSD0005,Addakal,Mahabubnagar,16.52440440175836,77.9323006567352,0.4523374004738814,0.2905955467359875,0.6803934226256673,0.11598760830694058,-9.654113257610057e-18,9.654113257610057e-18,Moderate
TSSD0006,Adilabad Rural,Adilabad,19.6209494404242,78.61213171026583,0.5380636888254203,0.2950341873408111,0.7877444084908894,0.15802307587213557,0.0,-0.0,Low
TSSD0007,Adilabad Urban,Adilabad,19.67118500407631,78.53998144645905,0.4474011679556856,0.2974833219479292,0.591438489082532,0.10517945428282473,-4.827056628805028e-18,4.827056628805028e-18,Moderate
TSSD0008,Aiza,Jogulamba Gadwal,15.981611867937293,77.64188668120438,0.4583025762950104,0.2789398897009767,0.6402850586771456,0.11829652315899325,-2.413528314402514e-18,2.413528314402514e-18,Moderate
TSSD0009,Akkannapet,Siddipet,18.048878568630013,79.18864745747256,0.5229134248650592,0.3145863215128581,0.7583541870117188,0.11794243468552945,-7.240584943207542e-18,7.240584943207542e-18,Low
TSSD0010,Alair,Yadadri Bhuvanagiri,17.64825488184738,79.07629026424742,0.5027716197138247,0.3453764125279018,0.7187461635044643,0.11666522083510154,1.4481169886415085e-17,-1.4481169886415085e-17,Low
TSSD0011,Alampur,Jogulamba Gadwal,15.919429642833617,78.12811916021161,0.3402264782616468,0.1341399273555938,0.4153034550647168,0.07373704294312712,3.620292471603771e-18,-3.620292471603771e-18,High
TSSD0012,Alladurg,Medak,17.950787899120638,77.94770476588504,0.5026061402720517,0.2910702995080377,0.7492798257561322,0.14288898989917256,2.413528314402514e-18,-2.413528314402514e-18,Low
TSSD0013,Allapalli,Bhadradri Kothagudem,17.908324602202427,80.51939971681679,0.6214309190163424,0.3875156010422751,0.7947613582432828,0.11660809551612353,2.413528314402514e-18,-2.413528314402514e-18,Minimal
TSSD0014,Alwal,Medchal_Malkajgiri,17.51626608470555,78.52283506008693,0.4249458357573336,0.3213844299316406,0.5435784862887475,0.07128120990320966,7.240584943207542e-18,-7.240584943207542e-18,Moderate
TSSD0015,Amangal,Rangareddy,16.857953400587412,78.55624060486817,0.4681488868362518,0.2813288586653756,0.7056531404194079,0.11746498402232977,-1.4481169886415085e-17,1.4481169886415085e-17,Moderate
TSSD0016,Amarchintha,Wanaparthy,16.381557436423588,77.7349371948247,0.43541771169507687,0.2512407031570535,0.6557590476271882,0.11592418506513412,-1.68946982008176e-17,1.68946982008176e-17,Moderate
TSSD0017,Amberpet,Hyderabad,17.387222235613507,78.50927651924326,0.26860743529191,0.2170789618241159,0.3622236753764905,0.04056923379536154,2.413528314402514e-18,-2.413528314402514e-18,Severe
TSSD0018,Ammerpet,Hyderabad,17.442270264572834,78.45007863069794,0.29691793542841205,0.1924187541007995,0.3779062628746032,0.04936034649133488,-1.0860877414811314e-17,1.0860877414811314e-17,Severe
TSSD0019,Amrabad,Nagarkurnool,16.221302982745268,78.77956781556617,0.5637722417051089,0.2738678533834466,0.7688344184471478,0.14105302127383101,7.240584943207542e-18,-7.240584943207542e-18,Low
TSSD0020,Ananthagiri,Suryapet,17.055226066899163,79.97500615293403,0.5368344214915723,0.3356510255394912,0.8227709018118013,0.1733564154913863,2.172175482962263e-17,-2.172175482962263e-17,Low
TSSD0021,Andole,Sangareddy,17.833336045149295,78.03551752822105,0.47370204462972765,0.3033294102654385,0.7266542827663709,0.12847588901172383,-4.827056628805028e-18,4.827056628805028e-18,Moderate
TSSD0022,Annapureddipalle,Bhadradri Kothagudem,17.35532995513882,80.74580730521693,0.6057735405663789,0.4474168182701193,0.7643764044648858,0.089658477769008,4.827056628805028e-18,-4.827056628805028e-18,Minimal
TSSD0023,Anumula_Haliya,Nalgonda,16.823369857991835,79.29084915179617,0.5094851523570251,0.3385102908605381,0.7596309841714485,0.13016784709743576,9.654113257610057e-18,-9.654113257610057e-18,Low
TSSD0024,Armoor,Nizamabad,18.829822559248377,78.26489458536138,0.457316320731751,0.3000555302796842,0.6638262327800173,0.10368009013723237,-2.413528314402514e-18,2.413528314402514e-18,Moderate
TSSD0025,Asifabad,Kumurambheem Asifabad,19.345990667343983,79.25099221309779,0.5221701758497411,0.2876095765895395,0.7956482612600433,0.17774892715372168,2.413528314402514e-18,-2.413528314402514e-18,Low
TSSD0026,Asifnagar,Hyderabad,17.38574932144141,78.44516081744953,0.24803672013459377,0.1553722310949254,0.3497000093813295,0.0475709666001958,-2.413528314402514e-18,2.413528314402514e-18,Severe
TSSD0027,Aswapuram,Bhadradri Kothagudem,17.8189966537516,80.79408929656407,0.5643296896809581,0.3501847772440578,0.7615600849209202,0.11390161369804377,-2.413528314402514e-18,2.413528314402514e-18,Low
TSSD0028,Aswaraopeta,Bhadradri Kothagudem,17.36329625852935,81.13465367876098,0.626787229024391,0.4995903148985746,0.7694098221628289,0.07982165656705678,-2.413528314402514e-18,2.413528314402514e-18,Minimal
TSSD0029,Athmakur (M),Yadadri Bhuvanagiri,17.469891292956675,79.16600788286182,0.48899313035389946,0.3369154076274104,0.6959157055731319,0.11217110251547885,-4.827056628805028e-18,4.827056628805028e-18,Moderate
TSSD0030,Atmakur,Wanaparthy,16.303892218888926,77.83316836819901,0.47859557863392616,0.3315643730754491,0.6940764592970095,0.11472820257785395,0.0,-0.0,Moderate
TSSD0031,Atmakur,Warangal_Rural,18.062784241623643,79.74030409521242,0.5292124626563018,0.1792471800611612,0.7654110904030956,0.13307717985013676,0.0,-0.0,Low
TSSD0032,Atmakur_S,Suryapet,17.25690018212519,79.70069049847226,0.5245508757729335,0.3117074528965381,0.7796873040155533,0.13591729357620336,9.654113257610057e-18,-9.654113257610057e-18,Low
TSSD0033,B.Pochampally,Yadadri Bhuvanagiri,17.35246309849706,78.81460648446378,0.5329656219775233,0.365210476619148,0.7580498674929067,0.12621208506524087,-9.654113257610057e-18,9.654113257610057e-18,Low
TSSD0034,Bachannapet,Jangoan,17.81212829027896,79.00700693531782,0.5239167134612586,0.3260696578811813,0.7549183604481456,0.11912886973962655,0.0,-0.0,Low
TSSD0035,Bachupally,Medchal_Malkajgiri,17.532078587948995,78.37488158367671,0.32660190827651986,0.2109561685013444,0.4617410947198737,0.06926873167473083,-7.240584943207542e-18,7.240584943207542e-18,High
TSSD0036,Bahadurpura,Hyderabad,17.351061664747817,78.45504742730002,0.2682373225489587,0.1851630724393404,0.3256692152756911,0.04035197642314184,3.620292471603771e-18,-3.620292471603771e-18,Severe
TSSD0037,Balanagar,Mahabubnagar,16.93539205342495,78.19790546584477,0.46718510213892156,0.3197628734557609,0.6940171983506944,0.11398172064189177,-2.413528314402514e-18,2.413528314402514e-18,Moderate
TSSD0038,Balanagar,Medchal_Malkajgiri,17.467816216200873,78.4587015681201,0.3664559747861779,0.2340862512588501,0.4826287269592285,0.0725233970442598,3.620292471603771e-18,-3.620292471603771e-18,High
TSSD0039,Balapur,Rangareddy,17.277658277401848,78.49702164653527,0.4085140648142197,0.3103369360571509,0.5457472242750563,0.08015241271569906,2.413528314402514e-18,-2.413528314402514e-18,Moderate
TSSD0040,Balkonda,Nizamabad,18.891793950117773,78.33392249328719,0.31487744782420674,0.2195328389931189,0.4473659394721335,0.06477458747452595,-7.240584943207542e-18,7.240584943207542e-18,High
TSSD0041,Balmoor,Nagarkurnool,16.338657898087316,78.58405221411621,0.480052060407141,0.3418247103691101,0.6761723756790161,0.09857273545337138,-1.206764157201257e-17,1.206764157201257e-17,Moderate
TSSD0042,Bandlaguda,Hyderabad,17.327993607797524,78.48151524171338,0.27806677574922095,0.2145282496576724,0.3591869603032651,0.042888336976228084,6.033820786006285e-18,-6.033820786006285e-18,Severe
TSSD0043,Banswada,Kamareddy,18.392802315758445,77.92129034484444,0.5105682256231069,0.2700945071603768,0.7902867009869445,0.14354876680270973,1.206764157201257e-17,-1.206764157201257e-17,Low
TSSD0044,Bantwaram,Vikarabad,17.438960670916785,77.68887671065346,0.46604139429649827,0.3016845222533219,0.7415036178949311,0.1443022302252603,1.206764157201257e-17,-1.206764157201257e-17,Moderate
TSSD0045,Basar,Nirmal,18.90090637351492,77.94955802967212,0.4495310717606202,0.2273319503149788,0.7493603996427106,0.16654224247248142,-6.033820786006285e-18,6.033820786006285e-18,Moderate
TSSD0046,Basheerabad,Vikarabad,17.19467943413959,77.45094998054529,0.4402856620444285,0.2259252286070331,0.6745342236559538,0.13002500591080593,3.620292471603771e-18,-3.620292471603771e-18,Moderate
TSSD0047,Bayyaram,Mahabubabad,17.645872692284996,80.15370751112592,0.5744522840310144,0.3874223077260303,0.758553472465775,0.1005059867725434,0.0,-0.0,Low
TSSD0048,Bazarhathnoor,Adilabad,19.49338767844121,78.37202425339373,0.5268288366714323,0.2954949705593719,0.7624015171698663,0.1580509087939839,7.240584943207542e-18,-7.240584943207542e-18,Low
TSSD0049,Beerpur,Jagtial,19.027238215573625,78.96654619320299,0.49242459297091384,0.1227008566356062,0.755359984567385,0.137821521355239,-9.654113257610057e-18,9.654113257610057e-18,Moderate
TSSD0050,Bejjanki,Siddipet,18.260471546273305,79.03136630301795,0.5115300424994568,0.3120414544336544,0.7661324732051873,0.1197353084910086,7.240584943207542e-18,-7.240584943207542e-18,Low
TSSD0051,Bejjur,Kumurambheem Asifabad,19.357935406796894,79.85383698794885,0.5338513842398487,0.2295861441895341,0.8041302884989117,0.1688828291927621,2.413528314402514e-18,-2.413528314402514e-18,Low
TSSD0052,Bela,Adilabad,19.687649814358007,78.76744522268321,0.5290395865987648,0.2654987786098001,0.7666258964037582,0.17398335994185216,1.4481169886415085e-17,-1.4481169886415085e-17,Low
TSSD0053,Bellampalle,Mancherial,19.0673126930204,79.51120585111164,0.5447050253406008,0.2457905336138142,0.7458586225922953,0.13421969067564354,9.654113257610057e-18,-9.654113257610057e-18,Low
TSSD0054,Bhadrachalam,Bhadradri Kothagudem,17.66444376000123,80.8936520097859,0.34736212440159003,0.2445736935264185,0.4127657789933054,0.04044608093659062,-4.827056628805028e-18,4.827056628805028e-18,High
TSSD0055,Bhainsa,Nirmal,19.11126084134155,77.97694771942072,0.4768710206571463,0.2307632214216225,0.735759952675707,0.12417421641264965,8.4473491004088e-18,-8.4473491004088e-18,Moderate
TSSD0056,Bheemadevarapalli,Warangal_Urban,18.08152206288005,79.33104995198413,0.5423236531261643,0.3387215891192036,0.7646893408990676,0.11463424242167197,1.68946982008176e-17,-1.68946982008176e-17,Low
TSSD0057,Bheemaram,Mancherial,18.864114003605007,79.66214086255383,0.5816348316833788,0.4083692455723275,0.7716875953731853,0.11614105181190293,2.413528314402514e-18,-2.413528314402514e-18,Low
TSSD0058,Bheemgal,Nizamabad,18.67887788104092,78.47514433915276,0.5295877735842178,0.2901941109702225,0.7886052156618129,0.14819011581411712,-4.827056628805028e-18,4.827056628805028e-18,Low
TSSD0059,Bheemini,Mancherial,19.217631187169445,79.59321624551532,0.4886664406113002,0.1565046906471252,0.7807196617126465,0.20154173131115174,-4.827056628805028e-18,4.827056628805028e-18,Moderate
TSSD0060,Bheempoor,Adilabad,19.806287378808864,78.39173134663135,0.5095980153209625,0.2594067698930839,0.7829512840564824,0.1777308117389534,-1.9308226515220113e-17,1.9308226515220113e-17,Low
TSSD0061,Bhiknoor,Kamareddy,18.18713285832207,78.41426113062887,0.5108201790045869,0.3442250492008588,0.7667226077946088,0.12326067402654915,2.413528314402514e-18,-2.413528314402514e-18,Low
TSSD0062,Bhongiri,Yadadri Bhuvanagiri,17.499886683176502,78.92349936828933,0.4823107010460773,0.3425320514307453,0.6813581138967241,0.10459729125129133,0.0,-0.0,Moderate
TSSD0063,Bhoothpur,Mahabubnagar,16.67017137106876,78.06657369485953,0.4421954338944365,0.3220926443309631,0.6727393101751006,0.10054515126034329,-1.9308226515220113e-17,1.9308226515220113e-17,Moderate
TSSD0064,Bhupalpally,Jayashankar Bhupalpally,18.431697885431586,79.94004002131858,0.5645338320021797,0.3936214370333142,0.7559354498357624,0.10334851844666718,2.413528314402514e-18,-2.413528314402514e-18,Low
TSSD0065,Bibinagar,Yadadri Bhuvanagiri,17.45908097640653,78.80349048907041,0.5119301059073841,0.3446565562971621,0.717035568918143,0.09965991235661532,9.654113257610057e-18,-9.654113257610057e-18,Low
TSSD0066,Bibipet,Kamareddy,18.22095219272446,78.52279949480796,0.4544518009340042,0.2937559789540816,0.6921856938576212,0.11959839180805373,4.827056628805028e-18,-4.827056628805028e-18,Moderate
TSSD0067,Bijinapalle,Nagarkurnool,16.528523347126928,78.19039816125597,0.45474745267474875,0.3140964919714619,0.6681696939811432,0.10002187780460615,0.0,-0.0,Moderate
TSSD0068,Boath,Adilabad,19.36278209998697,78.28359701900277,0.525718406806695,0.2481782029314738,0.7890697572289443,0.1655494117959149,2.413528314402514e-18,-2.413528314402514e-18,Low
TSSD0069,Bodhan,Nizamabad,18.68847917016773,77.86361593242638,0.49313256240920483,0.2572998258069312,0.7590479867268599,0.16147507752781098,7.240584943207542e-18,-7.240584943207542e-18,Moderate
TSSD0070,Boinpalli,Rajanna Sircilla,18.47993253346044,78.94058843127215,0.4495535071436273,0.2824779560691432,0.6639623641967773,0.1022546114311679,0.0,-0.0,Moderate
TSSD0071,Bommalaramaram,Yadadri Bhuvanagiri,17.576112034813242,78.75439923559723,0.5091685666618571,0.3663968411421024,0.7143566055079245,0.10307929528042542,-2.413528314402514e-18,2.413528314402514e-18,Low
TSSD0072,Bommaraspeta,Vikarabad,17.134580595579067,77.71310551055454,0.4649307202363479,0.2814325464182886,0.6743662603970232,0.10660488369170239,7.240584943207542e-18,-7.240584943207542e-18,Moderate
TSSD0073,Bonakal,Khammam,17.03592898417285,80.28894106632352,0.5842256317117743,0.4461160653773166,0.7394053943525729,0.09733939551075887,-1.4481169886415085e-17,1.4481169886415085e-17,Low
TSSD0074,Buggaram,Jagtial,18.87041951555913,79.06759613994265,0.5297684410192891,0.282105537614739,0.8165535885112973,0.130266665721123,1.68946982008176e-17,-1.68946982008176e-17,Low
TSSD0075,Burgampadu,Bhadradri Kothagudem,17.677403161694603,80.8183620834312,0.5135266563516159,0.3785927076018258,0.7123784097392908,0.09208912689871082,2.413528314402514e-17,-2.413528314402514e-17,Low
TSSD0076,Chandampet,Nalgonda,16.50469034903687,79.03215552290477,0.4727692394190181,0.300874452897737,0.7238888175906913,0.1399116630395616,0.0,-0.0,Moderate
TSSD0077,Chandrugonda,Bhadradri Kothagudem,17.385203564229545,80.62232415882967,0.5785724563819058,0.4378094294469206,0.7908189671545786,0.09890512863418735,7.240584943207542e-18,-7.240584943207542e-18,Low
TSSD0078,Chandur,Nalgonda,16.999829258809864,79.00903065675377,0.4662356386721148,0.2731290483205332,0.720484501897952,0.16393522547832282,-2.413528314402514e-18,2.413528314402514e-18,Moderate
TSSD0079,Charakonda,Nagarkurnool,16.70408750299947,78.67859599865976,0.4603398022243348,0.3109213282196805,0.6616548237047697,0.12887428448955834,2.413528314402514e-18,-2.413528314402514e-18,Moderate
TSSD0080,Charminar,Hyderabad,17.361486856781024,78.48722093560482,0.1844599242471792,0.1347956450089164,0.2726217352825662,0.03623389464118628,3.620292471603771e-18,-3.620292471603771e-18,Severe
TSSD0081,Chendurthi,Rajanna Sircilla,18.57110992747668,78.75333754559033,0.5570010563403361,0.3286371700099257,0.806091642119194,0.1292127979122763,0.0,-0.0,Low
TSSD0082,Chennaraopet,Warangal_Rural,17.852547298618664,79.85913914218689,0.5525329062912403,0.3568112314032595,0.7605109693901391,0.11726278328969629,2.413528314402514e-18,-2.413528314402514e-18,Low
TSSD0083,Chennur,Mancherial,18.82130186880388,79.76208607043073,0.5387738846200175,0.3777927730394446,0.7433065331500509,0.11234355201456733,-7.240584943207542e-18,7.240584943207542e-18,Low
TSSD0084,Cherial,Siddipet,17.93114589449031,78.96916452615228,0.5111144668721971,0.3286385932710887,0.7537878886468883,0.11528022336387111,-1.4481169886415085e-17,1.4481169886415085e-17,Low
TSSD0085,Cherla,Bhadradri Kothagudem,18.075423486932948,80.86848219323451,0.5205641211613468,0.3348882418959888,0.7071912774992226,0.09952797734389861,2.413528314402514e-18,-2.413528314402514e-18,Low
TSSD0086,Chevella,Rangareddy,17.319520676059067,78.11574211822887,0.44728959067829366,0.3399369075380523,0.6705732674434267,0.11062766839173375,7.240584943207542e-18,-7.240584943207542e-18,Moderate
TSSD0087,Chigurumamidi,Karimnagar,18.224606056668776,79.18703322866098,0.5266831770145676,0.3229590495302688,0.7825111377183085,0.1262825830591267,1.4481169886415085e-17,-1.4481169886415085e-17,Low
TSSD0088,Chilkur,Suryapet,16.970542249478243,79.86720244022213,0.5210491394287388,0.2760072340045059,0.827772575512267,0.20012374400178864,2.413528314402514e-18,-2.413528314402514e-18,Low
TSSD0089,Chilpur,Jangoan,17.91521888372912,79.3089765113448,0.5360549436659613,0.3635403973920209,0.7783450564822635,0.11159774926871413,-1.206764157201257e-17,1.206764157201257e-17,Low
TSSD0090,Chinna Chinta Kunta,Mahabubnagar,16.486583543657737,77.7982017652282,0.44112959718958633,0.2689740253179565,0.6953946504518195,0.12939720893106482,0.0,-0.0,Moderate
TSSD0091,Chinnagudur,Mahabubabad,17.49614943510088,79.8917593607435,0.5549838966152644,0.381722529131667,0.7833612771858847,0.10715313967053065,1.4481169886415085e-17,-1.4481169886415085e-17,Low
TSSD0092,Chinnakodur,Siddipet,18.18132419651631,78.92140119769955,0.5078481130450256,0.3433276628080181,0.7409808026926322,0.10977436195886323,7.240584943207542e-18,-7.240584943207542e-18,Low
TSSD0093,Chinnambavi,Wanaparthy,16.022759967549668,78.1573610910541,0.34761688649518613,0.1419005687253078,0.4384444112929776,0.07342442197091549,1.206764157201257e-18,-1.206764157201257e-18,High
TSSD0094,Chintakani,Khammam,17.12582738782242,80.21372451547437,0.5573511876515213,0.385922101588031,0.7075183344822303,0.11333726759801352,7.240584943207542e-18,-7.240584943207542e-18,Low
TSSD0095,Chintalamanepally,Kumurambheem Asifabad,19.45348609066963,79.84016319501873,0.5046101002010337,0.307912555837709,0.765338891482081,0.1463804574099841,0.0,-0.0,Low
TSSD0096,Chinthala palem,Suryapet,16.733408783082144,79.98488412408443,0.4100252927734587,0.2419899951232986,0.6122674476518499,0.1126633156302227,2.413528314402514e-18,-2.413528314402514e-18,Moderate
TSSD0097,Chinthapally,Nalgonda,16.854850793566808,78.81496966353812,0.4672635173930898,0.2857056194341876,0.7128291656202487,0.14200310899640128,0.0,-0.0,Moderate
TSSD0098,Chityal,Jayashankar Bhupalpally,18.38655651652057,79.70913138513521,0.5504675657109085,0.3741694907971027,0.7507287953466578,0.10966594236564654,-7.240584943207542e-18,7.240584943207542e-18,Low
TSSD0099,Chityal,Nalgonda,17.21230959108301,79.0683583688811,0.4775944876129822,0.2849976133065394,0.7246435400974228,0.14609848514259113,-4.827056628805028e-18,4.827056628805028e-18,Moderate
TSSD0100,Chivvemla,Suryapet,17.142881487445297,79.69392605731021,0.5202212556065647,0.3181614687469145,0.7786112178181773,0.13976003991104616,0.0,-0.0,Low
TSSD0101,Choppadandi,Karimnagar,18.582807390221227,79.15515784470864,0.5488701826630971,0.3152905364534748,0.8033690191620025,0.14734920546601685,-7.240584943207542e-18,7.240584943207542e-18,Low
TSSD0102,Choutuppal,Yadadri Bhuvanagiri,17.268102778268204,78.88615046349945,0.480361193912567,0.3461172803700399,0.7033408185560927,0.12200239747322913,-4.827056628805028e-18,4.827056628805028e-18,Moderate
TSSD0103,Chowdergudem,Rangareddy,17.060970208003052,77.9852796015601,0.4748626641374122,0.2511299603051187,0.7308488266736333,0.11816220188560789,2.413528314402514e-18,-2.413528314402514e-18,Moderate
TSSD0104,Chunchupally,Bhadradri Kothagudem,17.47523003786436,80.6755532192733,0.6002624060258998,0.4408711476939347,0.7503344270698262,0.09040889001711803,9.654113257610057e-18,-9.654113257610057e-18,Minimal
TSSD0105,Dahegaon,Kumurambheem Asifabad,19.228306778858656,79.7549103089819,0.5187724809679569,0.2363335389971234,0.7752664095188284,0.16526907420650852,9.654113257610057e-18,-9.654113257610057e-18,Low
TSSD0106,Damaracherla,Nalgonda,16.734213537763683,79.60843460553606,0.46641602341402427,0.2749414194430372,0.7216054593065628,0.13695294315050108,0.0,-0.0,Moderate
TSSD0107,Damargidda,Narayanpet,16.859057379285268,77.51779151223668,0.4739051319437871,0.2952734856658446,0.7345310874402744,0.1342109558243047,0.0,-0.0,Moderate
TSSD0108,Damera,Warangal_Rural,18.079765646869102,79.65470557411912,0.536881513004497,0.2122624985715176,0.785476359915226,0.1411562436418724,1.206764157201257e-18,-1.206764157201257e-18,Low
TSSD0109,Dammapeta,Bhadradri Kothagudem,17.331863491429957,80.96922687415167,0.6487957498301631,0.4935746408398821,0.7735293525141208,0.0669854813007348,0.0,-0.0,Minimal
TSSD0110,Dandepalle,Mancherial,19.003238137933803,79.15543562626318,0.5271363793920736,0.1993402483182021,0.8016226872588202,0.13444148839213452,3.620292471603771e-18,-3.620292471603771e-18,Low
TSSD0111,Danthalapalle,Mahabubabad,17.483017929608636,79.7266015296616,0.5577996948695116,0.3335146580535421,0.7957606075629103,0.12225669828001304,1.9308226515220113e-17,-1.9308226515220113e-17,Low
TSSD0112,Dasturabad,Nirmal,19.082560260680147,78.88884826752198,0.5084746822034737,0.2157782560549908,0.7859223170310073,0.12965114638771194,4.827056628805028e-18,-4.827056628805028e-18,Low
TSSD0113,Devarakonda,Nalgonda,16.6925649651729,78.86250405124413,0.4480341985090803,0.2942406779509474,0.6934343184726285,0.13145603838466197,4.827056628805028e-18,-4.827056628805028e-18,Moderate
TSSD0114,Devarkadra,Mahabubnagar,16.609330341110464,77.84275641166755,0.4609523031835221,0.2930630603468562,0.6869636750125502,0.11534397070514249,1.206764157201257e-17,-1.206764157201257e-17,Moderate
TSSD0115,Devaruppula,Jangoan,17.593201659560208,79.32363302243284,0.5005470872274469,0.3126103692721826,0.7182755544395645,0.12190232309468679,4.827056628805028e-18,-4.827056628805028e-18,Low
TSSD0116,Dhanwada,Narayanpet,16.6710936234443,77.69194907070091,0.48344037444598603,0.3010218839467682,0.7342086697217101,0.13648369395604865,0.0,-0.0,Moderate
TSSD0117,Dharmapuri,Jagtial,18.9631239237002,79.06331298315031,0.4946037539595377,0.189205768764419,0.7621970362311241,0.1349686650543305,-6.033820786006285e-18,6.033820786006285e-18,Moderate
TSSD0118,Dharmaram,Peddapalli,18.700119854837048,79.21837245623698,0.5728113525601187,0.3534258883642065,0.8081644385392357,0.12529572196863492,1.68946982008176e-17,-1.68946982008176e-17,Low
TSSD0119,Dharmasagar,Warangal_Urban,17.971701811693375,79.41595123591645,0.5203796579749366,0.321778679971641,0.7643605894961599,0.11346516940096539,2.413528314402514e-18,-2.413528314402514e-18,Low
TSSD0120,Dharoor,Jogulamba Gadwal,16.277316497204364,77.6677389280865,0.42545695722910304,0.3159099328713339,0.5949880256027472,0.09705239793335611,7.240584943207542e-18,-7.240584943207542e-18,Moderate
TSSD0121,Dharoor,Vikarabad,17.304162890501765,77.7833904322878,0.45918119280042663,0.232796068544741,0.7093301702428747,0.13311302944014394,4.827056628805028e-18,-4.827056628805028e-18,Moderate
TSSD0122,Dharpally,Nizamabad,18.578663195678978,78.35951608173555,0.5261591252437983,0.2933785912298387,0.774844222530242,0.14089191288227249,-2.413528314402514e-18,2.413528314402514e-18,Low
TSSD0123,Dichpally,Nizamabad,18.62064236689165,78.22582345874645,0.5181020132368339,0.2795926089985442,0.7559649493243243,0.13949956104610597,0.0,-0.0,Low
TSSD0124,Dilawarpur,Nirmal,19.06412168399025,78.2505404290927,0.3715964340703789,0.2308462960379464,0.4854087428042763,0.06759795276369908,8.4473491004088e-18,-8.4473491004088e-18,High
TSSD0125,Doma,Vikarabad,17.08441473471736,77.82638507074734,0.47981010498301385,0.288616766882548,0.7221636644371474,0.11615547312948801,0.0,-0.0,Moderate
TSSD0126,Dornakal,Mahabubabad,17.414383038675513,80.0908609726645,0.5572022911775126,0.3875784569296759,0.7165475649784082,0.0917620972073252,9.654113257610057e-18,-9.654113257610057e-18,Low
TSSD0127,Doulthabad,Vikarabad,16.988401293123847,77.56175381821889,0.451185709625119,0.2031993044408014,0.7125840281440993,0.1324735063986348,1.3274405729213829e-17,-1.3274405729213829e-17,Moderate
TSSD0128,Dubbak,Siddipet,18.17703332586481,78.65028411851902,0.5145986545624534,0.3436811858532475,0.8000357235179228,0.1351973634596491,-9.654113257610057e-18,9.654113257610057e-18,Low
TSSD0129,Duggondi,Warangal_Rural,17.999953742655027,79.8059982528406,0.5278641074786579,0.2008455881631996,0.7792054448261797,0.14087077532974873,-3.620292471603771e-18,3.620292471603771e-18,Low
TSSD0130,Dummugudem,Bhadradri Kothagudem,17.83185356806155,80.95787261669102,0.4975295520104605,0.2602706176658487,0.7376087707072569,0.1145320041335272,0.0,-0.0,Moderate
TSSD0131,Dundigal Gandimaisamma,Medchal_Malkajgiri,17.576641189316398,78.42405251951006,0.4292609493392374,0.3252140290555898,0.5916558873583699,0.08853155229469939,7.240584943207542e-18,-7.240584943207542e-18,Moderate
TSSD0132,Eligaid,Peddapalli,18.56102570874265,79.27111859325233,0.5412881472962785,0.3038317052329459,0.8481002435451601,0.1875530377503482,0.0,-0.0,Low
TSSD0133,Elkathurthi,Warangal_Urban,18.11309116448924,79.44944371670638,0.5414104966450278,0.2964978425399117,0.80016973744268,0.1448418560659523,-1.68946982008176e-17,1.68946982008176e-17,Low
TSSD0134,Ellandakunta,Karimnagar,18.303939983776715,79.53583942663462,0.5588734531362332,0.294603403332164,0.8195570417978231,0.15200485923182133,4.827056628805028e-18,-4.827056628805028e-18,Low
TSSD0135,Enkoor,Khammam,17.35350638086508,80.41255150401477,0.6088648000291755,0.4821589132968555,0.7835397708430868,0.08528209133021951,-9.654113257610057e-18,9.654113257610057e-18,Minimal
TSSD0136,Eturnagaram,Mulugu,18.342681813461912,80.38598286012586,0.5308268814819741,0.2958807948533207,0.6922725039519528,0.10020134478119079,0.0,-0.0,Low
TSSD0137,Farooqnagar,Rangareddy,17.03672591919892,78.18757802100278,0.4678644918117029,0.3326431457624222,0.677438726147084,0.11253285121175689,-4.827056628805028e-18,4.827056628805028e-18,Moderate
TSSD0138,Gadiguda,Adilabad,19.60514018366684,78.87141584225664,0.5298051791447905,0.2654762425049833,0.8139152369872042,0.19520569448507882,-7.240584943207542e-18,7.240584943207542e-18,Low
TSSD0139,Gadwal,Jogulamba Gadwal,16.210386098467044,77.81184054770908,0.4639559335256622,0.3071317930479307,0.662433301221143,0.11710683653031832,7.240584943207542e-18,-7.240584943207542e-18,Moderate
TSSD0140,Gajwel,Siddipet,17.870408885758494,78.69258504093686,0.48053686367058607,0.3164061478206089,0.6983767918178013,0.10834411875939609,2.413528314402514e-18,-2.413528314402514e-18,Moderate
TSSD0141,Gambhiraopet,Rajanna Sircilla,18.31764815288004,78.58111061719256,0.515899301284179,0.3287509118169999,0.7798884893260828,0.13069722569486172,-9.654113257610057e-18,9.654113257610057e-18,Low
TSSD0142,Gandeed,Mahabubnagar,16.917169919149547,77.83339968153938,0.49426041674076654,0.3002483587614529,0.731449722369928,0.11499612697568064,2.413528314402514e-18,-2.413528314402514e-18,Moderate
TSSD0143,Gandhari,Kamareddy,18.397480745531134,78.0727536215733,0.49672883765992676,0.2858517238840072,0.8037388097912262,0.14115548238244022,-2.413528314402514e-18,2.413528314402514e-18,Moderate
TSSD0144,Gandipet,Rangareddy,17.383859082904365,78.33939335405312,0.30635865022489855,0.2256129792719604,0.4121277967726722,0.0607221409949951,0.0,-0.0,High
TSSD0145,Gangadhara,Karimnagar,18.56940981724684,79.00482379569027,0.5303905017867949,0.3121532338910398,0.8037026554433997,0.1363226930052532,1.206764157201257e-17,-1.206764157201257e-17,Low
TSSD0146,Gangaram,Mahabubabad,17.861420679084706,80.21096507492888,0.6114762044757106,0.3602222077023056,0.7982359478601567,0.1316965669184622,9.654113257610057e-18,-9.654113257610057e-18,Minimal
TSSD0147,Ganneruvaram,Karimnagar,18.36129156425688,79.07847770902366,0.406881513013562,0.2476568939488962,0.5760884416212729,0.10362474039636037,-1.206764157201257e-17,1.206764157201257e-17,Moderate
TSSD0148,Garidepalli,Suryapet,16.90598691048065,79.76059593564926,0.5191703184240382,0.2571868343629699,0.8225525197199577,0.20705545409494538,4.827056628805028e-18,-4.827056628805028e-18,Low
TSSD0149,Garla,Mahabubabad,17.50872370098059,80.15810003725888,0.5480050408084209,0.4325927788197889,0.7272311955742945,0.09502833484897942,7.240584943207542e-18,-7.240584943207542e-18,Low
TSSD0150,Geesugonda,Warangal_Rural,17.965448774844326,79.70395018750742,0.528021326747873,0.2689602923937967,0.7637822531648176,0.1246247577257911,-4.827056628805028e-18,4.827056628805028e-18,Low
TSSD0151,Ghanapur_Mulug,Jayashankar Bhupalpally,18.33980121155488,79.87172437320658,0.4955310732579077,0.3778896133792441,0.6914880877960099,0.09437760319515233,-4.827056628805028e-18,4.827056628805028e-18,Moderate
TSSD0152,Ghanpur,Wanaparthy,16.554656489229295,78.05384773408271,0.466351447568924,0.3243194250920888,0.6950527008950067,0.11143018939405072,-4.827056628805028e-18,4.827056628805028e-18,Moderate
TSSD0153,Ghanpur (Stn),Jangoan,17.820838716582116,79.35199550945794,0.5259126910404384,0.3563062926160653,0.7616516196776676,0.10521669687277149,-1.68946982008176e-17,1.68946982008176e-17,Low
TSSD0154,Ghatkesar,Medchal_Malkajgiri,17.43163567966565,78.68901611612105,0.5120709280158003,0.3936535609250813,0.6785105446170521,0.08429594755207227,2.413528314402514e-18,-2.413528314402514e-18,Low
TSSD0155,Ghattu,Jogulamba Gadwal,16.091767746823088,77.57234713783954,0.42562783821619693,0.2810201266182028,0.5856847108916685,0.09516859051328147,2.413528314402514e-18,-2.413528314402514e-18,Moderate
TSSD0156,Golkonda,Hyderabad,17.381336699391575,78.4076843082344,0.37354357839864727,0.29701905023484,0.490480967930385,0.05737040811469665,9.654113257610057e-18,-9.654113257610057e-18,High
TSSD0157,Gollapalli,Jagtial,18.79378407514081,79.06779004794973,0.5462832800699897,0.3581112020679432,0.8169338291577566,0.13093216406245878,9.654113257610057e-18,-9.654113257610057e-18,Low
TSSD0158,Gopalpet,Wanaparthy,16.395118450360222,78.14950840152916,0.47465796657774073,0.3128222919135504,0.7222372333655197,0.11730817622620347,-9.654113257610057e-18,9.654113257610057e-18,Moderate
TSSD0159,Govindaraopet,Mulugu,18.205470425094543,80.13559626868778,0.5947434457262591,0.4350274901004158,0.8007537883659122,0.09579608987462414,0.0,-0.0,Low
TSSD0160,Gudihathnur,Adilabad,19.524093646138063,78.5126965330652,0.5284281625134548,0.2891946980256516,0.7491615508271384,0.1546327398257015,-4.827056628805028e-18,4.827056628805028e-18,Low
TSSD0161,Gudur,Mahabubabad,17.77477229367305,80.00927258726128,0.5894833879985379,0.4305657995752541,0.7757167586361069,0.10232384964852675,2.413528314402514e-18,-2.413528314402514e-18,Low
TSSD0162,Gummadidala,Sangareddy,17.69018380062947,78.37352424698926,0.5057946499336827,0.3345321655273437,0.7247721354166666,0.11931772500885661,2.413528314402514e-18,-2.413528314402514e-18,Low
TSSD0163,Gundala,Bhadradri Kothagudem,17.892627140349713,80.36409754800422,0.5826038743792111,0.3573700213500627,0.7963653826781877,0.12182706378189764,9.654113257610057e-18,-9.654113257610057e-18,Low
TSSD0164,Gundala,Yadadri Bhuvanagiri,17.528213357089676,79.26664559045659,0.4947564898580983,0.3369744873046875,0.6952332384832974,0.1179968220913828,-2.413528314402514e-18,2.413528314402514e-18,Moderate
TSSD0165,Gundlapally,Nalgonda,16.604413045963017,78.76162936472207,0.46156524606941124,0.2888378270124382,0.6677253222743992,0.11194283443261606,0.0,-0.0,Moderate
TSSD0166,Gurrampode,Nalgonda,16.849096306980186,79.10097242567156,0.496904620044228,0.3151286338167929,0.715322475477264,0.11943303994088177,-7.240584943207542e-18,7.240584943207542e-18,Moderate
TSSD0167,Hajipur,Mancherial,18.909972567159,79.34382486736024,0.5254510282645799,0.3760358681408535,0.7426142439763769,0.11150509973700214,2.413528314402514e-18,-2.413528314402514e-18,Low
TSSD0168,Hanamkonda,Warangal_Urban,18.01258656810092,79.556835676317,0.4419902871121799,0.3207948319034873,0.6047828951030197,0.0727843563477375,-4.827056628805028e-18,4.827056628805028e-18,Moderate
TSSD0169,Hanwada,Mahabubnagar,16.824265798171524,77.88996548864945,0.5076045303330925,0.3656191250487604,0.7366630141513523,0.11634005554307249,-9.654113257610057e-18,9.654113257610057e-18,Low
TSSD0170,Hasanparthy,Warangal_Urban,18.07022676635049,79.5369376240415,0.5325888035999574,0.3345632903201289,0.7805955525536894,0.1196689207546752,4.827056628805028e-18,-4.827056628805028e-18,Low
TSSD0171,Hathnoora,Sangareddy,17.71406202911517,78.19075460981051,0.460116181399301,0.2330592256017797,0.7371485280272306,0.12294298810959131,8.4473491004088e-18,-8.4473491004088e-18,Moderate
TSSD0172,Havelighanpur,Medak,18.12495873644739,78.23977714996896,0.5160712341389009,0.3355422742439038,0.7526555687490136,0.12526485480355873,7.240584943207542e-18,-7.240584943207542e-18,Low
TSSD0173,Hayathnagar,Rangareddy,17.326584970176096,78.58130704227105,0.3274848478693627,0.254821542593149,0.427867683997521,0.060557787142140745,-2.413528314402514e-18,2.413528314402514e-18,High
TSSD0174,Himayatnagar,Hyderabad,17.403468171478234,78.48891394218599,0.23915683038486454,0.1600535767418997,0.3367214202880859,0.04096876281426636,0.0,-0.0,Severe
TSSD0175,Husnabad,Siddipet,18.130176575391012,79.22113405302834,0.5277734533253249,0.3065188641964059,0.7797199117726293,0.11944189804060078,9.654113257610057e-18,-9.654113257610057e-18,Low
TSSD0176,Huzur nagar,Suryapet,16.88056782762874,79.85386993872814,0.5183708799473792,0.2638308302800458,0.8205515926045582,0.2044602076926422,-1.4481169886415085e-17,1.4481169886415085e-17,Low
TSSD0177,Huzurabad,Karimnagar,18.216884737853857,79.41598095707869,0.5297446087690637,0.2767106280318664,0.7996438813250428,0.15870325488456435,2.413528314402514e-18,-2.413528314402514e-18,Low
TSSD0178,Ibrahimpatnam,Jagtial,18.92287298546624,78.58311996751637,0.5215343505124906,0.2505327755772498,0.7020314450711749,0.11145834446269264,0.0,-0.0,Low
TSSD0179,Ibrahimpatnam,Rangareddy,17.203660231093473,78.65063289530357,0.4995135255990812,0.3285205982349537,0.7221689150314923,0.12165270816848513,-7.240584943207542e-18,7.240584943207542e-18,Moderate
TSSD0180,Ichoda,Adilabad,19.379325379618503,78.49476801959692,0.5092268334351201,0.2306369331469215,0.8019646052620245,0.17988160922420993,6.033820786006285e-18,-6.033820786006285e-18,Low
TSSD0181,Illanthakunta,Rajanna Sircilla,18.31555928788047,78.93440663135308,0.4958094650677902,0.2943640526304854,0.751559578104222,0.12365557092133156,-9.654113257610057e-18,9.654113257610057e-18,Moderate
TSSD0182,Inavolu,Warangal_Urban,17.862726664833144,79.54722354724373,0.5299405343712071,0.3314308073462509,0.7556073258562785,0.11299386562501897,-4.827056628805028e-18,4.827056628805028e-18,Low
TSSD0183,Indalwai,Nizamabad,18.52191208991092,78.26964479137756,0.5360719232806102,0.3137641067601335,0.7864250250622234,0.13375367633968838,2.413528314402514e-18,-2.413528314402514e-18,Low
TSSD0184,Inderavelly,Adilabad,19.48833076482417,78.65171570341961,0.5112717254836732,0.278196067253481,0.7628499896973204,0.15968330291116034,-2.413528314402514e-18,2.413528314402514e-18,Low
TSSD0185,Itikyal,Jogulamba Gadwal,16.07511978509404,77.87405097873643,0.4512513479469015,0.2429272143246623,0.6607764692336603,0.13205949817750942,4.827056628805028e-18,-4.827056628805028e-18,Moderate
TSSD0186,Jadcherla,Mahabubnagar,16.79041733024918,78.17203269354499,0.43829544891444167,0.3213981277428874,0.6382662054990164,0.09830834451139471,-9.654113257610057e-18,9.654113257610057e-18,Moderate
TSSD0187,Jagdevpur,Siddipet,17.802252399845223,78.81310774994196,0.5036157638584722,0.3641289158871299,0.7320777491519326,0.11595358880353648,4.827056628805028e-18,-4.827056628805028e-18,Low
TSSD0188,Jagityal_Rural,Jagtial,18.817035204753576,78.93563198534044,0.5492257932910353,0.3348514722741168,0.8025942423902086,0.12167698193409233,-4.827056628805028e-18,4.827056628805028e-18,Low
TSSD0189,Jagtial,Jagtial,18.793234698459848,78.91222961565425,0.48786831686555565,0.3095556723104941,0.7144226899018159,0.11048141934105575,-4.827056628805028e-18,4.827056628805028e-18,Moderate
TSSD0190,Jainad,Adilabad,19.741290686067117,78.61887990918629,0.5083402769361551,0.265033122870474,0.7347633603920871,0.15672527304931416,7.240584943207542e-18,-7.240584943207542e-18,Low
TSSD0191,Jainoor,Kumurambheem Asifabad,19.416425279878634,78.9211190606271,0.5337404727824925,0.3043275884128509,0.799917618858623,0.1646485712323873,4.827056628805028e-18,-4.827056628805028e-18,Low
TSSD0192,Jaipur,Mancherial,18.79736291595984,79.60583690031918,0.533612314428255,0.3381687028298758,0.7186376186299608,0.10977919383636381,-2.413528314402514e-18,2.413528314402514e-18,Low
TSSD0193,Jajireddigudem,Suryapet,17.31723546211312,79.54616499464784,0.5168557521768554,0.3057258647048922,0.7648326935417135,0.127497058863102,-1.206764157201257e-17,1.206764157201257e-17,Low
TSSD0194,Jakranpally,Nizamabad,18.710365603212093,78.27851526056575,0.5141667724897637,0.290320301969973,0.7490763801355331,0.1264606506933786,0.0,-0.0,Low
TSSD0195,Jammikunta,Karimnagar,18.33076321446785,79.48965469788055,0.5310105033542799,0.2851908114268164,0.755088833111335,0.132587052894579,0.0,-0.0,Low
TSSD0196,Jangoan,Jangoan,17.757609001072915,79.13161938273655,0.5108154493326273,0.3302064173429915,0.7402810402286862,0.11774501273689825,2.413528314402514e-18,-2.413528314402514e-18,Low
TSSD0197,Jannaram,Mancherial,19.13593244685643,79.00175988304566,0.5268876580648643,0.2070394908478113,0.7839725645870939,0.13733962270356567,2.413528314402514e-18,-2.413528314402514e-18,Low
TSSD0198,Jharasangam,Sangareddy,17.746455591136673,77.71064003798591,0.4856092097498444,0.3232866487649424,0.6980685940036526,0.12218329270948732,-9.654113257610057e-18,9.654113257610057e-18,Moderate
TSSD0199,Jukkal,Kamareddy,18.358820887028106,77.60903761631445,0.511516249918695,0.3081514254811244,0.7809990776909722,0.1520467530095327,4.827056628805028e-18,-4.827056628805028e-18,Low
TSSD0200,Julapalli,Peddapalli,18.62799506478448,79.25566558595057,0.560002160623401,0.3272234092551595,0.8186285300332992,0.15169303516512303,0.0,-0.0,Low
TSSD0201,Julurupad,Bhadradri Kothagudem,17.421434500050996,80.497804258175,0.5911410149540339,0.4517204307487693,0.7853097202533026,0.09996945007042704,1.4481169886415085e-17,-1.4481169886415085e-17,Low
TSSD0202,Kaddampeddur,Nirmal,19.166507571250087,78.8005779681818,0.5285390633779166,0.2282081087729088,0.7707737360980577,0.1481373395585807,1.68946982008176e-17,-1.68946982008176e-17,Low
TSSD0203,Kadthal,Rangareddy,16.950038168864722,78.5322773223036,0.49656505580895216,0.3097764116278442,0.6918524113668275,0.125142394403722,-1.4481169886415085e-17,1.4481169886415085e-17,Moderate
TSSD0204,Kagaznagar,Kumurambheem Asifabad,19.382602146164164,79.52480556148133,0.5341183008693303,0.31111031390251,0.7781943463264628,0.16288395988867907,7.240584943207542e-18,-7.240584943207542e-18,Low
TSSD0205,Kalher,Sangareddy,18.148851357418792,77.84753926095303,0.46508106938427884,0.3117222877065088,0.7201622641010649,0.1197585948889245,-7.240584943207542e-18,7.240584943207542e-18,Moderate
TSSD0206,Kalluru,Khammam,17.20720361850778,80.54092724838554,0.6187119424341396,0.4676005785148505,0.8250657388569894,0.10428997000405248,1.206764157201257e-17,-1.206764157201257e-17,Minimal
TSSD0207,Kaloor_Thimmandoddi,Jogulamba Gadwal,16.218779865632573,77.54636621830015,0.43608622496561106,0.2856499421681073,0.6440201130319149,0.11188703045669288,-4.827056628805028e-18,4.827056628805028e-18,Moderate
TSSD0208,Kalwakurthy,Nagarkurnool,16.625124859852413,78.47376267133117,0.45796649256366606,0.3193795198739592,0.6176701289284626,0.09028142670952154,9.654113257610057e-18,-9.654113257610057e-18,Moderate
TSSD0209,Kamalapur,Warangal_Urban,18.1872480996586,79.5396044398087,0.5464969978691591,0.2898617099767581,0.8058479769767121,0.15215640947931336,4.827056628805028e-18,-4.827056628805028e-18,Low
TSSD0210,Kamanpur,Peddapalli,18.65888391861393,79.49670951717991,0.5334849222112052,0.2247090527391809,0.7796767227293,0.15968577734940326,-4.827056628805028e-18,4.827056628805028e-18,Low
TSSD0211,Kamareddy,Kamareddy,18.32457113756935,78.34804108888869,0.4768269494976229,0.3310371286728802,0.7160540188060087,0.11858199735126675,1.206764157201257e-17,-1.206764157201257e-17,Moderate
TSSD0212,Kamepally,Khammam,17.41672970124584,80.26465668094022,0.5609337225606472,0.3388453492330848,0.7414266003849934,0.10548966549795312,-1.68946982008176e-17,1.68946982008176e-17,Low
TSSD0213,Kanagal,Nalgonda,16.95580768907777,79.20681853805085,0.5277269566068358,0.3299187803318468,0.7617167005508919,0.13836230898956903,4.827056628805028e-18,-4.827056628805028e-18,Low
TSSD0214,Kandi,Sangareddy,17.564225584201658,78.13580532711298,0.4652832546324625,0.3230681444963104,0.7073807008364547,0.11670279359236772,-4.827056628805028e-18,4.827056628805028e-18,Moderate
TSSD0215,Kandukur,Rangareddy,17.074763282195647,78.50310971255487,0.485045636580897,0.3386397571962007,0.7132574023890661,0.12300590430396324,7.240584943207542e-18,-7.240584943207542e-18,Moderate
TSSD0216,Kangti,Sangareddy,18.21523570463939,77.64750477178659,0.44666656284637796,0.2400376811780427,0.7431832082648027,0.17575753793059062,-3.620292471603771e-18,3.620292471603771e-18,Moderate
TSSD0217,Kannaigudem,Mulugu,18.4864172195808,80.30949581025571,0.5531642014526608,0.1405650766650636,0.7258928001825534,0.13769339522948504,-1.0860877414811314e-17,1.0860877414811314e-17,Low
TSSD0218,Kannepalli,Mancherial,19.14527569809585,79.6594866910062,0.511506764984724,0.2230100356237104,0.7753705597973264,0.16329174184285733,0.0,-0.0,Low
TSSD0219,Kapra,Medchal_Malkajgiri,17.494325422047023,78.5791835548215,0.39824783089786225,0.3036619124873992,0.5205322757844002,0.0697128795386815,-2.413528314402514e-18,2.413528314402514e-18,High
TSSD0220,Karakagudem,Bhadradri Kothagudem,18.03636235014785,80.5563542682864,0.5823994476741763,0.4256451748224052,0.782924786448606,0.10484483556124116,4.827056628805028e-18,-4.827056628805028e-18,Low
TSSD0221,Karimnagar,Karimnagar,18.4289346494908,79.11949801064483,0.2831283361733365,0.195922462307677,0.3766564609242134,0.05249273472423461,1.206764157201257e-18,-1.206764157201257e-18,Severe
TSSD0222,Karimnagar_Rural,Karimnagar,18.481191241559625,79.17481277685171,0.5107849627241737,0.3076209035413018,0.791183405909045,0.1395067695280361,-2.413528314402514e-18,2.413528314402514e-18,Low
TSSD0223,Kasipet,Mancherial,19.05788040609467,79.34396605457525,0.5677304512344497,0.2595174908220893,0.7938216191392582,0.15850239901058455,7.240584943207542e-18,-7.240584943207542e-18,Low
TSSD0224,Kataram,Jayashankar Bhupalpally,18.649070241301036,79.91477104226018,0.5443756777779659,0.3357606922257899,0.7601877279765423,0.12751059335297477,7.240584943207542e-18,-7.240584943207542e-18,Low
TSSD0225,Kathlapur,Jagtial,18.70768308928034,78.69403666974763,0.5417163919958269,0.2986957302341213,0.7979650720373377,0.14422363231450855,-9.654113257610057e-18,9.654113257610057e-18,Low
TSSD0226,Kattangur,Nalgonda,17.19286168311918,79.31438341266755,0.49604939408616366,0.2802465080034614,0.7461674756342822,0.13414552165420338,0.0,-0.0,Moderate
TSSD0227,Keesara,Medchal_Malkajgiri,17.519627272265545,78.64715222957017,0.45783661493902256,0.3403240270781935,0.6361641867118969,0.0963348547212338,1.206764157201257e-17,-1.206764157201257e-17,Moderate
TSSD0228,Kerameri,Kumurambheem Asifabad,19.457254158623225,79.08527868925387,0.5598537025018991,0.3147553153659986,0.8185544221297555,0.17717434450221192,2.413528314402514e-18,-2.413528314402514e-18,Low
TSSD0229,Kesamudram,Mahabubabad,17.678212966421352,79.88741532300246,0.5565427016877029,0.362516040376345,0.7729621911530287,0.10912619128351464,1.68946982008176e-17,-1.68946982008176e-17,Low
TSSD0230,Keshampeta,Rangareddy,16.964153574515585,78.33474999039606,0.4799708294837853,0.3388982201427347,0.6885771932481211,0.10714701386778767,-2.413528314402514e-18,2.413528314402514e-18,Moderate
TSSD0231,Kethepally,Nalgonda,17.149177091974888,79.51061754204315,0.505188217887881,0.2829508804248281,0.777884889447518,0.15539245104044186,9.654113257610057e-18,-9.654113257610057e-18,Low
TSSD0232,Khaazipet,Warangal_Urban,17.958699608056076,79.49948167039705,0.504571546062476,0.3471068327647474,0.7162796894359168,0.09903555774080006,-4.827056628805028e-18,4.827056628805028e-18,Low
TSSD0233,Khairatabad,Hyderabad,17.4296421375747,78.44805503087598,0.2686927170086691,0.1855270282642261,0.3625216355194917,0.04932909151798464,-3.620292471603771e-18,3.620292471603771e-18,Severe
TSSD0234,Khammam_Rural,Khammam,17.284128960810673,80.09621392395134,0.5381110710614309,0.3877774175320562,0.7133628601524109,0.0933823034338869,9.654113257610057e-18,-9.654113257610057e-18,Low
TSSD0235,Khammam_Urban,Khammam,17.24860961387844,80.16733058223716,0.4943683543904166,0.3580440639220562,0.6537280525128866,0.08340114157967816,-9.654113257610057e-18,9.654113257610057e-18,Moderate
TSSD0236,Khanapur,Nirmal,19.10133728428078,78.63757722352523,0.5388897630393086,0.3832774514447667,0.7631829846167041,0.12776038172470533,4.827056628805028e-18,-4.827056628805028e-18,Low
TSSD0237,Khanapur,Warangal_Rural,17.922532429031676,79.95103687448947,0.5803869496221128,0.4508138605066248,0.8174835926777607,0.11409717411036066,0.0,-0.0,Low
TSSD0238,Khila Warangal,Warangal_Urban,17.929580415074746,79.60793982746324,0.5110076635080685,0.3487176867498868,0.710530422044837,0.10176990249671061,-2.413528314402514e-18,2.413528314402514e-18,Low
TSSD0239,Kodad,Suryapet,16.953205009988235,79.98230620156885,0.5317108612421724,0.3318001383696722,0.7899413887614165,0.152485553207529,2.413528314402514e-18,-2.413528314402514e-18,Low
TSSD0240,Kodair,Nagarkurnool,16.25360258021672,78.25275318156122,0.4789795421177899,0.30644121513411,0.703785966082317,0.10568114158832412,7.240584943207542e-18,-7.240584943207542e-18,Moderate
TSSD0241,Kodangal,Vikarabad,17.097366811311822,77.57206434728374,0.4521607003986699,0.1995356071508672,0.7027172033866627,0.14632180709985895,1.206764157201257e-17,-1.206764157201257e-17,Moderate
TSSD0242,Kodimial,Jagtial,18.62906426159419,78.89259841392115,0.5673172998923564,0.3385156587711391,0.8091419956140351,0.1235536466492015,-2.413528314402514e-18,2.413528314402514e-18,Low
TSSD0243,Koheda,Siddipet,18.16068391538185,79.08331747690731,0.5317434014767893,0.3193702046781677,0.7681287607099687,0.11488117418258845,0.0,-0.0,Low
TSSD0244,Kohir,Sangareddy,17.596749681945287,77.69762594451916,0.5080835940253633,0.3817084723436683,0.6769462808904289,0.09031275058616485,-7.240584943207542e-18,7.240584943207542e-18,Low
TSSD0245,Koilkonda,Mahabubnagar,16.779272000236126,77.79359552799887,0.480287709779422,0.2955194078782982,0.7188196243253598,0.12141714786699703,-4.827056628805028e-18,4.827056628805028e-18,Moderate
TSSD0246,Kollapur,Nagarkurnool,16.121738226590118,78.43374751434597,0.5158728934259996,0.3224475827488398,0.7135283452680509,0.1341968937051704,0.0,-0.0,Low
TSSD0247,Komuravelli,Siddipet,17.919075558957008,78.88577417025627,0.5103747536479563,0.3462439982096354,0.743556620279948,0.11188725544625307,2.413528314402514e-18,-2.413528314402514e-18,Low
TSSD0248,Konaraopet,Rajanna Sircilla,18.49044157461529,78.70832050997669,0.5177565553676736,0.2921011464273902,0.7783559279801916,0.13339522568443646,4.827056628805028e-18,-4.827056628805028e-18,Low
TSSD0249,Kondamallapally,Nalgonda,16.6951956751892,78.98623718698126,0.47136075475030237,0.3058741642878606,0.6992657560131925,0.12182617550703968,-7.240584943207542e-18,7.240584943207542e-18,Moderate
TSSD0250,Kondapak,Siddipet,17.970313565242265,78.84141137484576,0.5157075033883531,0.3528174640235187,0.7420060441300675,0.10975023918498482,0.0,-0.0,Low
TSSD0251,Kondapur,Sangareddy,17.537684876770225,78.01504026282126,0.4681160269391188,0.3301423030829279,0.7068240567573212,0.12205079508129124,1.68946982008176e-17,-1.68946982008176e-17,Moderate
TSSD0252,Kondurg,Rangareddy,17.096451635327796,78.054397258358,0.4760369201616494,0.24364057188714,0.7100552239845178,0.12884279902525372,-7.240584943207542e-18,7.240584943207542e-18,Moderate
TSSD0253,Konijerla,Khammam,17.23611497012912,80.3136794457696,0.5676993347547069,0.4133678908575149,0.7271848842075893,0.09315193729476581,9.654113257610057e-18,-9.654113257610057e-18,Low
TSSD0254,Korutla,Jagtial,18.83953218004912,78.73437119089493,0.5390968024041688,0.3517622514204545,0.7741289874906196,0.1217170022627865,9.654113257610057e-18,-9.654113257610057e-18,Low
TSSD0255,Kosgi,Narayanpet,16.96780117488878,77.70368608500807,0.47997586618598204,0.324989777150508,0.7186139110120362,0.1114436543865648,1.206764157201257e-17,-1.206764157201257e-17,Moderate
TSSD0256,Kotagiri,Nizamabad,18.579201707875757,77.79485250711944,0.5030604634838325,0.2627841647580373,0.794489271863759,0.17625396939312143,-2.413528314402514e-18,2.413528314402514e-18,Low
TSSD0257,Kotepally,Vikarabad,17.413953065007878,77.77442011190467,0.45803911702858874,0.2095447683932891,0.7249652431599765,0.14953561959605716,-6.033820786006285e-18,6.033820786006285e-18,Moderate
TSSD0258,Kothaguda,Mahabubabad,17.948917752293934,80.0890009724213,0.5724414147306646,0.3597749705059263,0.777892584126701,0.12957550840089307,2.413528314402514e-18,-2.413528314402514e-18,Low
TSSD0259,Kothagudem,Bhadradri Kothagudem,17.534528945691417,80.62559938143609,0.5282957693064435,0.4036942890712193,0.6926071166992187,0.08057289466030262,-1.68946982008176e-17,1.68946982008176e-17,Low
TSSD0260,Kothakota,Wanaparthy,16.339130370467974,77.9380789300218,0.45671236403877485,0.2854447218701036,0.6905789601105501,0.11318798788878805,0.0,-0.0,Moderate
TSSD0261,Kothapally,Karimnagar,18.452517759277345,79.05259585039306,0.46201192746272884,0.3102649586624182,0.6727078105991484,0.10200673764528313,-2.413528314402514e-18,2.413528314402514e-18,Moderate
TSSD0262,Kothur,Rangareddy,17.133035429382783,78.28994909612148,0.46116068391460674,0.3396602283824574,0.6622665405273438,0.10600481582783455,-7.240584943207542e-18,7.240584943207542e-18,Moderate
TSSD0263,Kouthala,Kumurambheem Asifabad,19.53724662312534,79.72972030298097,0.4879595288674694,0.2696688467996162,0.7774585718728914,0.158120363856086,-7.240584943207542e-18,7.240584943207542e-18,Moderate
TSSD0264,Kowdipally,Medak,17.873715041894275,78.20784232942465,0.498267887736532,0.3299573689481638,0.77288355026802,0.1288137601407053,0.0,-0.0,Moderate
TSSD0265,Kubeer,Nirmal,19.240410100760418,77.94427057944414,0.48878003762055855,0.1447331955326972,0.7993525771263359,0.16882780711427794,8.4473491004088e-18,-8.4473491004088e-18,Moderate
TSSD0266,Kukatpally,Medchal_Malkajgiri,17.484259935987982,78.40852369869623,0.3055054850213029,0.2251487913585844,0.4087071191696894,0.05785372692867894,1.0860877414811314e-17,-1.0860877414811314e-17,High
TSSD0267,Kulcharam,Medak,17.954713076908135,78.17949412551832,0.5045144286177969,0.2933512816090086,0.7700157454082356,0.1408527591803298,2.413528314402514e-18,-2.413528314402514e-18,Low
TSSD0268,Kulkacharla,Vikarabad,17.003104897963343,77.89858372681404,0.4896290107897933,0.2356686123934659,0.7319384765625,0.12371606112082369,-3.620292471603771e-18,3.620292471603771e-18,Moderate
TSSD0269,Kuntala,Nirmal,19.18133362674217,78.08879670965874,0.5055495362525418,0.197183345704769,0.7408977983776568,0.13358276251161522,6.033820786006285e-18,-6.033820786006285e-18,Low
TSSD0270,Kuravi,Mahabubabad,17.494683538393346,80.01245773375388,0.5735552218173329,0.4232877007324702,0.743810889978475,0.08472035237870158,-7.240584943207542e-18,7.240584943207542e-18,Low
TSSD0271,Kusumanchi,Khammam,17.215918140315374,79.95349258565605,0.5263298019347183,0.3425875130068475,0.7379164813540547,0.13278983333393704,-1.4481169886415085e-17,1.4481169886415085e-17,Low
TSSD0272,Laxmanchanda,Nirmal,19.0261979501978,78.45524891033499,0.49557359450377075,0.2152222765518931,0.7049134786655841,0.11698697575332641,-6.033820786006285e-18,6.033820786006285e-18,Moderate
TSSD0273,Laxmidevipally,Bhadradri Kothagudem,17.67513023217091,80.60063567329786,0.5533164568425228,0.4083181237830683,0.734417303460511,0.10364978501884624,7.240584943207542e-18,-7.240584943207542e-18,Low
TSSD0274,Lingalaghanpur,Jangoan,17.65733108561419,79.21451403564481,0.4874667540945055,0.3202672046791259,0.7168979332095287,0.12069956282299285,1.68946982008176e-17,-1.68946982008176e-17,Moderate
TSSD0275,Lingampet,Kamareddy,18.252351742897552,78.12445090585442,0.5239204297392509,0.3279495873279519,0.7881605548101339,0.12910217914151684,7.240584943207542e-18,-7.240584943207542e-18,Low
TSSD0276,Lingapur,Kumurambheem Asifabad,19.265286816990272,79.02751165447768,0.5246846886027183,0.3134169544247414,0.8011205879046762,0.16062534150257748,-4.827056628805028e-18,4.827056628805028e-18,Low
TSSD0277,Lokeshwaram,Nirmal,19.01398489780225,78.09709182046277,0.4248235211812106,0.2822907725210655,0.5644520235162885,0.08487501888430836,-1.4481169886415085e-17,1.4481169886415085e-17,Moderate
TSSD0278,Luxettipet,Mancherial,18.92387016167057,79.23878163484093,0.5283022426907181,0.3292455569072372,0.7693265298971333,0.11660698972057165,-4.827056628805028e-18,4.827056628805028e-18,Low
TSSD0279,Machareddy,Kamareddy,18.352832732566142,78.48294606252259,0.5045085546609925,0.3315058849594133,0.7825027516853051,0.13358035337803126,-7.240584943207542e-18,7.240584943207542e-18,Low
TSSD0280,Madanapur,Wanaparthy,16.38663028374377,77.87256356881731,0.47313761773798896,0.2896572024323219,0.7352742039880087,0.13189525243065178,0.0,-0.0,Moderate
TSSD0281,Maddirala,Suryapet,17.40726641042227,79.70140622674901,0.5315716146674239,0.3145990737831353,0.7725550566120601,0.11793653455100958,-2.172175482962263e-17,2.172175482962263e-17,Low
TSSD0282,Maddur,Narayanpet,16.85422286814004,77.64577133283636,0.471114249300832,0.2781032071568659,0.7429094116717453,0.1336385396451747,7.240584943207542e-18,-7.240584943207542e-18,Moderate
TSSD0283,Maddur,Siddipet,17.917707641799037,79.0665558287405,0.5249930989986659,0.3619831460745223,0.7623670508824482,0.11284036464984509,7.240584943207542e-18,-7.240584943207542e-18,Low
TSSD0284,Madgul,Rangareddy,16.839344321429806,78.69932601733773,0.4504301019830486,0.2527470755769879,0.7401786043316206,0.1526364771094807,7.240584943207542e-18,-7.240584943207542e-18,Moderate
TSSD0285,Madhira,Khammam,16.93081148222145,80.38342241328115,0.5829058273575312,0.4340604610396708,0.744948635426171,0.08939209199322593,1.4481169886415085e-17,-1.4481169886415085e-17,Low
TSSD0286,Madnur,Kamareddy,18.48564578377694,77.66451652396717,0.488986236433314,0.2550001046496005,0.7796969247304928,0.1545428754764244,1.68946982008176e-17,-1.68946982008176e-17,Moderate
TSSD0287,Madugulapally,Nalgonda,16.982241464221214,79.4687485274478,0.5088576711604398,0.3109184949611939,0.7671904115238649,0.1517683771523632,7.240584943207542e-18,-7.240584943207542e-18,Low
TSSD0288,Maganoor,Narayanpet,16.47442361838865,77.44631670593182,0.4239998719517993,0.2832686241636885,0.6522910747122257,0.11642729225649474,-2.413528314402514e-18,2.413528314402514e-18,Moderate
TSSD0289,Mahabubabad,Mahabubabad,17.605857978576893,79.98710555362969,0.5624326848705913,0.4362880431499678,0.7496441713313466,0.08258869155105442,7.240584943207542e-18,-7.240584943207542e-18,Low
TSSD0290,Mahabubnagar_Urban,Mahabubnagar,16.75420602501483,78.0177063567753,0.4552146872131474,0.295682616460891,0.6489131382533482,0.10833644345901261,2.413528314402514e-18,-2.413528314402514e-18,Moderate
TSSD0291,Mahadevpur,Jayashankar Bhupalpally,18.738969367479,79.95909061005734,0.5023302674182188,0.3345952121246022,0.6658176127747116,0.08781596298368662,-2.413528314402514e-18,2.413528314402514e-18,Low
TSSD0292,Maheswaram,Rangareddy,17.150947676393436,78.41949199249842,0.4732396239185875,0.3482254903942262,0.6794896381482244,0.1077368143787885,-1.206764157201257e-17,1.206764157201257e-17,Moderate
TSSD0293,Makloor,Nizamabad,18.758139783666305,78.14929520993877,0.5395447056256583,0.3031765461547406,0.8162871461592497,0.13853843022850512,-9.654113257610057e-18,9.654113257610057e-18,Low
TSSD0294,Makthal,Narayanpet,16.472904699814812,77.56172822235725,0.42840751118380244,0.2854749581017005,0.6441335834031638,0.11430215335060635,7.240584943207542e-18,-7.240584943207542e-18,Moderate
TSSD0295,Maldakal,Jogulamba Gadwal,16.11818567940187,77.71381056024417,0.4696511086320889,0.2973048945620685,0.6374067498382027,0.1121474441037151,0.0,-0.0,Moderate
TSSD0296,Malharrao,Jayashankar Bhupalpally,18.52806486056968,79.81550436654429,0.5497516739343336,0.3786455029435986,0.7303332032641114,0.11312388932841395,1.9308226515220113e-17,-1.9308226515220113e-17,Low
TSSD0297,Malkajgiri,Medchal_Malkajgiri,17.463877902609305,78.53327140674708,0.3737742961728219,0.2919396899995349,0.4846007937476748,0.06529477978120087,7.240584943207542e-18,-7.240584943207542e-18,High
TSSD0298,Mallapur,Jagtial,18.960377451091063,78.71207339405069,0.5100832121241041,0.3166219998249965,0.743336905420354,0.11175266492235258,4.827056628805028e-18,-4.827056628805028e-18,Low
TSSD0299,Mallial,Jagtial,18.710158340123517,78.92814051206564,0.5684877215457725,0.3498897285520752,0.7972224162859642,0.11505215710246054,1.4481169886415085e-17,-1.4481169886415085e-17,Low
TSSD0300,Mamda,Nirmal,19.08806393256744,78.51295252991038,0.5367449719101383,0.2648569309462141,0.7733899861874274,0.15010263925036874,7.240584943207542e-18,-7.240584943207542e-18,Low
TSSD0301,Manakondur,Karimnagar,18.40421600383418,79.26082974908775,0.5190559296531212,0.304046701257479,0.7865238035701413,0.16009557998067708,4.827056628805028e-18,-4.827056628805028e-18,Low
TSSD0302,Manchal,Rangareddy,17.107061566823848,78.75477362318952,0.5144065463444314,0.3212600275572495,0.7404659750007907,0.14027575813833085,-2.413528314402514e-18,2.413528314402514e-18,Low
TSSD0303,Mancherial,Mancherial,18.879457760291984,79.44808685463124,0.4272121975793862,0.3198588202981388,0.5785505855784697,0.08627204302718589,0.0,-0.0,Moderate
TSSD0304,Mandamarri,Mancherial,18.949319186573742,79.48947932355928,0.541665638508436,0.3760490521992722,0.7304003571810788,0.1110725487779863,0.0,-0.0,Low
TSSD0305,Mangapet,Mulugu,18.18841709669464,80.54142198605489,0.4816730867693649,0.2568496676641234,0.6642917754339757,0.08741703140065583,-4.827056628805028e-18,4.827056628805028e-18,Moderate
TSSD0306,Manoor,Sangareddy,17.95972507758111,77.74334914951172,0.46994948728264396,0.292426989863094,0.6855108486577726,0.13092942504544267,2.413528314402514e-18,-2.413528314402514e-18,Moderate
TSSD0307,Manopad,Jogulamba Gadwal,15.9797915726401,77.95242202346643,0.46989281005552586,0.2968430712043894,0.6412951960039965,0.12279416636502984,4.827056628805028e-18,-4.827056628805028e-18,Moderate
TSSD0308,Manthani,Peddapalli,18.645224722648404,79.70004469176219,0.5142182929935258,0.224998099283116,0.7369079359174225,0.13286330919232162,1.206764157201257e-18,-1.206764157201257e-18,Low
TSSD0309,Manuguru,Bhadradri Kothagudem,17.952742315189496,80.77556266997497,0.47485598292102993,0.244071610613567,0.6434416682545732,0.09611344143321301,-3.620292471603771e-18,3.620292471603771e-18,Moderate
TSSD0310,Maredpally,Hyderabad,17.439419363899045,78.51510041325318,0.32234143232888524,0.2412735921032024,0.4168943369163657,0.05273456050528897,0.0,-0.0,High
TSSD0311,Marikal,Narayanpet,16.588262049827815,77.7292468054772,0.456172911125127,0.2821155853724267,0.7043474689789271,0.11723136655110665,2.413528314402514e-18,-2.413528314402514e-18,Moderate
TSSD0312,Maripeda,Mahabubabad,17.40481037028684,79.86684556411019,0.5620223068087499,0.3809366841470041,0.7607876562303112,0.1087737668040292,-1.9308226515220113e-17,1.9308226515220113e-17,Low
TSSD0313,Markook,Siddipet,17.74685262760345,78.73052074822493,0.4738265639461788,0.347186538730425,0.6742883464634019,0.09631510689187255,-4.827056628805028e-18,4.827056628805028e-18,Moderate
TSSD0314,Marpalle,Vikarabad,17.540883228965093,77.785734771157,0.4819206815604094,0.3161656171426005,0.7207898625261233,0.13246771390783826,9.654113257610057e-18,-9.654113257610057e-18,Moderate
TSSD0315,Marriguda,Nalgonda,16.983752891440236,78.87080619041485,0.4667617547346456,0.280426246991296,0.7219537125583506,0.14979865750472587,-2.413528314402514e-18,2.413528314402514e-18,Moderate
TSSD0316,Mattampalli,Suryapet,16.759537146891695,79.85168964157972,0.4624710921910267,0.2834474426411144,0.7059952100855569,0.13393847705882955,-4.827056628805028e-18,4.827056628805028e-18,Moderate
TSSD0317,Medak,Medak,18.03841148648404,78.29095544261469,0.4947111575552444,0.3235983033672404,0.754801845389171,0.12910830742884305,-4.827056628805028e-18,4.827056628805028e-18,Moderate
TSSD0318,Medchal,Medchal_Malkajgiri,17.636744389247248,78.4806921613139,0.47316034415500413,0.3508966830293488,0.6653785077035805,0.09968426702337968,-7.240584943207542e-18,7.240584943207542e-18,Moderate
TSSD0319,Medipalle,Jagtial,18.74632615162628,78.79678296664973,0.5669115469730955,0.3496716027972342,0.7951208355783046,0.12268175188866627,-1.9308226515220113e-17,1.9308226515220113e-17,Low
TSSD0320,Medipally,Medchal_Malkajgiri,17.419997576781586,78.59972430442127,0.3680248801834917,0.2714527977837456,0.5100055800543891,0.074761772409988,0.0,-0.0,High
TSSD0321,Mellachervu,Suryapet,16.82982680650824,79.95169445904041,0.4980113726782361,0.2935338885213934,0.7591966166733547,0.14404028682638206,4.827056628805028e-18,-4.827056628805028e-18,Moderate
TSSD0322,Mendora,Nizamabad,18.958195365830964,78.40053988948036,0.5043621813535196,0.2413111126612103,0.6458437965029762,0.10296170572241348,-1.4481169886415085e-17,1.4481169886415085e-17,Low
TSSD0323,Metpalli,Jagtial,18.808633451671945,78.6133328643077,0.5202964578076097,0.271676988744024,0.7623544569632307,0.127711068234552,-4.827056628805028e-18,4.827056628805028e-18,Low
TSSD0324,Midjil,Mahabubnagar,16.755228314899558,78.2983626301625,0.452112873866467,0.2661255235107774,0.6567026113534903,0.10956185131161397,-9.654113257610057e-18,9.654113257610057e-18,Moderate
TSSD0325,Mirdoddi,Siddipet,18.07405388848321,78.64634748950041,0.5061516790143803,0.3644507748451824,0.7758009981873678,0.12162962261694986,-2.413528314402514e-18,2.413528314402514e-18,Low
TSSD0326,Miryalaguda,Nalgonda,16.866459368974173,79.57651802923776,0.507738748342145,0.294480360191287,0.7927480799551229,0.1818510389046926,-2.413528314402514e-18,2.413528314402514e-18,Low
TSSD0327,Mogudampally,Sangareddy,17.618507068980257,77.50637466681722,0.46800473027065154,0.3168446393419139,0.6921004526998719,0.1306210745854443,0.0,-0.0,Moderate
TSSD0328,Mogullapally,Jayashankar Bhupalpally,18.305927154466552,79.620574818295,0.5390484313964844,0.3065716247558593,0.7945856323242187,0.13891642816494848,4.827056628805028e-18,-4.827056628805028e-18,Low
TSSD0329,Moinabad,Rangareddy,17.319434337397094,78.26919575590628,0.4308857304238494,0.3087112788014374,0.6023707513475902,0.08793632746385037,9.654113257610057e-18,-9.654113257610057e-18,Moderate
TSSD0330,Mominpet,Vikarabad,17.505559791377518,77.90067861487385,0.4657004954591418,0.2993029426125919,0.6999897286105339,0.1254237922523338,-4.827056628805028e-18,4.827056628805028e-18,Moderate
TSSD0331,Moosapet,Mahabubnagar,16.609097547195084,77.9644620259555,0.47470797642673523,0.3207538369261188,0.7078858928915895,0.10924922893573806,2.413528314402514e-18,-2.413528314402514e-18,Moderate
TSSD0332,Morthad,Nizamabad,18.83152194359531,78.45351547722206,0.49891674444542167,0.2144121763085117,0.7135779116334033,0.13986816725509502,3.620292471603771e-18,-3.620292471603771e-18,Moderate
TSSD0333,Motakondur,Yadadri Bhuvanagiri,17.536550108939867,79.08567021240408,0.4889079277797873,0.3155854592183273,0.7007321294345296,0.11985157169161999,7.240584943207542e-18,-7.240584943207542e-18,Moderate
TSSD0334,Mothey,Suryapet,17.20215099355356,79.8130227726941,0.5168076997173189,0.3025442516171682,0.7493807678598952,0.1364129898672888,-1.4481169886415085e-17,1.4481169886415085e-17,Low
TSSD0335,Mothkur,Yadadri Bhuvanagiri,17.41866525949364,79.26461327947379,0.48690765270468817,0.3096946230914814,0.6980578872157932,0.12197893745706447,2.413528314402514e-18,-2.413528314402514e-18,Moderate
TSSD0336,Mudhole,Nirmal,18.98410457149101,77.96108879394284,0.4851264655071756,0.2768583679199218,0.7542861938476563,0.12363611971537872,0.0,-0.0,Moderate
TSSD0337,Mudigonda,Khammam,17.11433530432898,80.11094216866444,0.5624489367137476,0.3971971525432378,0.7664485396795205,0.11810955485186728,-2.413528314402514e-18,2.413528314402514e-18,Low
TSSD0338,Mugpal,Nizamabad,18.558757871109737,78.11243758995913,0.5311576199722966,0.3109160864667641,0.7963280254702488,0.12642340555387727,-2.413528314402514e-18,2.413528314402514e-18,Low
TSSD0339,Mulakalapally,Bhadradri Kothagudem,17.48777489506675,80.83937203371879,0.6012239936176106,0.4391813671693904,0.7512865769514951,0.08492767179000299,-7.240584943207542e-18,7.240584943207542e-18,Minimal
TSSD0340,Mulug,Mulugu,18.144834467881235,79.96920280568567,0.5339490375336368,0.373786426224854,0.7395187467046561,0.10148256900793907,-2.413528314402514e-18,2.413528314402514e-18,Low
TSSD0341,Mulug,Siddipet,17.71680827958401,78.61744613987734,0.45589810532237374,0.3186845718675358,0.6381377687879429,0.09645045965960801,0.0,-0.0,Moderate
TSSD0342,Munagala,Suryapet,17.06225849839382,79.818488732801,0.5183132636535649,0.3140716552734375,0.7836792821187925,0.15194348757672485,1.68946982008176e-17,-1.68946982008176e-17,Low
TSSD0343,Munipally,Sangareddy,17.7141678421221,77.846802637826,0.4139252872270516,0.2658151105663855,0.6243276403510228,0.1290269542323831,-1.4481169886415085e-17,1.4481169886415085e-17,Moderate
TSSD0344,Munugode,Nalgonda,17.09470925742862,79.04712972711103,0.4732792288503676,0.2577551894300566,0.7494119959553396,0.17456251490514418,4.827056628805028e-18,-4.827056628805028e-18,Moderate
TSSD0345,Mupkal,Nizamabad,18.9112309604174,78.38485915132648,0.4703912418119953,0.2355969524799996,0.6334764239048853,0.11094725022778347,-1.8101462358018857e-17,1.8101462358018857e-17,Moderate
TSSD0346,Musheerabad,Hyderabad,17.416285086509486,78.50290666307588,0.2728652209632481,0.1918409087441184,0.3682045503096147,0.04896105442641396,1.206764157201257e-18,-1.206764157201257e-18,Severe
TSSD0347,Mustabad,Rajanna Sircilla,18.28833072865658,78.70400020272545,0.5129757610357768,0.2977612022035546,0.7870549644989147,0.13985207345595543,1.4481169886415085e-17,-1.4481169886415085e-17,Low
TSSD0348,Mutharam_Mahadevpur,Jayashankar Bhupalpally,18.52425212756675,80.1138228836485,0.5872274511846409,0.2436439308604427,0.7771409350137886,0.1330447783499379,1.3274405729213829e-17,-1.3274405729213829e-17,Low
TSSD0349,Mutharam_Manthani,Peddapalli,18.531922059463984,79.64228855463911,0.5164981529360911,0.2991042840676229,0.7577778800589139,0.1330204990928985,-2.413528314402514e-18,2.413528314402514e-18,Low
TSSD0350,Nadigudem,Suryapet,17.103381243263037,79.87786661456211,0.5347304476922029,0.3270001857400798,0.8086365075420132,0.17113144312939563,-2.413528314402514e-18,2.413528314402514e-18,Low
TSSD0351,Nagalgidda,Sangareddy,18.051096107805357,77.6331780966838,0.4447950093505227,0.1824826120540795,0.718394348952944,0.16743499584701904,0.0,-0.0,Moderate
TSSD0352,Nagaram,Suryapet,17.40390569301871,79.48459504700963,0.5088571598914736,0.3176587511609484,0.7553372683224978,0.12569086206535013,7.240584943207542e-18,-7.240584943207542e-18,Low
TSSD0353,Nagi_Reddypet,Kamareddy,18.12156296417936,78.09812790524128,0.5041383826214334,0.2791457612635725,0.6974608340505827,0.12118969299099919,1.206764157201257e-17,-1.206764157201257e-17,Low
TSSD0354,Nakrekal,Nalgonda,17.167811148279824,79.43161343130667,0.4981322287859175,0.3060919584159971,0.7128598186119873,0.12042840885154352,-2.413528314402514e-18,2.413528314402514e-18,Moderate
TSSD0355,Nalgonda,Nalgonda,17.060940951790915,79.24627200497298,0.49318603409121886,0.2920026798312082,0.7116777605037625,0.12746301039102667,4.827056628805028e-18,-4.827056628805028e-18,Moderate
TSSD0356,Nallabelli,Warangal_Rural,18.055733632529883,79.91796186104422,0.5381782911179548,0.3324299325188287,0.7596600649168166,0.11148933432738456,-1.206764157201257e-17,1.206764157201257e-17,Low
TSSD0357,Nampally,Hyderabad,17.38503400100639,78.47293929075133,0.24082355136456693,0.1637729207674662,0.3395958344141642,0.040514770526081496,-1.206764157201257e-18,1.206764157201257e-18,Severe
TSSD0358,Nampally,Nalgonda,16.861174381940742,78.95256895308432,0.4610176734697,0.3021836643896732,0.6795086287806683,0.13182096151569941,2.413528314402514e-18,-2.413528314402514e-18,Moderate
TSSD0359,Nandigama,Rangareddy,17.128031981580385,78.2375745370032,0.4753676795618672,0.2695898604719606,0.6981304011932791,0.12386155655550014,-2.413528314402514e-18,2.413528314402514e-18,Moderate
TSSD0360,Nandipet,Nizamabad,18.91649904361457,78.17338238745945,0.3695542648375741,0.2064298727766798,0.5205424553791996,0.09663917678237664,3.620292471603771e-18,-3.620292471603771e-18,High
TSSD0361,Nangnoor,Siddipet,18.068196948953695,79.01183838609069,0.5390014050266867,0.3393792324378842,0.7664527267706199,0.11119424883609158,-7.240584943207542e-18,7.240584943207542e-18,Low
TSSD0362,Narayanapoor,Yadadri Bhuvanagiri,17.146655289279078,78.87900848722762,0.4860985056816386,0.3067962504542151,0.7278572401889535,0.15692383717513245,-2.413528314402514e-18,2.413528314402514e-18,Moderate
TSSD0363,Narayankhed,Sangareddy,18.05680556143473,77.78328089604473,0.5008289720823875,0.321553372977496,0.7702665626681916,0.14102383558055243,4.827056628805028e-18,-4.827056628805028e-18,Low
TSSD0364,Narayanpet,Narayanpet,16.73669791950274,77.57278635214703,0.46962841927934385,0.2740859625813648,0.7291249986193744,0.14154070574931774,2.413528314402514e-18,-2.413528314402514e-18,Moderate
TSSD0365,Narketpally,Nalgonda,17.232282925580705,79.22000234095292,0.4905016205813999,0.2852438759538057,0.7350056347755193,0.13861908563090566,2.413528314402514e-18,-2.413528314402514e-18,Moderate
TSSD0366,Narmetta,Jangoan,17.874809150059956,79.16374457551912,0.5289401421107511,0.3794709699656072,0.7648108118625474,0.10550640170655919,-7.240584943207542e-18,7.240584943207542e-18,Low
TSSD0367,Narnoor,Adilabad,19.502438760649632,78.85150437306831,0.5250367421398264,0.277842346548337,0.8053145559210526,0.17367900378375592,-2.413528314402514e-18,2.413528314402514e-18,Low
TSSD0368,Narsampet,Warangal_Rural,17.94894413225703,79.87757927219289,0.52548591380342,0.3302483452690972,0.7562355324074074,0.10516475283799274,2.413528314402514e-18,-2.413528314402514e-18,Low
TSSD0369,Narsapur,Medak,17.760103738975033,78.2622577894898,0.4837556145568339,0.3198598496457364,0.767039603375374,0.11998014408921097,2.413528314402514e-18,-2.413528314402514e-18,Moderate
TSSD0370,Narsapur_G,Nirmal,19.13475330120203,78.16093302265904,0.49007549847660353,0.2192554843041204,0.6830446304813508,0.11688441151404336,-1.206764157201257e-17,1.206764157201257e-17,Moderate
TSSD0371,Narsimhulapet,Mahabubabad,17.501052188387174,79.81108207667135,0.5605824694308535,0.3543853759765625,0.7707422856179816,0.10452533789184631,2.172175482962263e-17,-2.172175482962263e-17,Low
TSSD0372,Narsingi,Medak,18.0461814740027,78.43603266922187,0.5042503338265774,0.3198294371237486,0.7743593026033212,0.13041662499942322,-2.413528314402514e-18,2.413528314402514e-18,Low
TSSD0373,Narva,Narayanpet,16.467482064342782,77.67256684394168,0.4501741872028896,0.2805292377893696,0.6916067512380989,0.12157708661902314,2.413528314402514e-18,-2.413528314402514e-18,Moderate
TSSD0374,Naspur,Mancherial,18.856952707965483,79.49115011080315,0.48212301503057065,0.3509457736545139,0.6207857937282986,0.08824395038162831,-4.827056628805028e-18,4.827056628805028e-18,Moderate
TSSD0375,Nasurullabad,Kamareddy,18.464042735659625,77.89231083731873,0.5368156421771318,0.3083929179198106,0.8309380394451168,0.13427624016847595,-7.240584943207542e-18,7.240584943207542e-18,Low
TSSD0376,Navipet,Nizamabad,18.827441535714403,78.02210354769231,0.4943460354076191,0.3008444195144747,0.7347494488113497,0.13561440157188187,1.9308226515220113e-17,-1.9308226515220113e-17,Moderate
TSSD0377,Nawabpet,Mahabubnagar,16.902786230989808,78.02212457421221,0.48302529780752684,0.3731095357899516,0.7177151117332526,0.11344507884371999,1.206764157201257e-17,-1.206764157201257e-17,Moderate
TSSD0378,Nawabpet,Vikarabad,17.423092230982295,77.97761988111361,0.46124650478080753,0.2928810754449933,0.690022848016736,0.12314393919923358,2.413528314402514e-18,-2.413528314402514e-18,Moderate
TSSD0379,Nekkonda,Warangal_Rural,17.780245940152223,79.81776945229167,0.5636092942368801,0.3818007101827164,0.780370618947028,0.11210733124334686,-2.413528314402514e-18,2.413528314402514e-18,Low
TSSD0380,Nelakondapally,Khammam,17.08516116799076,80.04747684612958,0.5535651114473374,0.3692247439653445,0.7987293732471955,0.14644850779111054,9.654113257610057e-18,-9.654113257610057e-18,Low
TSSD0381,Nellikudur,Mahabubabad,17.60887611518817,79.79571514179565,0.5626777965404933,0.3423493798099347,0.7891499533582089,0.1213656118996487,7.240584943207542e-18,-7.240584943207542e-18,Low
TSSD0382,Nennel,Mancherial,19.020954343813315,79.63650349713733,0.5727255885427013,0.3949160530216493,0.7683616485462903,0.12471305535222076,-2.413528314402514e-18,2.413528314402514e-18,Low
TSSD0383,Neradigonda,Adilabad,19.269116889117768,78.41434229753023,0.5219041254734765,0.1243386877850921,0.7934572055116881,0.18554101442631382,7.240584943207542e-18,-7.240584943207542e-18,Low
TSSD0384,Nereducherla,Suryapet,16.907592651679646,79.67001608754124,0.5272999514626371,0.2942889072210659,0.8281352488677005,0.20074036800666042,4.827056628805028e-18,-4.827056628805028e-18,Low
TSSD0385,Neredugommu,Nalgonda,16.5743823427991,79.03196415237501,0.48148154672632987,0.31435398801544,0.6857350366355399,0.11674392162168512,-4.827056628805028e-18,4.827056628805028e-18,Moderate
TSSD0386,Nidamanoor,Nalgonda,16.830936797289286,79.38621092305954,0.527192345242577,0.3333112854404574,0.8062115091202817,0.16159430107575543,2.413528314402514e-18,-2.413528314402514e-18,Low
TSSD0387,Nirmal,Nirmal,19.101433831138127,78.34556148296105,0.44027039750291425,0.239739990234375,0.5941499883478338,0.1038081971476745,-6.033820786006285e-18,6.033820786006285e-18,Moderate
TSSD0388,Nirmal Rural,Nirmal,19.10496098820446,78.35899370559767,0.5051869121431942,0.2220686091933139,0.7259137648944707,0.12680609422944397,2.413528314402514e-18,-2.413528314402514e-18,Low
TSSD0389,Nizamabad North,Nizamabad,18.688701864999764,78.09081116515048,0.4133566553570693,0.2842393932920514,0.5636878736091383,0.08330748675402032,-1.206764157201257e-17,1.206764157201257e-17,Moderate
TSSD0390,Nizamabad Rural,Nizamabad,18.67392084573583,78.06414903573352,0.5202565558196304,0.3125672137150999,0.7846411533043033,0.12372544196072571,0.0,-0.0,Low
TSSD0391,Nizamabad South,Nizamabad,18.66508614759777,78.08686998088398,0.41361407430686975,0.2939975980728391,0.5662571135021391,0.0849931615835339,4.827056628805028e-18,-4.827056628805028e-18,Moderate
TSSD0392,Nizampet,Medak,18.120998723703966,78.53215773960714,0.4950869624174032,0.3118012526939655,0.7853825010102371,0.13420586961708728,-2.413528314402514e-18,2.413528314402514e-18,Moderate
TSSD0393,Nizamsagar,Kamareddy,18.23296043336419,77.93044335808924,0.3890196304078572,0.2654645817454268,0.5539133360327744,0.09412128814541439,2.413528314402514e-18,-2.413528314402514e-18,High
TSSD0394,Noothankal,Suryapet,17.332039126570063,79.71363611079195,0.5346972358235004,0.3102865067739335,0.7806577531118242,0.12730292793587122,7.240584943207542e-18,-7.240584943207542e-18,Low
TSSD0395,Nyalkal,Sangareddy,17.845639593316857,77.62214805378247,0.4825587068400653,0.3249007244499362,0.6913183774930427,0.12050631756677699,-4.827056628805028e-18,4.827056628805028e-18,Moderate
TSSD0396,Odela,Peddapalli,18.45208898790932,79.44859923337864,0.5309012688389059,0.2793722641773713,0.7859260852520282,0.1646098664878964,4.827056628805028e-18,-4.827056628805028e-18,Low
TSSD0397,Padara,Nagarkurnool,16.333007972135707,79.06457521428406,0.4816778078542997,0.29261729696257,0.6786387117506505,0.1330516172785609,9.654113257610057e-18,-9.654113257610057e-18,Moderate
TSSD0398,Palakeedu,Suryapet,16.763386220734763,79.7188724240613,0.4799520903809893,0.2713372791410598,0.7662877240295977,0.17069514103370395,-9.654113257610057e-18,9.654113257610057e-18,Moderate
TSSD0399,Palakurthy,Jangoan,17.65052077455534,79.43574888622938,0.5148351012866916,0.3170316203891073,0.7628033802974676,0.11927849136545568,-2.172175482962263e-17,2.172175482962263e-17,Low
TSSD0400,Palakurthy,Peddapalli,18.735487176111835,79.36601351196563,0.5171846201400951,0.3159042830319749,0.7453701373228093,0.11862236938592399,2.413528314402514e-18,-2.413528314402514e-18,Low
TSSD0401,Palmela,Jayashankar Bhupalpally,18.648796407048728,80.23389902554489,0.5401641295683601,0.1595615484775641,0.7167115822816507,0.13910015319418542,4.827056628805028e-18,-4.827056628805028e-18,Low
TSSD0402,Palvancha,Bhadradri Kothagudem,17.708301881529263,80.69106392682838,0.5853671407494132,0.43983624432538,0.7670027586790893,0.09411835973959468,1.206764157201257e-17,-1.206764157201257e-17,Low
TSSD0403,Pangal,Wanaparthy,16.247886791656025,78.13438434120877,0.4687973335426422,0.2972669062454945,0.7214583558607266,0.12241858667368737,-2.413528314402514e-18,2.413528314402514e-18,Moderate
TSSD0404,Papannapet,Medak,18.036040416099432,78.11113464709902,0.5041044943984098,0.3213869013638161,0.7108023657760357,0.12976943020083664,2.413528314402514e-18,-2.413528314402514e-18,Low
TSSD0405,Pargi,Vikarabad,17.17081116520234,77.88462484781161,0.44584520252042986,0.2496449756721346,0.7103268949166017,0.1316080000803001,1.206764157201257e-18,-1.206764157201257e-18,Moderate
TSSD0406,Parkal,Warangal_Rural,18.200086174665355,79.69017517542933,0.5416808099613383,0.3468982167651871,0.7584663323596516,0.11413388726869761,9.654113257610057e-18,-9.654113257610057e-18,Low
TSSD0407,Parvathagiri,Warangal_Rural,17.768587106851566,79.71935244948264,0.5764298552854852,0.3670256183227717,0.7928090577244234,0.12636074214921164,-1.68946982008176e-17,1.68946982008176e-17,Low
TSSD0408,Patancheruvu,Sangareddy,17.54616907969027,78.21615128039629,0.4353817107205581,0.3202751877957021,0.6100856790712468,0.10218531017281349,-7.240584943207542e-18,7.240584943207542e-18,Moderate
TSSD0409,Pebbair,Wanaparthy,16.154667361026206,77.99154060329671,0.4245172426995472,0.1932281895207959,0.6160427809046446,0.10505487570281279,3.620292471603771e-18,-3.620292471603771e-18,Moderate
TSSD0410,Peda Adisharla Palli,Nalgonda,16.628430913925957,79.15087423956454,0.3826137836779916,0.2424544912253694,0.5654540687625952,0.09215446428926628,7.240584943207542e-18,-7.240584943207542e-18,High
TSSD0411,Pedda Kodapgal,Kamareddy,18.29005169485645,77.7277740705958,0.47592651357135596,0.2465098409941702,0.7747173887310606,0.1558538352599005,-3.620292471603771e-18,3.620292471603771e-18,Moderate
TSSD0412,Peddakothapalle,Nagarkurnool,16.26396728056,78.36699567493092,0.49365396320117744,0.3881804898019099,0.6844893351639851,0.09223960489299754,7.240584943207542e-18,-7.240584943207542e-18,Moderate
TSSD0413,Peddamandaddi,Wanaparthy,16.448813435696007,78.02141377661917,0.4653902481397891,0.3161841652610085,0.6774383941254059,0.10523174280827308,-1.4481169886415085e-17,1.4481169886415085e-17,Moderate
TSSD0414,Peddapalli,Peddapalli,18.61925696659535,79.39799752030426,0.5420386775047656,0.3206352876286069,0.8201600564687795,0.14839893940401566,7.240584943207542e-18,-7.240584943207542e-18,Low
TSSD0415,Peddavangara,Mahabubabad,17.55357546601424,79.57746552876202,0.5451348657414414,0.3355138327267124,0.8211202723130997,0.13841412232221645,-1.4481169886415085e-17,1.4481169886415085e-17,Low
TSSD0416,Peddavoora,Nalgonda,16.703555445455443,79.22829233851428,0.5067193577197915,0.3465880843233471,0.701312709839876,0.1057228269444749,-3.37893964016352e-17,3.37893964016352e-17,Low
TSSD0417,Peddemul,Vikarabad,17.360528342679697,77.62875451618278,0.46670617731815606,0.3286280537031561,0.716839672559761,0.1334935271835241,0.0,-0.0,Moderate
TSSD0418,Pegadapalli,Jagtial,18.704655137708837,79.06618632179637,0.5547434919262418,0.3636402027027027,0.8115668769355293,0.13637898795564177,2.413528314402514e-18,-2.413528314402514e-18,Low
TSSD0419,Pembi,Nirmal,19.221630359462825,78.62071745982252,0.5508116259424125,0.3212303348255652,0.7918043313333951,0.1720821251146861,-2.413528314402514e-18,2.413528314402514e-18,Low
TSSD0420,Penchikalpet,Kumurambheem Asifabad,19.28625656333718,79.79538732774085,0.5483121259020809,0.208571944423228,0.7906897859200419,0.16665744819880152,-1.0860877414811314e-17,1.0860877414811314e-17,Low
TSSD0421,Penpahad,Suryapet,17.025113841753978,79.69083692890048,0.521250112964341,0.3009247054482933,0.8004148868551278,0.16106222085949332,-7.240584943207542e-18,7.240584943207542e-18,Low
TSSD0422,Pentlavelli,Nagarkurnool,16.058256806124366,78.24459872802748,0.37436037864480576,0.1524939759136879,0.5026646444242294,0.08502995903233043,-2.413528314402514e-18,2.413528314402514e-18,High
TSSD0423,Penuballi,Khammam,17.217482427292747,80.68440186887229,0.5735091403328864,0.4615204200316011,0.7914684562716076,0.09529639859976452,1.206764157201257e-17,-1.206764157201257e-17,Low
TSSD0424,Pinapaka,Bhadradri Kothagudem,18.04920525097939,80.68294245909804,0.5069067426246352,0.2723502884367982,0.721184401217097,0.10046051323731048,-2.413528314402514e-18,2.413528314402514e-18,Low
TSSD0425,Pudur,Vikarabad,17.23527096620161,77.99231854442735,0.4622997621367539,0.272821272926769,0.706140066563398,0.1261570169131988,-1.206764157201257e-17,1.206764157201257e-17,Moderate
TSSD0426,Pulkal,Sangareddy,17.747486841548724,77.9904897860782,0.43189834162973384,0.2745893448118179,0.6399909125434028,0.11684520686295811,-2.413528314402514e-18,2.413528314402514e-18,Moderate
TSSD0427,Quthbullapur,Medchal_Malkajgiri,17.520591139290577,78.43903933137253,0.34325745260402285,0.2613705721768466,0.4662090852298838,0.06585440299030101,-2.413528314402514e-18,2.413528314402514e-18,High
TSSD0428,Raghunadhapalem,Khammam,17.32424666272752,80.2336204428331,0.5550022363354818,0.3417836557520498,0.7409118048035273,0.1089416287655454,-9.654113257610057e-18,9.654113257610057e-18,Low
TSSD0429,Ragunathpally,Jangoan,17.76796544526984,79.27171481560511,0.5109674401544414,0.3579763590112006,0.7603333725305739,0.10598280154329257,1.206764157201257e-17,-1.206764157201257e-17,Low
TSSD0430,Raikal,Jagtial,18.951660073481808,78.84059564017713,0.5405353504495816,0.2357962049576679,0.7629703202436674,0.12692775460226613,-1.206764157201257e-17,1.206764157201257e-17,Low
TSSD0431,Raikode,Sangareddy,17.844646475040275,77.77807823376801,0.42513810686222603,0.265921702283494,0.6419151793134973,0.1216660814749608,-2.413528314402514e-18,2.413528314402514e-18,Moderate
TSSD0432,Raiparthy,Warangal_Rural,17.68415475475425,79.59793473935066,0.536628768280399,0.3278412458448637,0.814345687305953,0.13627773218421343,2.413528314402514e-18,-2.413528314402514e-18,Low
TSSD0433,Raipole,Siddipet,17.908840600012137,78.6173017743873,0.4950070677935699,0.3564523761192064,0.7201680729898174,0.10841191731989068,-9.654113257610057e-18,9.654113257610057e-18,Moderate
TSSD0434,Rajampet,Kamareddy,18.211487160608893,78.29234320497244,0.5203499752696675,0.3251562420438343,0.7572709124403515,0.13101066533976846,-4.827056628805028e-18,4.827056628805028e-18,Low
TSSD0435,Rajapeta,Yadadri Bhuvanagiri,17.736428588836574,78.93230576965185,0.5132109661993005,0.3180354948966734,0.740949149912261,0.1190866905687171,-2.413528314402514e-18,2.413528314402514e-18,Low
TSSD0436,Rajapur,Mahabubnagar,16.881154787749836,78.16072329213205,0.46593458127912635,0.3417859799934156,0.687288862286192,0.11262856015396014,-2.413528314402514e-18,2.413528314402514e-18,Moderate
TSSD0437,Rajendranagar,Rangareddy,17.32301512054428,78.41813464764594,0.36320966004231414,0.2832683390708425,0.4734954833984375,0.059526813954548834,7.240584943207542e-18,-7.240584943207542e-18,High
TSSD0438,Rajoli,Jogulamba Gadwal,15.911774999078602,77.75328560407907,0.49691503129943015,0.3315624977225688,0.6647957189759212,0.10539213200283959,-4.827056628805028e-18,4.827056628805028e-18,Moderate
TSSD0439,Ramachandrapuram,Sangareddy,17.472831446748348,78.26395230877344,0.4170349425078241,0.2692260033575004,0.5620588651013448,0.08778494561326575,7.240584943207542e-18,-7.240584943207542e-18,Moderate
TSSD0440,Ramadugu,Karimnagar,18.56412320205826,79.07130550845565,0.5338762986689958,0.3163348463496059,0.8012484735866353,0.1360173360804863,-9.654113257610057e-18,9.654113257610057e-18,Low
TSSD0441,Ramagiri,Peddapalli,18.642809070468804,79.56182598979315,0.5049498552441176,0.2663520194388725,0.7145994444151182,0.12491295286231652,-7.240584943207542e-18,7.240584943207542e-18,Low
TSSD0442,Ramagundam,Peddapalli,18.75618593996357,79.48453811938313,0.4459588417137183,0.2455966680376361,0.6049945878784686,0.09334126006516229,3.620292471603771e-18,-3.620292471603771e-18,Moderate
TSSD0443,Ramannapet,Yadadri Bhuvanagiri,17.308590732241434,79.12033612024565,0.4977983616418249,0.2987882730030252,0.7405879514715822,0.13936930020472377,4.827056628805028e-18,-4.827056628805028e-18,Moderate
TSSD0444,Ramareddy,Kamareddy,18.4243016275064,78.39869827226096,0.5227239485882244,0.3510117517465971,0.7851304340095413,0.1299201371455854,4.827056628805028e-18,-4.827056628805028e-18,Low
TSSD0445,Ramayampet,Medak,18.109851947153302,78.41688877972445,0.5198472810828167,0.3496390819549561,0.7821335315704345,0.12877475936281205,-4.827056628805028e-18,4.827056628805028e-18,Low
TSSD0446,Rebbena,Kumurambheem Asifabad,19.25973804085397,79.43793449184541,0.5075894264254064,0.2401382033889358,0.7622879715653154,0.16531574838788932,-8.4473491004088e-18,8.4473491004088e-18,Low
TSSD0447,Regode,Medak,17.960020347523155,77.85257552266314,0.4873072723006759,0.3149780363994112,0.7343326195057492,0.1416319503896802,-7.240584943207542e-18,7.240584943207542e-18,Moderate
TSSD0448,Regonda,Jayashankar Bhupalpally,18.245315828226296,79.78305423938112,0.5487687965761674,0.4056840576423307,0.7525250074423918,0.10040251928004967,-1.206764157201257e-17,1.206764157201257e-17,Low
TSSD0449,Renjal,Nizamabad,18.77111594213676,77.93694855443887,0.4977168846284896,0.2349010333264589,0.7581706234633799,0.14936658735466016,-7.240584943207542e-18,7.240584943207542e-18,Moderate
TSSD0450,Revally,Wanaparthy,16.360472811526584,78.24574635436048,0.47806251434238406,0.3350902512843506,0.7264005905923212,0.11112240928991812,-1.206764157201257e-17,1.206764157201257e-17,Moderate
TSSD0451,Rudrangi,Rajanna Sircilla,18.6287527958768,78.64751895156921,0.546063253979412,0.2994384416453625,0.817131967784611,0.15804298361304914,1.206764157201257e-17,-1.206764157201257e-17,Low
TSSD0452,Rudrur,Nizamabad,18.583342705044863,77.87109630065848,0.5164410657160908,0.2840166445131655,0.815986986513491,0.16954770529047616,-2.413528314402514e-18,2.413528314402514e-18,Low
TSSD0453,Sadashivnagar,Kamareddy,18.42692315789361,78.234863459548,0.5038404173973408,0.3171970964914344,0.7632715432040663,0.12721228609295435,0.0,-0.0,Low
TSSD0454,Sadasivpet,Sangareddy,17.64575318176888,77.9532324861738,0.46963051616281704,0.3422723679315476,0.6780179850260417,0.12016059399285252,0.0,-0.0,Moderate
TSSD0455,Saidabad,Hyderabad,17.36092460229435,78.50669291148772,0.2511421195838762,0.1776500046253204,0.3384374976158142,0.04454498768230375,-1.568793404361634e-17,1.568793404361634e-17,Severe
TSSD0456,Sangareddy,Sangareddy,17.62236340933919,78.09779572419937,0.4571850189340211,0.2778986417330228,0.6603079994956216,0.10251432611307289,-1.206764157201257e-17,1.206764157201257e-17,Moderate
TSSD0457,Sangem,Warangal_Rural,17.87911273186706,79.70796402222287,0.54135435116217,0.3641226387330081,0.761734376175637,0.11209894397348809,-4.827056628805028e-18,4.827056628805028e-18,Low
TSSD0458,Sarangapur,Jagtial,18.925943275837096,78.9444202667226,0.540512107875309,0.2083197392915424,0.8119014940763775,0.14479233875575,4.827056628805028e-18,-4.827056628805028e-18,Low
TSSD0459,Sarangapur,Nirmal,19.207103903475083,78.2590134442335,0.4876956673760528,0.1761845366099753,0.7215582541767968,0.12670242898421663,-7.240584943207542e-18,7.240584943207542e-18,Moderate
TSSD0460,Sathupally,Khammam,17.23460243298742,80.83313824926968,0.5587633327362874,0.4318469135701155,0.7172628963694853,0.0743055648717313,-4.827056628805028e-18,4.827056628805028e-18,Low
TSSD0461,Secunderabad,Hyderabad,17.436740783007547,78.48648928713655,0.26718293862996684,0.187992316025954,0.3479230587299053,0.04641897857815564,-6.033820786006285e-18,6.033820786006285e-18,Severe
TSSD0462,Serilingampalle,Rangareddy,17.460663845448046,78.34779449931506,0.33698499806991683,0.2400697661609184,0.4616836175685975,0.06573371477104091,0.0,-0.0,High
TSSD0463,Shabad,Rangareddy,17.184491737162883,78.14108693681256,0.4625442236947952,0.2516507433001653,0.6915930809106371,0.12143518012598672,2.413528314402514e-18,-2.413528314402514e-18,Moderate
TSSD0464,Shaikpet,Hyderabad,17.4144087785306,78.42035849055146,0.30749839792869316,0.2089091709681919,0.392951031120456,0.05209325985742304,4.827056628805028e-18,-4.827056628805028e-18,High
TSSD0465,Shaligouraram,Nalgonda,17.29371966600672,79.3926622404555,0.4760414504593668,0.2898111579831967,0.718428430478435,0.12800334914547715,-2.413528314402514e-18,2.413528314402514e-18,Moderate
TSSD0466,Shamirpet,Medchal_Malkajgiri,17.606933270820907,78.57844479687986,0.4893576341379203,0.3680264703158674,0.6838709911956309,0.10485166660301842,-7.240584943207542e-18,7.240584943207542e-18,Moderate
TSSD0467,Shamshabad,Rangareddy,17.232769152105195,78.34536247871372,0.4688470797015519,0.3614417666480655,0.6416136242094495,0.0899387903317333,0.0,-0.0,Moderate
TSSD0468,Shankarampet_A,Medak,18.055651145656626,77.93017455391922,0.4686667914157026,0.3301903443804596,0.648888205529846,0.09572705550952987,1.206764157201257e-17,-1.206764157201257e-17,Moderate
TSSD0469,Shankarapatnam,Karimnagar,18.306028182390197,79.33154261523353,0.5287373388090052,0.2765737412220891,0.8178465004651815,0.17947395774855024,0.0,-0.0,Low
TSSD0470,Shankarpalle,Rangareddy,17.43166942796487,78.1460808577506,0.46276458015812766,0.3602237419968431,0.6642841248182109,0.10420174801198033,1.4481169886415085e-17,-1.4481169886415085e-17,Moderate
TSSD0471,Shayampet,Warangal_Rural,18.13701707488144,79.75803015798205,0.539808588175623,0.3128265442262952,0.7952074016363808,0.12400917561621227,2.172175482962263e-17,-2.172175482962263e-17,Low
TSSD0472,Shivampet,Medak,17.796128815685993,78.37674539519222,0.498549620386407,0.344046642783215,0.7625899355635684,0.12244481196536067,2.413528314402514e-18,-2.413528314402514e-18,Moderate
TSSD0473,Siddipet_Rural,Siddipet,18.145341161209995,78.77356981569065,0.5300358990748346,0.3465224835051207,0.7867016832367713,0.12343549298809013,-1.9308226515220113e-17,1.9308226515220113e-17,Low
TSSD0474,Siddipet_Urban,Siddipet,18.089294714827798,78.86057984317853,0.5062129163974737,0.3326041830244975,0.7165547791038526,0.1087579181404498,-7.240584943207542e-18,7.240584943207542e-18,Low
TSSD0475,Singareni,Khammam,17.502273987892845,80.3222587631335,0.5738413212541751,0.4192794551099592,0.7707349241408498,0.09615503206510928,-1.206764157201257e-17,1.206764157201257e-17,Low
TSSD0476,Sircilla,Rajanna Sircilla,18.39537512810584,78.79105623163045,0.4668634304849017,0.282946406184016,0.690461236077386,0.11466068013715397,-2.413528314402514e-18,2.413528314402514e-18,Moderate
TSSD0477,Sirgapoor,Sangareddy,18.1432577833632,77.72184377176403,0.47825359679473023,0.2689768674345356,0.7527842163568429,0.14666788197500974,1.4481169886415085e-17,-1.4481169886415085e-17,Moderate
TSSD0478,Sirikonda,Adilabad,19.37363297130328,78.60433951402213,0.512311586197408,0.2280201861850022,0.7841336084497156,0.17877422981916308,-1.9308226515220113e-17,1.9308226515220113e-17,Low
TSSD0479,Sirikonda,Nizamabad,18.55141630950503,78.49169445770401,0.5529976655170867,0.3282638292634085,0.8044306722919593,0.13926037655325701,-9.654113257610057e-18,9.654113257610057e-18,Low
TSSD0480,Sirpur_T,Kumurambheem Asifabad,19.468177870801604,79.58290884634299,0.5472098378147919,0.3299752968694276,0.7687497213801712,0.14837057907596202,2.413528314402514e-18,-2.413528314402514e-18,Low
TSSD0481,Sirpur_U,Kumurambheem Asifabad,19.33998435825861,78.97149480585276,0.5124924103123548,0.2065882346000813,0.7805066870934015,0.17157948417900518,0.0,-0.0,Low
TSSD0482,Soan,Nirmal,19.01122591747903,78.34773880589213,0.40972762979985095,0.2207022299313678,0.5494307193010213,0.08239917108343661,1.4481169886415085e-17,-1.4481169886415085e-17,Moderate
TSSD0483,Srirampur,Peddapalli,18.502595356360256,79.52160235521765,0.5135649523568881,0.2880663812604199,0.7802627601339562,0.14264439616779065,0.0,-0.0,Low
TSSD0484,Srirangapur,Wanaparthy,16.194998109697107,78.03833499368235,0.4313750985359483,0.2419522953325091,0.7012202178301796,0.12955213685808123,-6.033820786006285e-18,6.033820786006285e-18,Moderate
TSSD0485,Sujathanagar,Bhadradri Kothagudem,17.493060721938026,80.58134302206359,0.5559781503485491,0.4338961702437218,0.7955046711872178,0.10979864707351199,7.240584943207542e-18,-7.240584943207542e-18,Low
TSSD0486,Sultanabad,Peddapalli,18.51073359339508,79.31924128195968,0.5168566524746862,0.3026810776103626,0.8038500005548651,0.16335042755426912,2.413528314402514e-18,-2.413528314402514e-18,Low
TSSD0487,Suryapet,Suryapet,17.17527142525855,79.58754616159871,0.5024325576938539,0.2999392829422842,0.7577062683436822,0.1461230627597234,7.240584943207542e-18,-7.240584943207542e-18,Low
TSSD0488,Tadoor,Nagarkurnool,16.575096487288246,78.3466765315043,0.4649235616439032,0.2604227207175772,0.656263226434494,0.10914152656810544,-1.206764157201257e-17,1.206764157201257e-17,Moderate
TSSD0489,Tadvai (Sammakka Sarakka),Mulugu,18.172226888487582,80.28715465732526,0.6326920549215337,0.409051673431783,0.8201607796228539,0.11479982167013843,2.413528314402514e-18,-2.413528314402514e-18,Minimal
TSSD0490,Tadwai,Kamareddy,18.30721601683948,78.23612791425063,0.4789353900046795,0.2898325440744874,0.7421518154245205,0.13294679728891334,-2.6548811458427657e-17,2.6548811458427657e-17,Moderate
TSSD0491,Talakondapally,Rangareddy,16.8594539989267,78.41754397319755,0.4785979233016964,0.3658869588572035,0.6735599617916364,0.10082401232237109,1.9308226515220113e-17,-1.9308226515220113e-17,Moderate
TSSD0492,Talamadugu,Adilabad,19.63013429985592,78.38324782124002,0.5440833683751055,0.2938046985202365,0.7749179204305013,0.1562842256363932,7.240584943207542e-18,-7.240584943207542e-18,Low
TSSD0493,Tamsi,Adilabad,19.70662586989908,78.43975478296453,0.5286520121685657,0.2855230274766979,0.7550272422261758,0.14713805213996514,7.240584943207542e-18,-7.240584943207542e-18,Low
TSSD0494,Tandur,Mancherial,19.1616254799338,79.45643396191329,0.546504707054117,0.2089252674833257,0.7835875166223404,0.1614623268018566,-6.033820786006285e-18,6.033820786006285e-18,Low
TSSD0495,Tandur,Vikarabad,17.30374700340822,77.5394475853876,0.4297331176497489,0.2646328579556118,0.6553333118274525,0.12733157925281438,0.0,-0.0,Moderate
TSSD0496,Tanoor,Nirmal,19.034827022907223,77.84204300625214,0.5002698324836442,0.2528233687436926,0.7818339800250557,0.16390498834272782,-1.206764157201257e-17,1.206764157201257e-17,Low
TSSD0497,Tekmal,Medak,17.974633244631157,78.02322617666215,0.4929607849968995,0.3234708321526878,0.7583700914662943,0.13157460822176076,-4.827056628805028e-18,4.827056628805028e-18,Moderate
TSSD0498,Tekulapalle,Bhadradri Kothagudem,17.635807404744458,80.49146327342497,0.5661863499261862,0.3985573463594382,0.775420215931016,0.11199411134181536,-4.827056628805028e-18,4.827056628805028e-18,Low
TSSD0499,Tekumatla,Jayashankar Bhupalpally,18.415624624341007,79.62256803517155,0.5240950457817685,0.2962623866258469,0.7618539860818239,0.12851377958722057,2.413528314402514e-18,-2.413528314402514e-18,Low
TSSD0500,Telkapalle,Nagarkurnool,16.41567275117502,78.44025308610848,0.4764366066006108,0.3684061250797969,0.643844960728508,0.07885088311306053,-7.240584943207542e-18,7.240584943207542e-18,Moderate
TSSD0501,Thallada,Khammam,17.2077297177301,80.44419151922722,0.5727172269500407,0.3458025950305867,0.7891251186154923,0.12339678178542635,-1.206764157201257e-17,1.206764157201257e-17,Low
TSSD0502,Thangallapalli,Rajanna Sircilla,18.337587352184805,78.82914849654594,0.46079795865457657,0.2734365700489253,0.6746090561596315,0.11390237012019161,-2.413528314402514e-18,2.413528314402514e-18,Moderate
TSSD0503,Tharigoppula,Jangoan,17.950380960832465,79.17982565006535,0.5178456850958623,0.3156349056369655,0.7539532839596926,0.11731539340800981,-2.413528314402514e-18,2.413528314402514e-18,Low
TSSD0504,Thimmajipeta,Nagarkurnool,16.658807317155453,78.21840698678207,0.4318643811812418,0.2646716955415022,0.658930454877748,0.11080287112760556,2.413528314402514e-18,-2.413528314402514e-18,Moderate
TSSD0505,Thimmapur,Karimnagar,18.322484822589555,79.18174137319454,0.49441994194706984,0.3015958520000695,0.7064015193226075,0.12031661087556962,-2.413528314402514e-18,2.413528314402514e-18,Moderate
TSSD0506,Thoguta,Siddipet,18.008465483594296,78.73985415980331,0.4435126677803371,0.3140008837677712,0.6563141401423964,0.09312212178999367,-2.413528314402514e-18,2.413528314402514e-18,Moderate
TSSD0507,Thorrur,Mahabubabad,17.5841193370273,79.67014895905608,0.5613243900128265,0.3357416409165112,0.8153174860560479,0.12691287184232,1.4481169886415085e-17,-1.4481169886415085e-17,Low
TSSD0508,Thungathurthy,Suryapet,17.418372833020396,79.59943773461983,0.5338829427947643,0.3112120650196803,0.7879921949546755,0.12707087042301288,0.0,-0.0,Low
TSSD0509,Tipparthy,Nalgonda,17.0395390139991,79.39911742935796,0.510954121000953,0.3122802012290337,0.7544679558588886,0.1506646580156102,1.9308226515220113e-17,-1.9308226515220113e-17,Low
TSSD0510,Tirumalagiri,Suryapet,17.479514122298493,79.47533451694024,0.5111165031485918,0.3040012639409101,0.7519277391791983,0.12666117366221227,4.827056628805028e-18,-4.827056628805028e-18,Low
TSSD0511,Tirumalagiri_Sagar,Nalgonda,16.675099977743955,79.3668857138302,0.47895116520460396,0.2904990229625182,0.727604847473857,0.1309085924175346,-1.206764157201257e-17,1.206764157201257e-17,Moderate
TSSD0512,Tirumalayapalem,Khammam,17.325565632109154,79.9415113841598,0.555738762759917,0.3919439593193643,0.7381818918670072,0.1030868922423365,-1.68946982008176e-17,1.68946982008176e-17,Low
TSSD0513,Tirumalgiri,Hyderabad,17.463372322809523,78.48757226715826,0.3901925250649179,0.2897491120455557,0.5035701550935444,0.06794806141047158,-2.413528314402514e-18,2.413528314402514e-18,High
TSSD0514,Tiryani,Kumurambheem Asifabad,19.192770649006462,79.20360043919176,0.5602727846827755,0.3255457660756605,0.7935948096825837,0.1665891677570668,1.206764157201257e-17,-1.206764157201257e-17,Low
TSSD0515,Tripuraram,Nalgonda,16.824765162099645,79.47123969596817,0.5238858361988116,0.3110961689668543,0.8227755378274356,0.1761069400244782,-4.827056628805028e-18,4.827056628805028e-18,Low
TSSD0516,Turkapalle_M,Yadadri Bhuvanagiri,17.66159256696787,78.82339689048185,0.5152923570649187,0.3997055130388269,0.7341439711987673,0.10964722206027219,4.827056628805028e-18,-4.827056628805028e-18,Low
TSSD0517,Undavelly,Jogulamba Gadwal,15.949766509302146,78.01373495459768,0.4411439820780646,0.2600781022648415,0.604518901311224,0.11998599188133953,4.827056628805028e-18,-4.827056628805028e-18,Moderate
TSSD0518,Uppal,Medchal_Malkajgiri,17.408034069873427,78.55866614286174,0.3583841813541692,0.2767389047199784,0.4728366627412684,0.057399411616649826,-4.827056628805028e-18,4.827056628805028e-18,High
TSSD0519,Uppunuthala,Nagarkurnool,16.486576322931374,78.62788007324544,0.4500840420392369,0.2907718802787162,0.6216049936655406,0.09767914720821765,7.240584943207542e-18,-7.240584943207542e-18,Moderate
TSSD0520,Urkonda,Nagarkurnool,16.728564380320925,78.40095181572056,0.47038001563262777,0.313683296045931,0.6290644174160374,0.09797924490447762,1.206764157201257e-17,-1.206764157201257e-17,Moderate
TSSD0521,Utnur,Adilabad,19.36986388358952,78.76771858719572,0.5181334571061178,0.3143242730034722,0.7839500685244942,0.1570438767931213,-2.413528314402514e-18,2.413528314402514e-18,Low
TSSD0522,V_Saidapur,Karimnagar,18.197963145332245,79.30867258530007,0.5326174410076674,0.2912635803222656,0.7847185450673893,0.1339746347429846,-9.654113257610057e-18,9.654113257610057e-18,Low
TSSD0523,Vailpur,Nizamabad,18.768955168305197,78.3903365571436,0.5025097206274368,0.2937751040251358,0.7200518002717391,0.12547139215183067,-1.9308226515220113e-17,1.9308226515220113e-17,Low
TSSD0524,Valigonda,Yadadri Bhuvanagiri,17.390063057261266,79.04264350165985,0.5093383948803806,0.3245953401288562,0.7384777198257618,0.12836844948370718,-1.4481169886415085e-17,1.4481169886415085e-17,Low
TSSD0525,Vangoor,Nagarkurnool,16.576798674331368,78.59947165780227,0.44918248879192413,0.3060994904101944,0.5996329649087268,0.09663092262764203,-7.240584943207542e-18,7.240584943207542e-18,Moderate
TSSD0526,Varni,Nizamabad,18.506358500360065,77.94908535128462,0.5124842635912997,0.2905601218894676,0.8229501445036926,0.1310596265896687,-4.827056628805028e-18,4.827056628805028e-18,Low
TSSD0527,Vatpally,Sangareddy,17.875272348812196,77.90161095709652,0.42087983845324606,0.1953090096817535,0.6355703963714392,0.13509060804591475,-6.033820786006285e-18,6.033820786006285e-18,Moderate
TSSD0528,Veenavanka,Karimnagar,18.37474212570767,79.39638827881882,0.5217012366939844,0.2688460485416256,0.7721437279734326,0.16665788373196877,-9.654113257610057e-18,9.654113257610057e-18,Low
TSSD0529,Veernapalli,Rajanna Sircilla,18.487584929819835,78.58992535537396,0.5592050280457613,0.3258039353979439,0.8146645539726307,0.14163604456862652,7.240584943207542e-18,-7.240584943207542e-18,Low
TSSD0530,Velair,Warangal_Urban,17.990686009544984,79.31977307811236,0.5335447386431644,0.338757832845052,0.767066882905506,0.1155333561229039,-1.9308226515220113e-17,1.9308226515220113e-17,Low
TSSD0531,Veldanda,Nagarkurnool,16.75317305975173,78.56098664751184,0.460093234753372,0.3052561902624415,0.6196230190006766,0.1070864441648589,4.827056628805028e-18,-4.827056628805028e-18,Moderate
TSSD0532,Velgatur,Jagtial,18.80805410376903,79.1995095808636,0.5008188719138978,0.3054899316590739,0.7303346110231029,0.11365924218975629,7.240584943207542e-18,-7.240584943207542e-18,Low
TSSD0533,Vemanpalle,Mancherial,19.09366451305156,79.80688445952403,0.5428703153973128,0.3716715993350907,0.7430410717704407,0.12666017045954223,1.4481169886415085e-17,-1.4481169886415085e-17,Low
TSSD0534,Vemsoor,Khammam,17.110730849464478,80.77261372040428,0.5537378674416751,0.4251796227109731,0.7937249463891657,0.10405509109390787,-4.827056628805028e-18,4.827056628805028e-18,Low
TSSD0535,Vemulapally,Nalgonda,16.98162401357524,79.55675180509664,0.5071294906829856,0.2845226869744769,0.8066646769895391,0.18805352782189247,-9.654113257610057e-18,9.654113257610057e-18,Low
TSSD0536,Vemulawada,Rajanna Sircilla,18.47134080925019,78.86362210389477,0.49316192560977096,0.3020989012323031,0.731138703572816,0.11943420894755541,4.827056628805028e-18,-4.827056628805028e-18,Moderate
TSSD0537,Vemulawada Rural,Rajanna Sircilla,18.515793595277422,78.84917280682916,0.4717532530525662,0.3049302259028352,0.6849309319165632,0.11114972282072412,-2.413528314402514e-18,2.413528314402514e-18,Moderate
TSSD0538,Venkatapur,Mulugu,18.30287133126875,80.0009635650637,0.5834516488733753,0.4113667482641648,0.7777652146326685,0.10347365274836584,9.654113257610057e-18,-9.654113257610057e-18,Low
TSSD0539,Venkatapuram,Mulugu,18.299832546490755,80.64746739521395,0.49639548579659826,0.2025402763231557,0.6830779488727858,0.12815805978332437,-2.413528314402514e-18,2.413528314402514e-18,Moderate
TSSD0540,Vikarabad,Vikarabad,17.337190806534306,77.9005300313552,0.4477254027878416,0.2727340979078796,0.6906160560226775,0.1321924609173898,9.654113257610057e-18,-9.654113257610057e-18,Moderate
TSSD0541,Waddepally,Jogulamba Gadwal,15.966861698997691,77.82075974657805,0.48142126763755216,0.3036800795771375,0.6539167099282645,0.11902679174541622,1.4481169886415085e-17,-1.4481169886415085e-17,Moderate
TSSD0542,Wanaparthy,Wanaparthy,16.339253770211226,78.04895241450986,0.44107841568248324,0.2987571580875555,0.6680924093934911,0.1101341822789608,2.413528314402514e-18,-2.413528314402514e-18,Moderate
TSSD0543,Wankidi,Kumurambheem Asifabad,19.495267606744065,79.3117401061461,0.5207318490280761,0.2704106148956828,0.8019708181392251,0.17844575396515613,-7.240584943207542e-18,7.240584943207542e-18,Low
TSSD0544,Warangal,Warangal_Urban,18.010342196600604,79.62409105558542,0.47729442430579144,0.2550602189029555,0.6815674563488329,0.09775383243806003,2.413528314402514e-18,-2.413528314402514e-18,Moderate
TSSD0545,Wardhannapet,Warangal_Rural,17.772524876443324,79.58449228007431,0.5464242331772159,0.3576623269387551,0.7960916238504129,0.12195737998145596,9.654113257610057e-18,-9.654113257610057e-18,Low
TSSD0546,Wargal,Siddipet,17.787554070507067,78.5857051473063,0.4914729110054348,0.333753178914388,0.6926185099283854,0.10148259538324148,4.827056628805028e-18,-4.827056628805028e-18,Moderate
TSSD0547,Weepangandla,Wanaparthy,16.136972074972533,78.13553582554842,0.45312117908909394,0.2140613742795389,0.7042188836793047,0.12617199564033504,-3.620292471603771e-18,3.620292471603771e-18,Moderate
TSSD0548,Wyra,Khammam,17.124556669543058,80.36504730548815,0.5597791397272263,0.3884320326254401,0.812834833709287,0.11347447959391706,-2.413528314402514e-18,2.413528314402514e-18,Low
TSSD0549,Yacharam,Rangareddy,17.02589039224293,78.66306312856584,0.5060466976392279,0.3219546166643153,0.7246327970689899,0.13768253195859778,4.827056628805028e-18,-4.827056628805028e-18,Low
TSSD0550,Yadagirigutta,Yadadri Bhuvanagiri,17.61199008669018,78.96005281331597,0.4837356870012793,0.3440001122984831,0.6950568813532402,0.11349332872614692,-7.240584943207542e-18,7.240584943207542e-18,Moderate
TSSD0551,Yedapally,Nizamabad,18.678491538738044,77.98549066989453,0.5135617158934835,0.3012568282134479,0.8023225770103133,0.13710684572856888,2.413528314402514e-18,-2.413528314402514e-18,Low
TSSD0552,Yelal,Vikarabad,17.211166848437575,77.63680992476985,0.4683878413809581,0.2728382257314828,0.7080298203688401,0.11803949911312445,-7.240584943207542e-18,7.240584943207542e-18,Moderate
TSSD0553,Yeldurthy,Medak,17.90930780921619,78.32874245436265,0.4977481468259676,0.3343747864659256,0.7561660633142766,0.1265841054017422,7.240584943207542e-18,-7.240584943207542e-18,Moderate
TSSD0554,Yellandu,Bhadradri Kothagudem,17.655802446928927,80.32067869976747,0.5866949093844763,0.4145921391113022,0.7995150532275676,0.09820725465015769,0.0,-0.0,Low
TSSD0555,Yellareddy,Kamareddy,18.21723074928431,78.01895779955566,0.5212583271821871,0.3436319204477163,0.7433578099959935,0.12080376745665009,-1.206764157201257e-17,1.206764157201257e-17,Low
TSSD0556,Yellareddypet,Rajanna Sircilla,18.397374539770404,78.65772600238135,0.5272821940630855,0.2930636029813732,0.7928033493857347,0.13522861898653352,1.206764157201257e-17,-1.206764157201257e-17,Low
TSSD0557,Yergatla,Nizamabad,18.924217296718396,78.48345463390288,0.5074960149928863,0.2132200617278735,0.7073463519139274,0.1281385857853521,7.240584943207542e-18,-7.240584943207542e-18,Low
TSSD0558,Yerrupalem,Khammam,16.865069551448517,80.51815130046771,0.6196412118049043,0.4391368467416336,0.7811556004766208,0.09232338661594912,-7.240584943207542e-18,7.240584943207542e-18,Minimal
TSSD0559,Zaffergadh,Jangoan,17.796303461291068,79.46271513146272,0.5133425799261135,0.3134806107501594,0.7690459938160532,0.11800413636566195,-1.4481169886415085e-17,1.4481169886415085e-17,Low
TSSD0560,Zahirabad,Sangareddy,17.668688444213696,77.59346485601937,0.4820735984961004,0.3515596501094358,0.6620447181078246,0.09820621974965679,-1.4481169886415085e-17,1.4481169886415085e-17,Moderate
TSSD0561,Lingal,Nagarkurnool,16.270436600520448,78.50605271705571,0.46701617440200954,0.2793292826990927,0.6611706149193548,0.11063296312418901,-2.413528314402514e-18,2.413528314402514e-18,Moderate
TSSD0562,Nagar_Kurnool,Nagarkurnool,16.448850739144145,78.31550356573094,0.47167161617498954,0.3545994702746439,0.6501535043929713,0.09152418421800382,-4.827056628805028e-18,4.827056628805028e-18,Moderate
TSSD0563,Mahabubnagar_Rural,Mahabubnagar,16.697638692393998,77.91585284263459,0.5064873935428855,0.3639526116220574,0.7357929631283409,0.11323110045061648,7.240584943207542e-18,-7.240584943207542e-18,Low
TSSD0564,Utkoor,Narayanpet,16.637664239588506,77.53237451867307,0.42273089565970895,0.2175776521924516,0.6649759068735329,0.1445626858543219,1.0860877414811314e-17,-1.0860877414811314e-17,Moderate
TSSD0565,Saroornagar,Rangareddy,17.355616159350006,78.5433710687224,0.26483663423098863,0.1969244530860414,0.3370978781517516,0.04024231557197224,2.413528314402514e-18,-2.413528314402514e-18,Severe
TSSD0566,Ameenpur,Sangareddy,17.543248370518793,78.31471852730226,0.3702231151427316,0.2718024875806725,0.530478246463752,0.088680558605856,2.413528314402514e-18,-2.413528314402514e-18,High
TSSD0567,Jinnaram,Sangareddy,17.61074296761134,78.32018056947427,0.4499837194220898,0.2863021589751936,0.6612398848574386,0.11478424074505322,-7.240584943207542e-18,7.240584943207542e-18,Moderate
TSSD0568,Toopran,Medak,17.84567644880462,78.49347416369494,0.49647820935850207,0.3524944822667009,0.752400414418366,0.11570145837957922,2.413528314402514e-18,-2.413528314402514e-18,Moderate
TSSD0569,Manoharabad,Medak,17.752038786101615,78.47262945630528,0.48663104936880275,0.3495893681302984,0.7094989533120013,0.11357160890939777,9.654113257610057e-18,-9.654113257610057e-18,Moderate
TSSD0570,Doultabad,Siddipet,17.970037060653933,78.58091260263902,0.5227342555106194,0.3845486266085609,0.7706316681187158,0.11511163144603243,-9.654113257610057e-18,9.654113257610057e-18,Low
TSSD0571,Chilipched,Medak,17.85554255844375,78.1237711075754,0.4722996049984577,0.2811429983358888,0.7596623310790255,0.1427299609884988,1.4481169886415085e-17,-1.4481169886415085e-17,Moderate
TSSD0572,Shankarampet_R,Medak,17.99421367242189,78.38650511814218,0.49988779414003937,0.3207689482590248,0.7801136411469558,0.13590011677808422,-1.206764157201257e-17,1.206764157201257e-17,Moderate
TSSD0573,Chegunta,Medak,17.988246026388712,78.50696432466603,0.513937161719758,0.3669349066645121,0.7738901042252135,0.12048537499974044,2.413528314402514e-18,-2.413528314402514e-18,Low
TSSD0574,Domakonda,Kamareddy,18.25685733409373,78.44760513515227,0.49649561266924197,0.3431592321699592,0.7659656014412072,0.1270312854364609,-1.206764157201257e-17,1.206764157201257e-17,Moderate
TSSD0575,Pitlam,Kamareddy,18.27182962071728,77.81968390499506,0.48828697680122185,0.2861876801177338,0.7715116060697116,0.14185968710303185,-9.654113257610057e-18,9.654113257610057e-18,Moderate
TSSD0576,Bichkunda,Kamareddy,18.38994080551382,77.74711043107753,0.47997896096451953,0.2758577757724937,0.7572555827025607,0.14031552625455798,-1.68946982008176e-17,1.68946982008176e-17,Moderate
TSSD0577,Birkoor,Kamareddy,18.449772959247824,77.80887985964483,0.4814403576584336,0.2618042864118303,0.7341288539341518,0.16801051372045084,4.827056628805028e-18,-4.827056628805028e-18,Moderate
TSSD0578,Mavala,Adilabad,19.63860390463189,78.51408561364691,0.47719118693291607,0.2923668867704884,0.6553602913357565,0.12574361245497315,2.413528314402514e-18,-2.413528314402514e-18,Moderate
TSSD0579,Anthergaon,Peddapalli,18.798230123050317,79.39009360480028,0.4527587358871647,0.254184752020217,0.6850439173574666,0.1159103714202146,2.413528314402514e-18,-2.413528314402514e-18,Moderate
TSSD0580,Wazeed,Mulugu,18.496626859115857,80.51358840597665,0.5167467204591673,0.2974141522251846,0.7069581980779583,0.13311084180489116,4.827056628805028e-18,-4.827056628805028e-18,Low
TSSD0581,Kammarpally,Nizamabad,18.7726997892382,78.54175442389116,0.5192710546729462,0.2890231136771143,0.746084199044104,0.1320326273383194,-4.827056628805028e-18,4.827056628805028e-18,Low
TSSD0582,Kodakandla,Jangoan,17.54387454815154,79.46698603652779,0.5000316990209946,0.3079097919501437,0.7324033614007461,0.12519914167075885,2.413528314402514e-18,-2.413528314402514e-18,Low
TSSD0583,Krishna,Narayanpet,16.432005434654155,77.35091367108112,0.441464660074004,0.1737424318996143,0.7162591267846092,0.14886228270464122,7.240584943207542e-18,-7.240584943207542e-18,Moderate
TSSD0584,Kotapalle,Mancherial,18.9506492385506,79.84905284746281,0.5407885963989496,0.3220149618120336,0.7588347568796642,0.13176730817908539,-9.654113257610057e-18,9.654113257610057e-18,Low
TSSD0585,Nadikuda,Warangal_Rural,18.204367492296,79.62873234006955,0.5545421916827091,0.3283726997470145,0.7848354746626861,0.13277529735252253,0.0,-0.0,Low
TSSD0586,Muduchinthalaphally,Medchal_Malkajgiri,17.640997996691816,78.66697741105054,0.5004946675764398,0.3712948278053519,0.7035569653068621,0.10266809366564571,0.0,-0.0,Low
TSSD0587,Narayanraopet,Siddipet,18.222369009809054,78.80285455495866,0.5221929336210236,0.2940031981553047,0.7941829369161477,0.13798205048105028,-9.654113257610057e-18,9.654113257610057e-18,Low
TSSD0588,Mosra,Nizamabad,18.582776026710285,77.99415416190183,0.5294857034979867,0.3047114436334301,0.8169589438457263,0.1307010152304993,-9.654113257610057e-18,9.654113257610057e-18,Low
TSSD0589,Chandur,Nizamabad,18.54610291767421,77.98097891951869,0.5112482616335253,0.275276440840501,0.8259105682373047,0.1441580041541522,9.654113257610057e-18,-9.654113257610057e-18,Low
TSSD0590,Chowtakur,Sangareddy,17.709169682536608,78.09728172426267,0.4784722533498592,0.3221588504227829,0.7055820714474879,0.11344030233712049,9.654113257610057e-18,-9.654113257610057e-18,Moderate
TSSD0591,Masaipet,Medak,17.909437708847868,78.45659956584315,0.49125214786951454,0.3536178856565241,0.757733368455318,0.12125043051818839,4.827056628805028e-18,-4.827056628805028e-18,Moderate
TSSD0592,Dhoolumitta,Siddipet,17.990423308353037,79.09161413657138,0.5253016777800618,0.3292124980204814,0.7613287229795713,0.11125585253908203,4.827056628805028e-18,-4.827056628805028e-18,Low
