district,latitude,longitude,year,month,rainfall_mm,humidity_pct,temp_mean_c,temp_max_c,temp_min_c
Adilabad,19.6641,78.532,2000,1,0.0,32.46,22.01,34.55,8.28
Adilabad,19.6641,78.532,2000,2,1.03,41.46,24.24,35.28,11.34
Adilabad,19.6641,78.532,2000,3,0.0,17.99,28.13,40.62,13.18
Adilabad,19.6641,78.532,2000,4,0.01,19.12,35.03,45.63,19.76
Adilabad,19.6641,78.532,2000,5,1.08,37.05,34.33,45.47,25.21
Adilabad,19.6641,78.532,2000,6,3.78,66.55,29.07,37.07,23.33
Adilabad,19.6641,78.532,2000,7,7.62,79.94,26.6,35.07,21.72
Adilabad,19.6641,78.532,2000,8,7.7,84.03,26.24,31.91,21.88
Adilabad,19.6641,78.532,2000,9,2.03,81.57,26.1,32.04,20.76
Adilabad,19.6641,78.532,2000,10,0.27,61.9,26.65,36.64,15.81
Adilabad,19.6641,78.532,2000,11,0.01,42.29,24.59,35.04,14.43
Adilabad,19.6641,78.532,2000,12,0.15,19.62,21.71,33.36,9.57
Adilabad,19.6641,78.532,2000,13,1.98,48.66,27.06,45.63,8.28
Adilabad,19.6641,78.532,2001,1,0.37,33.21,22.55,35.47,9.52
Adilabad,19.6641,78.532,2001,2,0.0,18.4,26.09,38.86,11.93
Adilabad,19.6641,78.532,2001,3,0.56,30.71,30.2,40.75,19.2
Adilabad,19.6641,78.532,2001,4,1.41,34.61,32.29,45.21,19.63
Adilabad,19.6641,78.532,2001,5,0.5,28.93,36.04,46.4,27.07
Adilabad,19.6641,78.532,2001,6,4.68,68.2,28.4,41.42,20.5
Adilabad,19.6641,78.532,2001,7,4.46,73.77,27.44,37.06,22.06
Adilabad,19.6641,78.532,2001,8,7.17,86.14,25.6,31.04,21.64
Adilabad,19.6641,78.532,2001,9,2.79,79.67,26.63,33.67,21.48
Adilabad,19.6641,78.532,2001,10,4.23,81.83,24.24,30.63,15.35
Adilabad,19.6641,78.532,2001,11,0.01,68.07,22.8,32.49,12.59
Adilabad,19.6641,78.532,2001,12,0.0,43.72,20.69,32.81,9.43
Adilabad,19.6641,78.532,2001,13,2.2,54.14,26.91,46.4,9.43
Adilabad,19.6641,78.532,2002,1,0.82,45.09,21.29,33.77,9.44
Adilabad,19.6641,78.532,2002,2,0.17,35.25,26.31,37.7,13.94
Adilabad,19.6641,78.532,2002,3,0.07,21.96,30.55,41.7,17.77
Adilabad,19.6641,78.532,2002,4,0.14,20.04,34.74,44.81,21.36
Adilabad,19.6641,78.532,2002,5,1.02,29.69,36.34,45.99,26.57
Adilabad,19.6641,78.532,2002,6,7.28,64.32,30.28,41.95,22.92
Adilabad,19.6641,78.532,2002,7,3.46,73.87,27.91,34.71,22.82
Adilabad,19.6641,78.532,2002,8,11.94,86.64,25.63,30.79,21.28
Adilabad,19.6641,78.532,2002,9,1.92,82.08,25.65,31.76,19.85
Adilabad,19.6641,78.532,2002,10,1.24,70.48,25.11,33.1,14.34
Adilabad,19.6641,78.532,2002,11,0.07,48.16,23.23,34.29,12.55
Adilabad,19.6641,78.532,2002,12,0.0,33.29,23.31,34.2,12.98
Adilabad,19.6641,78.532,2002,13,2.36,51.0,27.53,45.99,9.44
Adilabad,19.6641,78.532,2003,1,0.0,31.24,23.1,36.12,8.28
Adilabad,19.6641,78.532,2003,2,0.49,38.51,27.23,38.47,15.93
Adilabad,19.6641,78.532,2003,3,0.61,29.21,29.84,41.17,14.4
Adilabad,19.6641,78.532,2003,4,0.32,25.11,34.73,45.27,22.32
Adilabad,19.6641,78.532,2003,5,0.0,19.0,36.16,45.64,23.95
Adilabad,19.6641,78.532,2003,6,5.57,54.6,31.67,46.61,23.01
Adilabad,19.6641,78.532,2003,7,11.34,84.17,26.49,31.96,23.01
Adilabad,19.6641,78.532,2003,8,8.23,87.99,25.62,30.45,21.12
Adilabad,19.6641,78.532,2003,9,3.46,88.02,25.42,30.48,21.47
Adilabad,19.6641,78.532,2003,10,2.34,83.77,24.11,30.97,14.74
Adilabad,19.6641,78.532,2003,11,0.03,74.12,21.83,29.82,13.75
Adilabad,19.6641,78.532,2003,12,0.11,63.77,19.88,31.04,9.05
Adilabad,19.6641,78.532,2003,13,2.73,56.73,27.16,46.61,8.28
Adilabad,19.6641,78.532,2004,1,1.12,57.63,21.09,33.09,9.86
Adilabad,19.6641,78.532,2004,2,0.52,40.32,23.23,38.26,8.0
Adilabad,19.6641,78.532,2004,3,0.13,21.05,31.14,42.35,16.02
Adilabad,19.6641,78.532,2004,4,0.25,26.41,34.31,45.17,23.39
Adilabad,19.6641,78.532,2004,5,0.69,40.54,34.06,43.49,25.88
Adilabad,19.6641,78.532,2004,6,2.46,55.99,31.2,45.22,23.15
Adilabad,19.6641,78.532,2004,7,8.26,78.54,27.09,35.03,22.49
Adilabad,19.6641,78.532,2004,8,3.74,84.6,25.87,31.79,21.86
Adilabad,19.6641,78.532,2004,9,2.81,81.56,26.5,32.33,21.52
Adilabad,19.6641,78.532,2004,10,1.75,70.98,24.27,32.5,14.25
Adilabad,19.6641,78.532,2004,11,0.38,58.37,23.43,33.24,13.7
Adilabad,19.6641,78.532,2004,12,0.0,41.4,21.67,32.53,11.78
Adilabad,19.6641,78.532,2004,13,1.85,54.85,26.99,45.22,8.0
Adilabad,19.6641,78.532,2005,1,2.06,41.39,22.55,33.06,10.58
Adilabad,19.6641,78.532,2005,2,0.04,45.91,24.77,37.25,10.6
Adilabad,19.6641,78.532,2005,3,0.37,28.28,29.79,41.45,16.35
Adilabad,19.6641,78.532,2005,4,0.24,27.91,32.97,43.38,20.63
Adilabad,19.6641,78.532,2005,5,0.36,23.97,36.12,46.11,24.79
Adilabad,19.6641,78.532,2005,6,5.46,48.88,33.17,45.93,23.42
Adilabad,19.6641,78.532,2005,7,11.65,84.07,26.49,33.25,21.1
Adilabad,19.6641,78.532,2005,8,5.35,86.71,25.92,31.85,21.89
Adilabad,19.6641,78.532,2005,9,8.69,87.64,25.89,31.77,20.11
Adilabad,19.6641,78.532,2005,10,4.27,83.85,23.99,31.02,15.27
Adilabad,19.6641,78.532,2005,11,0.0,71.87,19.14,27.26,10.31
Adilabad,19.6641,78.532,2005,12,0.15,65.41,18.27,28.87,7.53
Adilabad,19.6641,78.532,2005,13,3.24,58.08,26.59,46.11,7.53
Adilabad,19.6641,78.532,2006,1,0.0,47.59,20.55,33.91,7.02
Adilabad,19.6641,78.532,2006,2,0.0,26.43,26.32,39.19,12.96
Adilabad,19.6641,78.532,2006,3,2.27,46.68,27.77,40.34,16.41
Adilabad,19.6641,78.532,2006,4,0.69,28.11,33.42,44.78,20.03
Adilabad,19.6641,78.532,2006,5,1.94,41.27,33.91,45.02,24.98
Adilabad,19.6641,78.532,2006,6,3.96,57.75,30.89,41.15,24.16
Adilabad,19.6641,78.532,2006,7,8.68,80.91,26.66,33.27,22.39
Adilabad,19.6641,78.532,2006,8,12.76,87.25,25.48,31.13,21.43
Adilabad,19.6641,78.532,2006,9,10.18,87.18,25.69,31.31,20.0
Adilabad,19.6641,78.532,2006,10,0.74,78.93,24.82,32.27,16.66
Adilabad,19.6641,78.532,2006,11,0.77,78.3,21.84,29.74,13.02
Adilabad,19.6641,78.532,2006,12,0.0,64.07,20.87,30.16,10.05
Adilabad,19.6641,78.532,2006,13,3.52,60.62,26.5,45.02,7.02
Adilabad,19.6641,78.532,2007,1,0.0,44.71,21.85,34.14,10.93
Adilabad,19.6641,78.532,2007,2,0.02,33.54,25.67,37.55,14.78
Adilabad,19.6641,78.532,2007,3,0.05,24.17,30.05,41.19,16.91
Adilabad,19.6641,78.532,2007,4,0.39,24.52,33.96,44.16,21.92
Adilabad,19.6641,78.532,2007,5,0.6,26.2,36.56,45.19,27.4
Adilabad,19.6641,78.532,2007,6,6.22,65.06,30.23,41.4,23.81
Adilabad,19.6641,78.532,2007,7,4.83,79.05,27.24,34.66,22.62
Adilabad,19.6641,78.532,2007,8,7.23,84.6,26.14,31.94,21.83
Adilabad,19.6641,78.532,2007,9,8.74,87.48,25.9,31.03,21.64
Adilabad,19.6641,78.532,2007,10,0.37,76.39,22.45,29.8,14.2
Adilabad,19.6641,78.532,2007,11,0.3,66.76,21.05,29.96,10.52
Adilabad,19.6641,78.532,2007,12,0.0,58.56,21.28,33.22,11.5
Adilabad,19.6641,78.532,2007,13,2.4,56.05,26.86,45.19,10.52
Adilabad,19.6641,78.532,2008,1,0.14,37.68,21.73,33.04,9.82
Adilabad,19.6641,78.532,2008,2,0.27,33.26,23.78,36.41,9.07
Adilabad,19.6641,78.532,2008,3,2.44,36.08,29.0,39.69,16.93
Adilabad,19.6641,78.532,2008,4,0.09,32.64,32.25,45.06,18.19
Adilabad,19.6641,78.532,2008,5,0.23,22.9,35.75,45.33,25.49
Adilabad,19.6641,78.532,2008,6,5.02,64.76,29.0,42.7,22.62
Adilabad,19.6641,78.532,2008,7,5.96,76.78,27.26,35.53,22.45
Adilabad,19.6641,78.532,2008,8,8.31,85.77,25.95,31.57,21.84
Adilabad,19.6641,78.532,2008,9,7.9,86.36,25.52,31.11,19.56
Adilabad,19.6641,78.532,2008,10,1.09,76.59,23.94,31.0,13.49
Adilabad,19.6641,78.532,2008,11,0.28,72.43,22.13,32.05,11.53
Adilabad,19.6641,78.532,2008,12,0.0,50.71,21.9,32.19,12.12
Adilabad,19.6641,78.532,2008,13,2.65,56.37,26.52,45.33,9.07
Adilabad,19.6641,78.532,2009,1,0.0,40.76,23.6,36.92,11.77
Adilabad,19.6641,78.532,2009,2,0.0,24.06,27.05,39.59,14.27
Adilabad,19.6641,78.532,2009,3,0.21,21.06,30.29,41.55,19.24
Adilabad,19.6641,78.532,2009,4,0.13,17.61,34.0,44.99,21.49
Adilabad,19.6641,78.532,2009,5,0.95,28.79,35.75,45.81,25.4
Adilabad,19.6641,78.532,2009,6,4.87,50.88,32.56,43.71,24.15
Adilabad,19.6641,78.532,2009,7,7.96,82.28,26.66,32.63,22.59
Adilabad,19.6641,78.532,2009,8,6.55,83.43,26.63,32.18,22.04
Adilabad,19.6641,78.532,2009,9,3.01,82.73,26.72,32.53,20.86
Adilabad,19.6641,78.532,2009,10,2.23,70.89,24.48,32.01,14.11
Adilabad,19.6641,78.532,2009,11,2.27,69.81,22.8,33.94,10.76
Adilabad,19.6641,78.532,2009,12,0.15,60.15,21.28,31.37,11.13
Adilabad,19.6641,78.532,2009,13,2.38,52.91,27.64,45.81,10.76
Adilabad,19.6641,78.532,2010,1,0.44,43.23,20.4,33.0,8.86
Adilabad,19.6641,78.532,2010,2,0.49,33.71,27.01,37.79,15.12
Adilabad,19.6641,78.532,2010,3,0.09,22.84,31.73,42.63,20.45
Adilabad,19.6641,78.532,2010,4,0.03,19.32,35.4,45.51,22.08
Adilabad,19.6641,78.532,2010,5,0.18,27.31,36.46,46.49,24.71
Adilabad,19.6641,78.532,2010,6,4.47,52.88,32.48,44.83,24.54
Adilabad,19.6641,78.532,2010,7,12.19,85.12,26.63,32.05,22.99
Adilabad,19.6641,78.532,2010,8,12.57,88.48,26.08,31.17,20.44
Adilabad,19.6641,78.532,2010,9,7.66,88.44,25.42,30.05,19.42
Adilabad,19.6641,78.532,2010,10,2.16,84.97,24.29,30.65,15.63
Adilabad,19.6641,78.532,2010,11,1.31,84.5,23.49,29.52,16.81
Adilabad,19.6641,78.532,2010,12,0.2,72.42,19.02,27.95,8.01
Adilabad,19.6641,78.532,2010,13,3.51,58.78,27.35,46.49,8.01
Adilabad,19.6641,78.532,2011,1,0.0,54.2,19.4,32.95,6.73
Adilabad,19.6641,78.532,2011,2,0.37,42.71,24.54,34.8,14.12
Adilabad,19.6641,78.532,2011,3,0.13,23.1,30.05,40.68,16.72
Adilabad,19.6641,78.532,2011,4,0.46,32.49,32.73,42.71,20.22
Adilabad,19.6641,78.532,2011,5,0.26,25.65,36.16,45.68,26.37
Adilabad,19.6641,78.532,2011,6,3.35,60.9,30.37,42.05,24.21
Adilabad,19.6641,78.532,2011,7,9.22,79.45,27.16,36.12,22.14
Adilabad,19.6641,78.532,2011,8,8.2,86.58,25.92,31.75,22.1
Adilabad,19.6641,78.532,2011,9,4.28,86.15,25.67,30.87,20.34
Adilabad,19.6641,78.532,2011,10,0.57,77.63,24.23,30.9,15.12
Adilabad,19.6641,78.532,2011,11,0.0,64.02,22.54,32.41,13.8
Adilabad,19.6641,78.532,2011,12,0.02,48.39,21.2,32.69,10.93
Adilabad,19.6641,78.532,2011,13,2.26,56.84,26.67,45.68,6.73
Adilabad,19.6641,78.532,2012,1,0.15,39.61,22.49,33.92,6.96
Adilabad,19.6641,78.532,2012,2,0.0,26.27,25.56,38.19,10.0
Adilabad,19.6641,78.532,2012,3,0.0,14.61,29.11,41.36,13.73
Adilabad,19.6641,78.532,2012,4,0.12,23.32,34.63,43.29,24.12
Adilabad,19.6641,78.532,2012,5,0.12,21.25,36.61,46.05,26.08
Adilabad,19.6641,78.532,2012,6,3.99,55.99,31.21,44.83,24.0
Adilabad,19.6641,78.532,2012,7,10.19,82.57,26.32,33.85,21.78
Adilabad,19.6641,78.532,2012,8,6.98,85.74,25.89,31.33,22.0
Adilabad,19.6641,78.532,2012,9,6.96,87.32,25.6,31.47,20.68
Adilabad,19.6641,78.532,2012,10,1.47,77.7,23.9,30.57,13.96
Adilabad,19.6641,78.532,2012,11,0.44,75.45,21.68,30.74,9.78
Adilabad,19.6641,78.532,2012,12,0.03,58.72,21.41,32.91,9.04
Adilabad,19.6641,78.532,2012,13,2.55,54.13,27.03,46.05,6.96
Adilabad,19.6641,78.532,2013,1,0.42,45.9,22.66,34.3,11.06
Adilabad,19.6641,78.532,2013,2,0.77,42.61,25.35,36.07,11.54
Adilabad,19.6641,78.532,2013,3,0.08,25.26,30.11,41.16,13.78
Adilabad,19.6641,78.532,2013,4,0.82,29.78,33.52,43.39,22.24
Adilabad,19.6641,78.532,2013,5,0.3,24.61,37.01,47.58,26.31
Adilabad,19.6641,78.532,2013,6,9.24,74.64,28.08,41.07,22.95
Adilabad,19.6641,78.532,2013,7,18.12,87.09,25.59,32.3,21.27
Adilabad,19.6641,78.532,2013,8,5.12,88.47,25.29,30.5,21.74
Adilabad,19.6641,78.532,2013,9,4.06,86.28,25.7,30.72,21.28
Adilabad,19.6641,78.532,2013,10,4.3,83.84,24.62,30.35,17.51
Adilabad,19.6641,78.532,2013,11,0.18,80.44,20.74,28.33,11.05
Adilabad,19.6641,78.532,2013,12,0.0,67.85,19.33,28.33,9.79
Adilabad,19.6641,78.532,2013,13,3.64,61.48,26.5,47.58,9.79
Adilabad,19.6641,78.532,2014,1,0.02,59.85,21.61,30.99,11.15
Adilabad,19.6641,78.532,2014,2,0.57,39.38,24.11,34.61,11.11
Adilabad,19.6641,78.532,2014,3,2.12,51.22,27.24,41.18,14.08
Adilabad,19.6641,78.532,2014,4,0.4,26.09,33.76,43.9,22.04
Adilabad,19.6641,78.532,2014,5,1.29,34.34,34.63,45.31,23.03
Adilabad,19.6641,78.532,2014,6,2.41,44.61,33.89,46.15,24.98
Adilabad,19.6641,78.532,2014,7,7.82,73.3,27.92,39.84,21.29
Adilabad,19.6641,78.532,2014,8,5.07,80.55,26.89,32.92,22.52
Adilabad,19.6641,78.532,2014,9,5.12,82.53,25.5,30.89,20.33
Adilabad,19.6641,78.532,2014,10,0.25,72.6,25.09,33.74,16.56
Adilabad,19.6641,78.532,2014,11,0.15,57.37,23.55,33.46,13.66
Adilabad,19.6641,78.532,2014,12,0.14,46.24,20.64,32.95,8.01
Adilabad,19.6641,78.532,2014,13,2.13,55.84,27.07,46.15,8.01
Adilabad,19.6641,78.532,2015,1,0.96,50.44,20.13,32.01,7.61
Adilabad,19.6641,78.532,2015,2,0.42,31.36,25.4,36.96,11.95
Adilabad,19.6641,78.532,2015,3,0.97,41.82,28.1,40.45,13.94
Adilabad,19.6641,78.532,2015,4,1.84,38.89,31.29,43.43,19.99
Adilabad,19.6641,78.532,2015,5,0.33,28.08,35.89,46.61,24.91
Adilabad,19.6641,78.532,2015,6,6.89,63.46,30.17,42.67,22.89
Adilabad,19.6641,78.532,2015,7,3.9,72.9,28.15,35.13,22.29
Adilabad,19.6641,78.532,2015,8,7.41,83.18,26.42,32.72,22.22
Adilabad,19.6641,78.532,2015,9,4.12,81.08,26.45,32.17,18.13
Adilabad,19.6641,78.532,2015,10,0.32,66.33,26.71,35.39,19.23
Adilabad,19.6641,78.532,2015,11,0.0,56.58,25.44,34.19,14.93
Adilabad,19.6641,78.532,2015,12,0.0,38.57,24.39,35.49,9.46
Adilabad,19.6641,78.532,2015,13,2.27,54.52,27.38,46.61,7.61
Adilabad,19.6641,78.532,2016,1,0.02,30.95,22.79,36.11,9.02
Adilabad,19.6641,78.532,2016,2,0.26,30.83,27.71,39.56,13.82
Adilabad,19.6641,78.532,2016,3,0.62,31.85,30.68,41.66,19.57
Adilabad,19.6641,78.532,2016,4,0.35,23.59,35.26,45.09,22.39
Adilabad,19.6641,78.532,2016,5,1.03,33.87,35.74,45.58,24.68
Adilabad,19.6641,78.532,2016,6,6.75,58.86,31.41,44.5,23.81
Adilabad,19.6641,78.532,2016,7,12.79,84.11,26.39,32.3,22.71
Adilabad,19.6641,78.532,2016,8,2.94,84.29,26.13,32.05,21.5
Adilabad,19.6641,78.532,2016,9,7.9,87.85,25.33,31.17,20.44
Adilabad,19.6641,78.532,2016,10,1.98,77.85,23.51,30.32,13.27
Adilabad,19.6641,78.532,2016,11,0.0,68.95,20.1,30.42,11.19
Adilabad,19.6641,78.532,2016,12,0.0,57.49,19.22,30.83,8.25
Adilabad,19.6641,78.532,2016,13,2.89,55.97,27.01,45.58,8.25
Adilabad,19.6641,78.532,2017,1,0.0,42.01,21.13,34.25,9.17
Adilabad,19.6641,78.532,2017,2,0.0,24.76,25.84,38.27,14.27
Adilabad,19.6641,78.532,2017,3,0.61,24.59,29.22,43.37,14.63
Adilabad,19.6641,78.532,2017,4,0.0,15.22,34.2,45.48,20.13
Adilabad,19.6641,78.532,2017,5,0.73,26.75,36.63,45.79,26.94
Adilabad,19.6641,78.532,2017,6,6.44,66.31,30.04,42.03,23.29
Adilabad,19.6641,78.532,2017,7,7.67,77.44,27.35,34.37,22.68
Adilabad,19.6641,78.532,2017,8,4.85,82.31,26.37,32.42,20.82
Adilabad,19.6641,78.532,2017,9,3.89,82.99,26.66,31.91,21.8
Adilabad,19.6641,78.532,2017,10,1.95,74.38,25.82,33.1,17.09
Adilabad,19.6641,78.532,2017,11,0.14,63.58,22.96,33.19,12.49
Adilabad,19.6641,78.532,2017,12,0.0,45.73,20.92,32.27,10.11
Adilabad,19.6641,78.532,2017,13,2.2,52.34,27.26,45.79,9.17
Adilabad,19.6641,78.532,2018,1,0.0,28.14,21.53,33.25,9.42
Adilabad,19.6641,78.532,2018,2,0.33,32.0,25.42,37.61,13.18
Adilabad,19.6641,78.532,2018,3,0.16,23.17,30.28,42.46,19.17
Adilabad,19.6641,78.532,2018,4,0.18,24.9,34.26,45.46,22.85
Adilabad,19.6641,78.532,2018,5,0.57,28.29,36.66,45.43,27.61
Adilabad,19.6641,78.532,2018,6,5.99,66.2,29.67,40.09,23.14
Adilabad,19.6641,78.532,2018,7,7.85,82.54,26.25,33.82,22.61
Adilabad,19.6641,78.532,2018,8,11.85,84.96,25.71,32.05,21.54
Adilabad,19.6641,78.532,2018,9,2.23,81.92,25.45,30.93,18.85
Adilabad,19.6641,78.532,2018,10,0.0,67.68,25.08,33.94,15.91
Adilabad,19.6641,78.532,2018,11,0.0,52.88,24.39,34.46,13.89
Adilabad,19.6641,78.532,2018,12,0.48,50.38,20.49,32.63,6.75
Adilabad,19.6641,78.532,2018,13,2.49,52.04,27.1,45.46,6.75
Adilabad,19.6641,78.532,2019,1,0.54,39.25,20.36,32.89,6.78
Adilabad,19.6641,78.532,2019,2,0.05,33.5,24.49,38.8,7.81
Adilabad,19.6641,78.532,2019,3,0.1,25.83,29.99,42.68,15.14
Adilabad,19.6641,78.532,2019,4,0.12,22.64,34.89,45.72,23.46
Adilabad,19.6641,78.532,2019,5,0.03,19.89,36.94,46.03,27.11
Adilabad,19.6641,78.532,2019,6,2.74,45.49,34.27,46.28,23.37
Adilabad,19.6641,78.532,2019,7,9.37,75.77,27.87,36.46,22.48
Adilabad,19.6641,78.532,2019,8,8.3,85.9,26.1,31.47,22.6
Adilabad,19.6641,78.532,2019,9,5.98,88.74,25.81,31.01,22.47
Adilabad,19.6641,78.532,2019,10,3.0,86.36,24.53,29.97,18.48
Adilabad,19.6641,78.532,2019,11,0.13,81.91,21.52,29.5,13.59
Adilabad,19.6641,78.532,2019,12,0.12,75.68,19.99,28.83,6.45
Adilabad,19.6641,78.532,2019,13,2.56,56.91,27.23,46.28,6.45
Adilabad,19.6641,78.532,2020,1,0.61,64.92,20.48,32.86,7.64
Adilabad,19.6641,78.532,2020,2,0.21,48.44,23.38,35.45,12.57
Adilabad,19.6641,78.532,2020,3,0.97,40.9,28.89,39.54,17.16
Adilabad,19.6641,78.532,2020,4,0.43,29.25,33.68,43.1,22.51
Adilabad,19.6641,78.532,2020,5,0.76,27.8,35.86,46.07,24.94
Adilabad,19.6641,78.532,2020,6,5.81,69.41,29.14,38.7,23.73
Adilabad,19.6641,78.532,2020,7,10.52,82.92,27.2,34.39,22.86
Adilabad,19.6641,78.532,2020,8,8.48,87.12,26.27,31.68,22.66
Adilabad,19.6641,78.532,2020,9,4.89,86.27,26.55,31.07,22.28
Adilabad,19.6641,78.532,2020,10,2.01,84.17,24.72,30.55,16.71
Adilabad,19.6641,78.532,2020,11,0.04,78.21,20.94,29.92,10.76
Adilabad,19.6641,78.532,2020,12,0.0,65.52,19.73,29.76,8.46
Adilabad,19.6641,78.532,2020,13,2.91,63.81,26.41,46.07,7.64
Adilabad,19.6641,78.532,2021,1,0.02,53.03,22.7,33.37,12.6
Adilabad,19.6641,78.532,2021,2,0.03,29.96,24.33,37.58,10.71
Adilabad,19.6641,78.532,2021,3,0.14,22.81,29.98,41.81,17.04
Adilabad,19.6641,78.532,2021,4,0.27,25.3,33.22,42.82,21.58
Adilabad,19.6641,78.532,2021,5,0.9,39.75,33.81,42.68,25.76
Adilabad,19.6641,78.532,2021,6,9.08,74.53,28.32,40.55,21.91
Adilabad,19.6641,78.532,2021,7,11.35,84.56,26.89,33.13,22.6
Adilabad,19.6641,78.532,2021,8,6.38,85.78,26.41,32.13,22.4
Adilabad,19.6641,78.532,2021,9,11.19,89.06,25.9,31.0,21.43
Adilabad,19.6641,78.532,2021,10,1.41,82.46,24.36,31.14,14.61
Adilabad,19.6641,78.532,2021,11,0.47,84.0,22.11,29.98,11.8
Adilabad,19.6641,78.532,2021,12,0.16,73.42,19.32,28.58,6.12
Adilabad,19.6641,78.532,2021,13,3.46,62.25,26.45,42.82,6.12
Adilabad,19.6641,78.532,2022,1,3.16,69.12,19.1,29.9,6.47
Adilabad,19.6641,78.532,2022,2,0.01,49.73,22.34,35.43,9.34
Adilabad,19.6641,78.532,2022,3,0.0,25.67,30.18,42.88,17.03
Adilabad,19.6641,78.532,2022,4,0.05,23.56,35.11,45.17,22.69
Adilabad,19.6641,78.532,2022,5,0.7,33.34,35.34,44.33,26.91
Adilabad,19.6641,78.532,2022,6,5.23,58.89,31.2,44.54,23.75
Adilabad,19.6641,78.532,2022,7,24.69,88.77,25.97,34.38,21.98
Adilabad,19.6641,78.532,2022,8,7.57,88.31,25.9,30.8,22.01
Adilabad,19.6641,78.532,2022,9,6.53,87.83,25.86,31.87,20.81
Adilabad,19.6641,78.532,2022,10,1.8,83.25,23.84,30.3,14.4
Adilabad,19.6641,78.532,2022,11,0.0,76.63,20.01,28.49,10.37
Adilabad,19.6641,78.532,2022,12,0.09,68.76,21.53,31.79,11.0
Adilabad,19.6641,78.532,2022,13,4.2,62.94,26.38,45.17,6.47
Adilabad,19.6641,78.532,2023,1,0.01,51.94,21.74,32.93,7.21
Adilabad,19.6641,78.532,2023,2,0.0,22.06,25.19,38.13,10.74
Adilabad,19.6641,78.532,2023,3,0.42,31.77,28.96,40.36,19.36
Adilabad,19.6641,78.532,2023,4,2.61,34.81,32.11,42.16,21.11
Adilabad,19.6641,78.532,2023,5,1.36,41.8,33.3,43.8,22.22
Adilabad,19.6641,78.532,2023,6,1.97,44.35,33.21,43.27,21.99
Adilabad,19.6641,78.532,2023,7,20.95,82.51,27.31,35.9,23.13
Adilabad,19.6641,78.532,2023,8,3.54,85.57,26.05,30.99,21.75
Adilabad,19.6641,78.532,2023,9,7.7,86.94,26.21,31.61,22.1
Adilabad,19.6641,78.532,2023,10,0.18,78.45,23.91,30.88,13.37
Adilabad,19.6641,78.532,2023,11,1.07,78.15,21.97,30.38,12.85
Adilabad,19.6641,78.532,2023,12,0.12,69.55,19.86,31.01,10.06
Adilabad,19.6641,78.532,2023,13,3.35,59.27,26.64,43.8,7.21
Adilabad,19.6641,78.532,2024,1,0.0,54.67,22.29,32.81,9.61
Adilabad,19.6641,78.532,2024,2,0.07,36.46,26.49,36.41,15.07
Adilabad,19.6641,78.532,2024,3,0.65,31.01,30.24,41.7,17.41
Adilabad,19.6641,78.532,2024,4,1.06,32.84,34.07,43.34,23.18
Adilabad,19.6641,78.532,2024,5,1.15,36.52,34.76,45.93,23.14
Adilabad,19.6641,78.532,2024,6,4.94,60.18,31.34,44.31,23.15
Adilabad,19.6641,78.532,2024,7,14.66,84.64,26.79,33.49,22.34
Adilabad,19.6641,78.532,2024,8,6.84,87.49,26.56,31.78,22.21
Adilabad,19.6641,78.532,2024,9,5.66,88.2,25.99,31.02,21.35
Adilabad,19.6641,78.532,2024,10,1.28,85.43,25.62,31.71,18.59
Adilabad,19.6641,78.532,2024,11,0.03,78.4,20.58,29.11,11.44
Adilabad,19.6641,78.532,2024,12,0.13,71.29,20.89,31.94,7.5
Adilabad,19.6641,78.532,2024,13,3.06,62.37,27.13,45.93,7.5
Bhadradri Kothagudem,17.5563,80.6218,2000,1,0.0,50.7,24.44,36.5,11.58
Bhadradri Kothagudem,17.5563,80.6218,2000,2,1.74,61.45,26.85,36.17,17.93
Bhadradri Kothagudem,17.5563,80.6218,2000,3,0.0,47.43,29.31,40.91,15.83
Bhadradri Kothagudem,17.5563,80.6218,2000,4,0.47,45.54,33.92,46.44,22.2
Bhadradri Kothagudem,17.5563,80.6218,2000,5,1.32,48.04,33.35,44.62,25.89
Bhadradri Kothagudem,17.5563,80.6218,2000,6,6.24,76.47,27.96,35.77,23.12
Bhadradri Kothagudem,17.5563,80.6218,2000,7,4.95,80.95,27.21,33.12,22.78
Bhadradri Kothagudem,17.5563,80.6218,2000,8,10.75,86.29,26.45,32.03,22.31
Bhadradri Kothagudem,17.5563,80.6218,2000,9,3.94,85.99,26.48,31.54,22.49
Bhadradri Kothagudem,17.5563,80.6218,2000,10,1.67,80.17,25.67,31.73,15.8
Bhadradri Kothagudem,17.5563,80.6218,2000,11,0.28,72.43,23.73,32.52,15.8
Bhadradri Kothagudem,17.5563,80.6218,2000,12,0.06,54.26,22.4,32.89,13.24
Bhadradri Kothagudem,17.5563,80.6218,2000,13,2.62,65.79,27.31,46.44,11.58
Bhadradri Kothagudem,17.5563,80.6218,2001,1,0.06,52.75,24.43,35.73,12.77
Bhadradri Kothagudem,17.5563,80.6218,2001,2,0.0,44.15,27.18,40.37,15.22
Bhadradri Kothagudem,17.5563,80.6218,2001,3,0.29,46.82,30.99,42.38,19.91
Bhadradri Kothagudem,17.5563,80.6218,2001,4,3.5,57.67,30.9,43.07,22.56
Bhadradri Kothagudem,17.5563,80.6218,2001,5,0.77,46.7,34.45,46.36,25.08
Bhadradri Kothagudem,17.5563,80.6218,2001,6,3.85,67.52,29.12,40.79,21.96
Bhadradri Kothagudem,17.5563,80.6218,2001,7,3.94,71.76,28.46,36.97,22.56
Bhadradri Kothagudem,17.5563,80.6218,2001,8,6.98,85.41,26.45,31.74,22.49
Bhadradri Kothagudem,17.5563,80.6218,2001,9,4.79,83.77,26.97,32.63,22.79
Bhadradri Kothagudem,17.5563,80.6218,2001,10,3.48,83.9,25.66,30.66,17.34
Bhadradri Kothagudem,17.5563,80.6218,2001,11,1.79,81.25,23.57,30.77,15.44
Bhadradri Kothagudem,17.5563,80.6218,2001,12,0.08,65.38,21.23,31.67,12.6
Bhadradri Kothagudem,17.5563,80.6218,2001,13,2.47,65.69,27.45,46.36,12.6
Bhadradri Kothagudem,17.5563,80.6218,2002,1,1.01,64.27,23.04,35.72,10.45
Bhadradri Kothagudem,17.5563,80.6218,2002,2,0.01,52.7,26.76,38.48,17.21
Bhadradri Kothagudem,17.5563,80.6218,2002,3,0.19,47.02,30.77,42.05,20.15
Bhadradri Kothagudem,17.5563,80.6218,2002,4,0.4,45.47,33.62,43.86,23.07
Bhadradri Kothagudem,17.5563,80.6218,2002,5,0.71,38.51,36.27,47.88,25.71
Bhadradri Kothagudem,17.5563,80.6218,2002,6,4.12,69.18,29.88,39.55,23.92
Bhadradri Kothagudem,17.5563,80.6218,2002,7,2.73,69.61,29.17,38.0,23.87
Bhadradri Kothagudem,17.5563,80.6218,2002,8,8.66,82.69,26.86,32.66,22.66
Bhadradri Kothagudem,17.5563,80.6218,2002,9,1.59,79.44,27.17,34.59,21.2
Bhadradri Kothagudem,17.5563,80.6218,2002,10,4.74,79.29,25.85,36.6,16.32
Bhadradri Kothagudem,17.5563,80.6218,2002,11,0.87,66.34,23.7,33.82,13.26
Bhadradri Kothagudem,17.5563,80.6218,2002,12,0.37,62.25,23.35,33.61,14.36
Bhadradri Kothagudem,17.5563,80.6218,2002,13,2.14,63.13,28.04,47.88,10.45
Bhadradri Kothagudem,17.5563,80.6218,2003,1,0.08,59.43,24.1,35.84,12.9
Bhadradri Kothagudem,17.5563,80.6218,2003,2,0.09,55.48,27.88,37.98,17.95
Bhadradri Kothagudem,17.5563,80.6218,2003,3,0.5,49.42,30.23,41.41,18.97
Bhadradri Kothagudem,17.5563,80.6218,2003,4,0.17,45.36,33.54,44.35,23.91
Bhadradri Kothagudem,17.5563,80.6218,2003,5,0.09,34.23,36.2,46.72,26.04
Bhadradri Kothagudem,17.5563,80.6218,2003,6,3.54,56.34,32.18,47.44,24.37
Bhadradri Kothagudem,17.5563,80.6218,2003,7,8.97,83.73,27.05,33.03,23.62
Bhadradri Kothagudem,17.5563,80.6218,2003,8,5.04,87.06,26.51,31.45,22.61
Bhadradri Kothagudem,17.5563,80.6218,2003,9,4.84,87.33,26.44,31.61,22.85
Bhadradri Kothagudem,17.5563,80.6218,2003,10,7.35,85.79,25.62,31.57,16.23
Bhadradri Kothagudem,17.5563,80.6218,2003,11,0.03,78.46,22.54,30.14,13.24
Bhadradri Kothagudem,17.5563,80.6218,2003,12,2.55,76.37,20.47,28.25,11.73
Bhadradri Kothagudem,17.5563,80.6218,2003,13,2.8,66.67,27.72,47.44,11.73
Bhadradri Kothagudem,17.5563,80.6218,2004,1,0.83,72.51,21.43,31.99,11.47
Bhadradri Kothagudem,17.5563,80.6218,2004,2,0.26,59.45,24.64,37.62,12.36
Bhadradri Kothagudem,17.5563,80.6218,2004,3,0.11,46.84,30.53,42.3,19.15
Bhadradri Kothagudem,17.5563,80.6218,2004,4,0.49,46.75,33.54,45.24,24.86
Bhadradri Kothagudem,17.5563,80.6218,2004,5,1.47,58.12,31.8,44.11,24.34
Bhadradri Kothagudem,17.5563,80.6218,2004,6,3.81,65.07,29.98,39.27,24.07
Bhadradri Kothagudem,17.5563,80.6218,2004,7,7.09,82.63,27.08,34.34,22.72
Bhadradri Kothagudem,17.5563,80.6218,2004,8,4.86,82.05,27.15,33.07,23.31
Bhadradri Kothagudem,17.5563,80.6218,2004,9,5.42,85.88,26.65,32.86,22.75
Bhadradri Kothagudem,17.5563,80.6218,2004,10,4.53,84.03,25.3,30.98,16.99
Bhadradri Kothagudem,17.5563,80.6218,2004,11,0.19,74.82,22.59,30.45,13.19
Bhadradri Kothagudem,17.5563,80.6218,2004,12,0.01,66.73,21.43,32.01,12.22
Bhadradri Kothagudem,17.5563,80.6218,2004,13,2.43,68.8,26.84,45.24,11.47
Bhadradri Kothagudem,17.5563,80.6218,2005,1,0.72,61.69,24.46,34.35,15.13
Bhadradri Kothagudem,17.5563,80.6218,2005,2,0.18,52.31,27.17,40.37,14.01
Bhadradri Kothagudem,17.5563,80.6218,2005,3,0.14,49.18,30.61,41.64,19.31
Bhadradri Kothagudem,17.5563,80.6218,2005,4,0.34,46.54,33.09,43.18,25.23
Bhadradri Kothagudem,17.5563,80.6218,2005,5,1.33,48.92,34.07,45.67,25.28
Bhadradri Kothagudem,17.5563,80.6218,2005,6,3.76,61.9,31.26,44.96,23.39
Bhadradri Kothagudem,17.5563,80.6218,2005,7,8.67,81.56,27.4,35.03,22.77
Bhadradri Kothagudem,17.5563,80.6218,2005,8,4.03,86.43,26.57,31.82,23.51
Bhadradri Kothagudem,17.5563,80.6218,2005,9,12.46,89.04,26.32,32.15,21.49
Bhadradri Kothagudem,17.5563,80.6218,2005,10,9.91,88.48,25.64,31.42,20.37
Bhadradri Kothagudem,17.5563,80.6218,2005,11,0.61,81.07,20.91,28.36,12.69
Bhadradri Kothagudem,17.5563,80.6218,2005,12,0.11,75.88,20.25,28.12,10.8
Bhadradri Kothagudem,17.5563,80.6218,2005,13,3.54,68.71,27.31,45.67,10.8
Bhadradri Kothagudem,17.5563,80.6218,2006,1,0.0,63.52,21.62,32.82,10.36
Bhadradri Kothagudem,17.5563,80.6218,2006,2,0.0,53.45,25.78,38.44,15.14
Bhadradri Kothagudem,17.5563,80.6218,2006,3,0.77,52.68,29.72,41.73,19.54
Bhadradri Kothagudem,17.5563,80.6218,2006,4,1.78,50.39,32.46,43.65,21.31
Bhadradri Kothagudem,17.5563,80.6218,2006,5,1.78,60.72,31.79,43.84,25.03
Bhadradri Kothagudem,17.5563,80.6218,2006,6,4.28,68.81,29.61,40.92,23.9
Bhadradri Kothagudem,17.5563,80.6218,2006,7,5.94,74.4,28.51,36.62,23.04
Bhadradri Kothagudem,17.5563,80.6218,2006,8,8.51,86.84,26.26,32.41,22.3
Bhadradri Kothagudem,17.5563,80.6218,2006,9,8.26,87.19,26.37,31.76,21.57
Bhadradri Kothagudem,17.5563,80.6218,2006,10,9.55,80.65,25.83,32.37,19.58
Bhadradri Kothagudem,17.5563,80.6218,2006,11,2.67,84.0,23.35,29.02,14.78
Bhadradri Kothagudem,17.5563,80.6218,2006,12,0.01,78.37,21.14,28.43,11.73
Bhadradri Kothagudem,17.5563,80.6218,2006,13,3.65,70.19,26.87,43.84,10.36
Bhadradri Kothagudem,17.5563,80.6218,2007,1,0.0,70.35,22.06,32.73,13.45
Bhadradri Kothagudem,17.5563,80.6218,2007,2,0.22,61.63,25.15,36.87,15.6
Bhadradri Kothagudem,17.5563,80.6218,2007,3,0.04,49.93,30.13,42.02,19.15
Bhadradri Kothagudem,17.5563,80.6218,2007,4,0.23,46.14,33.1,43.56,22.88
Bhadradri Kothagudem,17.5563,80.6218,2007,5,0.71,39.48,35.67,46.22,26.61
Bhadradri Kothagudem,17.5563,80.6218,2007,6,8.24,70.87,29.79,41.31,24.21
Bhadradri Kothagudem,17.5563,80.6218,2007,7,6.55,82.76,27.41,34.24,23.25
Bhadradri Kothagudem,17.5563,80.6218,2007,8,6.09,86.11,26.72,32.21,22.66
Bhadradri Kothagudem,17.5563,80.6218,2007,9,9.06,89.15,26.41,30.99,22.98
Bhadradri Kothagudem,17.5563,80.6218,2007,10,3.99,83.76,24.09,30.68,17.3
Bhadradri Kothagudem,17.5563,80.6218,2007,11,0.15,78.41,21.79,29.96,10.77
Bhadradri Kothagudem,17.5563,80.6218,2007,12,0.04,73.75,21.75,32.36,12.04
Bhadradri Kothagudem,17.5563,80.6218,2007,13,2.95,69.41,27.01,46.22,10.77
Bhadradri Kothagudem,17.5563,80.6218,2008,1,0.07,61.4,22.55,32.87,10.43
Bhadradri Kothagudem,17.5563,80.6218,2008,2,1.47,63.31,25.45,36.15,14.15
Bhadradri Kothagudem,17.5563,80.6218,2008,3,3.84,57.28,28.29,40.05,17.76
Bhadradri Kothagudem,17.5563,80.6218,2008,4,0.14,54.55,31.36,43.19,21.43
Bhadradri Kothagudem,17.5563,80.6218,2008,5,0.79,34.49,35.38,45.33,25.35
Bhadradri Kothagudem,17.5563,80.6218,2008,6,5.4,68.47,29.17,38.7,23.5
Bhadradri Kothagudem,17.5563,80.6218,2008,7,6.68,77.85,27.93,35.5,23.52
Bhadradri Kothagudem,17.5563,80.6218,2008,8,10.42,87.42,26.43,32.05,22.97
Bhadradri Kothagudem,17.5563,80.6218,2008,9,6.02,87.28,26.18,31.44,20.37
Bhadradri Kothagudem,17.5563,80.6218,2008,10,1.46,81.82,25.23,31.43,15.67
Bhadradri Kothagudem,17.5563,80.6218,2008,11,2.57,78.86,23.03,30.29,13.6
Bhadradri Kothagudem,17.5563,80.6218,2008,12,0.06,69.97,23.09,31.4,13.3
Bhadradri Kothagudem,17.5563,80.6218,2008,13,3.25,68.55,27.01,45.33,10.43
Bhadradri Kothagudem,17.5563,80.6218,2009,1,0.0,63.5,23.82,36.45,15.55
Bhadradri Kothagudem,17.5563,80.6218,2009,2,0.0,48.83,27.87,40.81,17.79
Bhadradri Kothagudem,17.5563,80.6218,2009,3,0.13,42.0,30.79,41.9,19.96
Bhadradri Kothagudem,17.5563,80.6218,2009,4,0.15,42.39,33.68,44.49,23.86
Bhadradri Kothagudem,17.5563,80.6218,2009,5,2.55,56.41,32.67,45.45,25.07
Bhadradri Kothagudem,17.5563,80.6218,2009,6,3.2,66.0,30.3,41.71,24.03
Bhadradri Kothagudem,17.5563,80.6218,2009,7,5.65,75.24,28.16,35.42,22.82
Bhadradri Kothagudem,17.5563,80.6218,2009,8,7.28,82.28,27.34,33.52,22.68
Bhadradri Kothagudem,17.5563,80.6218,2009,9,4.05,85.2,27.26,32.99,22.93
Bhadradri Kothagudem,17.5563,80.6218,2009,10,1.08,75.75,25.73,32.19,15.16
Bhadradri Kothagudem,17.5563,80.6218,2009,11,3.09,77.86,24.36,33.03,12.63
Bhadradri Kothagudem,17.5563,80.6218,2009,12,0.09,66.99,22.9,32.19,12.01
Bhadradri Kothagudem,17.5563,80.6218,2009,13,2.29,65.31,27.9,45.45,12.01
Bhadradri Kothagudem,17.5563,80.6218,2010,1,0.18,58.12,23.86,33.49,13.34
Bhadradri Kothagudem,17.5563,80.6218,2010,2,0.03,50.53,27.63,39.17,15.61
Bhadradri Kothagudem,17.5563,80.6218,2010,3,0.05,43.3,31.88,42.59,20.42
Bhadradri Kothagudem,17.5563,80.6218,2010,4,1.04,48.91,33.82,45.13,25.31
Bhadradri Kothagudem,17.5563,80.6218,2010,5,4.02,52.95,33.75,45.48,25.77
Bhadradri Kothagudem,17.5563,80.6218,2010,6,3.27,67.6,30.44,41.95,24.37
Bhadradri Kothagudem,17.5563,80.6218,2010,7,10.57,84.68,27.05,34.91,22.99
Bhadradri Kothagudem,17.5563,80.6218,2010,8,8.55,86.23,26.79,32.48,21.58
Bhadradri Kothagudem,17.5563,80.6218,2010,9,7.83,88.8,26.1,31.02,20.96
Bhadradri Kothagudem,17.5563,80.6218,2010,10,7.16,87.23,25.61,31.55,19.42
Bhadradri Kothagudem,17.5563,80.6218,2010,11,2.64,87.6,24.43,29.84,17.44
Bhadradri Kothagudem,17.5563,80.6218,2010,12,1.99,81.1,20.21,28.15,9.7
Bhadradri Kothagudem,17.5563,80.6218,2010,13,3.98,69.87,27.62,45.48,9.7
Bhadradri Kothagudem,17.5563,80.6218,2011,1,0.0,73.93,20.17,30.58,9.56
Bhadradri Kothagudem,17.5563,80.6218,2011,2,1.02,67.79,24.21,34.29,14.58
Bhadradri Kothagudem,17.5563,80.6218,2011,3,0.0,51.99,29.13,42.12,18.14
Bhadradri Kothagudem,17.5563,80.6218,2011,4,0.76,52.02,31.62,41.55,21.62
Bhadradri Kothagudem,17.5563,80.6218,2011,5,2.25,48.36,33.95,44.59,24.55
Bhadradri Kothagudem,17.5563,80.6218,2011,6,3.79,64.92,30.06,38.84,23.36
Bhadradri Kothagudem,17.5563,80.6218,2011,7,6.3,76.5,28.15,36.13,23.22
Bhadradri Kothagudem,17.5563,80.6218,2011,8,8.9,83.62,27.0,35.42,22.24
Bhadradri Kothagudem,17.5563,80.6218,2011,9,1.67,84.47,26.71,32.83,21.0
Bhadradri Kothagudem,17.5563,80.6218,2011,10,1.11,75.79,26.45,33.02,18.47
Bhadradri Kothagudem,17.5563,80.6218,2011,11,0.04,64.8,24.61,34.66,14.19
Bhadradri Kothagudem,17.5563,80.6218,2011,12,0.16,55.14,24.15,34.77,12.38
Bhadradri Kothagudem,17.5563,80.6218,2011,13,2.18,66.6,27.2,44.59,9.56
Bhadradri Kothagudem,17.5563,80.6218,2012,1,0.56,60.06,24.11,35.12,9.34
Bhadradri Kothagudem,17.5563,80.6218,2012,2,0.0,46.82,26.92,39.5,15.87
Bhadradri Kothagudem,17.5563,80.6218,2012,3,0.11,41.91,30.46,41.94,18.02
Bhadradri Kothagudem,17.5563,80.6218,2012,4,1.12,48.16,32.75,42.38,23.61
Bhadradri Kothagudem,17.5563,80.6218,2012,5,1.84,51.64,33.52,45.08,25.23
Bhadradri Kothagudem,17.5563,80.6218,2012,6,3.8,59.5,31.12,46.17,23.38
Bhadradri Kothagudem,17.5563,80.6218,2012,7,8.79,80.45,27.38,36.52,21.73
Bhadradri Kothagudem,17.5563,80.6218,2012,8,7.18,85.42,26.46,32.02,22.76
Bhadradri Kothagudem,17.5563,80.6218,2012,9,9.29,86.95,26.42,31.4,22.6
Bhadradri Kothagudem,17.5563,80.6218,2012,10,2.6,82.23,25.06,31.39,17.09
Bhadradri Kothagudem,17.5563,80.6218,2012,11,3.63,83.76,22.57,29.37,10.44
Bhadradri Kothagudem,17.5563,80.6218,2012,12,0.0,75.67,21.56,31.06,12.84
Bhadradri Kothagudem,17.5563,80.6218,2012,13,3.25,66.96,27.35,46.17,9.34
Bhadradri Kothagudem,17.5563,80.6218,2013,1,0.01,66.98,23.51,32.52,12.24
Bhadradri Kothagudem,17.5563,80.6218,2013,2,1.29,58.29,25.58,36.83,13.73
Bhadradri Kothagudem,17.5563,80.6218,2013,3,0.0,48.25,29.58,41.57,17.3
Bhadradri Kothagudem,17.5563,80.6218,2013,4,1.6,51.34,32.27,44.02,23.32
Bhadradri Kothagudem,17.5563,80.6218,2013,5,0.91,46.83,34.5,46.5,25.38
Bhadradri Kothagudem,17.5563,80.6218,2013,6,6.47,74.36,28.51,36.82,23.82
Bhadradri Kothagudem,17.5563,80.6218,2013,7,7.81,82.26,26.77,33.21,23.11
Bhadradri Kothagudem,17.5563,80.6218,2013,8,6.53,85.43,26.46,31.93,22.34
Bhadradri Kothagudem,17.5563,80.6218,2013,9,4.42,86.39,26.46,31.33,21.78
Bhadradri Kothagudem,17.5563,80.6218,2013,10,12.7,86.92,25.61,30.92,17.44
Bhadradri Kothagudem,17.5563,80.6218,2013,11,1.69,83.33,22.92,29.57,13.59
Bhadradri Kothagudem,17.5563,80.6218,2013,12,0.04,78.09,20.33,28.8,10.81
Bhadradri Kothagudem,17.5563,80.6218,2013,13,3.64,70.77,26.88,46.5,10.81
Bhadradri Kothagudem,17.5563,80.6218,2014,1,0.02,73.73,22.25,30.63,13.66
Bhadradri Kothagudem,17.5563,80.6218,2014,2,0.23,60.05,24.67,34.77,14.9
Bhadradri Kothagudem,17.5563,80.6218,2014,3,0.66,49.11,29.25,42.72,18.04
Bhadradri Kothagudem,17.5563,80.6218,2014,4,0.15,39.13,33.63,43.66,23.17
Bhadradri Kothagudem,17.5563,80.6218,2014,5,3.0,56.26,32.31,44.08,25.07
Bhadradri Kothagudem,17.5563,80.6218,2014,6,1.15,49.99,33.18,43.18,25.21
Bhadradri Kothagudem,17.5563,80.6218,2014,7,5.67,69.34,29.13,39.6,23.71
Bhadradri Kothagudem,17.5563,80.6218,2014,8,5.54,78.96,27.64,35.17,23.45
Bhadradri Kothagudem,17.5563,80.6218,2014,9,3.62,82.48,26.77,32.59,21.7
Bhadradri Kothagudem,17.5563,80.6218,2014,10,3.04,77.81,26.03,33.29,16.47
Bhadradri Kothagudem,17.5563,80.6218,2014,11,0.58,70.67,23.55,32.42,13.9
Bhadradri Kothagudem,17.5563,80.6218,2014,12,0.15,61.22,22.43,32.69,11.4
Bhadradri Kothagudem,17.5563,80.6218,2014,13,2.01,64.13,27.58,44.08,11.4
Bhadradri Kothagudem,17.5563,80.6218,2015,1,0.12,52.68,22.95,34.35,11.33
Bhadradri Kothagudem,17.5563,80.6218,2015,2,0.01,50.3,26.09,37.57,16.37
Bhadradri Kothagudem,17.5563,80.6218,2015,3,0.22,46.88,29.94,41.45,19.43
Bhadradri Kothagudem,17.5563,80.6218,2015,4,0.65,48.6,32.17,43.21,23.22
Bhadradri Kothagudem,17.5563,80.6218,2015,5,0.29,43.52,34.78,47.69,25.14
Bhadradri Kothagudem,17.5563,80.6218,2015,6,8.32,74.56,28.66,39.14,22.76
Bhadradri Kothagudem,17.5563,80.6218,2015,7,4.09,73.9,28.81,36.27,23.61
Bhadradri Kothagudem,17.5563,80.6218,2015,8,5.23,80.74,27.7,33.34,23.2
Bhadradri Kothagudem,17.5563,80.6218,2015,9,5.05,83.61,26.95,33.63,21.07
Bhadradri Kothagudem,17.5563,80.6218,2015,10,1.25,74.57,26.8,34.02,19.13
Bhadradri Kothagudem,17.5563,80.6218,2015,11,1.07,74.07,24.81,33.33,16.37
Bhadradri Kothagudem,17.5563,80.6218,2015,12,0.05,63.62,24.38,34.67,12.78
Bhadradri Kothagudem,17.5563,80.6218,2015,13,2.2,63.96,27.85,47.69,11.33
Bhadradri Kothagudem,17.5563,80.6218,2016,1,0.06,53.16,24.23,37.12,12.85
Bhadradri Kothagudem,17.5563,80.6218,2016,2,0.14,52.79,27.99,39.93,16.52
Bhadradri Kothagudem,17.5563,80.6218,2016,3,0.08,48.79,30.65,42.61,19.0
Bhadradri Kothagudem,17.5563,80.6218,2016,4,0.03,44.75,33.9,45.76,22.62
Bhadradri Kothagudem,17.5563,80.6218,2016,5,2.68,49.58,33.73,44.75,25.28
Bhadradri Kothagudem,17.5563,80.6218,2016,6,12.16,75.56,28.78,40.94,23.92
Bhadradri Kothagudem,17.5563,80.6218,2016,7,6.39,84.51,26.99,32.95,23.32
Bhadradri Kothagudem,17.5563,80.6218,2016,8,5.19,83.1,27.12,32.82,23.01
Bhadradri Kothagudem,17.5563,80.6218,2016,9,9.06,88.42,26.11,30.76,20.49
Bhadradri Kothagudem,17.5563,80.6218,2016,10,2.45,83.1,24.41,31.11,16.29
Bhadradri Kothagudem,17.5563,80.6218,2016,11,0.03,75.47,22.23,30.22,12.5
Bhadradri Kothagudem,17.5563,80.6218,2016,12,0.08,65.27,21.95,31.44,11.42
Bhadradri Kothagudem,17.5563,80.6218,2016,13,3.19,67.08,27.33,45.76,11.42
Bhadradri Kothagudem,17.5563,80.6218,2017,1,0.0,54.05,23.43,34.71,12.62
Bhadradri Kothagudem,17.5563,80.6218,2017,2,0.0,48.25,26.83,39.61,16.35
Bhadradri Kothagudem,17.5563,80.6218,2017,3,0.44,47.67,30.2,42.98,16.33
Bhadradri Kothagudem,17.5563,80.6218,2017,4,0.13,41.27,34.25,44.6,23.71
Bhadradri Kothagudem,17.5563,80.6218,2017,5,2.31,50.2,33.63,46.04,24.47
Bhadradri Kothagudem,17.5563,80.6218,2017,6,8.76,75.95,28.86,41.47,23.9
Bhadradri Kothagudem,17.5563,80.6218,2017,7,13.33,82.27,27.33,33.18,23.21
Bhadradri Kothagudem,17.5563,80.6218,2017,8,7.99,86.68,26.53,31.58,21.61
Bhadradri Kothagudem,17.5563,80.6218,2017,9,4.17,87.51,26.82,31.27,22.89
Bhadradri Kothagudem,17.5563,80.6218,2017,10,2.74,84.84,25.87,31.26,17.74
Bhadradri Kothagudem,17.5563,80.6218,2017,11,0.33,80.95,23.08,30.0,14.04
Bhadradri Kothagudem,17.5563,80.6218,2017,12,0.0,69.17,20.96,30.54,11.09
Bhadradri Kothagudem,17.5563,80.6218,2017,13,3.38,67.51,27.31,46.04,11.09
Bhadradri Kothagudem,17.5563,80.6218,2018,1,0.0,55.06,22.52,33.63,11.85
Bhadradri Kothagudem,17.5563,80.6218,2018,2,0.0,46.95,26.22,38.77,14.8
Bhadradri Kothagudem,17.5563,80.6218,2018,3,0.05,41.85,30.66,41.6,18.82
Bhadradri Kothagudem,17.5563,80.6218,2018,4,1.18,49.77,32.73,44.16,22.99
Bhadradri Kothagudem,17.5563,80.6218,2018,5,1.31,56.28,32.53,42.21,24.36
Bhadradri Kothagudem,17.5563,80.6218,2018,6,5.2,68.24,29.83,39.4,23.99
Bhadradri Kothagudem,17.5563,80.6218,2018,7,9.52,79.98,27.51,35.74,23.0
Bhadradri Kothagudem,17.5563,80.6218,2018,8,10.97,85.75,26.44,31.72,22.62
Bhadradri Kothagudem,17.5563,80.6218,2018,9,2.18,83.98,26.5,31.86,20.63
Bhadradri Kothagudem,17.5563,80.6218,2018,10,0.4,75.81,25.87,32.77,16.32
Bhadradri Kothagudem,17.5563,80.6218,2018,11,0.14,66.32,25.5,34.85,15.23
Bhadradri Kothagudem,17.5563,80.6218,2018,12,2.41,65.77,23.28,33.6,10.03
Bhadradri Kothagudem,17.5563,80.6218,2018,13,2.81,64.77,27.46,44.16,10.03
Bhadradri Kothagudem,17.5563,80.6218,2019,1,0.45,62.73,21.99,32.84,10.06
Bhadradri Kothagudem,17.5563,80.6218,2019,2,0.11,54.81,26.6,39.57,14.34
Bhadradri Kothagudem,17.5563,80.6218,2019,3,0.21,48.57,30.8,42.79,20.44
Bhadradri Kothagudem,17.5563,80.6218,2019,4,0.85,45.4,33.36,43.74,22.33
Bhadradri Kothagudem,17.5563,80.6218,2019,5,0.67,45.11,34.78,45.21,27.07
Bhadradri Kothagudem,17.5563,80.6218,2019,6,2.53,61.83,31.45,42.15,24.6
Bhadradri Kothagudem,17.5563,80.6218,2019,7,7.05,71.53,29.07,38.92,23.59
Bhadradri Kothagudem,17.5563,80.6218,2019,8,7.96,84.36,27.06,32.65,22.99
Bhadradri Kothagudem,17.5563,80.6218,2019,9,6.23,87.84,26.64,32.53,22.65
Bhadradri Kothagudem,17.5563,80.6218,2019,10,4.51,86.76,26.02,30.98,21.61
Bhadradri Kothagudem,17.5563,80.6218,2019,11,0.11,82.69,23.43,30.39,16.25
Bhadradri Kothagudem,17.5563,80.6218,2019,12,0.08,77.15,22.43,30.06,13.7
Bhadradri Kothagudem,17.5563,80.6218,2019,13,2.58,67.48,27.8,45.21,10.06
Bhadradri Kothagudem,17.5563,80.6218,2020,1,0.17,67.45,23.96,34.74,14.57
Bhadradri Kothagudem,17.5563,80.6218,2020,2,0.17,54.55,26.37,36.85,15.47
Bhadradri Kothagudem,17.5563,80.6218,2020,3,0.58,50.39,30.13,41.34,20.4
Bhadradri Kothagudem,17.5563,80.6218,2020,4,1.37,46.11,32.96,42.77,24.18
Bhadradri Kothagudem,17.5563,80.6218,2020,5,0.91,45.99,34.44,45.55,25.67
Bhadradri Kothagudem,17.5563,80.6218,2020,6,5.83,73.8,29.35,40.02,23.88
Bhadradri Kothagudem,17.5563,80.6218,2020,7,12.25,85.42,27.26,33.27,23.13
Bhadradri Kothagudem,17.5563,80.6218,2020,8,18.52,90.4,26.51,31.36,22.91
Bhadradri Kothagudem,17.5563,80.6218,2020,9,9.07,89.19,26.77,31.71,22.48
Bhadradri Kothagudem,17.5563,80.6218,2020,10,7.99,88.37,25.57,30.72,19.29
Bhadradri Kothagudem,17.5563,80.6218,2020,11,2.51,85.65,23.49,30.11,14.23
Bhadradri Kothagudem,17.5563,80.6218,2020,12,0.0,77.6,20.68,27.9,9.9
Bhadradri Kothagudem,17.5563,80.6218,2020,13,4.98,71.31,27.29,45.55,9.9
Bhadradri Kothagudem,17.5563,80.6218,2021,1,0.02,74.93,23.0,31.49,13.34
Bhadradri Kothagudem,17.5563,80.6218,2021,2,0.02,56.02,24.86,38.21,14.81
Bhadradri Kothagudem,17.5563,80.6218,2021,3,0.01,43.39,30.11,43.74,17.45
Bhadradri Kothagudem,17.5563,80.6218,2021,4,1.88,49.89,31.95,43.48,23.42
Bhadradri Kothagudem,17.5563,80.6218,2021,5,2.0,56.75,32.19,43.03,24.31
Bhadradri Kothagudem,17.5563,80.6218,2021,6,5.69,73.25,28.99,37.15,22.95
Bhadradri Kothagudem,17.5563,80.6218,2021,7,11.48,85.04,27.23,32.52,22.78
Bhadradri Kothagudem,17.5563,80.6218,2021,8,5.96,85.64,27.15,32.38,22.95
Bhadradri Kothagudem,17.5563,80.6218,2021,9,8.7,87.36,26.72,31.25,22.57
Bhadradri Kothagudem,17.5563,80.6218,2021,10,2.12,86.18,26.0,31.27,18.77
Bhadradri Kothagudem,17.5563,80.6218,2021,11,2.71,87.51,24.38,30.3,16.59
Bhadradri Kothagudem,17.5563,80.6218,2021,12,0.0,79.73,21.3,28.46,9.41
Bhadradri Kothagudem,17.5563,80.6218,2021,13,3.4,72.25,27.0,43.74,9.41
Bhadradri Kothagudem,17.5563,80.6218,2022,1,1.33,70.75,21.72,31.74,10.09
Bhadradri Kothagudem,17.5563,80.6218,2022,2,0.0,57.73,24.75,36.57,12.59
Bhadradri Kothagudem,17.5563,80.6218,2022,3,0.01,44.44,30.9,42.7,17.5
Bhadradri Kothagudem,17.5563,80.6218,2022,4,0.09,44.99,33.71,45.25,24.54
Bhadradri Kothagudem,17.5563,80.6218,2022,5,1.88,54.57,32.8,44.42,25.34
Bhadradri Kothagudem,17.5563,80.6218,2022,6,4.35,66.72,30.16,41.33,24.14
Bhadradri Kothagudem,17.5563,80.6218,2022,7,13.87,86.08,26.82,33.11,22.62
Bhadradri Kothagudem,17.5563,80.6218,2022,8,7.43,87.38,26.79,31.33,22.53
Bhadradri Kothagudem,17.5563,80.6218,2022,9,5.06,87.33,26.57,31.64,21.87
Bhadradri Kothagudem,17.5563,80.6218,2022,10,4.27,86.33,24.84,30.64,15.34
Bhadradri Kothagudem,17.5563,80.6218,2022,11,0.36,81.72,22.7,29.4,13.53
Bhadradri Kothagudem,17.5563,80.6218,2022,12,0.3,77.73,23.24,32.11,13.95
Bhadradri Kothagudem,17.5563,80.6218,2022,13,3.28,70.59,27.09,45.25,10.09
Bhadradri Kothagudem,17.5563,80.6218,2023,1,0.05,65.64,23.29,33.64,10.54
Bhadradri Kothagudem,17.5563,80.6218,2023,2,0.0,48.44,26.58,38.42,15.96
Bhadradri Kothagudem,17.5563,80.6218,2023,3,1.47,54.01,28.76,38.9,19.33
Bhadradri Kothagudem,17.5563,80.6218,2023,4,1.26,45.69,32.56,43.96,23.22
Bhadradri Kothagudem,17.5563,80.6218,2023,5,2.46,54.66,32.55,43.87,23.19
Bhadradri Kothagudem,17.5563,80.6218,2023,6,2.43,49.22,33.69,45.04,24.01
Bhadradri Kothagudem,17.5563,80.6218,2023,7,14.52,80.25,27.74,36.53,22.96
Bhadradri Kothagudem,17.5563,80.6218,2023,8,3.3,84.27,27.31,32.37,23.04
Bhadradri Kothagudem,17.5563,80.6218,2023,9,5.27,87.09,27.01,32.22,22.1
Bhadradri Kothagudem,17.5563,80.6218,2023,10,0.18,78.37,25.76,31.87,17.45
Bhadradri Kothagudem,17.5563,80.6218,2023,11,0.64,72.37,25.5,33.9,17.3
Bhadradri Kothagudem,17.5563,80.6218,2023,12,4.45,76.4,21.77,34.23,12.49
Bhadradri Kothagudem,17.5563,80.6218,2023,13,3.03,66.55,27.7,45.04,10.54
Bhadradri Kothagudem,17.5563,80.6218,2024,1,0.0,67.92,23.53,32.92,14.79
Bhadradri Kothagudem,17.5563,80.6218,2024,2,0.0,55.77,27.25,37.63,17.15
Bhadradri Kothagudem,17.5563,80.6218,2024,3,0.07,47.34,31.03,42.76,20.92
Bhadradri Kothagudem,17.5563,80.6218,2024,4,0.04,38.92,34.86,45.33,24.56
Bhadradri Kothagudem,17.5563,80.6218,2024,5,3.0,57.89,33.06,45.95,25.16
Bhadradri Kothagudem,17.5563,80.6218,2024,6,8.47,74.78,29.39,38.84,22.48
Bhadradri Kothagudem,17.5563,80.6218,2024,7,12.7,84.7,27.27,35.27,23.8
Bhadradri Kothagudem,17.5563,80.6218,2024,8,9.86,88.04,27.21,31.74,23.67
Bhadradri Kothagudem,17.5563,80.6218,2024,9,6.25,88.12,26.66,31.43,22.09
Bhadradri Kothagudem,17.5563,80.6218,2024,10,2.35,86.18,26.64,32.11,20.17
Bhadradri Kothagudem,17.5563,80.6218,2024,11,0.2,80.24,23.79,30.72,15.07
Bhadradri Kothagudem,17.5563,80.6218,2024,12,0.4,75.48,24.12,32.24,11.37
Bhadradri Kothagudem,17.5563,80.6218,2024,13,3.63,70.53,27.9,45.95,11.37
Hyderabad,17.385,78.4867,2000,1,0.0,37.94,22.8,35.3,11.28
Hyderabad,17.385,78.4867,2000,2,2.06,53.24,25.01,34.75,14.85
Hyderabad,17.385,78.4867,2000,3,0.02,34.76,27.41,38.82,14.87
Hyderabad,17.385,78.4867,2000,4,0.02,29.76,33.39,44.23,19.56
Hyderabad,17.385,78.4867,2000,5,1.56,48.14,31.21,43.74,23.4
Hyderabad,17.385,78.4867,2000,6,8.3,75.32,26.32,34.54,21.26
Hyderabad,17.385,78.4867,2000,7,2.65,78.96,25.5,31.39,20.86
Hyderabad,17.385,78.4867,2000,8,13.01,82.6,25.09,31.41,20.37
Hyderabad,17.385,78.4867,2000,9,1.94,83.35,24.9,30.61,19.93
Hyderabad,17.385,78.4867,2000,10,0.88,72.96,24.66,31.98,16.14
Hyderabad,17.385,78.4867,2000,11,0.16,64.91,22.83,32.25,14.29
Hyderabad,17.385,78.4867,2000,12,0.02,37.84,21.47,31.8,12.66
Hyderabad,17.385,78.4867,2000,13,2.55,58.29,25.88,44.23,11.28
Hyderabad,17.385,78.4867,2001,1,0.24,43.86,22.53,34.05,11.96
Hyderabad,17.385,78.4867,2001,2,0.0,27.56,25.82,38.89,14.09
Hyderabad,17.385,78.4867,2001,3,1.26,42.28,28.73,39.8,17.8
Hyderabad,17.385,78.4867,2001,4,0.82,43.59,30.97,43.0,20.47
Hyderabad,17.385,78.4867,2001,5,0.1,32.39,34.31,44.53,25.45
Hyderabad,17.385,78.4867,2001,6,6.26,68.39,27.15,39.0,20.61
Hyderabad,17.385,78.4867,2001,7,1.95,68.77,26.92,35.53,20.83
Hyderabad,17.385,78.4867,2001,8,7.13,82.64,24.87,30.4,20.73
Hyderabad,17.385,78.4867,2001,9,4.26,81.91,25.43,32.44,20.99
Hyderabad,17.385,78.4867,2001,10,3.71,82.51,23.67,30.19,15.44
Hyderabad,17.385,78.4867,2001,11,0.09,74.41,22.5,30.28,13.02
Hyderabad,17.385,78.4867,2001,12,0.02,58.36,20.36,30.78,12.36
Hyderabad,17.385,78.4867,2001,13,2.16,59.06,26.1,44.53,11.96
Hyderabad,17.385,78.4867,2002,1,0.49,56.22,21.82,35.08,10.23
Hyderabad,17.385,78.4867,2002,2,0.03,45.92,25.08,36.54,16.21
Hyderabad,17.385,78.4867,2002,3,0.36,34.22,29.26,40.46,19.0
Hyderabad,17.385,78.4867,2002,4,0.07,32.63,33.16,42.77,22.7
Hyderabad,17.385,78.4867,2002,5,2.14,41.7,33.29,44.12,23.6
Hyderabad,17.385,78.4867,2002,6,5.23,66.91,28.42,37.09,22.56
Hyderabad,17.385,78.4867,2002,7,2.46,68.57,27.43,35.3,21.91
Hyderabad,17.385,78.4867,2002,8,6.97,80.59,25.19,31.19,20.25
Hyderabad,17.385,78.4867,2002,9,1.21,73.2,26.15,34.97,20.06
Hyderabad,17.385,78.4867,2002,10,3.39,71.69,24.89,36.38,16.79
Hyderabad,17.385,78.4867,2002,11,0.09,55.8,22.89,33.29,13.33
Hyderabad,17.385,78.4867,2002,12,0.03,49.77,22.38,33.28,13.11
Hyderabad,17.385,78.4867,2002,13,1.89,56.51,26.67,44.12,10.23
Hyderabad,17.385,78.4867,2003,1,0.0,47.55,22.94,34.66,10.68
Hyderabad,17.385,78.4867,2003,2,0.22,48.46,26.38,36.13,16.56
Hyderabad,17.385,78.4867,2003,3,0.35,39.06,29.05,39.97,16.04
Hyderabad,17.385,78.4867,2003,4,0.77,36.42,32.06,42.51,21.18
Hyderabad,17.385,78.4867,2003,5,0.04,24.21,34.56,43.67,23.12
Hyderabad,17.385,78.4867,2003,6,2.46,53.4,30.4,44.46,22.44
Hyderabad,17.385,78.4867,2003,7,8.35,79.62,25.76,33.66,21.9
Hyderabad,17.385,78.4867,2003,8,5.01,83.37,25.04,31.54,19.7
Hyderabad,17.385,78.4867,2003,9,2.2,83.32,25.13,30.77,20.89
Hyderabad,17.385,78.4867,2003,10,4.79,80.77,24.24,31.41,14.24
Hyderabad,17.385,78.4867,2003,11,0.03,73.7,21.42,29.45,13.7
Hyderabad,17.385,78.4867,2003,12,0.16,63.56,20.19,30.23,11.12
Hyderabad,17.385,78.4867,2003,13,2.05,59.52,26.42,44.46,10.68
Hyderabad,17.385,78.4867,2004,1,1.1,61.98,21.08,32.08,11.71
Hyderabad,17.385,78.4867,2004,2,0.19,46.96,23.33,36.95,9.58
Hyderabad,17.385,78.4867,2004,3,0.68,33.38,29.31,41.23,17.43
Hyderabad,17.385,78.4867,2004,4,1.81,44.62,30.89,41.97,20.09
Hyderabad,17.385,78.4867,2004,5,1.41,57.48,29.79,40.35,22.49
Hyderabad,17.385,78.4867,2004,6,1.19,59.93,28.83,38.01,22.14
Hyderabad,17.385,78.4867,2004,7,7.34,78.12,25.65,32.82,21.39
Hyderabad,17.385,78.4867,2004,8,2.09,77.36,25.74,32.64,21.3
Hyderabad,17.385,78.4867,2004,9,3.95,81.29,25.37,32.42,20.42
Hyderabad,17.385,78.4867,2004,10,2.39,77.12,24.07,30.8,14.5
Hyderabad,17.385,78.4867,2004,11,0.04,63.51,22.64,31.73,13.08
Hyderabad,17.385,78.4867,2004,12,0.0,52.71,21.07,31.86,12.45
Hyderabad,17.385,78.4867,2004,13,1.86,61.27,25.65,41.97,9.58
Hyderabad,17.385,78.4867,2005,1,1.29,53.75,22.65,32.95,12.32
Hyderabad,17.385,78.4867,2005,2,0.05,44.95,25.12,37.93,11.78
Hyderabad,17.385,78.4867,2005,3,0.45,36.85,28.44,40.36,16.72
Hyderabad,17.385,78.4867,2005,4,0.8,43.06,31.25,40.64,22.36
Hyderabad,17.385,78.4867,2005,5,0.97,36.86,33.22,44.4,23.03
Hyderabad,17.385,78.4867,2005,6,3.46,59.27,29.81,41.27,21.86
Hyderabad,17.385,78.4867,2005,7,11.49,81.17,25.61,33.39,21.38
Hyderabad,17.385,78.4867,2005,8,4.32,85.29,24.88,29.95,21.36
Hyderabad,17.385,78.4867,2005,9,7.4,87.62,24.72,29.65,20.68
Hyderabad,17.385,78.4867,2005,10,6.98,86.01,23.59,30.16,17.53
Hyderabad,17.385,78.4867,2005,11,0.04,77.95,18.71,26.23,10.66
Hyderabad,17.385,78.4867,2005,12,0.06,70.86,18.58,27.1,9.3
Hyderabad,17.385,78.4867,2005,13,3.14,63.75,25.55,44.4,9.3
Hyderabad,17.385,78.4867,2006,1,0.0,59.83,19.88,31.28,8.09
Hyderabad,17.385,78.4867,2006,2,0.0,42.71,24.16,36.22,13.6
Hyderabad,17.385,78.4867,2006,3,1.34,47.97,27.47,39.38,15.43
Hyderabad,17.385,78.4867,2006,4,1.97,42.17,31.15,41.79,20.78
Hyderabad,17.385,78.4867,2006,5,2.89,51.76,31.02,42.15,23.3
Hyderabad,17.385,78.4867,2006,6,3.14,68.58,27.81,36.56,22.81
Hyderabad,17.385,78.4867,2006,7,5.85,72.37,26.66,34.48,20.86
Hyderabad,17.385,78.4867,2006,8,6.6,83.46,24.81,30.98,20.01
Hyderabad,17.385,78.4867,2006,9,7.48,84.76,24.93,31.53,19.95
Hyderabad,17.385,78.4867,2006,10,1.04,80.29,24.01,30.43,16.96
Hyderabad,17.385,78.4867,2006,11,1.89,81.41,21.64,28.86,14.11
Hyderabad,17.385,78.4867,2006,12,0.0,71.41,20.4,28.98,11.83
Hyderabad,17.385,78.4867,2006,13,2.7,65.71,25.33,42.15,8.09
Hyderabad,17.385,78.4867,2007,1,0.0,59.06,21.3,32.56,12.04
Hyderabad,17.385,78.4867,2007,2,0.01,45.43,24.57,35.73,14.81
Hyderabad,17.385,78.4867,2007,3,0.0,36.66,28.99,39.83,17.17
Hyderabad,17.385,78.4867,2007,4,0.68,37.89,31.72,42.35,21.96
Hyderabad,17.385,78.4867,2007,5,0.58,33.96,34.1,43.75,24.97
Hyderabad,17.385,78.4867,2007,6,5.57,68.25,28.29,38.81,22.29
Hyderabad,17.385,78.4867,2007,7,3.07,77.0,26.29,33.57,22.03
Hyderabad,17.385,78.4867,2007,8,7.14,81.58,25.37,32.38,20.99
Hyderabad,17.385,78.4867,2007,9,8.49,87.57,24.77,31.14,18.79
Hyderabad,17.385,78.4867,2007,10,1.07,79.65,22.14,29.26,15.55
Hyderabad,17.385,78.4867,2007,11,0.13,71.17,20.43,28.78,9.81
Hyderabad,17.385,78.4867,2007,12,0.0,66.33,20.98,32.0,13.04
Hyderabad,17.385,78.4867,2007,13,2.23,62.14,25.75,43.75,9.81
Hyderabad,17.385,78.4867,2008,1,0.01,49.22,21.28,32.27,10.99
Hyderabad,17.385,78.4867,2008,2,1.69,55.22,23.79,34.4,11.48
Hyderabad,17.385,78.4867,2008,3,4.94,49.41,26.68,38.04,15.9
Hyderabad,17.385,78.4867,2008,4,0.38,47.95,29.43,41.07,18.49
Hyderabad,17.385,78.4867,2008,5,0.53,31.17,33.0,42.52,23.52
Hyderabad,17.385,78.4867,2008,6,1.87,60.04,28.45,39.49,21.81
Hyderabad,17.385,78.4867,2008,7,3.64,66.04,27.55,36.3,21.76
Hyderabad,17.385,78.4867,2008,8,13.54,84.75,24.91,31.67,20.83
Hyderabad,17.385,78.4867,2008,9,6.22,85.21,24.51,30.32,18.42
Hyderabad,17.385,78.4867,2008,10,1.57,79.83,23.35,30.39,14.15
Hyderabad,17.385,78.4867,2008,11,1.56,76.42,21.44,28.91,12.3
Hyderabad,17.385,78.4867,2008,12,0.01,66.91,21.12,30.29,12.65
Hyderabad,17.385,78.4867,2008,13,3.01,62.67,25.46,42.52,10.99
Hyderabad,17.385,78.4867,2009,1,0.0,58.62,21.83,34.78,13.63
Hyderabad,17.385,78.4867,2009,2,0.0,37.83,26.27,39.36,16.45
Hyderabad,17.385,78.4867,2009,3,0.13,30.0,29.22,40.5,19.08
Hyderabad,17.385,78.4867,2009,4,0.64,32.54,32.23,42.48,20.81
Hyderabad,17.385,78.4867,2009,5,1.04,36.92,33.42,43.91,24.71
Hyderabad,17.385,78.4867,2009,6,2.71,62.22,28.92,40.71,22.41
Hyderabad,17.385,78.4867,2009,7,2.15,68.17,27.22,35.46,21.66
Hyderabad,17.385,78.4867,2009,8,10.01,74.17,26.64,36.49,20.88
Hyderabad,17.385,78.4867,2009,9,4.5,83.14,25.58,31.55,21.17
Hyderabad,17.385,78.4867,2009,10,1.91,75.29,23.85,30.47,14.78
Hyderabad,17.385,78.4867,2009,11,1.35,75.31,22.54,30.96,11.57
Hyderabad,17.385,78.4867,2009,12,0.1,66.35,21.13,29.97,11.22
Hyderabad,17.385,78.4867,2009,13,2.06,58.49,26.57,43.91,11.22
Hyderabad,17.385,78.4867,2010,1,0.23,54.61,21.34,32.01,9.95
Hyderabad,17.385,78.4867,2010,2,0.23,44.44,25.99,37.29,14.07
Hyderabad,17.385,78.4867,2010,3,0.0,31.68,30.58,41.15,18.33
Hyderabad,17.385,78.4867,2010,4,0.1,32.17,33.52,42.94,21.21
Hyderabad,17.385,78.4867,2010,5,0.74,37.43,34.02,44.28,24.41
Hyderabad,17.385,78.4867,2010,6,4.28,61.06,29.7,41.8,23.07
Hyderabad,17.385,78.4867,2010,7,10.24,82.65,25.44,32.43,20.98
Hyderabad,17.385,78.4867,2010,8,7.23,85.2,25.25,31.06,19.33
Hyderabad,17.385,78.4867,2010,9,6.56,87.3,24.6,29.87,19.86
Hyderabad,17.385,78.4867,2010,10,2.17,85.72,23.74,30.13,15.55
Hyderabad,17.385,78.4867,2010,11,1.41,87.1,22.73,28.9,17.23
Hyderabad,17.385,78.4867,2010,12,0.41,77.03,18.82,27.39,8.96
Hyderabad,17.385,78.4867,2010,13,2.82,63.99,26.3,44.28,8.96
Hyderabad,17.385,78.4867,2011,1,0.0,62.45,19.45,31.13,9.0
Hyderabad,17.385,78.4867,2011,2,0.21,57.85,23.49,32.77,13.85
Hyderabad,17.385,78.4867,2011,3,0.06,35.7,28.38,39.85,17.66
Hyderabad,17.385,78.4867,2011,4,0.16,40.16,30.71,41.55,20.36
Hyderabad,17.385,78.4867,2011,5,0.33,33.23,33.65,42.59,25.45
Hyderabad,17.385,78.4867,2011,6,1.61,57.78,29.19,38.06,22.69
Hyderabad,17.385,78.4867,2011,7,6.76,76.1,26.2,34.78,21.33
Hyderabad,17.385,78.4867,2011,8,6.51,81.34,25.46,33.08,20.45
Hyderabad,17.385,78.4867,2011,9,1.98,82.37,25.11,31.41,20.14
Hyderabad,17.385,78.4867,2011,10,1.57,74.92,24.78,31.79,18.1
Hyderabad,17.385,78.4867,2011,11,0.13,61.33,22.97,32.5,13.59
Hyderabad,17.385,78.4867,2011,12,0.02,48.19,21.97,32.44,12.02
Hyderabad,17.385,78.4867,2011,13,1.63,59.28,25.96,42.59,9.0
Hyderabad,17.385,78.4867,2012,1,0.08,47.56,22.83,34.62,9.9
Hyderabad,17.385,78.4867,2012,2,0.0,34.77,25.36,38.3,13.88
Hyderabad,17.385,78.4867,2012,3,0.01,22.75,28.46,40.08,15.89
Hyderabad,17.385,78.4867,2012,4,0.57,37.9,32.17,41.14,21.64
Hyderabad,17.385,78.4867,2012,5,0.23,29.55,34.61,43.64,25.89
Hyderabad,17.385,78.4867,2012,6,3.5,55.18,29.59,42.24,21.88
Hyderabad,17.385,78.4867,2012,7,6.42,76.08,26.02,34.8,21.17
Hyderabad,17.385,78.4867,2012,8,4.38,79.72,25.43,31.5,20.48
Hyderabad,17.385,78.4867,2012,9,3.96,83.39,25.03,30.69,20.66
Hyderabad,17.385,78.4867,2012,10,2.17,76.78,23.53,30.82,15.63
Hyderabad,17.385,78.4867,2012,11,1.14,70.89,22.6,31.61,11.04
Hyderabad,17.385,78.4867,2012,12,0.0,60.61,22.05,32.93,11.8
Hyderabad,17.385,78.4867,2012,13,1.88,56.32,26.47,43.64,9.9
Hyderabad,17.385,78.4867,2013,1,0.07,50.86,23.22,33.89,13.34
Hyderabad,17.385,78.4867,2013,2,0.79,50.27,24.43,35.11,12.4
Hyderabad,17.385,78.4867,2013,3,0.01,35.16,28.62,39.64,14.72
Hyderabad,17.385,78.4867,2013,4,1.63,42.33,31.08,41.13,21.56
Hyderabad,17.385,78.4867,2013,5,0.5,36.8,33.94,44.87,25.2
Hyderabad,17.385,78.4867,2013,6,5.73,73.45,26.75,33.92,21.84
Hyderabad,17.385,78.4867,2013,7,7.55,80.21,25.26,31.88,20.81
Hyderabad,17.385,78.4867,2013,8,4.61,83.95,24.73,30.86,20.93
Hyderabad,17.385,78.4867,2013,9,5.12,85.32,24.74,29.92,19.04
Hyderabad,17.385,78.4867,2013,10,6.63,85.48,23.73,29.81,15.44
Hyderabad,17.385,78.4867,2013,11,0.39,82.29,20.8,28.15,11.92
Hyderabad,17.385,78.4867,2013,12,0.0,72.01,18.63,28.04,10.18
Hyderabad,17.385,78.4867,2013,13,2.76,64.9,25.5,44.87,10.18
Hyderabad,17.385,78.4867,2014,1,0.0,69.34,20.69,29.05,13.33
Hyderabad,17.385,78.4867,2014,2,0.14,50.75,23.25,33.26,13.23
Hyderabad,17.385,78.4867,2014,3,1.65,50.89,26.56,40.31,16.07
Hyderabad,17.385,78.4867,2014,4,0.42,32.41,31.98,41.16,21.73
Hyderabad,17.385,78.4867,2014,5,1.53,44.7,31.96,42.6,22.67
Hyderabad,17.385,78.4867,2014,6,1.49,49.82,31.23,41.22,24.17
Hyderabad,17.385,78.4867,2014,7,4.54,69.77,27.22,37.99,21.74
Hyderabad,17.385,78.4867,2014,8,6.68,73.79,26.62,34.94,21.71
Hyderabad,17.385,78.4867,2014,9,2.79,82.52,24.75,30.93,19.13
Hyderabad,17.385,78.4867,2014,10,1.21,71.62,24.66,33.43,14.8
Hyderabad,17.385,78.4867,2014,11,0.21,61.79,22.76,32.06,13.85
Hyderabad,17.385,78.4867,2014,12,0.09,52.65,21.21,31.95,11.27
Hyderabad,17.385,78.4867,2014,13,1.75,59.27,26.08,42.6,11.27
Hyderabad,17.385,78.4867,2015,1,0.16,47.63,20.86,32.65,9.68
Hyderabad,17.385,78.4867,2015,2,0.07,41.55,24.18,35.63,14.53
Hyderabad,17.385,78.4867,2015,3,0.61,42.92,27.81,39.58,15.77
Hyderabad,17.385,78.4867,2015,4,2.24,46.74,29.75,40.8,17.39
Hyderabad,17.385,78.4867,2015,5,0.23,35.58,33.52,45.0,23.73
Hyderabad,17.385,78.4867,2015,6,3.08,63.14,28.56,38.75,22.75
Hyderabad,17.385,78.4867,2015,7,1.46,61.02,28.71,37.1,22.15
Hyderabad,17.385,78.4867,2015,8,2.6,70.43,27.22,35.21,22.09
Hyderabad,17.385,78.4867,2015,9,3.63,74.72,26.41,35.4,19.63
Hyderabad,17.385,78.4867,2015,10,0.29,60.99,26.9,35.82,19.41
Hyderabad,17.385,78.4867,2015,11,0.13,59.34,25.2,34.1,17.01
Hyderabad,17.385,78.4867,2015,12,0.01,49.01,24.04,35.27,11.55
Hyderabad,17.385,78.4867,2015,13,1.21,54.46,26.95,45.0,9.68
Hyderabad,17.385,78.4867,2016,1,0.06,42.58,22.78,35.58,11.68
Hyderabad,17.385,78.4867,2016,2,0.03,42.25,26.78,39.05,15.73
Hyderabad,17.385,78.4867,2016,3,0.01,38.06,29.83,40.48,18.75
Hyderabad,17.385,78.4867,2016,4,0.15,30.92,33.42,42.74,22.59
Hyderabad,17.385,78.4867,2016,5,2.21,44.3,32.57,42.77,23.57
Hyderabad,17.385,78.4867,2016,6,4.38,66.43,28.33,40.8,22.49
Hyderabad,17.385,78.4867,2016,7,4.76,76.62,26.21,33.6,21.83
Hyderabad,17.385,78.4867,2016,8,2.61,74.94,26.36,34.38,21.54
Hyderabad,17.385,78.4867,2016,9,8.71,84.28,24.64,31.5,19.58
Hyderabad,17.385,78.4867,2016,10,1.39,78.69,22.7,29.76,15.31
Hyderabad,17.385,78.4867,2016,11,0.0,64.8,20.71,31.29,11.38
Hyderabad,17.385,78.4867,2016,12,0.03,54.15,20.53,30.55,10.4
Hyderabad,17.385,78.4867,2016,13,2.03,58.22,26.23,42.77,10.4
Hyderabad,17.385,78.4867,2017,1,0.0,44.12,21.47,33.27,11.58
Hyderabad,17.385,78.4867,2017,2,0.0,31.45,25.1,37.98,14.6
Hyderabad,17.385,78.4867,2017,3,0.24,33.95,28.55,41.04,15.73
Hyderabad,17.385,78.4867,2017,4,0.1,25.41,33.1,43.31,21.41
Hyderabad,17.385,78.4867,2017,5,1.21,37.28,33.7,43.38,23.39
Hyderabad,17.385,78.4867,2017,6,4.48,67.75,28.21,40.65,21.86
Hyderabad,17.385,78.4867,2017,7,5.78,73.68,26.6,34.01,21.85
Hyderabad,17.385,78.4867,2017,8,5.51,80.73,25.35,31.89,19.49
Hyderabad,17.385,78.4867,2017,9,5.38,83.81,25.36,30.67,19.83
Hyderabad,17.385,78.4867,2017,10,2.94,82.78,24.13,30.78,15.88
Hyderabad,17.385,78.4867,2017,11,0.05,74.24,21.74,30.7,12.55
Hyderabad,17.385,78.4867,2017,12,0.0,58.17,20.06,30.49,11.6
Hyderabad,17.385,78.4867,2017,13,2.15,57.94,26.11,43.38,11.58
Hyderabad,17.385,78.4867,2018,1,0.0,37.82,21.33,32.32,11.25
Hyderabad,17.385,78.4867,2018,2,0.0,35.41,24.8,36.72,13.45
Hyderabad,17.385,78.4867,2018,3,0.02,28.87,29.18,40.96,18.96
Hyderabad,17.385,78.4867,2018,4,1.14,40.87,31.6,43.29,20.45
Hyderabad,17.385,78.4867,2018,5,0.89,42.01,33.01,43.24,23.42
Hyderabad,17.385,78.4867,2018,6,3.77,63.4,28.61,39.45,22.22
Hyderabad,17.385,78.4867,2018,7,3.23,70.94,26.63,34.67,21.47
Hyderabad,17.385,78.4867,2018,8,4.65,75.86,25.79,33.3,21.38
Hyderabad,17.385,78.4867,2018,9,2.94,75.51,25.76,33.75,19.43
Hyderabad,17.385,78.4867,2018,10,0.74,63.08,25.44,34.32,15.66
Hyderabad,17.385,78.4867,2018,11,0.01,54.91,24.46,34.09,14.59
Hyderabad,17.385,78.4867,2018,12,0.64,55.68,21.66,32.1,8.43
Hyderabad,17.385,78.4867,2018,13,1.51,53.79,26.52,43.29,8.43
Hyderabad,17.385,78.4867,2019,1,0.72,47.38,20.99,32.15,8.11
Hyderabad,17.385,78.4867,2019,2,0.02,47.07,24.88,37.86,11.92
Hyderabad,17.385,78.4867,2019,3,0.05,34.51,29.73,41.72,17.23
Hyderabad,17.385,78.4867,2019,4,0.91,35.4,32.53,43.23,22.39
Hyderabad,17.385,78.4867,2019,5,0.48,31.48,34.72,44.09,25.39
Hyderabad,17.385,78.4867,2019,6,2.03,54.38,30.77,42.23,22.74
Hyderabad,17.385,78.4867,2019,7,3.78,69.98,27.33,36.06,22.0
Hyderabad,17.385,78.4867,2019,8,5.83,79.89,25.83,32.72,21.7
Hyderabad,17.385,78.4867,2019,9,6.5,83.41,25.53,31.91,20.68
Hyderabad,17.385,78.4867,2019,10,3.99,87.28,24.12,29.34,20.21
Hyderabad,17.385,78.4867,2019,11,0.13,81.25,21.99,29.75,14.65
Hyderabad,17.385,78.4867,2019,12,0.17,75.87,20.95,28.69,11.57
Hyderabad,17.385,78.4867,2019,13,2.06,60.74,26.62,44.09,8.11
Hyderabad,17.385,78.4867,2020,1,0.42,65.19,21.89,32.68,11.55
Hyderabad,17.385,78.4867,2020,2,0.13,50.19,24.23,35.03,14.55
Hyderabad,17.385,78.4867,2020,3,0.54,43.91,28.59,38.93,19.62
Hyderabad,17.385,78.4867,2020,4,0.72,38.48,31.88,41.06,22.2
Hyderabad,17.385,78.4867,2020,5,1.43,38.17,33.54,44.14,24.63
Hyderabad,17.385,78.4867,2020,6,5.84,70.25,27.81,36.88,22.13
Hyderabad,17.385,78.4867,2020,7,8.06,82.83,25.73,32.46,20.87
Hyderabad,17.385,78.4867,2020,8,9.41,86.98,25.18,31.0,21.74
Hyderabad,17.385,78.4867,2020,9,7.16,88.31,25.05,31.19,20.58
Hyderabad,17.385,78.4867,2020,10,5.85,86.68,23.98,29.44,17.39
Hyderabad,17.385,78.4867,2020,11,0.44,84.97,21.19,28.35,12.04
Hyderabad,17.385,78.4867,2020,12,0.0,79.0,19.0,27.02,9.94
Hyderabad,17.385,78.4867,2020,13,3.35,67.98,25.67,44.14,9.94
Hyderabad,17.385,78.4867,2021,1,0.04,75.42,21.26,30.56,13.32
Hyderabad,17.385,78.4867,2021,2,0.07,52.76,22.47,35.29,11.1
Hyderabad,17.385,78.4867,2021,3,0.0,31.57,28.08,41.17,16.65
Hyderabad,17.385,78.4867,2021,4,0.65,36.99,31.31,40.76,22.01
Hyderabad,17.385,78.4867,2021,5,1.11,47.65,31.71,40.71,23.99
Hyderabad,17.385,78.4867,2021,6,5.55,71.49,27.31,36.62,21.37
Hyderabad,17.385,78.4867,2021,7,9.77,82.65,25.81,31.95,21.76
Hyderabad,17.385,78.4867,2021,8,5.61,84.65,25.34,31.17,20.57
Hyderabad,17.385,78.4867,2021,9,7.92,87.01,24.99,29.82,18.7
Hyderabad,17.385,78.4867,2021,10,3.0,84.84,23.98,29.82,16.49
Hyderabad,17.385,78.4867,2021,11,0.84,86.61,22.39,29.14,13.47
Hyderabad,17.385,78.4867,2021,12,0.0,77.18,19.98,28.06,9.39
Hyderabad,17.385,78.4867,2021,13,2.89,68.34,25.4,41.17,9.39
Hyderabad,17.385,78.4867,2022,1,0.96,68.61,20.13,30.69,8.32
Hyderabad,17.385,78.4867,2022,2,0.0,55.32,22.64,33.92,11.03
Hyderabad,17.385,78.4867,2022,3,0.0,33.79,29.19,41.43,15.72
Hyderabad,17.385,78.4867,2022,4,0.07,35.16,32.82,43.02,23.3
Hyderabad,17.385,78.4867,2022,5,1.13,47.56,32.05,42.66,24.23
Hyderabad,17.385,78.4867,2022,6,3.15,62.37,29.06,41.4,22.35
Hyderabad,17.385,78.4867,2022,7,12.87,83.28,25.38,34.41,21.2
Hyderabad,17.385,78.4867,2022,8,4.21,85.1,25.25,30.64,20.98
Hyderabad,17.385,78.4867,2022,9,5.4,86.05,25.0,30.48,20.16
Hyderabad,17.385,78.4867,2022,10,3.41,84.8,23.01,29.03,12.94
Hyderabad,17.385,78.4867,2022,11,0.07,78.27,20.69,28.12,11.86
Hyderabad,17.385,78.4867,2022,12,0.14,73.03,21.94,31.43,12.11
Hyderabad,17.385,78.4867,2022,13,2.64,66.21,25.61,43.02,8.32
Hyderabad,17.385,78.4867,2023,1,0.0,60.95,21.53,31.36,9.18
Hyderabad,17.385,78.4867,2023,2,0.0,31.51,24.94,36.83,12.87
Hyderabad,17.385,78.4867,2023,3,1.37,44.69,27.26,38.0,17.31
Hyderabad,17.385,78.4867,2023,4,3.08,42.83,30.54,41.71,21.54
Hyderabad,17.385,78.4867,2023,5,1.41,50.49,31.05,40.67,21.21
Hyderabad,17.385,78.4867,2023,6,1.73,48.43,31.45,41.05,21.9
Hyderabad,17.385,78.4867,2023,7,12.36,77.25,26.28,35.38,21.14
Hyderabad,17.385,78.4867,2023,8,1.38,81.41,25.69,31.07,21.45
Hyderabad,17.385,78.4867,2023,9,7.31,85.86,25.37,31.44,21.0
Hyderabad,17.385,78.4867,2023,10,0.1,76.52,23.6,30.45,14.19
Hyderabad,17.385,78.4867,2023,11,0.84,74.96,23.47,31.25,15.38
Hyderabad,17.385,78.4867,2023,12,0.4,68.16,20.68,31.43,10.72
Hyderabad,17.385,78.4867,2023,13,2.51,62.16,25.98,41.71,9.18
Hyderabad,17.385,78.4867,2024,1,0.0,59.56,22.67,32.56,12.78
Hyderabad,17.385,78.4867,2024,2,0.0,45.52,26.03,36.1,16.19
Hyderabad,17.385,78.4867,2024,3,0.15,37.79,30.04,41.11,20.33
Hyderabad,17.385,78.4867,2024,4,0.11,32.4,33.56,43.52,23.2
Hyderabad,17.385,78.4867,2024,5,2.84,50.7,32.01,43.88,22.58
Hyderabad,17.385,78.4867,2024,6,3.94,69.47,28.17,39.06,21.64
Hyderabad,17.385,78.4867,2024,7,5.51,78.37,26.16,34.03,21.61
Hyderabad,17.385,78.4867,2024,8,7.75,83.67,26.05,31.48,21.9
Hyderabad,17.385,78.4867,2024,9,7.33,85.87,25.06,30.28,19.98
Hyderabad,17.385,78.4867,2024,10,2.0,86.0,24.85,31.15,17.88
Hyderabad,17.385,78.4867,2024,11,0.27,79.26,21.05,28.8,12.6
Hyderabad,17.385,78.4867,2024,12,0.39,72.91,21.73,29.77,8.96
Hyderabad,17.385,78.4867,2024,13,2.53,65.22,26.45,43.88,8.96
Jagtial,18.7952,78.9128,2000,1,0.0,31.19,22.76,35.2,9.65
Jagtial,18.7952,78.9128,2000,2,1.21,43.56,24.75,35.61,12.13
Jagtial,18.7952,78.9128,2000,3,0.01,20.51,28.26,40.51,13.74
Jagtial,18.7952,78.9128,2000,4,0.01,21.12,35.02,45.65,19.86
Jagtial,18.7952,78.9128,2000,5,0.97,38.63,33.89,45.4,24.35
Jagtial,18.7952,78.9128,2000,6,4.24,68.63,28.54,36.37,23.0
Jagtial,18.7952,78.9128,2000,7,6.26,79.47,26.49,34.46,21.67
Jagtial,18.7952,78.9128,2000,8,8.7,83.26,26.14,32.35,21.35
Jagtial,18.7952,78.9128,2000,9,2.0,82.09,25.93,31.93,20.68
Jagtial,18.7952,78.9128,2000,10,0.33,62.66,26.72,36.62,16.34
Jagtial,18.7952,78.9128,2000,11,0.02,44.52,24.83,35.23,14.57
Jagtial,18.7952,78.9128,2000,12,0.09,20.16,22.07,33.48,10.51
Jagtial,18.7952,78.9128,2000,13,2.0,49.63,27.11,45.65,9.65
Jagtial,18.7952,78.9128,2001,1,0.27,33.51,23.08,35.48,10.84
Jagtial,18.7952,78.9128,2001,2,0.0,19.83,26.44,39.17,12.73
Jagtial,18.7952,78.9128,2001,3,0.62,32.32,30.23,40.74,20.23
Jagtial,18.7952,78.9128,2001,4,1.55,37.23,32.08,44.75,20.94
Jagtial,18.7952,78.9128,2001,5,0.27,28.9,36.01,46.01,25.66
Jagtial,18.7952,78.9128,2001,6,4.0,67.68,28.3,41.23,20.44
Jagtial,18.7952,78.9128,2001,7,3.66,71.38,27.65,37.28,22.16
Jagtial,18.7952,78.9128,2001,8,7.04,85.88,25.46,31.36,21.69
Jagtial,18.7952,78.9128,2001,9,2.66,79.73,26.53,34.26,21.54
Jagtial,18.7952,78.9128,2001,10,3.8,81.37,24.39,31.63,15.67
Jagtial,18.7952,78.9128,2001,11,0.01,65.26,23.43,32.82,13.38
Jagtial,18.7952,78.9128,2001,12,0.0,39.87,21.33,33.14,11.26
Jagtial,18.7952,78.9128,2001,13,2.01,53.76,27.08,46.01,10.84
Jagtial,18.7952,78.9128,2002,1,0.93,46.5,21.75,34.24,9.59
Jagtial,18.7952,78.9128,2002,2,0.09,35.77,26.52,37.89,14.9
Jagtial,18.7952,78.9128,2002,3,0.12,24.09,30.66,41.55,18.6
Jagtial,18.7952,78.9128,2002,4,0.11,22.47,34.81,44.55,21.64
Jagtial,18.7952,78.9128,2002,5,1.06,31.36,36.07,45.69,25.78
Jagtial,18.7952,78.9128,2002,6,6.19,65.14,29.99,41.48,23.03
Jagtial,18.7952,78.9128,2002,7,3.28,72.43,27.96,35.28,22.67
Jagtial,18.7952,78.9128,2002,8,11.38,85.99,25.51,30.92,20.91
Jagtial,18.7952,78.9128,2002,9,1.6,81.05,25.75,32.56,20.45
Jagtial,18.7952,78.9128,2002,10,1.53,68.56,25.49,34.63,15.6
Jagtial,18.7952,78.9128,2002,11,0.05,45.09,23.75,34.68,13.45
Jagtial,18.7952,78.9128,2002,12,0.0,34.28,23.59,34.37,13.8
Jagtial,18.7952,78.9128,2002,13,2.21,51.16,27.65,45.69,9.59
Jagtial,18.7952,78.9128,2003,1,0.0,33.19,23.51,36.2,9.31
Jagtial,18.7952,78.9128,2003,2,0.29,38.64,27.6,38.39,17.13
Jagtial,18.7952,78.9128,2003,3,0.4,30.3,30.19,41.12,15.39
Jagtial,18.7952,78.9128,2003,4,0.39,27.16,34.56,45.08,22.33
Jagtial,18.7952,78.9128,2003,5,0.0,19.65,36.08,45.43,24.59
Jagtial,18.7952,78.9128,2003,6,4.11,53.59,31.63,46.39,22.99
Jagtial,18.7952,78.9128,2003,7,11.02,83.5,26.37,31.93,22.85
Jagtial,18.7952,78.9128,2003,8,7.35,87.59,25.56,30.44,21.0
Jagtial,18.7952,78.9128,2003,9,2.97,87.14,25.44,30.4,21.55
Jagtial,18.7952,78.9128,2003,10,3.15,83.14,24.32,31.07,14.46
Jagtial,18.7952,78.9128,2003,11,0.02,71.59,22.11,30.47,14.05
Jagtial,18.7952,78.9128,2003,12,0.07,59.31,20.58,31.77,10.27
Jagtial,18.7952,78.9128,2003,13,2.51,56.34,27.31,46.39,9.31
Jagtial,18.7952,78.9128,2004,1,1.16,55.89,21.57,33.49,10.98
Jagtial,18.7952,78.9128,2004,2,0.61,42.68,23.36,38.33,8.84
Jagtial,18.7952,78.9128,2004,3,0.23,23.12,31.03,42.38,16.4
Jagtial,18.7952,78.9128,2004,4,0.5,30.79,33.75,44.95,22.08
Jagtial,18.7952,78.9128,2004,5,0.75,43.82,33.34,43.14,25.31
Jagtial,18.7952,78.9128,2004,6,1.89,55.52,31.01,44.32,22.98
Jagtial,18.7952,78.9128,2004,7,8.17,79.77,26.68,34.11,22.24
Jagtial,18.7952,78.9128,2004,8,3.0,83.34,25.91,31.9,21.66
Jagtial,18.7952,78.9128,2004,9,2.86,80.46,26.48,33.63,21.76
Jagtial,18.7952,78.9128,2004,10,2.06,71.29,24.65,32.71,14.81
Jagtial,18.7952,78.9128,2004,11,0.25,56.7,23.78,33.7,14.26
Jagtial,18.7952,78.9128,2004,12,0.0,40.6,21.97,32.72,12.55
Jagtial,18.7952,78.9128,2004,13,1.8,55.39,26.96,44.95,8.84
Jagtial,18.7952,78.9128,2005,1,1.75,43.0,23.03,33.29,11.18
Jagtial,18.7952,78.9128,2005,2,0.04,44.06,25.37,37.8,10.95
Jagtial,18.7952,78.9128,2005,3,0.31,28.02,29.95,41.53,17.11
Jagtial,18.7952,78.9128,2005,4,0.32,31.24,33.13,43.11,22.77
Jagtial,18.7952,78.9128,2005,5,0.46,25.95,35.75,45.61,24.65
Jagtial,18.7952,78.9128,2005,6,5.29,51.23,32.6,45.14,23.04
Jagtial,18.7952,78.9128,2005,7,11.84,84.18,26.29,33.41,21.24
Jagtial,18.7952,78.9128,2005,8,5.02,86.93,25.76,30.95,22.01
Jagtial,18.7952,78.9128,2005,9,8.29,87.89,25.73,31.53,20.33
Jagtial,18.7952,78.9128,2005,10,4.9,84.33,24.11,31.05,16.45
Jagtial,18.7952,78.9128,2005,11,0.0,71.9,19.33,27.1,10.61
Jagtial,18.7952,78.9128,2005,12,0.17,64.17,18.89,29.29,8.25
Jagtial,18.7952,78.9128,2005,13,3.22,58.67,26.66,45.61,8.25
Jagtial,18.7952,78.9128,2006,1,0.0,45.83,21.11,34.53,7.9
Jagtial,18.7952,78.9128,2006,2,0.0,27.4,26.48,39.2,14.02
Jagtial,18.7952,78.9128,2006,3,1.84,45.43,28.2,40.38,16.28
Jagtial,18.7952,78.9128,2006,4,1.06,31.1,33.25,44.67,21.41
Jagtial,18.7952,78.9128,2006,5,2.13,44.54,33.21,44.69,24.59
Jagtial,18.7952,78.9128,2006,6,3.45,59.56,30.39,40.62,23.93
Jagtial,18.7952,78.9128,2006,7,7.18,78.45,26.84,34.07,22.28
Jagtial,18.7952,78.9128,2006,8,11.54,86.4,25.47,31.24,21.3
Jagtial,18.7952,78.9128,2006,9,9.89,87.07,25.56,31.7,20.24
Jagtial,18.7952,78.9128,2006,10,0.82,78.78,24.82,32.04,17.27
Jagtial,18.7952,78.9128,2006,11,1.04,77.08,22.13,30.73,13.96
Jagtial,18.7952,78.9128,2006,12,0.0,62.37,21.41,31.01,10.68
Jagtial,18.7952,78.9128,2006,13,3.27,60.57,26.56,44.69,7.9
Jagtial,18.7952,78.9128,2007,1,0.0,44.9,22.44,34.23,12.29
Jagtial,18.7952,78.9128,2007,2,0.01,34.81,25.75,37.64,15.2
Jagtial,18.7952,78.9128,2007,3,0.02,25.73,30.13,41.27,17.51
Jagtial,18.7952,78.9128,2007,4,0.47,27.5,33.71,43.9,23.2
Jagtial,18.7952,78.9128,2007,5,0.7,27.78,36.22,45.01,26.47
Jagtial,18.7952,78.9128,2007,6,5.44,65.57,29.97,41.06,23.59
Jagtial,18.7952,78.9128,2007,7,3.74,77.47,27.3,34.86,22.65
Jagtial,18.7952,78.9128,2007,8,7.04,84.29,26.0,32.11,21.5
Jagtial,18.7952,78.9128,2007,9,8.89,87.97,25.7,30.97,21.1
Jagtial,18.7952,78.9128,2007,10,0.5,77.27,22.57,29.82,14.76
Jagtial,18.7952,78.9128,2007,11,0.2,65.05,21.33,30.31,10.87
Jagtial,18.7952,78.9128,2007,12,0.0,55.89,21.99,33.86,12.28
Jagtial,18.7952,78.9128,2007,13,2.25,56.3,26.93,45.01,10.87
Jagtial,18.7952,78.9128,2008,1,0.1,36.57,22.3,33.47,10.87
Jagtial,18.7952,78.9128,2008,2,0.55,37.4,24.19,36.42,10.1
Jagtial,18.7952,78.9128,2008,3,3.22,38.3,28.81,39.37,17.24
Jagtial,18.7952,78.9128,2008,4,0.13,37.05,31.75,44.77,17.91
Jagtial,18.7952,78.9128,2008,5,0.26,23.64,35.56,45.11,25.37
Jagtial,18.7952,78.9128,2008,6,4.33,64.13,28.99,42.47,22.87
Jagtial,18.7952,78.9128,2008,7,5.36,75.09,27.37,35.84,22.08
Jagtial,18.7952,78.9128,2008,8,9.86,86.1,25.72,31.26,21.74
Jagtial,18.7952,78.9128,2008,9,7.52,86.44,25.34,31.24,19.13
Jagtial,18.7952,78.9128,2008,10,1.15,76.58,24.03,30.77,14.09
Jagtial,18.7952,78.9128,2008,11,0.52,70.0,22.69,32.36,12.33
Jagtial,18.7952,78.9128,2008,12,0.0,48.76,22.5,32.79,12.75
Jagtial,18.7952,78.9128,2008,13,2.76,56.69,26.61,45.11,10.1
Jagtial,18.7952,78.9128,2009,1,0.0,41.32,23.8,37.18,12.48
Jagtial,18.7952,78.9128,2009,2,0.0,25.47,27.36,40.02,15.88
Jagtial,18.7952,78.9128,2009,3,0.19,22.41,30.44,41.53,19.68
Jagtial,18.7952,78.9128,2009,4,0.25,20.4,33.86,44.82,22.2
Jagtial,18.7952,78.9128,2009,5,0.9,30.41,35.42,45.47,25.34
Jagtial,18.7952,78.9128,2009,6,4.23,53.74,31.83,42.74,23.89
Jagtial,18.7952,78.9128,2009,7,6.11,79.7,26.81,33.07,22.7
Jagtial,18.7952,78.9128,2009,8,7.35,80.81,26.91,33.82,22.28
Jagtial,18.7952,78.9128,2009,9,3.16,83.1,26.56,32.54,21.09
Jagtial,18.7952,78.9128,2009,10,2.25,71.23,24.68,32.62,14.92
Jagtial,18.7952,78.9128,2009,11,2.04,68.53,23.21,34.2,11.58
Jagtial,18.7952,78.9128,2009,12,0.11,57.41,21.84,31.72,12.0
Jagtial,18.7952,78.9128,2009,13,2.23,53.06,27.72,45.47,11.58
Jagtial,18.7952,78.9128,2010,1,0.37,41.18,21.19,33.0,10.21
Jagtial,18.7952,78.9128,2010,2,0.57,35.36,27.07,37.85,15.52
Jagtial,18.7952,78.9128,2010,3,0.04,23.91,31.79,42.73,19.32
Jagtial,18.7952,78.9128,2010,4,0.03,21.07,35.43,45.07,21.72
Jagtial,18.7952,78.9128,2010,5,0.23,29.13,36.15,46.45,24.8
Jagtial,18.7952,78.9128,2010,6,4.22,53.87,32.1,44.59,24.59
Jagtial,18.7952,78.9128,2010,7,11.28,85.32,26.35,31.7,22.78
Jagtial,18.7952,78.9128,2010,8,10.9,87.78,26.02,31.17,20.36
Jagtial,18.7952,78.9128,2010,9,7.36,88.5,25.32,29.96,20.27
Jagtial,18.7952,78.9128,2010,10,2.35,85.26,24.3,30.62,15.74
Jagtial,18.7952,78.9128,2010,11,1.22,84.36,23.64,29.83,17.47
Jagtial,18.7952,78.9128,2010,12,0.23,71.4,19.53,28.67,9.28
Jagtial,18.7952,78.9128,2010,13,3.26,59.09,27.39,46.45,9.28
Jagtial,18.7952,78.9128,2011,1,0.01,51.39,20.22,33.41,8.11
Jagtial,18.7952,78.9128,2011,2,0.34,43.13,24.96,35.19,14.94
Jagtial,18.7952,78.9128,2011,3,0.12,24.75,30.01,40.81,17.64
Jagtial,18.7952,78.9128,2011,4,0.19,32.52,32.66,42.94,20.71
Jagtial,18.7952,78.9128,2011,5,0.22,26.64,35.87,45.37,26.25
Jagtial,18.7952,78.9128,2011,6,2.78,60.11,30.27,41.04,24.4
Jagtial,18.7952,78.9128,2011,7,9.06,79.3,26.98,35.43,22.26
Jagtial,18.7952,78.9128,2011,8,7.73,86.15,25.81,31.86,21.8
Jagtial,18.7952,78.9128,2011,9,3.38,85.63,25.62,31.0,20.77
Jagtial,18.7952,78.9128,2011,10,0.8,75.47,24.81,32.01,16.47
Jagtial,18.7952,78.9128,2011,11,0.02,58.16,23.44,33.48,14.23
Jagtial,18.7952,78.9128,2011,12,0.01,42.85,21.92,33.44,11.7
Jagtial,18.7952,78.9128,2011,13,2.07,55.57,26.88,45.37,8.11
Jagtial,18.7952,78.9128,2012,1,0.08,38.64,23.13,34.63,8.2
Jagtial,18.7952,78.9128,2012,2,0.0,26.5,25.98,38.55,11.7
Jagtial,18.7952,78.9128,2012,3,0.0,15.55,29.14,41.36,14.6
Jagtial,18.7952,78.9128,2012,4,0.15,26.28,34.42,43.14,23.75
Jagtial,18.7952,78.9128,2012,5,0.14,22.82,36.37,45.65,25.62
Jagtial,18.7952,78.9128,2012,6,3.6,55.92,30.95,44.66,23.8
Jagtial,18.7952,78.9128,2012,7,8.3,80.6,26.42,34.15,21.61
Jagtial,18.7952,78.9128,2012,8,6.4,84.26,25.93,31.56,21.74
Jagtial,18.7952,78.9128,2012,9,5.9,86.65,25.58,31.44,20.71
Jagtial,18.7952,78.9128,2012,10,1.61,77.11,24.11,30.69,14.43
Jagtial,18.7952,78.9128,2012,11,0.51,72.37,22.44,31.76,10.56
Jagtial,18.7952,78.9128,2012,12,0.01,52.55,22.49,34.13,10.66
Jagtial,18.7952,78.9128,2012,13,2.23,53.34,27.24,45.65,8.2
Jagtial,18.7952,78.9128,2013,1,0.34,44.07,23.52,34.69,12.47
Jagtial,18.7952,78.9128,2013,2,0.81,43.61,25.5,36.26,11.72
Jagtial,18.7952,78.9128,2013,3,0.04,26.27,30.13,41.29,14.33
Jagtial,18.7952,78.9128,2013,4,0.99,32.25,33.21,42.87,22.38
Jagtial,18.7952,78.9128,2013,5,0.31,27.0,36.55,47.41,26.05
Jagtial,18.7952,78.9128,2013,6,7.67,74.61,27.87,38.65,22.44
Jagtial,18.7952,78.9128,2013,7,16.76,86.45,25.54,31.89,21.58
Jagtial,18.7952,78.9128,2013,8,4.54,88.14,25.2,30.61,21.84
Jagtial,18.7952,78.9128,2013,9,3.9,85.84,25.67,30.27,20.95
Jagtial,18.7952,78.9128,2013,10,4.55,84.13,24.53,30.29,17.81
Jagtial,18.7952,78.9128,2013,11,0.25,79.22,21.15,29.42,11.44
Jagtial,18.7952,78.9128,2013,12,0.0,66.1,19.76,29.47,10.11
Jagtial,18.7952,78.9128,2013,13,3.37,61.55,26.56,47.41,10.11
Jagtial,18.7952,78.9128,2014,1,0.01,57.23,22.13,31.44,12.03
Jagtial,18.7952,78.9128,2014,2,0.41,38.57,24.45,34.71,12.26
Jagtial,18.7952,78.9128,2014,3,2.28,51.79,27.44,41.37,15.03
Jagtial,18.7952,78.9128,2014,4,0.37,27.08,33.7,43.43,21.85
Jagtial,18.7952,78.9128,2014,5,1.57,37.93,33.98,44.7,22.92
Jagtial,18.7952,78.9128,2014,6,2.39,46.59,33.27,45.44,24.78
Jagtial,18.7952,78.9128,2014,7,6.04,72.29,27.84,39.24,21.93
Jagtial,18.7952,78.9128,2014,8,4.99,78.67,27.08,33.44,22.52
Jagtial,18.7952,78.9128,2014,9,4.41,82.13,25.49,31.49,20.5
Jagtial,18.7952,78.9128,2014,10,0.32,70.04,25.47,34.82,15.71
Jagtial,18.7952,78.9128,2014,11,0.14,52.8,24.13,34.08,14.47
Jagtial,18.7952,78.9128,2014,12,0.09,44.37,21.27,33.06,9.04
Jagtial,18.7952,78.9128,2014,13,1.93,55.12,27.19,45.44,9.04
Jagtial,18.7952,78.9128,2015,1,0.89,49.43,20.54,33.19,8.55
Jagtial,18.7952,78.9128,2015,2,0.35,31.52,25.53,36.95,12.86
Jagtial,18.7952,78.9128,2015,3,0.81,40.91,28.42,40.44,14.62
Jagtial,18.7952,78.9128,2015,4,1.84,40.48,31.13,43.35,19.41
Jagtial,18.7952,78.9128,2015,5,0.23,28.76,35.67,46.55,24.7
Jagtial,18.7952,78.9128,2015,6,5.18,62.7,29.98,41.53,23.03
Jagtial,18.7952,78.9128,2015,7,3.33,69.4,28.53,35.91,22.4
Jagtial,18.7952,78.9128,2015,8,5.4,80.03,26.77,34.12,22.17
Jagtial,18.7952,78.9128,2015,9,3.3,77.81,26.89,33.55,18.49
Jagtial,18.7952,78.9128,2015,10,0.3,60.66,27.61,36.56,20.26
Jagtial,18.7952,78.9128,2015,11,0.0,52.82,26.11,34.92,16.29
Jagtial,18.7952,78.9128,2015,12,0.0,38.57,24.98,35.98,10.5
Jagtial,18.7952,78.9128,2015,13,1.81,52.87,27.69,46.55,8.55
Jagtial,18.7952,78.9128,2016,1,0.04,32.13,23.12,36.45,10.46
Jagtial,18.7952,78.9128,2016,2,0.28,32.1,27.98,39.9,14.68
Jagtial,18.7952,78.9128,2016,3,0.31,31.75,30.95,41.73,20.83
Jagtial,18.7952,78.9128,2016,4,0.34,24.25,35.22,44.73,22.81
Jagtial,18.7952,78.9128,2016,5,1.03,34.97,35.4,44.88,24.57
Jagtial,18.7952,78.9128,2016,6,6.02,60.64,30.8,43.23,23.63
Jagtial,18.7952,78.9128,2016,7,10.19,82.97,26.41,32.37,22.38
Jagtial,18.7952,78.9128,2016,8,2.64,82.86,26.2,31.94,21.84
Jagtial,18.7952,78.9128,2016,9,8.26,86.77,25.34,31.31,20.23
Jagtial,18.7952,78.9128,2016,10,2.18,77.85,23.54,30.4,13.83
Jagtial,18.7952,78.9128,2016,11,0.0,67.24,20.55,31.25,11.6
Jagtial,18.7952,78.9128,2016,12,0.0,52.56,20.12,31.64,9.84
Jagtial,18.7952,78.9128,2016,13,2.61,55.59,27.12,44.88,9.84
Jagtial,18.7952,78.9128,2017,1,0.0,39.46,21.71,34.44,10.25
Jagtial,18.7952,78.9128,2017,2,0.0,24.83,26.0,38.56,15.13
Jagtial,18.7952,78.9128,2017,3,0.61,26.4,29.27,43.07,15.49
Jagtial,18.7952,78.9128,2017,4,0.01,16.47,34.17,45.09,20.8
Jagtial,18.7952,78.9128,2017,5,0.53,27.71,36.34,45.59,26.29
Jagtial,18.7952,78.9128,2017,6,5.88,66.92,29.68,42.34,23.13
Jagtial,18.7952,78.9128,2017,7,6.7,76.1,27.39,34.08,22.63
Jagtial,18.7952,78.9128,2017,8,4.72,80.88,26.42,32.66,20.6
Jagtial,18.7952,78.9128,2017,9,3.2,81.54,26.72,32.47,21.72
Jagtial,18.7952,78.9128,2017,10,2.47,74.74,25.86,33.17,17.15
Jagtial,18.7952,78.9128,2017,11,0.22,63.05,23.24,33.5,12.8
Jagtial,18.7952,78.9128,2017,12,0.0,44.51,21.34,32.59,11.21
Jagtial,18.7952,78.9128,2017,13,2.04,52.05,27.34,45.59,10.25
Jagtial,18.7952,78.9128,2018,1,0.0,27.9,21.87,33.32,10.35
Jagtial,18.7952,78.9128,2018,2,0.15,30.66,25.71,37.72,13.42
Jagtial,18.7952,78.9128,2018,3,0.12,23.58,30.3,42.39,19.36
Jagtial,18.7952,78.9128,2018,4,0.22,27.54,34.02,45.25,22.84
Jagtial,18.7952,78.9128,2018,5,0.78,31.73,35.99,44.8,26.66
Jagtial,18.7952,78.9128,2018,6,5.31,65.8,29.5,40.2,23.18
Jagtial,18.7952,78.9128,2018,7,6.38,80.4,26.4,33.94,22.36
Jagtial,18.7952,78.9128,2018,8,11.15,83.36,25.83,32.93,21.6
Jagtial,18.7952,78.9128,2018,9,2.03,81.27,25.51,31.47,18.88
Jagtial,18.7952,78.9128,2018,10,0.02,64.58,25.61,34.76,16.38
Jagtial,18.7952,78.9128,2018,11,0.0,48.8,25.13,34.99,14.12
Jagtial,18.7952,78.9128,2018,12,0.44,49.24,21.21,33.27,7.74
Jagtial,18.7952,78.9128,2018,13,2.24,51.36,27.26,45.25,7.74
Jagtial,18.7952,78.9128,2019,1,0.47,39.35,20.89,32.98,7.85
Jagtial,18.7952,78.9128,2019,2,0.04,34.36,25.04,39.22,9.03
Jagtial,18.7952,78.9128,2019,3,0.08,26.6,30.27,42.82,15.97
Jagtial,18.7952,78.9128,2019,4,0.19,24.79,34.72,45.35,23.68
Jagtial,18.7952,78.9128,2019,5,0.05,21.48,36.82,45.92,27.31
Jagtial,18.7952,78.9128,2019,6,2.5,47.53,33.64,45.78,23.32
Jagtial,18.7952,78.9128,2019,7,8.55,75.82,27.64,35.96,22.34
Jagtial,18.7952,78.9128,2019,8,8.61,85.96,25.99,31.6,22.35
Jagtial,18.7952,78.9128,2019,9,6.29,88.13,25.82,30.84,22.3
Jagtial,18.7952,78.9128,2019,10,3.93,86.83,24.64,29.93,19.4
Jagtial,18.7952,78.9128,2019,11,0.11,82.27,21.72,29.47,14.05
Jagtial,18.7952,78.9128,2019,12,0.07,75.64,20.43,28.91,8.1
Jagtial,18.7952,78.9128,2019,13,2.6,57.55,27.3,45.92,7.85
Jagtial,18.7952,78.9128,2020,1,0.48,63.0,21.36,33.42,9.26
Jagtial,18.7952,78.9128,2020,2,0.17,46.94,24.12,35.73,13.68
Jagtial,18.7952,78.9128,2020,3,0.71,39.44,29.41,39.85,18.35
Jagtial,18.7952,78.9128,2020,4,0.39,30.86,33.72,42.87,24.29
Jagtial,18.7952,78.9128,2020,5,0.93,29.56,35.62,45.73,25.58
Jagtial,18.7952,78.9128,2020,6,5.82,70.19,28.89,38.67,22.87
Jagtial,18.7952,78.9128,2020,7,8.76,83.05,27.0,33.83,22.27
Jagtial,18.7952,78.9128,2020,8,9.75,87.31,26.15,31.65,22.36
Jagtial,18.7952,78.9128,2020,9,5.91,86.84,26.37,30.88,22.23
Jagtial,18.7952,78.9128,2020,10,2.75,84.91,24.73,30.48,17.21
Jagtial,18.7952,78.9128,2020,11,0.04,79.4,21.22,29.89,11.43
Jagtial,18.7952,78.9128,2020,12,0.0,64.99,20.25,29.92,8.96
Jagtial,18.7952,78.9128,2020,13,2.99,63.93,26.57,45.73,8.96
Jagtial,18.7952,78.9128,2021,1,0.02,55.24,23.24,33.92,13.74
Jagtial,18.7952,78.9128,2021,2,0.03,30.97,24.58,37.83,11.78
Jagtial,18.7952,78.9128,2021,3,0.03,22.85,30.02,41.92,17.27
Jagtial,18.7952,78.9128,2021,4,0.31,27.37,33.09,42.53,22.45
Jagtial,18.7952,78.9128,2021,5,1.17,42.43,33.39,42.37,25.06
Jagtial,18.7952,78.9128,2021,6,8.06,74.82,28.07,39.71,22.27
Jagtial,18.7952,78.9128,2021,7,11.97,85.09,26.65,32.44,22.33
Jagtial,18.7952,78.9128,2021,8,5.93,86.01,26.21,32.04,22.27
Jagtial,18.7952,78.9128,2021,9,10.56,88.87,25.77,30.86,20.79
Jagtial,18.7952,78.9128,2021,10,1.12,82.82,24.43,30.84,16.18
Jagtial,18.7952,78.9128,2021,11,0.69,82.55,22.67,30.46,13.01
Jagtial,18.7952,78.9128,2021,12,0.07,70.55,20.19,29.8,7.99
Jagtial,18.7952,78.9128,2021,13,3.34,62.66,26.53,42.53,7.99
Jagtial,18.7952,78.9128,2022,1,2.11,66.21,19.94,31.03,7.38
Jagtial,18.7952,78.9128,2022,2,0.01,45.19,23.27,35.81,10.51
Jagtial,18.7952,78.9128,2022,3,0.0,25.63,30.35,42.8,17.06
Jagtial,18.7952,78.9128,2022,4,0.03,26.77,34.85,44.77,22.92
Jagtial,18.7952,78.9128,2022,5,0.82,36.51,34.75,44.27,25.94
Jagtial,18.7952,78.9128,2022,6,4.67,59.37,30.98,44.21,23.77
Jagtial,18.7952,78.9128,2022,7,23.7,88.18,25.87,35.02,21.78
Jagtial,18.7952,78.9128,2022,8,6.54,87.82,25.84,30.68,22.0
Jagtial,18.7952,78.9128,2022,9,6.77,87.49,25.78,31.9,20.61
Jagtial,18.7952,78.9128,2022,10,1.76,83.22,23.83,30.2,14.23
Jagtial,18.7952,78.9128,2022,11,0.0,74.0,20.73,29.57,11.45
Jagtial,18.7952,78.9128,2022,12,0.06,63.55,22.6,32.94,11.62
Jagtial,18.7952,78.9128,2022,13,3.92,62.13,26.58,44.77,7.38
Jagtial,18.7952,78.9128,2023,1,0.01,48.08,22.61,33.07,9.14
Jagtial,18.7952,78.9128,2023,2,0.0,22.03,25.61,38.19,12.22
Jagtial,18.7952,78.9128,2023,3,0.67,34.62,28.82,40.4,19.12
Jagtial,18.7952,78.9128,2023,4,2.68,35.38,32.23,42.52,21.59
Jagtial,18.7952,78.9128,2023,5,1.44,44.36,32.85,43.33,22.57
Jagtial,18.7952,78.9128,2023,6,1.85,44.91,33.03,42.87,22.01
Jagtial,18.7952,78.9128,2023,7,20.08,82.53,26.91,35.59,22.5
Jagtial,18.7952,78.9128,2023,8,2.91,85.33,26.0,30.77,21.6
Jagtial,18.7952,78.9128,2023,9,7.58,86.93,26.15,31.42,21.94
Jagtial,18.7952,78.9128,2023,10,0.09,76.89,24.13,30.82,14.2
Jagtial,18.7952,78.9128,2023,11,0.98,74.81,22.89,31.47,14.1
Jagtial,18.7952,78.9128,2023,12,0.14,63.73,20.75,31.98,10.81
Jagtial,18.7952,78.9128,2023,13,3.23,58.57,26.82,43.33,9.14
Jagtial,18.7952,78.9128,2024,1,0.0,51.63,23.16,33.23,11.28
Jagtial,18.7952,78.9128,2024,2,0.02,36.54,26.84,36.52,15.98
Jagtial,18.7952,78.9128,2024,3,0.57,31.58,30.62,41.97,19.2
Jagtial,18.7952,78.9128,2024,4,0.57,30.93,34.46,44.22,24.24
Jagtial,18.7952,78.9128,2024,5,1.77,40.52,34.09,45.18,23.49
Jagtial,18.7952,78.9128,2024,6,4.45,62.51,30.71,43.65,22.8
Jagtial,18.7952,78.9128,2024,7,12.02,83.63,26.7,33.84,21.99
Jagtial,18.7952,78.9128,2024,8,7.28,87.28,26.52,31.49,22.38
Jagtial,18.7952,78.9128,2024,9,5.91,88.05,25.84,30.94,21.13
Jagtial,18.7952,78.9128,2024,10,1.25,85.25,25.67,31.75,18.98
Jagtial,18.7952,78.9128,2024,11,0.05,75.39,21.3,29.87,12.36
Jagtial,18.7952,78.9128,2024,12,0.16,67.25,21.89,32.28,8.58
Jagtial,18.7952,78.9128,2024,13,2.85,61.82,27.31,45.18,8.58
Jangoan,17.7262,79.1522,2000,1,0.0,41.61,23.98,36.29,12.06
Jangoan,17.7262,79.1522,2000,2,1.95,57.28,26.29,35.99,16.16
Jangoan,17.7262,79.1522,2000,3,0.01,39.0,28.6,39.99,15.03
Jangoan,17.7262,79.1522,2000,4,0.05,34.02,34.45,45.79,21.28
Jangoan,17.7262,79.1522,2000,5,1.34,46.39,32.83,45.19,24.66
Jangoan,17.7262,79.1522,2000,6,6.94,72.6,27.78,36.22,22.66
Jangoan,17.7262,79.1522,2000,7,3.45,76.93,26.97,33.16,22.03
Jangoan,17.7262,79.1522,2000,8,11.57,81.48,26.4,33.22,21.54
Jangoan,17.7262,79.1522,2000,9,2.13,82.87,26.14,31.8,21.57
Jangoan,17.7262,79.1522,2000,10,0.83,74.0,25.78,33.3,16.33
Jangoan,17.7262,79.1522,2000,11,0.18,65.13,23.94,33.03,15.72
Jangoan,17.7262,79.1522,2000,12,0.03,41.37,22.54,32.46,12.88
Jangoan,17.7262,79.1522,2000,13,2.38,59.35,27.14,45.79,12.06
Jangoan,17.7262,79.1522,2001,1,0.19,45.52,23.66,35.03,12.12
Jangoan,17.7262,79.1522,2001,2,0.0,32.63,26.66,40.45,14.56
Jangoan,17.7262,79.1522,2001,3,0.93,44.33,29.99,41.66,18.78
Jangoan,17.7262,79.1522,2001,4,1.5,47.93,31.54,43.64,21.87
Jangoan,17.7262,79.1522,2001,5,0.13,33.01,35.81,46.09,25.99
Jangoan,17.7262,79.1522,2001,6,4.91,65.54,28.71,40.63,21.52
Jangoan,17.7262,79.1522,2001,7,2.29,66.36,28.46,37.6,22.59
Jangoan,17.7262,79.1522,2001,8,6.71,81.32,26.19,32.02,21.98
Jangoan,17.7262,79.1522,2001,9,3.51,80.18,26.78,34.32,22.18
Jangoan,17.7262,79.1522,2001,10,3.42,81.11,25.09,31.83,16.81
Jangoan,17.7262,79.1522,2001,11,0.28,71.92,24.12,32.15,14.74
Jangoan,17.7262,79.1522,2001,12,0.06,58.27,21.62,32.2,13.08
Jangoan,17.7262,79.1522,2001,13,2.0,59.15,27.39,46.09,12.12
Jangoan,17.7262,79.1522,2002,1,0.74,57.79,22.96,36.52,11.85
Jangoan,17.7262,79.1522,2002,2,0.02,48.14,26.23,37.46,17.23
Jangoan,17.7262,79.1522,2002,3,0.27,38.39,30.28,41.57,19.43
Jangoan,17.7262,79.1522,2002,4,0.08,36.77,33.98,44.02,23.36
Jangoan,17.7262,79.1522,2002,5,1.56,38.57,35.17,46.4,25.06
Jangoan,17.7262,79.1522,2002,6,4.84,64.35,29.99,39.49,23.83
Jangoan,17.7262,79.1522,2002,7,2.46,65.92,28.97,37.33,23.27
Jangoan,17.7262,79.1522,2002,8,7.78,79.43,26.51,32.68,21.25
Jangoan,17.7262,79.1522,2002,9,1.12,72.86,27.33,36.15,20.63
Jangoan,17.7262,79.1522,2002,10,3.23,72.12,26.07,37.26,18.2
Jangoan,17.7262,79.1522,2002,11,0.22,57.21,23.99,34.26,14.33
Jangoan,17.7262,79.1522,2002,12,0.12,53.41,23.27,33.97,13.86
Jangoan,17.7262,79.1522,2002,13,1.89,57.15,27.9,46.4,11.85
Jangoan,17.7262,79.1522,2003,1,0.02,51.12,23.96,36.08,13.28
Jangoan,17.7262,79.1522,2003,2,0.15,51.44,27.38,37.05,17.4
Jangoan,17.7262,79.1522,2003,3,0.3,42.05,29.97,40.86,17.8
Jangoan,17.7262,79.1522,2003,4,0.56,39.25,33.21,44.35,22.62
Jangoan,17.7262,79.1522,2003,5,0.04,26.68,35.8,45.68,24.67
Jangoan,17.7262,79.1522,2003,6,2.66,51.45,32.01,46.2,24.0
Jangoan,17.7262,79.1522,2003,7,8.6,78.55,27.04,34.28,23.1
Jangoan,17.7262,79.1522,2003,8,4.99,82.94,26.28,32.67,21.1
Jangoan,17.7262,79.1522,2003,9,2.58,83.12,26.3,31.97,22.07
Jangoan,17.7262,79.1522,2003,10,4.82,81.36,25.34,32.13,15.4
Jangoan,17.7262,79.1522,2003,11,0.03,73.39,22.54,30.28,14.58
Jangoan,17.7262,79.1522,2003,12,0.66,65.68,21.08,30.79,12.28
Jangoan,17.7262,79.1522,2003,13,2.14,60.65,27.57,46.2,12.28
Jangoan,17.7262,79.1522,2004,1,1.1,65.62,21.69,32.52,12.49
Jangoan,17.7262,79.1522,2004,2,0.31,51.75,24.06,37.16,10.51
Jangoan,17.7262,79.1522,2004,3,0.48,38.26,30.13,42.01,18.53
Jangoan,17.7262,79.1522,2004,4,1.32,44.23,32.39,44.36,22.66
Jangoan,17.7262,79.1522,2004,5,1.16,54.89,31.42,42.5,24.43
Jangoan,17.7262,79.1522,2004,6,1.42,56.68,30.54,40.28,23.99
Jangoan,17.7262,79.1522,2004,7,6.89,76.16,27.13,34.34,22.46
Jangoan,17.7262,79.1522,2004,8,2.31,74.9,27.28,34.51,22.37
Jangoan,17.7262,79.1522,2004,9,3.51,79.89,26.69,33.65,21.71
Jangoan,17.7262,79.1522,2004,10,2.67,76.79,25.34,31.99,16.03
Jangoan,17.7262,79.1522,2004,11,0.09,63.82,23.65,32.93,13.93
Jangoan,17.7262,79.1522,2004,12,0.0,55.24,22.08,32.52,13.29
Jangoan,17.7262,79.1522,2004,13,1.78,61.58,26.87,44.36,10.51
Jangoan,17.7262,79.1522,2005,1,1.22,55.72,23.85,33.52,13.47
Jangoan,17.7262,79.1522,2005,2,0.08,47.47,26.28,39.18,12.74
Jangoan,17.7262,79.1522,2005,3,0.33,41.17,29.73,41.59,18.7
Jangoan,17.7262,79.1522,2005,4,0.59,43.25,32.68,42.02,24.15
Jangoan,17.7262,79.1522,2005,5,0.88,38.36,34.61,46.07,24.62
Jangoan,17.7262,79.1522,2005,6,3.68,56.67,31.43,43.45,23.04
Jangoan,17.7262,79.1522,2005,7,10.56,79.7,26.91,35.03,22.46
Jangoan,17.7262,79.1522,2005,8,3.97,84.21,26.14,31.57,22.6
Jangoan,17.7262,79.1522,2005,9,7.79,86.96,25.91,31.38,22.06
Jangoan,17.7262,79.1522,2005,10,6.99,86.14,24.83,31.37,18.83
Jangoan,17.7262,79.1522,2005,11,0.16,77.83,19.94,27.12,12.73
Jangoan,17.7262,79.1522,2005,12,0.11,71.87,19.54,27.84,10.43
Jangoan,17.7262,79.1522,2005,13,3.05,64.23,26.82,46.07,10.43
Jangoan,17.7262,79.1522,2006,1,0.0,59.73,21.05,32.14,9.43
Jangoan,17.7262,79.1522,2006,2,0.0,45.94,25.15,37.25,14.52
Jangoan,17.7262,79.1522,2006,3,1.25,50.35,28.59,40.7,17.01
Jangoan,17.7262,79.1522,2006,4,1.72,44.41,32.23,43.77,22.12
Jangoan,17.7262,79.1522,2006,5,2.44,53.89,32.04,43.85,24.53
Jangoan,17.7262,79.1522,2006,6,3.09,65.78,29.35,39.07,24.15
Jangoan,17.7262,79.1522,2006,7,5.53,68.91,28.38,36.93,22.12
Jangoan,17.7262,79.1522,2006,8,7.12,82.54,26.08,32.54,21.35
Jangoan,17.7262,79.1522,2006,9,7.64,84.28,26.07,32.21,21.41
Jangoan,17.7262,79.1522,2006,10,2.54,79.59,25.22,31.99,18.44
Jangoan,17.7262,79.1522,2006,11,1.77,81.71,22.77,29.19,15.24
Jangoan,17.7262,79.1522,2006,12,0.01,73.71,21.21,29.31,12.16
Jangoan,17.7262,79.1522,2006,13,2.77,66.03,26.51,43.85,9.43
Jangoan,17.7262,79.1522,2007,1,0.0,62.91,22.08,33.02,12.95
Jangoan,17.7262,79.1522,2007,2,0.05,51.92,25.28,36.58,15.69
Jangoan,17.7262,79.1522,2007,3,0.0,41.02,29.91,41.07,18.38
Jangoan,17.7262,79.1522,2007,4,0.58,41.15,32.72,43.28,22.64
Jangoan,17.7262,79.1522,2007,5,0.64,34.03,35.52,45.66,26.0
Jangoan,17.7262,79.1522,2007,6,5.64,66.96,29.61,40.28,23.23
Jangoan,17.7262,79.1522,2007,7,3.41,75.31,27.69,35.1,23.22
Jangoan,17.7262,79.1522,2007,8,6.46,80.59,26.65,33.58,21.8
Jangoan,17.7262,79.1522,2007,9,8.14,86.78,25.99,31.58,20.46
Jangoan,17.7262,79.1522,2007,10,1.36,80.0,23.27,30.39,16.69
Jangoan,17.7262,79.1522,2007,11,0.12,70.82,21.74,29.93,10.95
Jangoan,17.7262,79.1522,2007,12,0.01,66.16,22.15,32.96,13.16
Jangoan,17.7262,79.1522,2007,13,2.2,63.19,26.89,45.66,10.95
Jangoan,17.7262,79.1522,2008,1,0.02,51.46,22.42,33.0,11.95
Jangoan,17.7262,79.1522,2008,2,1.52,56.78,25.04,35.69,12.64
Jangoan,17.7262,79.1522,2008,3,4.76,51.23,27.85,39.54,17.11
Jangoan,17.7262,79.1522,2008,4,0.27,50.06,30.6,42.42,20.79
Jangoan,17.7262,79.1522,2008,5,0.44,29.2,34.84,44.1,25.18
Jangoan,17.7262,79.1522,2008,6,2.65,59.01,29.76,41.1,23.2
Jangoan,17.7262,79.1522,2008,7,4.14,67.21,28.59,36.97,22.86
Jangoan,17.7262,79.1522,2008,8,11.87,83.82,26.12,32.99,22.13
Jangoan,17.7262,79.1522,2008,9,6.05,84.3,25.79,31.15,19.78
Jangoan,17.7262,79.1522,2008,10,1.42,79.08,24.68,30.93,14.75
Jangoan,17.7262,79.1522,2008,11,1.61,75.75,22.69,30.17,13.0
Jangoan,17.7262,79.1522,2008,12,0.0,67.03,22.46,31.19,13.9
Jangoan,17.7262,79.1522,2008,13,2.91,62.9,26.74,44.1,11.95
Jangoan,17.7262,79.1522,2009,1,0.0,59.69,23.05,35.57,14.51
Jangoan,17.7262,79.1522,2009,2,0.0,40.66,27.36,40.64,17.6
Jangoan,17.7262,79.1522,2009,3,0.12,33.25,30.29,41.65,19.44
Jangoan,17.7262,79.1522,2009,4,0.48,35.31,33.46,43.95,23.14
Jangoan,17.7262,79.1522,2009,5,1.2,40.66,34.39,45.58,26.33
Jangoan,17.7262,79.1522,2009,6,2.9,59.7,30.53,42.77,23.74
Jangoan,17.7262,79.1522,2009,7,2.86,66.09,28.66,37.23,22.63
Jangoan,17.7262,79.1522,2009,8,8.79,74.19,27.78,37.35,22.07
Jangoan,17.7262,79.1522,2009,9,3.74,82.48,26.83,32.91,22.49
Jangoan,17.7262,79.1522,2009,10,1.42,73.38,25.37,32.13,16.5
Jangoan,17.7262,79.1522,2009,11,2.0,74.26,23.8,32.97,12.09
Jangoan,17.7262,79.1522,2009,12,0.11,65.87,22.31,31.19,11.54
Jangoan,17.7262,79.1522,2009,13,1.98,58.9,27.81,45.58,11.54
Jangoan,17.7262,79.1522,2010,1,0.19,54.21,22.76,33.03,11.72
Jangoan,17.7262,79.1522,2010,2,0.15,47.26,26.98,38.53,15.24
Jangoan,17.7262,79.1522,2010,3,0.0,35.83,31.57,42.51,18.77
Jangoan,17.7262,79.1522,2010,4,0.2,36.15,34.59,44.55,22.8
Jangoan,17.7262,79.1522,2010,5,1.34,40.42,34.95,45.73,25.47
Jangoan,17.7262,79.1522,2010,6,2.93,58.31,31.26,43.14,24.66
Jangoan,17.7262,79.1522,2010,7,10.47,80.96,26.84,34.86,22.47
Jangoan,17.7262,79.1522,2010,8,7.0,83.86,26.52,32.46,20.64
Jangoan,17.7262,79.1522,2010,9,6.33,86.44,25.76,31.46,21.4
Jangoan,17.7262,79.1522,2010,10,2.83,85.22,24.97,31.2,16.87
Jangoan,17.7262,79.1522,2010,11,1.3,86.17,23.92,29.63,18.6
Jangoan,17.7262,79.1522,2010,12,0.63,77.14,19.91,28.55,9.57
Jangoan,17.7262,79.1522,2010,13,2.8,64.44,27.49,45.73,9.57
Jangoan,17.7262,79.1522,2011,1,0.0,64.67,20.34,31.72,9.3
Jangoan,17.7262,79.1522,2011,2,0.32,59.67,24.55,33.97,14.57
Jangoan,17.7262,79.1522,2011,3,0.04,40.55,29.3,41.38,18.82
Jangoan,17.7262,79.1522,2011,4,0.16,44.01,31.79,42.4,21.53
Jangoan,17.7262,79.1522,2011,5,0.53,34.35,35.04,44.3,26.62
Jangoan,17.7262,79.1522,2011,6,1.99,54.75,30.89,39.53,24.21
Jangoan,17.7262,79.1522,2011,7,5.39,72.49,27.9,35.81,22.83
Jangoan,17.7262,79.1522,2011,8,5.57,78.35,27.0,35.95,21.67
Jangoan,17.7262,79.1522,2011,9,1.32,78.52,26.78,34.52,20.98
Jangoan,17.7262,79.1522,2011,10,1.09,68.73,26.87,35.19,18.9
Jangoan,17.7262,79.1522,2011,11,0.08,57.76,24.82,34.53,14.84
Jangoan,17.7262,79.1522,2011,12,0.06,47.14,23.68,34.07,13.18
Jangoan,17.7262,79.1522,2011,13,1.39,58.4,27.42,44.3,9.3
Jangoan,17.7262,79.1522,2012,1,0.21,52.07,23.82,35.3,9.77
Jangoan,17.7262,79.1522,2012,2,0.0,37.65,26.4,39.55,14.53
Jangoan,17.7262,79.1522,2012,3,0.03,28.42,29.62,41.32,16.94
Jangoan,17.7262,79.1522,2012,4,0.44,39.41,33.34,42.78,22.72
Jangoan,17.7262,79.1522,2012,5,0.37,32.98,35.69,45.64,26.77
Jangoan,17.7262,79.1522,2012,6,2.82,52.93,31.22,43.99,23.82
Jangoan,17.7262,79.1522,2012,7,6.14,73.79,27.49,37.21,22.14
Jangoan,17.7262,79.1522,2012,8,4.46,78.56,26.71,33.5,22.01
Jangoan,17.7262,79.1522,2012,9,4.28,81.95,26.38,32.07,22.33
Jangoan,17.7262,79.1522,2012,10,2.35,76.31,24.8,32.04,16.72
Jangoan,17.7262,79.1522,2012,11,1.32,71.99,23.48,32.4,11.91
Jangoan,17.7262,79.1522,2012,12,0.0,62.21,22.98,33.72,12.64
Jangoan,17.7262,79.1522,2012,13,1.87,57.42,27.66,45.64,9.77
Jangoan,17.7262,79.1522,2013,1,0.03,53.02,24.19,34.63,13.82
Jangoan,17.7262,79.1522,2013,2,1.02,52.45,25.42,36.1,13.36
Jangoan,17.7262,79.1522,2013,3,0.0,39.61,29.42,40.82,16.18
Jangoan,17.7262,79.1522,2013,4,1.24,43.59,32.27,42.95,22.86
Jangoan,17.7262,79.1522,2013,5,0.32,37.09,35.35,47.0,26.25
Jangoan,17.7262,79.1522,2013,6,5.5,70.73,28.26,35.87,22.98
Jangoan,17.7262,79.1522,2013,7,6.28,77.47,26.73,33.92,22.32
Jangoan,17.7262,79.1522,2013,8,6.09,82.65,26.04,32.5,21.93
Jangoan,17.7262,79.1522,2013,9,4.89,84.33,25.99,31.12,20.36
Jangoan,17.7262,79.1522,2013,10,8.37,85.25,24.88,31.02,16.58
Jangoan,17.7262,79.1522,2013,11,0.53,81.53,22.1,28.97,13.3
Jangoan,17.7262,79.1522,2013,12,0.0,74.11,19.6,28.8,10.98
Jangoan,17.7262,79.1522,2013,13,2.87,65.2,26.69,47.0,10.98
Jangoan,17.7262,79.1522,2014,1,0.0,70.49,21.72,29.87,13.7
Jangoan,17.7262,79.1522,2014,2,0.11,54.72,24.11,34.16,13.56
Jangoan,17.7262,79.1522,2014,3,1.42,50.18,27.92,41.76,16.88
Jangoan,17.7262,79.1522,2014,4,0.2,33.6,33.2,42.78,22.5
Jangoan,17.7262,79.1522,2014,5,1.69,45.43,33.18,44.41,24.32
Jangoan,17.7262,79.1522,2014,6,0.93,45.53,33.16,42.43,26.48
Jangoan,17.7262,79.1522,2014,7,3.83,65.32,28.99,39.88,23.56
Jangoan,17.7262,79.1522,2014,8,4.76,71.22,28.09,36.69,22.98
Jangoan,17.7262,79.1522,2014,9,2.83,78.98,26.38,33.31,20.94
Jangoan,17.7262,79.1522,2014,10,1.72,68.3,26.47,35.44,16.39
Jangoan,17.7262,79.1522,2014,11,0.25,61.84,23.96,33.34,14.88
Jangoan,17.7262,79.1522,2014,12,0.04,52.9,22.56,32.68,12.57
Jangoan,17.7262,79.1522,2014,13,1.5,58.27,27.49,44.41,12.57
Jangoan,17.7262,79.1522,2015,1,0.19,48.16,22.06,34.26,10.78
Jangoan,17.7262,79.1522,2015,2,0.01,44.46,25.35,36.49,15.89
Jangoan,17.7262,79.1522,2015,3,0.44,43.59,29.08,40.72,18.06
Jangoan,17.7262,79.1522,2015,4,1.27,45.78,31.38,42.97,19.36
Jangoan,17.7262,79.1522,2015,5,0.15,35.86,34.95,46.79,25.6
Jangoan,17.7262,79.1522,2015,6,4.01,63.66,29.57,39.21,24.01
Jangoan,17.7262,79.1522,2015,7,1.66,60.39,29.99,37.89,23.86
Jangoan,17.7262,79.1522,2015,8,2.36,69.27,28.57,36.82,23.44
Jangoan,17.7262,79.1522,2015,9,2.84,72.05,27.95,36.27,21.38
Jangoan,17.7262,79.1522,2015,10,0.4,60.12,28.28,37.37,20.63
Jangoan,17.7262,79.1522,2015,11,0.23,59.95,26.33,35.43,17.73
Jangoan,17.7262,79.1522,2015,12,0.01,51.95,24.95,36.06,12.58
Jangoan,17.7262,79.1522,2015,13,1.13,54.62,28.22,46.79,10.78
Jangoan,17.7262,79.1522,2016,1,0.05,45.19,23.89,36.62,12.34
Jangoan,17.7262,79.1522,2016,2,0.07,46.27,27.63,39.8,16.54
Jangoan,17.7262,79.1522,2016,3,0.01,42.44,30.56,41.86,19.04
Jangoan,17.7262,79.1522,2016,4,0.06,36.17,34.04,44.43,22.24
Jangoan,17.7262,79.1522,2016,5,2.07,44.34,33.78,44.76,24.77
Jangoan,17.7262,79.1522,2016,6,5.52,65.73,29.51,42.19,23.6
Jangoan,17.7262,79.1522,2016,7,5.18,75.73,27.45,34.94,22.97
Jangoan,17.7262,79.1522,2016,8,2.76,74.07,27.63,35.81,22.78
Jangoan,17.7262,79.1522,2016,9,7.16,83.38,25.9,32.31,20.79
Jangoan,17.7262,79.1522,2016,10,1.64,77.11,24.13,31.25,16.75
Jangoan,17.7262,79.1522,2016,11,0.0,63.89,22.2,32.29,12.89
Jangoan,17.7262,79.1522,2016,12,0.05,53.86,21.75,31.86,11.7
Jangoan,17.7262,79.1522,2016,13,2.05,59.05,27.37,44.76,11.7
Jangoan,17.7262,79.1522,2017,1,0.0,45.04,22.78,34.07,12.51
Jangoan,17.7262,79.1522,2017,2,0.0,35.78,26.17,38.92,15.8
Jangoan,17.7262,79.1522,2017,3,0.29,38.38,29.66,42.29,16.25
Jangoan,17.7262,79.1522,2017,4,0.05,29.72,34.24,44.45,22.02
Jangoan,17.7262,79.1522,2017,5,1.8,40.77,34.43,45.08,24.34
Jangoan,17.7262,79.1522,2017,6,5.33,67.41,29.4,41.74,23.21
Jangoan,17.7262,79.1522,2017,7,7.71,73.13,27.81,35.16,23.08
Jangoan,17.7262,79.1522,2017,8,6.47,81.43,26.42,32.67,20.8
Jangoan,17.7262,79.1522,2017,9,5.57,84.16,26.46,31.97,21.43
Jangoan,17.7262,79.1522,2017,10,2.47,82.86,25.33,31.71,16.82
Jangoan,17.7262,79.1522,2017,11,0.1,76.07,22.71,31.06,13.91
Jangoan,17.7262,79.1522,2017,12,0.0,60.72,20.88,30.68,12.39
Jangoan,17.7262,79.1522,2017,13,2.5,59.77,27.19,45.08,12.39
Jangoan,17.7262,79.1522,2018,1,0.0,43.32,21.86,33.02,11.89
Jangoan,17.7262,79.1522,2018,2,0.0,38.97,25.66,38.13,13.98
Jangoan,17.7262,79.1522,2018,3,0.04,32.69,30.22,41.71,19.48
Jangoan,17.7262,79.1522,2018,4,0.99,43.5,32.7,44.66,22.2
Jangoan,17.7262,79.1522,2018,5,0.84,45.29,33.77,44.21,24.71
Jangoan,17.7262,79.1522,2018,6,4.59,62.47,29.93,39.95,23.17
Jangoan,17.7262,79.1522,2018,7,4.53,71.21,27.82,36.08,22.97
Jangoan,17.7262,79.1522,2018,8,5.68,76.66,26.87,33.97,22.31
Jangoan,17.7262,79.1522,2018,9,2.41,76.72,26.75,33.65,20.21
Jangoan,17.7262,79.1522,2018,10,0.43,64.24,26.52,35.38,16.99
Jangoan,17.7262,79.1522,2018,11,0.03,56.4,25.72,35.07,15.59
Jangoan,17.7262,79.1522,2018,12,0.86,57.32,22.78,32.8,9.53
Jangoan,17.7262,79.1522,2018,13,1.71,55.83,27.55,44.66,9.53
Jangoan,17.7262,79.1522,2019,1,0.82,51.15,21.91,32.76,9.23
Jangoan,17.7262,79.1522,2019,2,0.01,50.68,25.9,38.8,12.9
Jangoan,17.7262,79.1522,2019,3,0.05,38.86,30.61,43.11,18.51
Jangoan,17.7262,79.1522,2019,4,1.11,39.72,33.23,44.1,22.6
Jangoan,17.7262,79.1522,2019,5,0.48,35.62,35.63,45.45,27.3
Jangoan,17.7262,79.1522,2019,6,2.03,53.73,32.05,43.57,24.6
Jangoan,17.7262,79.1522,2019,7,3.9,66.84,28.93,38.25,23.22
Jangoan,17.7262,79.1522,2019,8,7.15,79.03,27.1,33.54,23.07
Jangoan,17.7262,79.1522,2019,9,5.72,83.62,26.57,33.12,22.28
Jangoan,17.7262,79.1522,2019,10,4.13,86.16,25.35,31.08,21.07
Jangoan,17.7262,79.1522,2019,11,0.2,80.56,23.1,30.48,15.59
Jangoan,17.7262,79.1522,2019,12,0.19,74.95,22.06,29.84,12.86
Jangoan,17.7262,79.1522,2019,13,2.17,61.81,27.71,45.45,9.23
Jangoan,17.7262,79.1522,2020,1,0.26,64.94,23.04,33.85,11.2
Jangoan,17.7262,79.1522,2020,2,0.19,51.64,25.32,35.9,14.86
Jangoan,17.7262,79.1522,2020,3,0.57,46.96,29.48,40.37,20.45
Jangoan,17.7262,79.1522,2020,4,0.77,40.26,32.92,42.18,23.82
Jangoan,17.7262,79.1522,2020,5,0.98,38.19,34.89,45.69,26.42
Jangoan,17.7262,79.1522,2020,6,6.24,69.9,29.05,39.08,22.94
Jangoan,17.7262,79.1522,2020,7,9.1,82.1,27.01,33.63,22.12
Jangoan,17.7262,79.1522,2020,8,13.63,87.03,26.27,32.14,22.48
Jangoan,17.7262,79.1522,2020,9,6.95,88.24,26.17,31.55,21.81
Jangoan,17.7262,79.1522,2020,10,5.88,86.88,25.02,30.28,18.2
Jangoan,17.7262,79.1522,2020,11,0.68,84.87,22.42,29.36,13.4
Jangoan,17.7262,79.1522,2020,12,0.0,77.18,20.29,27.84,10.31
Jangoan,17.7262,79.1522,2020,13,3.79,68.24,26.82,45.69,10.31
Jangoan,17.7262,79.1522,2021,1,0.02,76.04,22.18,30.56,13.83
Jangoan,17.7262,79.1522,2021,2,0.05,54.58,23.6,36.3,12.21
Jangoan,17.7262,79.1522,2021,3,0.0,35.7,29.09,42.85,16.93
Jangoan,17.7262,79.1522,2021,4,0.61,38.89,32.46,42.32,22.97
Jangoan,17.7262,79.1522,2021,5,1.25,48.15,32.9,42.58,25.19
Jangoan,17.7262,79.1522,2021,6,6.64,71.07,28.55,36.63,23.23
Jangoan,17.7262,79.1522,2021,7,9.98,82.02,26.97,33.19,22.65
Jangoan,17.7262,79.1522,2021,8,5.79,83.5,26.67,32.13,21.7
Jangoan,17.7262,79.1522,2021,9,7.62,85.76,26.3,31.34,20.38
Jangoan,17.7262,79.1522,2021,10,1.93,84.43,25.14,30.83,17.92
Jangoan,17.7262,79.1522,2021,11,1.36,85.76,23.59,30.24,15.51
Jangoan,17.7262,79.1522,2021,12,0.0,76.47,20.98,29.01,8.75
Jangoan,17.7262,79.1522,2021,13,2.95,68.63,26.55,42.85,8.75
Jangoan,17.7262,79.1522,2022,1,1.45,68.98,21.06,31.1,9.32
Jangoan,17.7262,79.1522,2022,2,0.0,56.75,23.67,35.23,11.46
Jangoan,17.7262,79.1522,2022,3,0.0,36.9,30.35,42.37,16.37
Jangoan,17.7262,79.1522,2022,4,0.02,37.54,33.85,44.4,23.99
Jangoan,17.7262,79.1522,2022,5,1.1,47.67,33.24,44.5,25.56
Jangoan,17.7262,79.1522,2022,6,3.82,61.49,30.37,42.97,23.88
Jangoan,17.7262,79.1522,2022,7,13.16,82.45,26.59,35.35,22.23
Jangoan,17.7262,79.1522,2022,8,6.09,85.14,26.38,31.67,21.95
Jangoan,17.7262,79.1522,2022,9,4.74,85.72,26.13,31.36,21.17
Jangoan,17.7262,79.1522,2022,10,3.14,84.77,24.15,30.26,14.23
Jangoan,17.7262,79.1522,2022,11,0.12,77.97,21.91,28.98,12.95
Jangoan,17.7262,79.1522,2022,12,0.15,73.82,22.92,32.06,13.67
Jangoan,17.7262,79.1522,2022,13,2.85,66.69,26.73,44.5,9.32
Jangoan,17.7262,79.1522,2023,1,0.0,62.87,22.51,32.1,10.19
Jangoan,17.7262,79.1522,2023,2,0.0,36.87,25.73,37.54,15.05
Jangoan,17.7262,79.1522,2023,3,1.28,47.41,28.43,39.2,18.65
Jangoan,17.7262,79.1522,2023,4,1.97,41.72,32.11,43.32,22.83
Jangoan,17.7262,79.1522,2023,5,1.29,47.23,32.84,43.0,22.93
Jangoan,17.7262,79.1522,2023,6,1.44,44.23,33.56,43.53,23.3
Jangoan,17.7262,79.1522,2023,7,13.86,75.19,27.7,37.09,22.65
Jangoan,17.7262,79.1522,2023,8,1.83,80.58,26.99,32.53,22.39
Jangoan,17.7262,79.1522,2023,9,5.73,84.57,26.67,32.46,22.16
Jangoan,17.7262,79.1522,2023,10,0.15,74.23,25.14,32.03,15.63
Jangoan,17.7262,79.1522,2023,11,0.68,71.11,25.08,33.23,17.21
Jangoan,17.7262,79.1522,2023,12,1.13,68.09,21.92,33.57,11.62
Jangoan,17.7262,79.1522,2023,13,2.47,61.38,27.38,43.53,10.19
Jangoan,17.7262,79.1522,2024,1,0.0,61.04,23.62,32.97,14.49
Jangoan,17.7262,79.1522,2024,2,0.0,49.03,27.11,37.3,16.79
Jangoan,17.7262,79.1522,2024,3,0.04,40.74,31.0,42.25,21.51
Jangoan,17.7262,79.1522,2024,4,0.07,33.64,34.66,44.83,24.39
Jangoan,17.7262,79.1522,2024,5,3.01,52.32,33.06,45.59,24.0
Jangoan,17.7262,79.1522,2024,6,4.61,68.08,29.6,37.45,22.93
Jangoan,17.7262,79.1522,2024,7,6.88,77.21,27.47,35.58,22.99
Jangoan,17.7262,79.1522,2024,8,7.43,83.0,27.23,33.1,23.05
Jangoan,17.7262,79.1522,2024,9,6.59,85.3,26.26,31.62,21.32
Jangoan,17.7262,79.1522,2024,10,1.93,84.99,26.08,32.07,19.65
Jangoan,17.7262,79.1522,2024,11,0.34,77.98,22.63,29.81,14.24
Jangoan,17.7262,79.1522,2024,12,0.4,71.61,23.14,31.12,10.18
Jangoan,17.7262,79.1522,2024,13,2.62,65.49,27.65,45.59,10.18
Jayashankar Bhupalpally,18.4524,79.9012,2000,1,0.0,37.49,23.95,36.12,10.58
Jayashankar Bhupalpally,18.4524,79.9012,2000,2,1.27,53.84,26.38,36.12,13.38
Jayashankar Bhupalpally,18.4524,79.9012,2000,3,0.0,28.58,29.29,40.73,15.5
Jayashankar Bhupalpally,18.4524,79.9012,2000,4,0.17,29.67,35.48,46.8,21.64
Jayashankar Bhupalpally,18.4524,79.9012,2000,5,0.68,40.65,34.54,45.96,25.82
Jayashankar Bhupalpally,18.4524,79.9012,2000,6,4.41,69.79,29.07,37.1,23.66
Jayashankar Bhupalpally,18.4524,79.9012,2000,7,6.91,79.74,27.32,35.83,22.16
Jayashankar Bhupalpally,18.4524,79.9012,2000,8,9.68,84.62,26.72,33.09,22.5
Jayashankar Bhupalpally,18.4524,79.9012,2000,9,2.55,83.66,26.65,32.2,22.01
Jayashankar Bhupalpally,18.4524,79.9012,2000,10,0.43,71.89,26.44,34.39,15.93
Jayashankar Bhupalpally,18.4524,79.9012,2000,11,0.04,55.56,24.66,34.86,14.47
Jayashankar Bhupalpally,18.4524,79.9012,2000,12,0.01,30.31,22.59,33.98,12.04
Jayashankar Bhupalpally,18.4524,79.9012,2000,13,2.19,55.45,27.75,46.8,10.58
Jayashankar Bhupalpally,18.4524,79.9012,2001,1,0.09,37.6,24.0,35.88,11.51
Jayashankar Bhupalpally,18.4524,79.9012,2001,2,0.0,28.07,27.06,40.17,14.18
Jayashankar Bhupalpally,18.4524,79.9012,2001,3,0.39,36.55,31.39,42.4,20.41
Jayashankar Bhupalpally,18.4524,79.9012,2001,4,2.4,45.69,32.31,43.99,22.41
Jayashankar Bhupalpally,18.4524,79.9012,2001,5,0.42,33.71,36.53,46.67,26.53
Jayashankar Bhupalpally,18.4524,79.9012,2001,6,2.92,65.35,29.4,41.72,21.11
Jayashankar Bhupalpally,18.4524,79.9012,2001,7,4.81,70.9,28.59,38.14,23.32
Jayashankar Bhupalpally,18.4524,79.9012,2001,8,7.93,85.88,26.36,31.7,22.36
Jayashankar Bhupalpally,18.4524,79.9012,2001,9,2.44,82.42,27.08,33.34,22.63
Jayashankar Bhupalpally,18.4524,79.9012,2001,10,2.9,80.75,25.68,32.11,16.53
Jayashankar Bhupalpally,18.4524,79.9012,2001,11,0.42,68.59,24.61,33.48,14.52
Jayashankar Bhupalpally,18.4524,79.9012,2001,12,0.0,49.54,21.93,33.56,12.29
Jayashankar Bhupalpally,18.4524,79.9012,2001,13,2.08,57.23,27.91,46.67,11.51
Jayashankar Bhupalpally,18.4524,79.9012,2002,1,1.47,56.75,22.64,34.68,10.58
Jayashankar Bhupalpally,18.4524,79.9012,2002,2,0.02,42.07,26.99,38.61,16.06
Jayashankar Bhupalpally,18.4524,79.9012,2002,3,0.13,32.92,31.18,41.91,19.85
Jayashankar Bhupalpally,18.4524,79.9012,2002,4,0.26,32.71,35.19,45.14,25.03
Jayashankar Bhupalpally,18.4524,79.9012,2002,5,0.88,32.01,37.03,47.43,26.48
Jayashankar Bhupalpally,18.4524,79.9012,2002,6,5.78,67.51,30.32,40.35,24.05
Jayashankar Bhupalpally,18.4524,79.9012,2002,7,4.01,72.4,28.83,36.92,23.75
Jayashankar Bhupalpally,18.4524,79.9012,2002,8,13.26,86.21,26.27,31.8,21.52
Jayashankar Bhupalpally,18.4524,79.9012,2002,9,1.65,82.62,26.51,32.63,21.36
Jayashankar Bhupalpally,18.4524,79.9012,2002,10,1.58,73.62,25.98,33.75,16.03
Jayashankar Bhupalpally,18.4524,79.9012,2002,11,0.11,49.65,24.51,35.34,13.57
Jayashankar Bhupalpally,18.4524,79.9012,2002,12,0.05,43.46,24.12,34.76,14.14
Jayashankar Bhupalpally,18.4524,79.9012,2002,13,2.46,56.09,28.3,47.43,10.58
Jayashankar Bhupalpally,18.4524,79.9012,2003,1,0.02,40.44,24.28,35.98,10.71
Jayashankar Bhupalpally,18.4524,79.9012,2003,2,0.16,44.9,28.31,38.28,17.96
Jayashankar Bhupalpally,18.4524,79.9012,2003,3,0.35,37.51,30.7,41.53,17.02
Jayashankar Bhupalpally,18.4524,79.9012,2003,4,0.27,33.59,34.89,45.96,23.87
Jayashankar Bhupalpally,18.4524,79.9012,2003,5,0.02,24.12,36.91,46.68,26.56
Jayashankar Bhupalpally,18.4524,79.9012,2003,6,3.83,52.52,32.77,47.92,24.47
Jayashankar Bhupalpally,18.4524,79.9012,2003,7,12.93,84.24,27.01,32.68,23.85
Jayashankar Bhupalpally,18.4524,79.9012,2003,8,8.52,88.78,26.26,31.06,22.35
Jayashankar Bhupalpally,18.4524,79.9012,2003,9,3.74,87.55,26.32,31.15,22.6
Jayashankar Bhupalpally,18.4524,79.9012,2003,10,5.02,85.04,25.4,31.6,15.89
Jayashankar Bhupalpally,18.4524,79.9012,2003,11,0.01,75.34,22.37,30.25,13.54
Jayashankar Bhupalpally,18.4524,79.9012,2003,12,0.73,69.4,20.46,29.84,11.21
Jayashankar Bhupalpally,18.4524,79.9012,2003,13,3.0,60.39,27.96,47.92,10.71
Jayashankar Bhupalpally,18.4524,79.9012,2004,1,1.46,64.91,21.51,33.04,11.69
Jayashankar Bhupalpally,18.4524,79.9012,2004,2,0.79,53.49,23.62,37.37,9.58
Jayashankar Bhupalpally,18.4524,79.9012,2004,3,0.13,33.81,30.97,42.57,17.74
Jayashankar Bhupalpally,18.4524,79.9012,2004,4,0.43,35.19,34.43,45.81,23.2
Jayashankar Bhupalpally,18.4524,79.9012,2004,5,0.62,44.63,34.07,44.75,25.61
Jayashankar Bhupalpally,18.4524,79.9012,2004,6,2.81,56.93,31.44,42.55,24.48
Jayashankar Bhupalpally,18.4524,79.9012,2004,7,8.96,82.06,27.19,33.78,23.07
Jayashankar Bhupalpally,18.4524,79.9012,2004,8,3.97,83.04,26.92,32.68,22.72
Jayashankar Bhupalpally,18.4524,79.9012,2004,9,3.39,83.36,26.94,32.59,22.51
Jayashankar Bhupalpally,18.4524,79.9012,2004,10,2.91,79.2,25.33,31.73,15.6
Jayashankar Bhupalpally,18.4524,79.9012,2004,11,0.08,64.68,23.65,33.27,13.04
Jayashankar Bhupalpally,18.4524,79.9012,2004,12,0.0,53.48,22.1,32.94,12.46
Jayashankar Bhupalpally,18.4524,79.9012,2004,13,2.14,61.29,27.35,45.81,9.58
Jayashankar Bhupalpally,18.4524,79.9012,2005,1,1.53,50.88,23.89,33.87,12.59
Jayashankar Bhupalpally,18.4524,79.9012,2005,2,0.12,47.09,26.39,38.72,12.18
Jayashankar Bhupalpally,18.4524,79.9012,2005,3,0.13,36.2,30.72,42.0,19.52
Jayashankar Bhupalpally,18.4524,79.9012,2005,4,0.28,37.21,34.09,43.49,25.56
Jayashankar Bhupalpally,18.4524,79.9012,2005,5,0.71,34.05,35.91,46.88,26.78
Jayashankar Bhupalpally,18.4524,79.9012,2005,6,6.57,55.56,32.63,46.17,23.09
Jayashankar Bhupalpally,18.4524,79.9012,2005,7,11.76,84.29,27.04,34.38,22.19
Jayashankar Bhupalpally,18.4524,79.9012,2005,8,5.3,87.39,26.47,31.48,23.2
Jayashankar Bhupalpally,18.4524,79.9012,2005,9,9.68,88.32,26.45,31.61,21.86
Jayashankar Bhupalpally,18.4524,79.9012,2005,10,6.15,86.33,25.32,31.5,18.7
Jayashankar Bhupalpally,18.4524,79.9012,2005,11,0.08,76.65,20.09,27.63,11.76
Jayashankar Bhupalpally,18.4524,79.9012,2005,12,0.22,69.17,19.83,28.64,9.83
Jayashankar Bhupalpally,18.4524,79.9012,2005,13,3.57,62.87,27.4,46.88,9.83
Jayashankar Bhupalpally,18.4524,79.9012,2006,1,0.0,53.46,21.48,34.63,8.99
Jayashankar Bhupalpally,18.4524,79.9012,2006,2,0.0,38.65,26.18,39.13,13.32
Jayashankar Bhupalpally,18.4524,79.9012,2006,3,1.28,46.4,29.37,41.4,18.49
Jayashankar Bhupalpally,18.4524,79.9012,2006,4,1.52,39.12,33.51,44.59,22.18
Jayashankar Bhupalpally,18.4524,79.9012,2006,5,2.09,52.96,32.91,44.79,25.1
Jayashankar Bhupalpally,18.4524,79.9012,2006,6,3.4,59.35,31.07,41.06,24.53
Jayashankar Bhupalpally,18.4524,79.9012,2006,7,7.2,76.59,28.03,36.05,22.94
Jayashankar Bhupalpally,18.4524,79.9012,2006,8,12.48,86.43,26.32,32.25,22.19
Jayashankar Bhupalpally,18.4524,79.9012,2006,9,11.22,86.97,26.35,31.92,20.77
Jayashankar Bhupalpally,18.4524,79.9012,2006,10,1.85,79.43,25.72,32.31,18.83
Jayashankar Bhupalpally,18.4524,79.9012,2006,11,1.34,79.01,23.21,29.73,14.58
Jayashankar Bhupalpally,18.4524,79.9012,2006,12,0.0,69.07,21.77,30.85,12.04
Jayashankar Bhupalpally,18.4524,79.9012,2006,13,3.55,64.14,27.15,44.79,8.99
Jayashankar Bhupalpally,18.4524,79.9012,2007,1,0.0,54.9,22.75,34.34,12.51
Jayashankar Bhupalpally,18.4524,79.9012,2007,2,0.12,45.99,26.0,37.67,14.83
Jayashankar Bhupalpally,18.4524,79.9012,2007,3,0.01,34.66,30.68,42.22,18.6
Jayashankar Bhupalpally,18.4524,79.9012,2007,4,0.46,35.57,34.08,44.33,23.43
Jayashankar Bhupalpally,18.4524,79.9012,2007,5,1.05,31.88,36.76,46.47,26.83
Jayashankar Bhupalpally,18.4524,79.9012,2007,6,6.66,66.51,30.68,43.11,24.06
Jayashankar Bhupalpally,18.4524,79.9012,2007,7,3.59,79.05,27.87,35.34,22.86
Jayashankar Bhupalpally,18.4524,79.9012,2007,8,7.5,84.34,26.86,32.55,22.6
Jayashankar Bhupalpally,18.4524,79.9012,2007,9,9.71,87.96,26.59,31.46,21.87
Jayashankar Bhupalpally,18.4524,79.9012,2007,10,1.3,81.83,23.57,30.49,16.08
Jayashankar Bhupalpally,18.4524,79.9012,2007,11,0.1,70.39,21.81,30.4,10.76
Jayashankar Bhupalpally,18.4524,79.9012,2007,12,0.0,61.16,22.66,34.2,12.8
Jayashankar Bhupalpally,18.4524,79.9012,2007,13,2.54,61.27,27.53,46.47,10.76
Jayashankar Bhupalpally,18.4524,79.9012,2008,1,0.11,44.51,22.89,33.78,11.93
Jayashankar Bhupalpally,18.4524,79.9012,2008,2,0.66,47.4,25.29,36.98,11.08
Jayashankar Bhupalpally,18.4524,79.9012,2008,3,4.11,44.83,29.14,39.93,16.29
Jayashankar Bhupalpally,18.4524,79.9012,2008,4,0.12,44.4,32.06,43.84,21.32
Jayashankar Bhupalpally,18.4524,79.9012,2008,5,0.36,25.83,36.36,45.79,26.18
Jayashankar Bhupalpally,18.4524,79.9012,2008,6,5.85,67.52,29.31,42.02,23.76
Jayashankar Bhupalpally,18.4524,79.9012,2008,7,7.29,78.28,27.74,34.97,23.0
Jayashankar Bhupalpally,18.4524,79.9012,2008,8,10.11,87.13,26.4,31.65,22.55
Jayashankar Bhupalpally,18.4524,79.9012,2008,9,7.94,86.7,26.2,31.67,20.18
Jayashankar Bhupalpally,18.4524,79.9012,2008,10,1.06,78.1,25.26,31.68,14.44
Jayashankar Bhupalpally,18.4524,79.9012,2008,11,0.6,71.42,23.59,32.61,12.31
Jayashankar Bhupalpally,18.4524,79.9012,2008,12,0.01,54.95,23.38,33.19,11.89
Jayashankar Bhupalpally,18.4524,79.9012,2008,13,3.19,60.92,27.31,45.79,11.08
Jayashankar Bhupalpally,18.4524,79.9012,2009,1,0.0,48.35,24.3,37.01,14.08
Jayashankar Bhupalpally,18.4524,79.9012,2009,2,0.0,33.26,28.08,40.88,16.9
Jayashankar Bhupalpally,18.4524,79.9012,2009,3,0.22,28.78,31.1,42.31,19.75
Jayashankar Bhupalpally,18.4524,79.9012,2009,4,0.2,28.9,34.54,45.06,23.76
Jayashankar Bhupalpally,18.4524,79.9012,2009,5,1.26,39.07,35.3,46.42,26.58
Jayashankar Bhupalpally,18.4524,79.9012,2009,6,4.46,58.46,31.69,43.76,24.95
Jayashankar Bhupalpally,18.4524,79.9012,2009,7,7.57,80.6,27.41,33.75,22.57
Jayashankar Bhupalpally,18.4524,79.9012,2009,8,8.0,83.45,27.25,32.67,22.88
Jayashankar Bhupalpally,18.4524,79.9012,2009,9,2.65,84.69,27.27,32.99,22.31
Jayashankar Bhupalpally,18.4524,79.9012,2009,10,1.54,73.47,25.64,33.04,16.33
Jayashankar Bhupalpally,18.4524,79.9012,2009,11,2.83,72.6,24.12,34.59,12.1
Jayashankar Bhupalpally,18.4524,79.9012,2009,12,0.04,59.49,22.72,32.26,11.88
Jayashankar Bhupalpally,18.4524,79.9012,2009,13,2.42,57.75,28.27,46.42,11.88
Jayashankar Bhupalpally,18.4524,79.9012,2010,1,0.26,44.65,22.87,33.94,11.4
Jayashankar Bhupalpally,18.4524,79.9012,2010,2,0.15,38.56,27.77,38.93,14.78
Jayashankar Bhupalpally,18.4524,79.9012,2010,3,0.04,30.38,32.61,43.36,18.86
Jayashankar Bhupalpally,18.4524,79.9012,2010,4,0.35,32.81,35.57,45.46,23.41
Jayashankar Bhupalpally,18.4524,79.9012,2010,5,0.97,38.31,35.95,46.95,26.21
Jayashankar Bhupalpally,18.4524,79.9012,2010,6,2.35,54.71,32.78,45.95,24.8
Jayashankar Bhupalpally,18.4524,79.9012,2010,7,14.55,84.86,27.21,34.38,23.18
Jayashankar Bhupalpally,18.4524,79.9012,2010,8,14.92,87.98,26.72,32.1,21.37
Jayashankar Bhupalpally,18.4524,79.9012,2010,9,10.3,88.92,26.08,30.77,20.43
Jayashankar Bhupalpally,18.4524,79.9012,2010,10,3.9,86.11,25.44,31.68,16.01
Jayashankar Bhupalpally,18.4524,79.9012,2010,11,0.96,84.88,24.51,29.95,18.03
Jayashankar Bhupalpally,18.4524,79.9012,2010,12,0.74,76.09,20.06,28.75,8.85
Jayashankar Bhupalpally,18.4524,79.9012,2010,13,4.16,62.52,28.12,46.95,8.85
Jayashankar Bhupalpally,18.4524,79.9012,2011,1,0.0,60.75,20.57,32.66,9.45
Jayashankar Bhupalpally,18.4524,79.9012,2011,2,0.54,53.58,25.07,35.1,14.15
Jayashankar Bhupalpally,18.4524,79.9012,2011,3,0.02,36.08,30.2,41.7,19.12
Jayashankar Bhupalpally,18.4524,79.9012,2011,4,0.34,39.82,32.95,42.87,21.72
Jayashankar Bhupalpally,18.4524,79.9012,2011,5,1.1,35.74,35.62,45.31,26.86
Jayashankar Bhupalpally,18.4524,79.9012,2011,6,3.49,60.4,31.0,42.1,24.88
Jayashankar Bhupalpally,18.4524,79.9012,2011,7,6.43,77.16,28.13,35.01,23.76
Jayashankar Bhupalpally,18.4524,79.9012,2011,8,7.71,83.96,26.93,34.44,22.22
Jayashankar Bhupalpally,18.4524,79.9012,2011,9,2.75,84.94,26.6,32.36,21.09
Jayashankar Bhupalpally,18.4524,79.9012,2011,10,0.31,72.5,26.51,33.87,18.45
Jayashankar Bhupalpally,18.4524,79.9012,2011,11,0.01,55.36,24.98,35.01,14.16
Jayashankar Bhupalpally,18.4524,79.9012,2011,12,0.06,43.6,23.29,34.58,12.32
Jayashankar Bhupalpally,18.4524,79.9012,2011,13,1.91,58.68,27.66,45.31,9.45
Jayashankar Bhupalpally,18.4524,79.9012,2012,1,0.12,46.89,24.43,35.31,8.88
Jayashankar Bhupalpally,18.4524,79.9012,2012,2,0.0,32.55,26.84,39.69,13.48
Jayashankar Bhupalpally,18.4524,79.9012,2012,3,0.02,23.42,30.03,42.07,16.36
Jayashankar Bhupalpally,18.4524,79.9012,2012,4,0.7,35.97,34.38,43.72,24.03
Jayashankar Bhupalpally,18.4524,79.9012,2012,5,0.3,31.01,36.67,46.44,26.64
Jayashankar Bhupalpally,18.4524,79.9012,2012,6,3.21,56.34,31.63,46.7,24.35
Jayashankar Bhupalpally,18.4524,79.9012,2012,7,11.94,81.39,27.11,34.14,21.25
Jayashankar Bhupalpally,18.4524,79.9012,2012,8,9.83,86.35,26.43,31.82,22.7
Jayashankar Bhupalpally,18.4524,79.9012,2012,9,6.88,87.69,26.29,31.46,21.43
Jayashankar Bhupalpally,18.4524,79.9012,2012,10,2.11,80.76,24.76,31.39,15.24
Jayashankar Bhupalpally,18.4524,79.9012,2012,11,0.96,79.0,22.73,30.86,9.56
Jayashankar Bhupalpally,18.4524,79.9012,2012,12,0.0,62.07,22.6,32.61,11.56
Jayashankar Bhupalpally,18.4524,79.9012,2012,13,3.02,58.7,27.82,46.7,8.88
Jayashankar Bhupalpally,18.4524,79.9012,2013,1,0.02,51.79,24.08,34.16,12.26
Jayashankar Bhupalpally,18.4524,79.9012,2013,2,0.86,47.85,26.15,37.6,12.56
Jayashankar Bhupalpally,18.4524,79.9012,2013,3,0.0,33.3,30.44,41.88,16.58
Jayashankar Bhupalpally,18.4524,79.9012,2013,4,1.57,39.1,33.33,43.81,24.18
Jayashankar Bhupalpally,18.4524,79.9012,2013,5,0.52,34.75,36.66,48.23,26.53
Jayashankar Bhupalpally,18.4524,79.9012,2013,6,8.31,75.69,28.37,36.34,23.14
Jayashankar Bhupalpally,18.4524,79.9012,2013,7,13.43,84.64,26.57,33.28,23.16
Jayashankar Bhupalpally,18.4524,79.9012,2013,8,6.37,87.54,26.1,31.27,22.47
Jayashankar Bhupalpally,18.4524,79.9012,2013,9,5.63,86.12,26.48,31.24,22.28
Jayashankar Bhupalpally,18.4524,79.9012,2013,10,7.86,86.52,25.19,30.64,15.6
Jayashankar Bhupalpally,18.4524,79.9012,2013,11,0.32,81.99,22.29,29.73,12.61
Jayashankar Bhupalpally,18.4524,79.9012,2013,12,0.0,73.88,19.86,29.03,9.87
Jayashankar Bhupalpally,18.4524,79.9012,2013,13,3.76,65.35,27.13,48.23,9.87
Jayashankar Bhupalpally,18.4524,79.9012,2014,1,0.0,65.27,22.41,31.54,12.82
Jayashankar Bhupalpally,18.4524,79.9012,2014,2,0.15,47.98,24.95,35.27,13.45
Jayashankar Bhupalpally,18.4524,79.9012,2014,3,1.8,49.43,28.73,42.79,17.67
Jayashankar Bhupalpally,18.4524,79.9012,2014,4,0.48,30.67,34.17,43.7,23.53
Jayashankar Bhupalpally,18.4524,79.9012,2014,5,2.32,45.49,33.67,45.3,23.89
Jayashankar Bhupalpally,18.4524,79.9012,2014,6,1.98,48.57,33.54,44.65,25.4
Jayashankar Bhupalpally,18.4524,79.9012,2014,7,6.09,71.36,28.72,40.45,23.05
Jayashankar Bhupalpally,18.4524,79.9012,2014,8,5.25,78.85,27.69,34.39,23.41
Jayashankar Bhupalpally,18.4524,79.9012,2014,9,5.04,82.67,26.42,32.84,20.44
Jayashankar Bhupalpally,18.4524,79.9012,2014,10,0.95,72.84,26.25,33.95,15.95
Jayashankar Bhupalpally,18.4524,79.9012,2014,11,0.09,58.67,24.54,34.61,14.34
Jayashankar Bhupalpally,18.4524,79.9012,2014,12,0.03,48.72,22.56,34.04,11.35
Jayashankar Bhupalpally,18.4524,79.9012,2014,13,2.03,58.5,27.81,45.3,11.35
Jayashankar Bhupalpally,18.4524,79.9012,2015,1,0.77,50.42,21.62,34.21,9.65
Jayashankar Bhupalpally,18.4524,79.9012,2015,2,0.02,37.46,26.17,37.65,14.17
Jayashankar Bhupalpally,18.4524,79.9012,2015,3,0.87,41.56,29.62,41.25,17.22
Jayashankar Bhupalpally,18.4524,79.9012,2015,4,1.06,40.92,32.45,43.36,21.46
Jayashankar Bhupalpally,18.4524,79.9012,2015,5,0.32,33.55,36.06,47.73,26.61
Jayashankar Bhupalpally,18.4524,79.9012,2015,6,6.87,66.41,30.13,41.75,23.63
Jayashankar Bhupalpally,18.4524,79.9012,2015,7,3.98,73.21,28.83,35.69,23.37
Jayashankar Bhupalpally,18.4524,79.9012,2015,8,4.34,79.08,27.84,34.89,23.05
Jayashankar Bhupalpally,18.4524,79.9012,2015,9,4.82,80.43,27.39,33.62,19.93
Jayashankar Bhupalpally,18.4524,79.9012,2015,10,0.43,66.03,27.62,36.12,19.31
Jayashankar Bhupalpally,18.4524,79.9012,2015,11,0.05,59.15,26.52,35.73,17.86
Jayashankar Bhupalpally,18.4524,79.9012,2015,12,0.04,48.06,25.5,36.31,11.56
Jayashankar Bhupalpally,18.4524,79.9012,2015,13,1.97,56.45,28.32,47.73,9.65
Jayashankar Bhupalpally,18.4524,79.9012,2016,1,0.06,39.9,23.69,36.89,10.88
Jayashankar Bhupalpally,18.4524,79.9012,2016,2,0.31,40.89,28.41,40.28,16.32
Jayashankar Bhupalpally,18.4524,79.9012,2016,3,0.21,39.26,31.28,41.98,20.18
Jayashankar Bhupalpally,18.4524,79.9012,2016,4,0.2,31.18,35.33,45.91,24.01
Jayashankar Bhupalpally,18.4524,79.9012,2016,5,1.23,38.38,35.51,45.67,25.71
Jayashankar Bhupalpally,18.4524,79.9012,2016,6,9.55,66.76,30.32,44.52,24.33
Jayashankar Bhupalpally,18.4524,79.9012,2016,7,11.6,84.96,26.88,32.71,23.26
Jayashankar Bhupalpally,18.4524,79.9012,2016,8,5.07,83.94,26.9,32.03,22.58
Jayashankar Bhupalpally,18.4524,79.9012,2016,9,9.46,88.66,26.07,30.99,20.57
Jayashankar Bhupalpally,18.4524,79.9012,2016,10,3.33,82.6,24.06,30.74,16.16
Jayashankar Bhupalpally,18.4524,79.9012,2016,11,0.0,72.8,21.47,29.81,12.04
Jayashankar Bhupalpally,18.4524,79.9012,2016,12,0.01,59.4,21.09,31.38,10.77
Jayashankar Bhupalpally,18.4524,79.9012,2016,13,3.42,60.79,27.57,45.91,10.77
Jayashankar Bhupalpally,18.4524,79.9012,2017,1,0.0,46.19,22.49,34.57,11.33
Jayashankar Bhupalpally,18.4524,79.9012,2017,2,0.0,32.28,26.46,39.34,15.17
Jayashankar Bhupalpally,18.4524,79.9012,2017,3,0.76,35.95,29.97,43.5,17.33
Jayashankar Bhupalpally,18.4524,79.9012,2017,4,0.06,25.37,34.86,45.17,22.09
Jayashankar Bhupalpally,18.4524,79.9012,2017,5,1.52,37.91,35.55,46.4,25.16
Jayashankar Bhupalpally,18.4524,79.9012,2017,6,9.01,73.21,29.34,42.93,23.7
Jayashankar Bhupalpally,18.4524,79.9012,2017,7,12.68,80.76,27.57,33.7,23.52
Jayashankar Bhupalpally,18.4524,79.9012,2017,8,7.13,84.82,26.76,31.7,21.31
Jayashankar Bhupalpally,18.4524,79.9012,2017,9,4.34,85.49,27.05,32.0,22.64
Jayashankar Bhupalpally,18.4524,79.9012,2017,10,3.54,81.6,25.87,31.42,16.27
Jayashankar Bhupalpally,18.4524,79.9012,2017,11,0.36,75.52,22.85,31.69,12.18
Jayashankar Bhupalpally,18.4524,79.9012,2017,12,0.0,59.29,20.92,31.31,10.42
Jayashankar Bhupalpally,18.4524,79.9012,2017,13,3.31,60.04,27.47,46.4,10.42
Jayashankar Bhupalpally,18.4524,79.9012,2018,1,0.0,40.72,21.62,33.57,10.73
Jayashankar Bhupalpally,18.4524,79.9012,2018,2,0.08,36.41,26.06,38.75,13.59
Jayashankar Bhupalpally,18.4524,79.9012,2018,3,0.14,28.68,30.92,42.35,18.14
Jayashankar Bhupalpally,18.4524,79.9012,2018,4,0.86,39.24,33.75,45.49,23.09
Jayashankar Bhupalpally,18.4524,79.9012,2018,5,0.82,42.02,35.02,45.22,25.28
Jayashankar Bhupalpally,18.4524,79.9012,2018,6,6.05,67.43,30.03,40.82,23.67
Jayashankar Bhupalpally,18.4524,79.9012,2018,7,10.28,82.09,27.07,35.17,23.33
Jayashankar Bhupalpally,18.4524,79.9012,2018,8,13.24,86.57,26.26,31.68,22.2
Jayashankar Bhupalpally,18.4524,79.9012,2018,9,2.77,83.68,26.26,31.79,20.95
Jayashankar Bhupalpally,18.4524,79.9012,2018,10,0.03,72.34,25.81,33.76,15.56
Jayashankar Bhupalpally,18.4524,79.9012,2018,11,0.0,58.31,25.49,35.6,14.56
Jayashankar Bhupalpally,18.4524,79.9012,2018,12,0.94,57.92,22.35,33.39,8.97
Jayashankar Bhupalpally,18.4524,79.9012,2018,13,2.96,58.08,27.55,45.49,8.97
Jayashankar Bhupalpally,18.4524,79.9012,2019,1,0.57,48.3,21.54,33.34,8.02
Jayashankar Bhupalpally,18.4524,79.9012,2019,2,0.02,42.6,26.14,39.7,10.87
Jayashankar Bhupalpally,18.4524,79.9012,2019,3,0.03,34.71,31.17,43.65,18.29
Jayashankar Bhupalpally,18.4524,79.9012,2019,4,0.81,34.82,34.48,45.32,22.67
Jayashankar Bhupalpally,18.4524,79.9012,2019,5,0.31,30.92,36.84,46.79,27.51
Jayashankar Bhupalpally,18.4524,79.9012,2019,6,2.84,52.15,33.38,44.38,24.82
Jayashankar Bhupalpally,18.4524,79.9012,2019,7,8.04,71.94,28.95,37.82,23.23
Jayashankar Bhupalpally,18.4524,79.9012,2019,8,13.31,86.52,26.73,32.07,22.33
Jayashankar Bhupalpally,18.4524,79.9012,2019,9,7.95,88.37,26.58,31.48,23.26
Jayashankar Bhupalpally,18.4524,79.9012,2019,10,5.01,86.29,25.81,30.53,21.6
Jayashankar Bhupalpally,18.4524,79.9012,2019,11,0.2,82.57,22.7,29.91,14.93
Jayashankar Bhupalpally,18.4524,79.9012,2019,12,0.03,77.66,21.27,28.4,10.92
Jayashankar Bhupalpally,18.4524,79.9012,2019,13,3.29,61.53,27.97,46.79,8.02
Jayashankar Bhupalpally,18.4524,79.9012,2020,1,0.18,66.35,22.38,33.64,11.05
Jayashankar Bhupalpally,18.4524,79.9012,2020,2,0.25,52.24,24.97,35.63,13.84
Jayashankar Bhupalpally,18.4524,79.9012,2020,3,0.77,45.96,29.99,40.84,20.01
Jayashankar Bhupalpally,18.4524,79.9012,2020,4,0.89,36.2,33.89,42.91,24.57
Jayashankar Bhupalpally,18.4524,79.9012,2020,5,1.45,36.74,35.71,46.7,26.81
Jayashankar Bhupalpally,18.4524,79.9012,2020,6,7.46,74.82,29.23,39.27,24.21
Jayashankar Bhupalpally,18.4524,79.9012,2020,7,12.68,85.19,27.39,32.99,23.46
Jayashankar Bhupalpally,18.4524,79.9012,2020,8,22.55,89.94,26.56,31.66,22.68
Jayashankar Bhupalpally,18.4524,79.9012,2020,9,8.58,87.54,27.03,31.48,23.09
Jayashankar Bhupalpally,18.4524,79.9012,2020,10,4.61,86.94,25.48,31.06,17.46
Jayashankar Bhupalpally,18.4524,79.9012,2020,11,0.26,82.64,22.72,30.09,13.33
Jayashankar Bhupalpally,18.4524,79.9012,2020,12,0.0,69.69,20.84,29.15,9.91
Jayashankar Bhupalpally,18.4524,79.9012,2020,13,5.01,67.91,27.18,46.7,9.91
Jayashankar Bhupalpally,18.4524,79.9012,2021,1,0.03,62.1,23.44,32.91,13.83
Jayashankar Bhupalpally,18.4524,79.9012,2021,2,0.06,40.72,24.84,38.58,11.45
Jayashankar Bhupalpally,18.4524,79.9012,2021,3,0.01,28.77,30.41,43.03,17.62
Jayashankar Bhupalpally,18.4524,79.9012,2021,4,0.91,36.23,33.0,42.73,22.93
Jayashankar Bhupalpally,18.4524,79.9012,2021,5,1.56,45.96,33.83,43.72,25.59
Jayashankar Bhupalpally,18.4524,79.9012,2021,6,8.72,76.96,28.41,37.49,23.77
Jayashankar Bhupalpally,18.4524,79.9012,2021,7,12.79,86.09,27.21,32.38,22.94
Jayashankar Bhupalpally,18.4524,79.9012,2021,8,6.08,86.17,27.0,32.09,23.17
Jayashankar Bhupalpally,18.4524,79.9012,2021,9,10.09,87.49,26.65,31.13,22.26
Jayashankar Bhupalpally,18.4524,79.9012,2021,10,0.98,84.55,25.66,31.51,17.42
Jayashankar Bhupalpally,18.4524,79.9012,2021,11,1.69,82.64,24.24,30.84,14.99
Jayashankar Bhupalpally,18.4524,79.9012,2021,12,0.07,70.96,21.59,30.1,9.02
Jayashankar Bhupalpally,18.4524,79.9012,2021,13,3.59,65.87,27.2,43.72,9.02
Jayashankar Bhupalpally,18.4524,79.9012,2022,1,2.34,67.79,20.82,30.84,8.3
Jayashankar Bhupalpally,18.4524,79.9012,2022,2,0.0,50.69,23.8,36.14,10.69
Jayashankar Bhupalpally,18.4524,79.9012,2022,3,0.0,31.08,31.17,43.15,16.27
Jayashankar Bhupalpally,18.4524,79.9012,2022,4,0.12,33.64,35.0,45.6,24.58
Jayashankar Bhupalpally,18.4524,79.9012,2022,5,1.05,42.74,34.66,45.34,26.88
Jayashankar Bhupalpally,18.4524,79.9012,2022,6,5.77,62.95,31.24,45.15,24.22
Jayashankar Bhupalpally,18.4524,79.9012,2022,7,22.45,88.06,26.62,33.33,21.95
Jayashankar Bhupalpally,18.4524,79.9012,2022,8,11.42,88.26,26.65,31.64,22.61
Jayashankar Bhupalpally,18.4524,79.9012,2022,9,7.68,87.73,26.53,31.5,22.07
Jayashankar Bhupalpally,18.4524,79.9012,2022,10,1.54,84.13,24.65,30.85,13.82
Jayashankar Bhupalpally,18.4524,79.9012,2022,11,0.02,74.66,22.34,30.19,12.74
Jayashankar Bhupalpally,18.4524,79.9012,2022,12,0.02,65.39,23.74,33.19,12.88
Jayashankar Bhupalpally,18.4524,79.9012,2022,13,4.41,64.88,27.28,45.6,8.3
Jayashankar Bhupalpally,18.4524,79.9012,2023,1,0.01,54.04,23.48,34.1,9.61
Jayashankar Bhupalpally,18.4524,79.9012,2023,2,0.0,30.73,26.14,38.41,13.66
Jayashankar Bhupalpally,18.4524,79.9012,2023,3,1.29,43.04,29.16,39.89,19.3
Jayashankar Bhupalpally,18.4524,79.9012,2023,4,2.6,39.72,32.84,44.04,22.95
Jayashankar Bhupalpally,18.4524,79.9012,2023,5,1.55,45.47,33.55,44.23,22.8
Jayashankar Bhupalpally,18.4524,79.9012,2023,6,1.75,44.3,34.17,45.71,23.16
Jayashankar Bhupalpally,18.4524,79.9012,2023,7,23.85,82.85,27.59,36.25,23.33
Jayashankar Bhupalpally,18.4524,79.9012,2023,8,3.78,85.93,26.85,31.4,22.8
Jayashankar Bhupalpally,18.4524,79.9012,2023,9,6.63,86.72,26.95,31.91,22.32
Jayashankar Bhupalpally,18.4524,79.9012,2023,10,0.15,78.62,24.88,31.51,14.95
Jayashankar Bhupalpally,18.4524,79.9012,2023,11,0.25,71.61,24.75,33.2,16.33
Jayashankar Bhupalpally,18.4524,79.9012,2023,12,1.19,65.52,21.85,34.68,10.54
Jayashankar Bhupalpally,18.4524,79.9012,2023,13,3.63,60.96,27.68,45.71,9.61
Jayashankar Bhupalpally,18.4524,79.9012,2024,1,0.0,55.72,23.9,33.17,13.34
Jayashankar Bhupalpally,18.4524,79.9012,2024,2,0.02,42.84,27.52,37.63,17.2
Jayashankar Bhupalpally,18.4524,79.9012,2024,3,0.11,35.79,31.62,42.84,20.82
Jayashankar Bhupalpally,18.4524,79.9012,2024,4,0.17,29.61,35.65,45.86,25.82
Jayashankar Bhupalpally,18.4524,79.9012,2024,5,3.05,48.97,33.89,45.74,24.33
Jayashankar Bhupalpally,18.4524,79.9012,2024,6,7.32,69.26,30.36,39.49,23.61
Jayashankar Bhupalpally,18.4524,79.9012,2024,7,16.39,86.15,27.14,34.78,23.1
Jayashankar Bhupalpally,18.4524,79.9012,2024,8,9.23,87.9,27.18,31.67,23.26
Jayashankar Bhupalpally,18.4524,79.9012,2024,9,5.79,87.89,26.68,31.85,22.07
Jayashankar Bhupalpally,18.4524,79.9012,2024,10,1.23,84.27,26.78,31.97,19.52
Jayashankar Bhupalpally,18.4524,79.9012,2024,11,0.11,73.12,23.37,31.65,14.22
Jayashankar Bhupalpally,18.4524,79.9012,2024,12,0.36,66.9,23.76,32.62,9.89
Jayashankar Bhupalpally,18.4524,79.9012,2024,13,3.67,64.14,28.15,45.86,9.89
Jogulamba Gadwal,16.2342,77.8031,2000,1,0.01,43.89,24.45,36.45,12.58
Jogulamba Gadwal,16.2342,77.8031,2000,2,0.53,46.32,26.76,36.63,14.9
Jogulamba Gadwal,16.2342,77.8031,2000,3,0.01,31.83,29.33,40.51,16.36
Jogulamba Gadwal,16.2342,77.8031,2000,4,0.05,28.45,34.36,44.85,21.59
Jogulamba Gadwal,16.2342,77.8031,2000,5,1.72,48.12,31.97,43.6,23.65
Jogulamba Gadwal,16.2342,77.8031,2000,6,5.89,72.3,27.08,35.0,21.79
Jogulamba Gadwal,16.2342,77.8031,2000,7,2.32,75.88,26.05,32.91,20.22
Jogulamba Gadwal,16.2342,77.8031,2000,8,8.2,78.56,25.66,33.21,20.76
Jogulamba Gadwal,16.2342,77.8031,2000,9,3.08,80.77,25.8,31.93,20.74
Jogulamba Gadwal,16.2342,77.8031,2000,10,2.18,75.26,25.18,32.69,15.84
Jogulamba Gadwal,16.2342,77.8031,2000,11,0.49,67.4,23.97,33.72,15.18
Jogulamba Gadwal,16.2342,77.8031,2000,12,0.08,53.81,22.58,33.9,12.51
Jogulamba Gadwal,16.2342,77.8031,2000,13,2.05,58.58,26.92,44.85,12.51
Jogulamba Gadwal,16.2342,77.8031,2001,1,0.06,46.96,24.34,34.6,12.87
Jogulamba Gadwal,16.2342,77.8031,2001,2,0.0,29.96,26.83,39.19,13.63
Jogulamba Gadwal,16.2342,77.8031,2001,3,0.23,31.28,30.71,41.26,17.76
Jogulamba Gadwal,16.2342,77.8031,2001,4,0.94,40.69,32.03,43.05,21.57
Jogulamba Gadwal,16.2342,77.8031,2001,5,0.5,36.57,33.86,44.5,24.41
Jogulamba Gadwal,16.2342,77.8031,2001,6,1.79,59.23,28.97,39.4,21.95
Jogulamba Gadwal,16.2342,77.8031,2001,7,2.73,60.59,28.56,37.32,22.2
Jogulamba Gadwal,16.2342,77.8031,2001,8,2.86,73.26,26.57,34.23,21.39
Jogulamba Gadwal,16.2342,77.8031,2001,9,6.59,77.13,26.45,34.51,21.79
Jogulamba Gadwal,16.2342,77.8031,2001,10,5.52,82.86,24.27,30.88,15.07
Jogulamba Gadwal,16.2342,77.8031,2001,11,0.15,78.16,23.35,30.43,13.79
Jogulamba Gadwal,16.2342,77.8031,2001,12,0.04,66.28,21.81,31.8,13.22
Jogulamba Gadwal,16.2342,77.8031,2001,13,1.79,57.06,27.31,44.5,12.87
Jogulamba Gadwal,16.2342,77.8031,2002,1,0.09,55.34,23.78,36.41,12.56
Jogulamba Gadwal,16.2342,77.8031,2002,2,0.06,46.07,26.37,37.48,15.99
Jogulamba Gadwal,16.2342,77.8031,2002,3,0.22,32.19,30.33,41.08,18.52
Jogulamba Gadwal,16.2342,77.8031,2002,4,0.1,30.13,33.92,43.23,21.82
Jogulamba Gadwal,16.2342,77.8031,2002,5,4.0,50.08,32.25,43.49,23.44
Jogulamba Gadwal,16.2342,77.8031,2002,6,2.09,69.5,28.26,37.33,23.09
Jogulamba Gadwal,16.2342,77.8031,2002,7,2.86,63.45,28.56,37.42,22.01
Jogulamba Gadwal,16.2342,77.8031,2002,8,4.05,72.82,26.73,34.49,21.16
Jogulamba Gadwal,16.2342,77.8031,2002,9,1.29,67.54,27.68,36.8,20.42
Jogulamba Gadwal,16.2342,77.8031,2002,10,5.83,73.78,26.04,39.24,18.22
Jogulamba Gadwal,16.2342,77.8031,2002,11,0.15,67.85,23.56,33.95,12.86
Jogulamba Gadwal,16.2342,77.8031,2002,12,0.01,56.47,23.52,34.16,13.16
Jogulamba Gadwal,16.2342,77.8031,2002,13,1.75,57.17,27.58,43.49,12.56
Jogulamba Gadwal,16.2342,77.8031,2003,1,0.0,51.49,24.44,35.4,14.27
Jogulamba Gadwal,16.2342,77.8031,2003,2,0.1,45.09,27.99,37.72,16.45
Jogulamba Gadwal,16.2342,77.8031,2003,3,0.49,36.79,30.66,40.27,20.3
Jogulamba Gadwal,16.2342,77.8031,2003,4,0.27,32.69,33.45,42.7,22.74
Jogulamba Gadwal,16.2342,77.8031,2003,5,0.35,27.79,35.31,45.08,25.39
Jogulamba Gadwal,16.2342,77.8031,2003,6,2.55,55.06,30.56,43.65,22.42
Jogulamba Gadwal,16.2342,77.8031,2003,7,3.01,71.77,27.15,36.12,22.26
Jogulamba Gadwal,16.2342,77.8031,2003,8,3.84,72.03,27.1,36.0,21.75
Jogulamba Gadwal,16.2342,77.8031,2003,9,2.97,70.05,27.27,35.91,22.06
Jogulamba Gadwal,16.2342,77.8031,2003,10,4.4,77.73,25.44,33.46,14.76
Jogulamba Gadwal,16.2342,77.8031,2003,11,0.12,71.84,23.51,32.47,13.49
Jogulamba Gadwal,16.2342,77.8031,2003,12,0.09,56.7,22.98,34.5,12.99
Jogulamba Gadwal,16.2342,77.8031,2003,13,1.53,55.82,27.98,45.08,12.99
Jogulamba Gadwal,16.2342,77.8031,2004,1,0.42,55.06,23.68,33.9,12.68
Jogulamba Gadwal,16.2342,77.8031,2004,2,0.03,42.01,25.85,38.16,13.05
Jogulamba Gadwal,16.2342,77.8031,2004,3,0.29,31.54,30.53,41.53,18.66
Jogulamba Gadwal,16.2342,77.8031,2004,4,2.93,41.75,32.06,43.56,20.65
Jogulamba Gadwal,16.2342,77.8031,2004,5,3.18,66.56,28.85,38.67,22.25
Jogulamba Gadwal,16.2342,77.8031,2004,6,0.88,66.93,28.05,36.64,22.18
Jogulamba Gadwal,16.2342,77.8031,2004,7,4.2,72.55,26.74,34.64,21.56
Jogulamba Gadwal,16.2342,77.8031,2004,8,0.97,67.56,27.45,36.03,21.57
Jogulamba Gadwal,16.2342,77.8031,2004,9,4.77,77.55,26.28,35.11,19.85
Jogulamba Gadwal,16.2342,77.8031,2004,10,2.14,74.58,25.47,33.6,15.58
Jogulamba Gadwal,16.2342,77.8031,2004,11,0.05,60.55,24.8,34.73,13.91
Jogulamba Gadwal,16.2342,77.8031,2004,12,0.0,53.4,22.99,33.69,12.92
Jogulamba Gadwal,16.2342,77.8031,2004,13,1.66,59.24,26.89,43.56,12.68
Jogulamba Gadwal,16.2342,77.8031,2005,1,0.43,52.92,24.79,34.2,14.22
Jogulamba Gadwal,16.2342,77.8031,2005,2,0.02,38.85,27.12,38.97,15.45
Jogulamba Gadwal,16.2342,77.8031,2005,3,0.11,32.86,30.19,41.69,17.0
Jogulamba Gadwal,16.2342,77.8031,2005,4,1.58,49.35,31.07,40.99,21.6
Jogulamba Gadwal,16.2342,77.8031,2005,5,3.07,47.84,32.01,43.75,20.85
Jogulamba Gadwal,16.2342,77.8031,2005,6,3.18,69.77,28.33,37.71,22.88
Jogulamba Gadwal,16.2342,77.8031,2005,7,7.76,78.57,26.36,33.96,20.77
Jogulamba Gadwal,16.2342,77.8031,2005,8,4.96,82.66,25.57,31.49,20.96
Jogulamba Gadwal,16.2342,77.8031,2005,9,4.52,84.46,25.5,30.87,21.17
Jogulamba Gadwal,16.2342,77.8031,2005,10,7.25,84.59,24.72,31.7,19.11
Jogulamba Gadwal,16.2342,77.8031,2005,11,0.23,80.25,20.38,28.27,11.96
Jogulamba Gadwal,16.2342,77.8031,2005,12,0.02,71.39,20.85,31.44,9.91
Jogulamba Gadwal,16.2342,77.8031,2005,13,2.79,64.6,26.4,43.75,9.91
Jogulamba Gadwal,16.2342,77.8031,2006,1,0.0,55.32,22.54,35.45,11.25
Jogulamba Gadwal,16.2342,77.8031,2006,2,0.0,37.79,25.77,38.75,13.85
Jogulamba Gadwal,16.2342,77.8031,2006,3,1.46,47.75,28.68,40.1,15.4
Jogulamba Gadwal,16.2342,77.8031,2006,4,0.84,35.38,32.99,43.26,19.62
Jogulamba Gadwal,16.2342,77.8031,2006,5,3.23,46.09,32.64,44.07,22.98
Jogulamba Gadwal,16.2342,77.8031,2006,6,4.0,73.06,27.59,35.45,22.24
Jogulamba Gadwal,16.2342,77.8031,2006,7,2.9,71.95,27.02,34.84,21.41
Jogulamba Gadwal,16.2342,77.8031,2006,8,2.17,73.73,26.4,35.22,21.03
Jogulamba Gadwal,16.2342,77.8031,2006,9,6.7,78.08,26.52,36.17,21.14
Jogulamba Gadwal,16.2342,77.8031,2006,10,1.03,77.0,25.43,32.97,19.0
Jogulamba Gadwal,16.2342,77.8031,2006,11,2.71,78.57,23.61,32.17,16.25
Jogulamba Gadwal,16.2342,77.8031,2006,12,0.0,65.57,22.6,32.08,12.87
Jogulamba Gadwal,16.2342,77.8031,2006,13,2.09,61.84,26.81,44.07,11.25
Jogulamba Gadwal,16.2342,77.8031,2007,1,0.0,52.87,23.6,35.28,13.36
Jogulamba Gadwal,16.2342,77.8031,2007,2,0.0,42.0,25.88,37.11,15.28
Jogulamba Gadwal,16.2342,77.8031,2007,3,0.02,33.95,30.63,41.11,19.13
Jogulamba Gadwal,16.2342,77.8031,2007,4,0.72,36.2,32.78,42.6,22.38
Jogulamba Gadwal,16.2342,77.8031,2007,5,2.16,44.45,32.94,43.33,23.77
Jogulamba Gadwal,16.2342,77.8031,2007,6,14.31,74.0,27.58,38.02,22.04
Jogulamba Gadwal,16.2342,77.8031,2007,7,2.71,78.53,26.41,33.26,21.74
Jogulamba Gadwal,16.2342,77.8031,2007,8,7.51,80.49,25.85,32.53,21.35
Jogulamba Gadwal,16.2342,77.8031,2007,9,6.52,85.68,25.19,32.08,20.5
Jogulamba Gadwal,16.2342,77.8031,2007,10,1.35,79.3,23.79,30.71,17.28
Jogulamba Gadwal,16.2342,77.8031,2007,11,0.14,69.47,22.31,31.8,10.51
Jogulamba Gadwal,16.2342,77.8031,2007,12,0.07,60.01,23.55,35.12,13.8
Jogulamba Gadwal,16.2342,77.8031,2007,13,2.96,61.52,26.71,43.33,10.51
Jogulamba Gadwal,16.2342,77.8031,2008,1,0.0,46.57,23.5,34.09,12.66
Jogulamba Gadwal,16.2342,77.8031,2008,2,0.51,52.2,26.16,36.65,14.63
Jogulamba Gadwal,16.2342,77.8031,2008,3,4.19,49.58,27.68,38.84,16.8
Jogulamba Gadwal,16.2342,77.8031,2008,4,0.09,47.46,30.15,43.12,18.57
Jogulamba Gadwal,16.2342,77.8031,2008,5,1.07,38.27,32.89,43.32,24.17
Jogulamba Gadwal,16.2342,77.8031,2008,6,2.01,65.93,28.05,36.38,21.92
Jogulamba Gadwal,16.2342,77.8031,2008,7,3.77,65.2,28.21,37.07,22.2
Jogulamba Gadwal,16.2342,77.8031,2008,8,5.42,79.74,25.94,32.23,21.61
Jogulamba Gadwal,16.2342,77.8031,2008,9,4.37,80.94,25.45,31.42,19.68
Jogulamba Gadwal,16.2342,77.8031,2008,10,1.69,74.8,25.1,32.76,14.47
Jogulamba Gadwal,16.2342,77.8031,2008,11,1.54,67.86,23.98,33.65,14.38
Jogulamba Gadwal,16.2342,77.8031,2008,12,0.0,63.18,23.34,33.62,12.88
Jogulamba Gadwal,16.2342,77.8031,2008,13,2.06,60.98,26.7,43.32,12.66
Jogulamba Gadwal,16.2342,77.8031,2009,1,0.0,53.22,23.98,36.57,14.46
Jogulamba Gadwal,16.2342,77.8031,2009,2,0.0,37.75,27.55,39.62,16.97
Jogulamba Gadwal,16.2342,77.8031,2009,3,0.2,30.31,30.38,41.07,19.22
Jogulamba Gadwal,16.2342,77.8031,2009,4,0.25,30.41,33.68,42.39,23.45
Jogulamba Gadwal,16.2342,77.8031,2009,5,3.86,44.31,32.75,44.51,24.19
Jogulamba Gadwal,16.2342,77.8031,2009,6,3.23,71.96,27.59,37.15,22.2
Jogulamba Gadwal,16.2342,77.8031,2009,7,1.03,68.96,27.34,35.65,21.76
Jogulamba Gadwal,16.2342,77.8031,2009,8,4.1,68.27,27.9,37.38,21.89
Jogulamba Gadwal,16.2342,77.8031,2009,9,6.59,78.92,26.42,33.93,21.37
Jogulamba Gadwal,16.2342,77.8031,2009,10,2.35,74.75,24.78,32.35,15.68
Jogulamba Gadwal,16.2342,77.8031,2009,11,1.05,74.49,24.49,32.79,14.21
Jogulamba Gadwal,16.2342,77.8031,2009,12,0.1,64.61,23.73,33.03,14.2
Jogulamba Gadwal,16.2342,77.8031,2009,13,1.9,58.27,27.54,44.51,14.2
Jogulamba Gadwal,16.2342,77.8031,2010,1,0.71,60.6,23.8,34.02,12.51
Jogulamba Gadwal,16.2342,77.8031,2010,2,0.01,42.3,27.48,38.6,15.83
Jogulamba Gadwal,16.2342,77.8031,2010,3,0.0,30.53,31.35,41.66,19.72
Jogulamba Gadwal,16.2342,77.8031,2010,4,0.47,32.99,33.93,43.32,22.16
Jogulamba Gadwal,16.2342,77.8031,2010,5,0.92,42.41,33.97,43.57,24.95
Jogulamba Gadwal,16.2342,77.8031,2010,6,2.67,60.65,29.84,40.92,23.09
Jogulamba Gadwal,16.2342,77.8031,2010,7,7.83,76.75,26.36,35.2,21.42
Jogulamba Gadwal,16.2342,77.8031,2010,8,4.96,81.1,26.18,33.82,20.85
Jogulamba Gadwal,16.2342,77.8031,2010,9,5.01,84.17,25.48,31.52,19.95
Jogulamba Gadwal,16.2342,77.8031,2010,10,1.44,79.5,25.45,33.32,16.79
Jogulamba Gadwal,16.2342,77.8031,2010,11,1.29,78.23,24.79,32.25,17.61
Jogulamba Gadwal,16.2342,77.8031,2010,12,0.21,64.3,22.43,31.84,10.97
Jogulamba Gadwal,16.2342,77.8031,2010,13,2.14,61.25,27.58,43.57,10.97
Jogulamba Gadwal,16.2342,77.8031,2011,1,0.0,51.38,23.4,35.15,12.09
Jogulamba Gadwal,16.2342,77.8031,2011,2,0.17,45.54,26.18,36.34,14.76
Jogulamba Gadwal,16.2342,77.8031,2011,3,0.01,32.37,29.93,41.09,18.2
Jogulamba Gadwal,16.2342,77.8031,2011,4,0.36,38.04,31.64,41.73,21.08
Jogulamba Gadwal,16.2342,77.8031,2011,5,1.51,40.71,33.28,42.83,24.74
Jogulamba Gadwal,16.2342,77.8031,2011,6,1.46,61.26,29.0,38.18,23.11
Jogulamba Gadwal,16.2342,77.8031,2011,7,2.76,66.46,27.67,36.74,21.35
Jogulamba Gadwal,16.2342,77.8031,2011,8,3.8,71.91,27.05,35.53,21.41
Jogulamba Gadwal,16.2342,77.8031,2011,9,0.73,68.98,27.47,35.9,20.81
Jogulamba Gadwal,16.2342,77.8031,2011,10,1.71,68.09,27.0,36.02,19.3
Jogulamba Gadwal,16.2342,77.8031,2011,11,0.15,56.79,25.69,35.34,15.57
Jogulamba Gadwal,16.2342,77.8031,2011,12,0.01,52.36,24.25,34.79,12.63
Jogulamba Gadwal,16.2342,77.8031,2011,13,1.07,54.54,27.72,42.83,12.09
Jogulamba Gadwal,16.2342,77.8031,2012,1,0.01,48.21,24.25,35.78,10.93
Jogulamba Gadwal,16.2342,77.8031,2012,2,0.0,37.66,26.75,38.99,16.51
Jogulamba Gadwal,16.2342,77.8031,2012,3,0.01,28.01,29.99,41.47,16.31
Jogulamba Gadwal,16.2342,77.8031,2012,4,1.96,42.62,31.97,41.62,22.28
Jogulamba Gadwal,16.2342,77.8031,2012,5,0.76,37.25,33.9,44.19,24.34
Jogulamba Gadwal,16.2342,77.8031,2012,6,1.0,52.1,30.23,41.31,23.28
Jogulamba Gadwal,16.2342,77.8031,2012,7,4.46,66.38,27.81,37.0,22.07
Jogulamba Gadwal,16.2342,77.8031,2012,8,2.31,69.98,27.17,35.75,21.28
Jogulamba Gadwal,16.2342,77.8031,2012,9,3.98,74.01,26.69,34.7,20.83
Jogulamba Gadwal,16.2342,77.8031,2012,10,1.67,71.33,25.35,33.9,17.46
Jogulamba Gadwal,16.2342,77.8031,2012,11,1.61,68.89,24.21,33.18,11.51
Jogulamba Gadwal,16.2342,77.8031,2012,12,0.02,56.27,24.61,34.98,13.91
Jogulamba Gadwal,16.2342,77.8031,2012,13,1.48,54.43,27.74,44.19,10.93
Jogulamba Gadwal,16.2342,77.8031,2013,1,0.0,50.17,24.78,35.01,14.04
Jogulamba Gadwal,16.2342,77.8031,2013,2,0.45,46.09,26.3,37.03,14.39
Jogulamba Gadwal,16.2342,77.8031,2013,3,0.04,33.91,30.22,40.98,17.1
Jogulamba Gadwal,16.2342,77.8031,2013,4,0.64,35.58,33.09,41.85,23.27
Jogulamba Gadwal,16.2342,77.8031,2013,5,1.67,44.72,33.09,43.59,24.57
Jogulamba Gadwal,16.2342,77.8031,2013,6,1.99,68.72,27.83,36.58,22.13
Jogulamba Gadwal,16.2342,77.8031,2013,7,3.57,71.69,26.75,33.91,21.31
Jogulamba Gadwal,16.2342,77.8031,2013,8,3.0,72.35,26.87,34.48,21.45
Jogulamba Gadwal,16.2342,77.8031,2013,9,7.27,82.6,25.58,34.55,19.63
Jogulamba Gadwal,16.2342,77.8031,2013,10,3.04,82.84,24.82,31.01,17.1
Jogulamba Gadwal,16.2342,77.8031,2013,11,0.13,74.27,23.14,32.65,13.76
Jogulamba Gadwal,16.2342,77.8031,2013,12,0.0,58.0,22.1,32.9,11.86
Jogulamba Gadwal,16.2342,77.8031,2013,13,1.82,60.14,27.05,43.59,11.86
Jogulamba Gadwal,16.2342,77.8031,2014,1,0.0,56.1,24.04,32.9,14.43
Jogulamba Gadwal,16.2342,77.8031,2014,2,0.03,42.85,25.84,35.65,15.74
Jogulamba Gadwal,16.2342,77.8031,2014,3,1.32,45.69,28.1,40.92,17.82
Jogulamba Gadwal,16.2342,77.8031,2014,4,0.66,32.83,32.89,41.36,23.7
Jogulamba Gadwal,16.2342,77.8031,2014,5,1.89,49.85,31.83,42.52,21.69
Jogulamba Gadwal,16.2342,77.8031,2014,6,1.55,54.98,30.99,40.32,24.52
Jogulamba Gadwal,16.2342,77.8031,2014,7,4.44,67.49,27.88,38.48,22.04
Jogulamba Gadwal,16.2342,77.8031,2014,8,7.83,73.39,27.01,35.54,21.06
Jogulamba Gadwal,16.2342,77.8031,2014,9,3.07,83.3,25.43,31.33,20.47
Jogulamba Gadwal,16.2342,77.8031,2014,10,2.26,76.16,24.95,32.33,15.29
Jogulamba Gadwal,16.2342,77.8031,2014,11,0.4,68.92,23.25,32.58,13.74
Jogulamba Gadwal,16.2342,77.8031,2014,12,0.16,59.19,22.95,33.0,12.87
Jogulamba Gadwal,16.2342,77.8031,2014,13,1.99,59.36,27.1,42.52,12.87
Jogulamba Gadwal,16.2342,77.8031,2015,1,0.03,48.64,22.89,33.07,10.39
Jogulamba Gadwal,16.2342,77.8031,2015,2,0.01,42.14,25.24,36.56,14.84
Jogulamba Gadwal,16.2342,77.8031,2015,3,0.61,42.02,28.98,40.2,17.07
Jogulamba Gadwal,16.2342,77.8031,2015,4,2.47,48.41,30.37,41.04,18.52
Jogulamba Gadwal,16.2342,77.8031,2015,5,0.98,42.9,33.04,43.83,23.59
Jogulamba Gadwal,16.2342,77.8031,2015,6,1.69,60.22,29.26,39.76,22.25
Jogulamba Gadwal,16.2342,77.8031,2015,7,1.64,59.22,29.41,39.38,22.08
Jogulamba Gadwal,16.2342,77.8031,2015,8,2.29,66.17,28.23,37.46,22.45
Jogulamba Gadwal,16.2342,77.8031,2015,9,5.39,76.93,26.54,35.54,19.06
Jogulamba Gadwal,16.2342,77.8031,2015,10,1.11,67.3,26.87,35.21,18.85
Jogulamba Gadwal,16.2342,77.8031,2015,11,0.67,63.54,25.94,35.35,16.58
Jogulamba Gadwal,16.2342,77.8031,2015,12,0.04,56.79,24.69,35.88,12.28
Jogulamba Gadwal,16.2342,77.8031,2015,13,1.41,56.24,27.64,43.83,10.39
Jogulamba Gadwal,16.2342,77.8031,2016,1,0.16,53.34,24.01,35.8,14.82
Jogulamba Gadwal,16.2342,77.8031,2016,2,0.0,43.49,27.91,39.95,16.19
Jogulamba Gadwal,16.2342,77.8031,2016,3,0.0,33.39,31.23,41.86,20.19
Jogulamba Gadwal,16.2342,77.8031,2016,4,0.02,28.31,34.74,43.65,23.64
Jogulamba Gadwal,16.2342,77.8031,2016,5,2.16,44.14,33.34,43.39,23.57
Jogulamba Gadwal,16.2342,77.8031,2016,6,4.2,70.6,27.7,36.66,22.17
Jogulamba Gadwal,16.2342,77.8031,2016,7,3.88,73.73,27.03,34.74,21.94
Jogulamba Gadwal,16.2342,77.8031,2016,8,2.88,73.1,26.95,35.43,21.65
Jogulamba Gadwal,16.2342,77.8031,2016,9,6.19,80.48,25.25,33.16,20.49
Jogulamba Gadwal,16.2342,77.8031,2016,10,0.55,71.6,24.46,33.05,15.79
Jogulamba Gadwal,16.2342,77.8031,2016,11,0.0,51.07,24.15,36.2,13.37
Jogulamba Gadwal,16.2342,77.8031,2016,12,0.1,45.31,23.69,34.11,12.17
Jogulamba Gadwal,16.2342,77.8031,2016,13,1.68,55.76,27.53,43.65,12.17
Jogulamba Gadwal,16.2342,77.8031,2017,1,0.0,45.74,23.62,34.67,12.42
Jogulamba Gadwal,16.2342,77.8031,2017,2,0.0,35.56,25.99,38.64,14.67
Jogulamba Gadwal,16.2342,77.8031,2017,3,0.7,35.0,29.61,41.7,16.93
Jogulamba Gadwal,16.2342,77.8031,2017,4,0.16,26.09,34.12,43.27,22.18
Jogulamba Gadwal,16.2342,77.8031,2017,5,0.44,36.28,34.56,43.49,25.7
Jogulamba Gadwal,16.2342,77.8031,2017,6,4.73,66.95,28.49,40.72,22.43
Jogulamba Gadwal,16.2342,77.8031,2017,7,2.07,69.48,27.54,35.68,22.45
Jogulamba Gadwal,16.2342,77.8031,2017,8,3.91,71.51,27.23,35.65,20.71
Jogulamba Gadwal,16.2342,77.8031,2017,9,5.83,80.73,26.17,33.67,20.9
Jogulamba Gadwal,16.2342,77.8031,2017,10,4.16,82.92,24.89,31.06,17.37
Jogulamba Gadwal,16.2342,77.8031,2017,11,0.01,72.43,23.6,32.65,14.37
Jogulamba Gadwal,16.2342,77.8031,2017,12,0.0,55.74,22.65,33.5,12.87
Jogulamba Gadwal,16.2342,77.8031,2017,13,1.84,56.65,27.38,43.49,12.42
Jogulamba Gadwal,16.2342,77.8031,2018,1,0.0,42.8,23.46,34.62,13.53
Jogulamba Gadwal,16.2342,77.8031,2018,2,0.0,35.6,25.82,37.61,13.4
Jogulamba Gadwal,16.2342,77.8031,2018,3,0.03,29.08,30.07,40.89,17.89
Jogulamba Gadwal,16.2342,77.8031,2018,4,0.33,32.45,33.69,43.8,23.21
Jogulamba Gadwal,16.2342,77.8031,2018,5,0.76,40.83,33.75,44.37,25.56
Jogulamba Gadwal,16.2342,77.8031,2018,6,1.95,66.8,28.24,36.05,22.71
Jogulamba Gadwal,16.2342,77.8031,2018,7,1.65,63.91,28.15,36.28,22.81
Jogulamba Gadwal,16.2342,77.8031,2018,8,2.73,67.8,27.24,34.99,21.61
Jogulamba Gadwal,16.2342,77.8031,2018,9,2.75,66.57,27.58,37.1,20.93
Jogulamba Gadwal,16.2342,77.8031,2018,10,0.61,57.58,27.35,37.09,17.07
Jogulamba Gadwal,16.2342,77.8031,2018,11,0.03,48.93,26.81,36.54,15.57
Jogulamba Gadwal,16.2342,77.8031,2018,12,0.06,52.15,24.43,34.0,11.3
Jogulamba Gadwal,16.2342,77.8031,2018,13,0.91,50.46,28.06,44.37,11.3
Jogulamba Gadwal,16.2342,77.8031,2019,1,0.7,49.38,22.78,33.29,10.27
Jogulamba Gadwal,16.2342,77.8031,2019,2,0.0,43.03,26.63,38.67,15.04
Jogulamba Gadwal,16.2342,77.8031,2019,3,0.01,31.23,31.35,41.88,18.45
Jogulamba Gadwal,16.2342,77.8031,2019,4,0.5,28.73,34.2,43.86,24.13
Jogulamba Gadwal,16.2342,77.8031,2019,5,0.89,31.29,35.61,44.57,24.44
Jogulamba Gadwal,16.2342,77.8031,2019,6,1.13,54.82,31.09,41.58,23.76
Jogulamba Gadwal,16.2342,77.8031,2019,7,1.97,68.55,27.98,36.24,22.74
Jogulamba Gadwal,16.2342,77.8031,2019,8,4.1,73.74,26.98,34.41,21.71
Jogulamba Gadwal,16.2342,77.8031,2019,9,5.62,79.98,26.19,33.53,21.35
Jogulamba Gadwal,16.2342,77.8031,2019,10,2.97,83.6,25.31,31.87,20.32
Jogulamba Gadwal,16.2342,77.8031,2019,11,0.11,72.53,25.02,33.34,16.07
Jogulamba Gadwal,16.2342,77.8031,2019,12,0.15,66.15,24.63,33.78,15.29
Jogulamba Gadwal,16.2342,77.8031,2019,13,1.52,57.01,28.15,44.57,10.27
Jogulamba Gadwal,16.2342,77.8031,2020,1,0.07,55.4,25.46,35.94,15.5
Jogulamba Gadwal,16.2342,77.8031,2020,2,0.01,45.54,26.85,36.77,16.75
Jogulamba Gadwal,16.2342,77.8031,2020,3,0.15,36.63,30.67,40.49,21.2
Jogulamba Gadwal,16.2342,77.8031,2020,4,0.52,34.87,33.3,42.66,22.11
Jogulamba Gadwal,16.2342,77.8031,2020,5,1.79,38.37,34.55,43.87,25.64
Jogulamba Gadwal,16.2342,77.8031,2020,6,3.99,69.2,28.22,37.22,22.49
Jogulamba Gadwal,16.2342,77.8031,2020,7,8.31,81.04,26.25,32.29,21.8
Jogulamba Gadwal,16.2342,77.8031,2020,8,3.41,84.11,25.83,32.15,21.9
Jogulamba Gadwal,16.2342,77.8031,2020,9,10.39,86.09,25.38,32.35,20.17
Jogulamba Gadwal,16.2342,77.8031,2020,10,4.01,84.44,24.96,30.56,18.84
Jogulamba Gadwal,16.2342,77.8031,2020,11,0.74,82.78,23.22,30.01,13.27
Jogulamba Gadwal,16.2342,77.8031,2020,12,0.05,73.64,21.58,30.72,11.94
Jogulamba Gadwal,16.2342,77.8031,2020,13,2.79,64.4,27.19,43.87,11.94
Jogulamba Gadwal,16.2342,77.8031,2021,1,0.24,61.82,24.74,34.68,14.98
Jogulamba Gadwal,16.2342,77.8031,2021,2,0.1,46.49,25.28,37.97,14.57
Jogulamba Gadwal,16.2342,77.8031,2021,3,0.0,31.46,29.56,42.16,16.49
Jogulamba Gadwal,16.2342,77.8031,2021,4,0.68,36.54,32.36,41.61,22.0
Jogulamba Gadwal,16.2342,77.8031,2021,5,1.52,53.08,31.53,40.9,24.25
Jogulamba Gadwal,16.2342,77.8031,2021,6,2.99,65.75,28.38,36.9,22.48
Jogulamba Gadwal,16.2342,77.8031,2021,7,4.04,76.31,26.82,35.62,21.94
Jogulamba Gadwal,16.2342,77.8031,2021,8,2.72,73.4,27.06,35.2,21.0
Jogulamba Gadwal,16.2342,77.8031,2021,9,2.77,76.86,26.48,33.71,20.41
Jogulamba Gadwal,16.2342,77.8031,2021,10,2.92,77.7,26.1,33.42,17.45
Jogulamba Gadwal,16.2342,77.8031,2021,11,2.05,77.04,25.1,33.31,16.79
Jogulamba Gadwal,16.2342,77.8031,2021,12,0.02,67.49,23.26,32.46,12.8
Jogulamba Gadwal,16.2342,77.8031,2021,13,1.68,62.1,27.23,42.16,12.8
Jogulamba Gadwal,16.2342,77.8031,2022,1,0.43,55.97,23.99,34.86,12.44
Jogulamba Gadwal,16.2342,77.8031,2022,2,0.0,45.96,26.35,37.57,16.33
Jogulamba Gadwal,16.2342,77.8031,2022,3,0.13,32.6,31.03,41.8,17.4
Jogulamba Gadwal,16.2342,77.8031,2022,4,0.35,34.8,33.71,43.16,24.4
Jogulamba Gadwal,16.2342,77.8031,2022,5,2.19,52.91,31.78,43.52,23.55
Jogulamba Gadwal,16.2342,77.8031,2022,6,3.19,64.44,28.77,38.13,22.8
Jogulamba Gadwal,16.2342,77.8031,2022,7,4.84,75.39,26.83,34.91,21.87
Jogulamba Gadwal,16.2342,77.8031,2022,8,4.96,80.94,25.97,32.93,21.23
Jogulamba Gadwal,16.2342,77.8031,2022,9,5.32,82.39,25.7,32.04,20.09
Jogulamba Gadwal,16.2342,77.8031,2022,10,3.56,82.86,24.27,30.84,14.85
Jogulamba Gadwal,16.2342,77.8031,2022,11,0.11,73.54,23.46,32.79,13.73
Jogulamba Gadwal,16.2342,77.8031,2022,12,0.58,67.37,24.65,34.59,13.85
Jogulamba Gadwal,16.2342,77.8031,2022,13,2.15,62.55,27.21,43.52,12.44
Jogulamba Gadwal,16.2342,77.8031,2023,1,0.0,53.98,24.01,34.02,12.14
Jogulamba Gadwal,16.2342,77.8031,2023,2,0.0,36.44,26.8,37.97,15.66
Jogulamba Gadwal,16.2342,77.8031,2023,3,0.46,37.73,29.05,40.53,18.07
Jogulamba Gadwal,16.2342,77.8031,2023,4,3.21,36.79,31.87,42.3,22.38
Jogulamba Gadwal,16.2342,77.8031,2023,5,1.66,56.69,31.06,41.45,22.29
Jogulamba Gadwal,16.2342,77.8031,2023,6,1.23,48.71,32.06,42.06,22.88
Jogulamba Gadwal,16.2342,77.8031,2023,7,5.26,69.56,27.68,36.59,22.35
Jogulamba Gadwal,16.2342,77.8031,2023,8,0.89,68.16,28.2,36.69,22.09
Jogulamba Gadwal,16.2342,77.8031,2023,9,2.6,71.89,27.55,37.13,21.82
Jogulamba Gadwal,16.2342,77.8031,2023,10,0.05,55.2,28.53,37.6,17.66
Jogulamba Gadwal,16.2342,77.8031,2023,11,1.7,68.47,26.33,36.23,17.83
Jogulamba Gadwal,16.2342,77.8031,2023,12,0.21,60.27,24.43,34.8,15.89
Jogulamba Gadwal,16.2342,77.8031,2023,13,1.44,55.47,28.13,42.3,12.14
Jogulamba Gadwal,16.2342,77.8031,2024,1,0.0,54.79,25.38,35.15,16.84
Jogulamba Gadwal,16.2342,77.8031,2024,2,0.0,43.71,27.76,37.75,16.16
Jogulamba Gadwal,16.2342,77.8031,2024,3,0.0,33.84,31.79,42.37,21.68
Jogulamba Gadwal,16.2342,77.8031,2024,4,0.06,31.03,34.31,44.15,23.98
Jogulamba Gadwal,16.2342,77.8031,2024,5,2.78,51.41,32.56,45.02,24.25
Jogulamba Gadwal,16.2342,77.8031,2024,6,4.1,71.35,27.79,37.0,22.05
Jogulamba Gadwal,16.2342,77.8031,2024,7,2.76,72.3,27.46,35.19,22.34
Jogulamba Gadwal,16.2342,77.8031,2024,8,5.96,78.97,27.16,34.69,22.42
Jogulamba Gadwal,16.2342,77.8031,2024,9,3.85,81.38,25.98,32.36,20.81
Jogulamba Gadwal,16.2342,77.8031,2024,10,3.16,81.58,26.0,33.36,19.77
Jogulamba Gadwal,16.2342,77.8031,2024,11,0.08,71.02,24.36,33.37,15.3
Jogulamba Gadwal,16.2342,77.8031,2024,12,0.3,63.69,25.59,33.83,13.96
Jogulamba Gadwal,16.2342,77.8031,2024,13,1.93,61.33,28.01,45.02,13.96
Kamareddy,18.3228,78.3417,2000,1,0.0,29.83,23.14,35.2,10.26
Kamareddy,18.3228,78.3417,2000,2,1.57,41.82,24.76,35.26,12.77
Kamareddy,18.3228,78.3417,2000,3,0.01,23.87,27.83,40.24,14.49
Kamareddy,18.3228,78.3417,2000,4,0.02,22.47,34.34,44.8,20.14
Kamareddy,18.3228,78.3417,2000,5,1.19,42.03,32.66,44.52,23.65
Kamareddy,18.3228,78.3417,2000,6,6.28,72.34,27.46,35.13,21.89
Kamareddy,18.3228,78.3417,2000,7,4.64,79.37,25.91,31.88,21.29
Kamareddy,18.3228,78.3417,2000,8,11.11,83.17,25.54,32.17,20.46
Kamareddy,18.3228,78.3417,2000,9,2.03,82.72,25.37,31.43,19.86
Kamareddy,18.3228,78.3417,2000,10,0.53,64.66,26.04,34.93,16.69
Kamareddy,18.3228,78.3417,2000,11,0.05,48.83,24.44,34.45,14.21
Kamareddy,18.3228,78.3417,2000,12,0.05,22.11,22.08,33.02,11.49
Kamareddy,18.3228,78.3417,2000,13,2.3,51.09,26.63,44.8,10.26
Kamareddy,18.3228,78.3417,2001,1,0.24,34.53,23.35,34.98,12.31
Kamareddy,18.3228,78.3417,2001,2,0.0,19.92,26.23,38.39,13.04
Kamareddy,18.3228,78.3417,2001,3,0.89,33.14,29.64,39.96,19.26
Kamareddy,18.3228,78.3417,2001,4,1.35,37.52,31.87,43.83,21.47
Kamareddy,18.3228,78.3417,2001,5,0.14,29.51,35.06,44.92,26.49
Kamareddy,18.3228,78.3417,2001,6,5.02,68.45,27.66,39.88,20.75
Kamareddy,18.3228,78.3417,2001,7,2.91,70.49,27.25,36.28,21.87
Kamareddy,18.3228,78.3417,2001,8,7.54,85.18,24.96,30.7,20.83
Kamareddy,18.3228,78.3417,2001,9,3.36,80.76,25.89,33.3,21.15
Kamareddy,18.3228,78.3417,2001,10,3.74,82.16,23.87,30.47,14.96
Kamareddy,18.3228,78.3417,2001,11,0.02,65.99,23.07,32.77,13.13
Kamareddy,18.3228,78.3417,2001,12,0.0,41.38,21.36,32.57,11.48
Kamareddy,18.3228,78.3417,2001,13,2.11,54.27,26.68,44.92,11.48
Kamareddy,18.3228,78.3417,2002,1,0.81,46.71,21.88,34.16,9.71
Kamareddy,18.3228,78.3417,2002,2,0.05,36.05,26.53,37.65,16.42
Kamareddy,18.3228,78.3417,2002,3,0.22,24.87,30.17,40.76,19.28
Kamareddy,18.3228,78.3417,2002,4,0.09,23.52,34.21,43.7,21.61
Kamareddy,18.3228,78.3417,2002,5,1.5,36.13,34.89,44.38,23.7
Kamareddy,18.3228,78.3417,2002,6,5.94,66.04,29.18,40.15,22.92
Kamareddy,18.3228,78.3417,2002,7,3.07,71.22,27.58,35.27,22.04
Kamareddy,18.3228,78.3417,2002,8,10.07,84.29,25.19,31.23,20.44
Kamareddy,18.3228,78.3417,2002,9,1.47,79.43,25.55,33.41,19.91
Kamareddy,18.3228,78.3417,2002,10,2.22,67.51,25.3,35.94,15.34
Kamareddy,18.3228,78.3417,2002,11,0.03,45.4,23.71,34.6,13.42
Kamareddy,18.3228,78.3417,2002,12,0.0,36.67,23.5,34.25,13.71
Kamareddy,18.3228,78.3417,2002,13,2.14,51.59,27.3,44.38,9.71
Kamareddy,18.3228,78.3417,2003,1,0.0,35.56,23.7,35.76,9.82
Kamareddy,18.3228,78.3417,2003,2,0.22,37.63,27.52,37.95,17.31
Kamareddy,18.3228,78.3417,2003,3,0.35,30.69,30.07,40.19,16.48
Kamareddy,18.3228,78.3417,2003,4,0.6,29.22,33.74,43.75,21.76
Kamareddy,18.3228,78.3417,2003,5,0.0,20.61,35.27,44.25,24.31
Kamareddy,18.3228,78.3417,2003,6,3.22,53.74,30.96,45.2,22.36
Kamareddy,18.3228,78.3417,2003,7,10.49,81.7,26.08,32.44,22.33
Kamareddy,18.3228,78.3417,2003,8,6.63,85.83,25.27,31.45,19.94
Kamareddy,18.3228,78.3417,2003,9,2.63,85.3,25.26,30.43,21.01
Kamareddy,18.3228,78.3417,2003,10,4.02,81.65,24.15,31.46,13.93
Kamareddy,18.3228,78.3417,2003,11,0.02,70.68,21.93,31.07,14.29
Kamareddy,18.3228,78.3417,2003,12,0.03,56.11,20.91,32.06,11.09
Kamareddy,18.3228,78.3417,2003,13,2.38,55.83,27.06,45.2,9.82
Kamareddy,18.3228,78.3417,2004,1,1.16,52.16,22.11,33.48,11.95
Kamareddy,18.3228,78.3417,2004,2,0.5,41.3,23.57,37.84,9.17
Kamareddy,18.3228,78.3417,2004,3,0.43,23.83,30.57,41.76,17.21
Kamareddy,18.3228,78.3417,2004,4,1.04,35.53,32.45,43.53,20.28
Kamareddy,18.3228,78.3417,2004,5,1.03,48.46,32.04,42.16,23.6
Kamareddy,18.3228,78.3417,2004,6,1.56,57.82,30.06,41.93,22.73
Kamareddy,18.3228,78.3417,2004,7,8.46,80.26,25.98,33.79,21.75
Kamareddy,18.3228,78.3417,2004,8,2.6,81.9,25.58,31.66,21.25
Kamareddy,18.3228,78.3417,2004,9,3.41,80.67,25.93,33.16,20.94
Kamareddy,18.3228,78.3417,2004,10,2.29,71.8,24.52,33.13,14.22
Kamareddy,18.3228,78.3417,2004,11,0.15,55.59,23.79,33.55,13.89
Kamareddy,18.3228,78.3417,2004,12,0.0,38.71,22.06,32.69,12.79
Kamareddy,18.3228,78.3417,2004,13,1.9,55.73,26.55,43.53,9.17
Kamareddy,18.3228,78.3417,2005,1,1.53,43.43,23.22,33.18,11.59
Kamareddy,18.3228,78.3417,2005,2,0.05,41.28,25.53,37.83,11.5
Kamareddy,18.3228,78.3417,2005,3,0.35,28.31,29.49,40.84,16.54
Kamareddy,18.3228,78.3417,2005,4,0.53,34.18,32.42,41.81,21.69
Kamareddy,18.3228,78.3417,2005,5,0.66,28.48,34.78,44.45,23.85
Kamareddy,18.3228,78.3417,2005,6,4.81,54.66,31.34,43.38,22.55
Kamareddy,18.3228,78.3417,2005,7,12.56,82.84,25.93,33.45,20.95
Kamareddy,18.3228,78.3417,2005,8,4.92,86.55,25.27,29.96,21.7
Kamareddy,18.3228,78.3417,2005,9,8.26,87.88,25.25,30.72,19.84
Kamareddy,18.3228,78.3417,2005,10,5.85,84.26,23.8,30.43,17.06
Kamareddy,18.3228,78.3417,2005,11,0.0,73.98,19.05,27.05,10.48
Kamareddy,18.3228,78.3417,2005,12,0.14,64.22,18.96,28.77,8.92
Kamareddy,18.3228,78.3417,2005,13,3.33,59.28,26.25,44.45,8.92
Kamareddy,18.3228,78.3417,2006,1,0.0,48.38,20.86,33.8,8.25
Kamareddy,18.3228,78.3417,2006,2,0.0,30.48,25.81,38.8,14.31
Kamareddy,18.3228,78.3417,2006,3,1.55,43.84,28.16,39.81,16.17
Kamareddy,18.3228,78.3417,2006,4,1.57,33.56,32.42,43.28,21.32
Kamareddy,18.3228,78.3417,2006,5,2.58,45.71,32.36,43.76,23.86
Kamareddy,18.3228,78.3417,2006,6,3.3,64.42,29.04,38.61,23.07
Kamareddy,18.3228,78.3417,2006,7,6.62,75.73,26.69,34.73,21.67
Kamareddy,18.3228,78.3417,2006,8,9.72,85.07,25.12,31.03,20.69
Kamareddy,18.3228,78.3417,2006,9,9.27,86.75,25.17,31.84,20.15
Kamareddy,18.3228,78.3417,2006,10,0.8,79.6,24.41,30.84,17.08
Kamareddy,18.3228,78.3417,2006,11,1.48,77.24,21.86,30.5,14.17
Kamareddy,18.3228,78.3417,2006,12,0.0,62.61,21.34,30.73,11.57
Kamareddy,18.3228,78.3417,2006,13,3.09,61.32,26.09,43.76,8.25
Kamareddy,18.3228,78.3417,2007,1,0.0,44.82,22.6,34.09,12.46
Kamareddy,18.3228,78.3417,2007,2,0.0,33.99,25.64,36.91,15.23
Kamareddy,18.3228,78.3417,2007,3,0.01,26.31,29.85,40.71,16.88
Kamareddy,18.3228,78.3417,2007,4,0.58,29.03,32.99,43.03,22.07
Kamareddy,18.3228,78.3417,2007,5,0.69,29.23,35.33,43.82,26.13
Kamareddy,18.3228,78.3417,2007,6,5.22,66.64,29.26,40.7,23.02
Kamareddy,18.3228,78.3417,2007,7,3.29,76.5,26.93,34.38,22.36
Kamareddy,18.3228,78.3417,2007,8,7.35,83.11,25.61,32.22,20.88
Kamareddy,18.3228,78.3417,2007,9,9.26,87.92,25.18,30.82,19.34
Kamareddy,18.3228,78.3417,2007,10,0.71,77.63,22.39,29.38,14.86
Kamareddy,18.3228,78.3417,2007,11,0.15,66.11,20.93,29.86,10.37
Kamareddy,18.3228,78.3417,2007,12,0.0,57.2,21.93,33.39,12.86
Kamareddy,18.3228,78.3417,2007,13,2.27,56.66,26.55,43.82,10.37
Kamareddy,18.3228,78.3417,2008,1,0.05,36.81,22.23,33.14,10.76
Kamareddy,18.3228,78.3417,2008,2,1.03,42.05,23.97,35.62,10.05
Kamareddy,18.3228,78.3417,2008,3,4.07,40.81,28.28,38.75,16.64
Kamareddy,18.3228,78.3417,2008,4,0.25,39.37,30.86,43.72,17.04
Kamareddy,18.3228,78.3417,2008,5,0.39,26.09,34.44,44.05,24.05
Kamareddy,18.3228,78.3417,2008,6,3.35,62.59,28.75,41.01,22.54
Kamareddy,18.3228,78.3417,2008,7,4.86,71.63,27.35,36.62,21.81
Kamareddy,18.3228,78.3417,2008,8,12.74,85.54,25.27,31.66,21.16
Kamareddy,18.3228,78.3417,2008,9,7.28,86.01,24.91,30.85,18.24
Kamareddy,18.3228,78.3417,2008,10,1.4,77.78,23.56,30.52,14.09
Kamareddy,18.3228,78.3417,2008,11,0.93,70.85,22.31,31.22,12.61
Kamareddy,18.3228,78.3417,2008,12,0.01,54.31,22.08,32.51,12.4
Kamareddy,18.3228,78.3417,2008,13,3.04,57.83,26.17,44.05,10.05
Kamareddy,18.3228,78.3417,2009,1,0.0,44.64,23.46,36.82,13.15
Kamareddy,18.3228,78.3417,2009,2,0.0,27.16,27.13,39.41,15.83
Kamareddy,18.3228,78.3417,2009,3,0.17,23.89,30.06,40.82,19.38
Kamareddy,18.3228,78.3417,2009,4,0.45,23.25,33.08,43.46,22.36
Kamareddy,18.3228,78.3417,2009,5,0.9,32.51,34.34,44.45,24.68
Kamareddy,18.3228,78.3417,2009,6,3.59,58.31,30.39,41.88,22.95
Kamareddy,18.3228,78.3417,2009,7,4.23,74.71,26.94,34.28,22.39
Kamareddy,18.3228,78.3417,2009,8,9.3,77.07,26.94,35.19,21.96
Kamareddy,18.3228,78.3417,2009,9,3.8,83.33,25.98,32.12,20.78
Kamareddy,18.3228,78.3417,2009,10,2.35,73.18,24.16,30.91,14.61
Kamareddy,18.3228,78.3417,2009,11,1.62,69.3,22.87,33.31,11.15
Kamareddy,18.3228,78.3417,2009,12,0.09,57.5,21.88,31.55,11.7
Kamareddy,18.3228,78.3417,2009,13,2.22,53.9,27.26,44.45,11.15
Kamareddy,18.3228,78.3417,2010,1,0.31,42.11,21.66,32.32,10.56
Kamareddy,18.3228,78.3417,2010,2,0.58,36.47,27.11,37.46,15.89
Kamareddy,18.3228,78.3417,2010,3,0.01,24.6,31.5,42.02,19.05
Kamareddy,18.3228,78.3417,2010,4,0.05,22.98,34.67,43.93,20.97
Kamareddy,18.3228,78.3417,2010,5,0.33,30.08,35.44,45.31,22.91
Kamareddy,18.3228,78.3417,2010,6,4.65,58.06,30.8,43.08,23.7
Kamareddy,18.3228,78.3417,2010,7,10.71,84.84,25.76,31.34,21.73
Kamareddy,18.3228,78.3417,2010,8,9.6,87.42,25.54,30.9,20.21
Kamareddy,18.3228,78.3417,2010,9,7.03,88.19,24.93,29.82,19.31
Kamareddy,18.3228,78.3417,2010,10,2.38,85.15,23.84,30.26,15.51
Kamareddy,18.3228,78.3417,2010,11,1.34,85.04,23.33,29.61,16.55
Kamareddy,18.3228,78.3417,2010,12,0.25,71.71,19.42,28.48,8.86
Kamareddy,18.3228,78.3417,2010,13,3.12,59.87,26.98,45.31,8.86
Kamareddy,18.3228,78.3417,2011,1,0.01,51.41,20.36,32.97,9.0
Kamareddy,18.3228,78.3417,2011,2,0.28,43.9,24.78,35.1,14.76
Kamareddy,18.3228,78.3417,2011,3,0.12,25.48,29.68,40.15,17.75
Kamareddy,18.3228,78.3417,2011,4,0.12,31.5,32.25,42.55,19.6
Kamareddy,18.3228,78.3417,2011,5,0.2,28.9,34.82,44.07,25.15
Kamareddy,18.3228,78.3417,2011,6,2.35,60.5,29.58,38.9,23.83
Kamareddy,18.3228,78.3417,2011,7,8.98,78.53,26.52,35.66,21.87
Kamareddy,18.3228,78.3417,2011,8,7.78,84.92,25.48,32.32,21.35
Kamareddy,18.3228,78.3417,2011,9,2.99,85.17,25.16,30.57,20.64
Kamareddy,18.3228,78.3417,2011,10,1.22,76.8,24.57,31.41,16.28
Kamareddy,18.3228,78.3417,2011,11,0.05,58.15,23.21,33.27,14.16
Kamareddy,18.3228,78.3417,2011,12,0.0,38.88,22.23,33.52,11.55
Kamareddy,18.3228,78.3417,2011,13,2.03,55.4,26.56,44.07,9.0
Kamareddy,18.3228,78.3417,2012,1,0.04,37.45,23.1,34.22,9.7
Kamareddy,18.3228,78.3417,2012,2,0.0,26.97,25.89,38.19,12.63
Kamareddy,18.3228,78.3417,2012,3,0.0,16.37,28.69,40.8,14.28
Kamareddy,18.3228,78.3417,2012,4,0.25,28.53,33.72,42.05,23.58
Kamareddy,18.3228,78.3417,2012,5,0.19,24.51,35.27,43.87,24.56
Kamareddy,18.3228,78.3417,2012,6,3.71,56.23,30.19,43.31,22.6
Kamareddy,18.3228,78.3417,2012,7,7.21,78.8,26.19,34.24,21.87
Kamareddy,18.3228,78.3417,2012,8,5.65,82.47,25.68,31.77,21.35
Kamareddy,18.3228,78.3417,2012,9,5.31,85.37,25.28,31.07,20.85
Kamareddy,18.3228,78.3417,2012,10,1.76,77.17,23.87,30.59,14.4
Kamareddy,18.3228,78.3417,2012,11,0.65,68.95,22.85,32.17,11.18
Kamareddy,18.3228,78.3417,2012,12,0.0,49.14,23.05,34.1,11.51
Kamareddy,18.3228,78.3417,2012,13,2.07,52.73,26.98,43.87,9.7
Kamareddy,18.3228,78.3417,2013,1,0.27,41.66,24.03,34.7,13.64
Kamareddy,18.3228,78.3417,2013,2,0.78,42.87,25.66,36.12,11.72
Kamareddy,18.3228,78.3417,2013,3,0.02,27.27,29.86,40.55,14.68
Kamareddy,18.3228,78.3417,2013,4,1.23,34.77,32.49,41.73,21.89
Kamareddy,18.3228,78.3417,2013,5,0.39,29.39,35.58,45.59,25.2
Kamareddy,18.3228,78.3417,2013,6,6.93,74.36,27.37,36.31,22.21
Kamareddy,18.3228,78.3417,2013,7,14.67,85.07,25.24,31.56,21.28
Kamareddy,18.3228,78.3417,2013,8,4.2,87.05,24.86,30.75,21.39
Kamareddy,18.3228,78.3417,2013,9,4.2,85.5,25.25,30.12,19.42
Kamareddy,18.3228,78.3417,2013,10,4.94,84.55,24.09,29.97,17.22
Kamareddy,18.3228,78.3417,2013,11,0.32,79.55,21.0,29.2,11.5
Kamareddy,18.3228,78.3417,2013,12,0.0,64.84,19.71,29.49,9.97
Kamareddy,18.3228,78.3417,2013,13,3.18,61.48,26.26,45.59,9.97
Kamareddy,18.3228,78.3417,2014,1,0.0,56.62,22.13,31.48,12.38
Kamareddy,18.3228,78.3417,2014,2,0.33,37.6,24.51,34.93,12.85
Kamareddy,18.3228,78.3417,2014,3,2.3,52.34,26.95,40.59,15.67
Kamareddy,18.3228,78.3417,2014,4,0.43,28.59,33.13,42.32,21.27
Kamareddy,18.3228,78.3417,2014,5,1.74,40.66,33.07,43.37,21.98
Kamareddy,18.3228,78.3417,2014,6,2.31,49.13,32.21,43.44,24.31
Kamareddy,18.3228,78.3417,2014,7,5.32,71.59,27.47,38.03,22.32
Kamareddy,18.3228,78.3417,2014,8,5.75,76.53,26.87,33.94,22.1
Kamareddy,18.3228,78.3417,2014,9,3.73,82.4,24.99,31.01,18.79
Kamareddy,18.3228,78.3417,2014,10,0.47,68.64,25.23,34.54,14.74
Kamareddy,18.3228,78.3417,2014,11,0.16,51.49,24.0,34.11,14.71
Kamareddy,18.3228,78.3417,2014,12,0.13,42.02,21.66,33.21,9.76
Kamareddy,18.3228,78.3417,2014,13,1.9,54.96,26.85,43.44,9.76
Kamareddy,18.3228,78.3417,2015,1,0.41,44.68,21.2,32.88,9.42
Kamareddy,18.3228,78.3417,2015,2,0.4,31.46,25.36,36.31,14.13
Kamareddy,18.3228,78.3417,2015,3,0.72,41.46,28.17,40.0,13.91
Kamareddy,18.3228,78.3417,2015,4,2.37,42.7,30.32,42.06,18.64
Kamareddy,18.3228,78.3417,2015,5,0.28,31.38,34.66,45.89,23.47
Kamareddy,18.3228,78.3417,2015,6,3.92,61.68,29.53,41.07,22.97
Kamareddy,18.3228,78.3417,2015,7,2.16,65.06,28.68,36.74,22.29
Kamareddy,18.3228,78.3417,2015,8,5.34,77.04,26.75,34.81,22.26
Kamareddy,18.3228,78.3417,2015,9,3.04,75.95,26.73,34.15,18.81
Kamareddy,18.3228,78.3417,2015,10,0.39,57.76,27.69,36.59,20.25
Kamareddy,18.3228,78.3417,2015,11,0.01,49.87,26.35,35.06,17.37
Kamareddy,18.3228,78.3417,2015,12,0.0,37.85,25.04,35.73,10.44
Kamareddy,18.3228,78.3417,2015,13,1.59,51.5,27.55,45.89,9.42
Kamareddy,18.3228,78.3417,2016,1,0.03,32.61,23.2,35.92,11.41
Kamareddy,18.3228,78.3417,2016,2,0.08,32.01,27.87,39.44,14.78
Kamareddy,18.3228,78.3417,2016,3,0.1,29.12,30.98,41.48,20.07
Kamareddy,18.3228,78.3417,2016,4,0.26,23.91,34.87,43.73,23.08
Kamareddy,18.3228,78.3417,2016,5,0.84,35.66,34.77,44.01,24.12
Kamareddy,18.3228,78.3417,2016,6,4.83,62.17,29.89,42.16,23.24
Kamareddy,18.3228,78.3417,2016,7,6.66,80.17,26.29,32.86,22.08
Kamareddy,18.3228,78.3417,2016,8,2.05,78.29,26.37,33.57,21.34
Kamareddy,18.3228,78.3417,2016,9,9.34,84.07,25.2,32.0,20.2
Kamareddy,18.3228,78.3417,2016,10,1.7,76.98,23.31,30.02,13.58
Kamareddy,18.3228,78.3417,2016,11,0.0,62.9,20.85,32.36,12.19
Kamareddy,18.3228,78.3417,2016,12,0.0,47.43,20.78,32.27,10.15
Kamareddy,18.3228,78.3417,2016,13,2.15,53.85,27.02,44.01,10.15
Kamareddy,18.3228,78.3417,2017,1,0.0,36.38,21.97,34.33,10.67
Kamareddy,18.3228,78.3417,2017,2,0.0,25.52,25.8,37.95,15.17
Kamareddy,18.3228,78.3417,2017,3,0.28,26.04,29.06,42.46,15.61
Kamareddy,18.3228,78.3417,2017,4,0.02,17.62,33.58,44.09,20.8
Kamareddy,18.3228,78.3417,2017,5,0.32,27.91,35.65,44.75,25.58
Kamareddy,18.3228,78.3417,2017,6,4.22,65.6,29.31,42.1,22.76
Kamareddy,18.3228,78.3417,2017,7,5.0,73.34,27.26,34.55,22.3
Kamareddy,18.3228,78.3417,2017,8,5.23,78.64,26.26,33.53,19.51
Kamareddy,18.3228,78.3417,2017,9,2.35,79.67,26.48,32.59,20.97
Kamareddy,18.3228,78.3417,2017,10,2.62,73.79,25.67,34.37,16.63
Kamareddy,18.3228,78.3417,2017,11,0.06,59.63,23.54,33.47,13.5
Kamareddy,18.3228,78.3417,2017,12,0.0,42.56,21.78,32.96,11.29
Kamareddy,18.3228,78.3417,2017,13,1.69,50.71,27.2,44.75,10.67
Kamareddy,18.3228,78.3417,2018,1,0.0,28.22,22.05,33.17,12.07
Kamareddy,18.3228,78.3417,2018,2,0.03,30.07,25.7,37.21,14.4
Kamareddy,18.3228,78.3417,2018,3,0.03,23.4,29.96,41.74,19.57
Kamareddy,18.3228,78.3417,2018,4,0.42,28.9,33.3,44.35,21.76
Kamareddy,18.3228,78.3417,2018,5,0.99,32.44,35.17,43.88,26.19
Kamareddy,18.3228,78.3417,2018,6,4.67,66.02,28.94,39.15,22.83
Kamareddy,18.3228,78.3417,2018,7,3.38,74.7,26.68,34.28,21.9
Kamareddy,18.3228,78.3417,2018,8,7.52,78.43,26.04,34.4,21.65
Kamareddy,18.3228,78.3417,2018,9,1.59,76.43,25.85,33.79,19.18
Kamareddy,18.3228,78.3417,2018,10,0.23,56.58,26.58,36.19,16.44
Kamareddy,18.3228,78.3417,2018,11,0.0,43.94,25.7,35.56,14.8
Kamareddy,18.3228,78.3417,2018,12,0.27,45.93,21.89,33.22,8.29
Kamareddy,18.3228,78.3417,2018,13,1.61,48.85,27.32,44.35,8.29
Kamareddy,18.3228,78.3417,2019,1,0.29,38.04,21.22,32.93,9.22
Kamareddy,18.3228,78.3417,2019,2,0.03,33.76,25.42,38.59,9.91
Kamareddy,18.3228,78.3417,2019,3,0.08,26.2,30.07,42.16,15.95
Kamareddy,18.3228,78.3417,2019,4,0.2,24.96,34.29,44.45,23.46
Kamareddy,18.3228,78.3417,2019,5,0.15,22.67,35.91,44.85,25.62
Kamareddy,18.3228,78.3417,2019,6,2.18,49.55,32.6,44.42,22.9
Kamareddy,18.3228,78.3417,2019,7,6.68,74.93,27.18,35.03,22.04
Kamareddy,18.3228,78.3417,2019,8,6.34,83.75,25.8,31.61,21.77
Kamareddy,18.3228,78.3417,2019,9,6.4,86.38,25.62,31.41,21.68
Kamareddy,18.3228,78.3417,2019,10,4.12,86.36,24.46,29.76,18.98
Kamareddy,18.3228,78.3417,2019,11,0.13,79.93,22.17,29.94,14.51
Kamareddy,18.3228,78.3417,2019,12,0.04,71.02,21.45,29.84,9.94
Kamareddy,18.3228,78.3417,2019,13,2.24,56.61,27.18,44.85,9.22
Kamareddy,18.3228,78.3417,2020,1,0.32,57.83,22.52,34.55,11.05
Kamareddy,18.3228,78.3417,2020,2,0.06,42.6,25.0,35.78,15.32
Kamareddy,18.3228,78.3417,2020,3,0.5,36.41,29.66,39.55,17.84
Kamareddy,18.3228,78.3417,2020,4,0.33,31.21,33.32,41.94,22.8
Kamareddy,18.3228,78.3417,2020,5,1.01,31.3,34.98,44.67,25.55
Kamareddy,18.3228,78.3417,2020,6,5.79,69.88,28.37,37.89,22.4
Kamareddy,18.3228,78.3417,2020,7,6.51,81.89,26.55,33.34,21.35
Kamareddy,18.3228,78.3417,2020,8,7.04,85.71,25.87,31.38,22.22
Kamareddy,18.3228,78.3417,2020,9,6.87,86.43,25.94,31.26,21.36
Kamareddy,18.3228,78.3417,2020,10,3.78,84.7,24.57,30.53,17.75
Kamareddy,18.3228,78.3417,2020,11,0.06,78.0,21.56,30.48,11.48
Kamareddy,18.3228,78.3417,2020,12,0.0,65.64,20.57,30.42,10.24
Kamareddy,18.3228,78.3417,2020,13,2.7,62.7,26.58,44.67,10.24
Kamareddy,18.3228,78.3417,2021,1,0.02,57.46,23.58,33.67,14.16
Kamareddy,18.3228,78.3417,2021,2,0.04,33.95,24.44,37.29,12.06
Kamareddy,18.3228,78.3417,2021,3,0.02,23.71,29.71,41.42,17.48
Kamareddy,18.3228,78.3417,2021,4,0.37,29.37,32.54,41.68,22.2
Kamareddy,18.3228,78.3417,2021,5,1.51,45.64,32.38,41.23,23.96
Kamareddy,18.3228,78.3417,2021,6,5.62,72.6,27.79,38.16,22.02
Kamareddy,18.3228,78.3417,2021,7,11.81,83.97,26.27,32.11,21.89
Kamareddy,18.3228,78.3417,2021,8,5.32,85.31,25.8,31.16,21.76
Kamareddy,18.3228,78.3417,2021,9,10.81,88.59,25.26,30.3,19.66
Kamareddy,18.3228,78.3417,2021,10,1.65,83.2,24.16,30.6,16.38
Kamareddy,18.3228,78.3417,2021,11,0.34,83.08,22.53,30.58,13.14
Kamareddy,18.3228,78.3417,2021,12,0.02,69.88,20.55,29.6,9.6
Kamareddy,18.3228,78.3417,2021,13,3.14,63.24,26.26,41.68,9.6
Kamareddy,18.3228,78.3417,2022,1,0.67,61.35,20.74,32.17,8.78
Kamareddy,18.3228,78.3417,2022,2,0.01,40.95,24.22,36.14,11.65
Kamareddy,18.3228,78.3417,2022,3,0.01,24.62,30.35,42.04,18.01
Kamareddy,18.3228,78.3417,2022,4,0.03,28.86,34.15,43.8,22.42
Kamareddy,18.3228,78.3417,2022,5,1.0,38.75,33.89,43.55,23.93
Kamareddy,18.3228,78.3417,2022,6,3.38,60.68,30.09,42.83,23.19
Kamareddy,18.3228,78.3417,2022,7,20.42,86.58,25.54,35.52,21.67
Kamareddy,18.3228,78.3417,2022,8,4.31,86.68,25.49,30.5,21.54
Kamareddy,18.3228,78.3417,2022,9,7.18,86.79,25.4,31.97,20.12
Kamareddy,18.3228,78.3417,2022,10,2.74,83.45,23.54,29.7,14.09
Kamareddy,18.3228,78.3417,2022,11,0.0,74.91,20.58,29.15,11.5
Kamareddy,18.3228,78.3417,2022,12,0.06,65.05,22.57,32.58,11.51
Kamareddy,18.3228,78.3417,2022,13,3.35,61.71,26.38,43.8,8.78
Kamareddy,18.3228,78.3417,2023,1,0.0,48.15,22.72,33.07,9.61
Kamareddy,18.3228,78.3417,2023,2,0.0,22.81,25.48,37.88,12.81
Kamareddy,18.3228,78.3417,2023,3,1.07,36.62,28.15,38.86,18.24
Kamareddy,18.3228,78.3417,2023,4,2.76,36.92,31.65,41.92,20.16
Kamareddy,18.3228,78.3417,2023,5,1.87,47.76,31.89,41.99,22.06
Kamareddy,18.3228,78.3417,2023,6,1.91,47.51,32.12,41.95,21.78
Kamareddy,18.3228,78.3417,2023,7,16.6,81.01,26.4,34.31,21.98
Kamareddy,18.3228,78.3417,2023,8,1.93,83.72,25.79,30.96,21.6
Kamareddy,18.3228,78.3417,2023,9,8.04,86.97,25.69,30.99,21.15
Kamareddy,18.3228,78.3417,2023,10,0.05,76.93,23.85,30.55,14.08
Kamareddy,18.3228,78.3417,2023,11,1.49,74.14,23.17,31.37,14.6
Kamareddy,18.3228,78.3417,2023,12,0.06,63.94,20.83,30.97,10.75
Kamareddy,18.3228,78.3417,2023,13,3.0,59.14,26.47,41.99,9.61
Kamareddy,18.3228,78.3417,2024,1,0.0,50.12,23.4,33.3,12.06
Kamareddy,18.3228,78.3417,2024,2,0.0,36.07,26.8,36.4,16.05
Kamareddy,18.3228,78.3417,2024,3,0.54,32.24,30.42,41.73,18.71
Kamareddy,18.3228,78.3417,2024,4,0.54,31.73,34.07,43.61,24.79
Kamareddy,18.3228,78.3417,2024,5,2.11,42.93,33.3,43.89,23.52
Kamareddy,18.3228,78.3417,2024,6,4.73,67.93,29.16,42.58,22.19
Kamareddy,18.3228,78.3417,2024,7,8.09,81.62,26.4,34.23,21.56
Kamareddy,18.3228,78.3417,2024,8,7.55,85.51,26.26,31.37,22.23
Kamareddy,18.3228,78.3417,2024,9,7.82,87.37,25.36,30.49,20.55
Kamareddy,18.3228,78.3417,2024,10,1.75,85.18,25.34,30.95,18.7
Kamareddy,18.3228,78.3417,2024,11,0.05,74.79,21.25,30.09,12.41
Kamareddy,18.3228,78.3417,2024,12,0.21,65.84,22.12,31.76,9.16
Kamareddy,18.3228,78.3417,2024,13,2.79,61.88,26.99,43.89,9.16
Karimnagar,18.4386,79.1288,2000,1,0.0,34.33,23.69,36.16,10.68
Karimnagar,18.4386,79.1288,2000,2,1.31,50.46,25.86,36.12,12.94
Karimnagar,18.4386,79.1288,2000,3,0.01,25.36,28.91,40.49,14.42
Karimnagar,18.4386,79.1288,2000,4,0.04,25.54,35.53,46.48,21.09
Karimnagar,18.4386,79.1288,2000,5,0.74,40.05,34.2,45.82,24.84
Karimnagar,18.4386,79.1288,2000,6,4.02,68.31,28.93,36.65,23.21
Karimnagar,18.4386,79.1288,2000,7,5.74,77.46,27.25,35.41,22.19
Karimnagar,18.4386,79.1288,2000,8,9.07,82.0,26.71,33.74,21.85
Karimnagar,18.4386,79.1288,2000,9,2.12,82.19,26.44,32.37,21.56
Karimnagar,18.4386,79.1288,2000,10,0.35,67.29,26.75,35.96,15.99
Karimnagar,18.4386,79.1288,2000,11,0.03,52.64,24.84,35.17,14.68
Karimnagar,18.4386,79.1288,2000,12,0.01,25.37,22.57,33.46,12.19
Karimnagar,18.4386,79.1288,2000,13,1.96,52.54,27.64,46.48,10.68
Karimnagar,18.4386,79.1288,2001,1,0.16,36.22,23.72,35.72,10.98
Karimnagar,18.4386,79.1288,2001,2,0.0,24.5,26.89,40.03,13.32
Karimnagar,18.4386,79.1288,2001,3,0.56,35.84,30.84,41.85,20.49
Karimnagar,18.4386,79.1288,2001,4,1.96,42.4,32.37,44.71,21.91
Karimnagar,18.4386,79.1288,2001,5,0.13,30.3,36.63,46.6,27.48
Karimnagar,18.4386,79.1288,2001,6,2.97,64.56,29.17,41.46,21.31
Karimnagar,18.4386,79.1288,2001,7,3.5,68.32,28.57,38.19,23.08
Karimnagar,18.4386,79.1288,2001,8,6.77,83.92,26.19,32.02,22.23
Karimnagar,18.4386,79.1288,2001,9,2.2,79.2,27.14,34.9,22.42
Karimnagar,18.4386,79.1288,2001,10,3.1,79.23,25.43,33.02,16.58
Karimnagar,18.4386,79.1288,2001,11,0.1,65.06,24.61,33.72,14.07
Karimnagar,18.4386,79.1288,2001,12,0.0,44.71,21.99,33.51,12.98
Karimnagar,18.4386,79.1288,2001,13,1.8,54.68,27.8,46.6,10.98
Karimnagar,18.4386,79.1288,2002,1,1.26,52.87,22.52,34.9,11.28
Karimnagar,18.4386,79.1288,2002,2,0.03,40.11,26.8,38.24,16.23
Karimnagar,18.4386,79.1288,2002,3,0.13,29.56,31.06,41.63,18.95
Karimnagar,18.4386,79.1288,2002,4,0.09,28.41,35.33,45.0,24.03
Karimnagar,18.4386,79.1288,2002,5,0.96,31.84,36.61,46.77,26.64
Karimnagar,18.4386,79.1288,2002,6,5.5,64.2,30.52,40.19,23.88
Karimnagar,18.4386,79.1288,2002,7,3.25,69.87,28.79,36.57,23.5
Karimnagar,18.4386,79.1288,2002,8,11.62,84.34,26.15,31.79,21.13
Karimnagar,18.4386,79.1288,2002,9,1.39,80.08,26.45,33.1,21.06
Karimnagar,18.4386,79.1288,2002,10,1.59,69.67,26.14,35.23,16.25
Karimnagar,18.4386,79.1288,2002,11,0.05,47.59,24.32,34.95,14.06
Karimnagar,18.4386,79.1288,2002,12,0.02,39.96,23.98,34.67,14.04
Karimnagar,18.4386,79.1288,2002,13,2.18,53.3,28.22,46.77,11.28
Karimnagar,18.4386,79.1288,2003,1,0.0,38.1,24.09,36.04,10.46
Karimnagar,18.4386,79.1288,2003,2,0.15,42.91,28.08,38.26,17.62
Karimnagar,18.4386,79.1288,2003,3,0.25,34.63,30.63,41.53,16.06
Karimnagar,18.4386,79.1288,2003,4,0.34,30.85,34.76,45.58,22.97
Karimnagar,18.4386,79.1288,2003,5,0.0,21.86,36.63,46.25,26.09
Karimnagar,18.4386,79.1288,2003,6,3.51,51.61,32.44,47.08,24.1
Karimnagar,18.4386,79.1288,2003,7,11.21,81.79,27.0,33.02,23.41
Karimnagar,18.4386,79.1288,2003,8,7.11,86.85,26.1,31.15,21.83
Karimnagar,18.4386,79.1288,2003,9,2.96,86.11,26.12,31.18,22.37
Karimnagar,18.4386,79.1288,2003,10,4.21,83.88,25.01,31.66,15.32
Karimnagar,18.4386,79.1288,2003,11,0.02,72.93,22.39,30.22,13.54
Karimnagar,18.4386,79.1288,2003,12,0.24,64.06,20.79,30.81,11.11
Karimnagar,18.4386,79.1288,2003,13,2.53,58.06,27.82,47.08,10.46
Karimnagar,18.4386,79.1288,2004,1,1.34,60.65,21.8,33.43,11.88
Karimnagar,18.4386,79.1288,2004,2,0.79,50.21,23.47,38.08,9.24
Karimnagar,18.4386,79.1288,2004,3,0.24,29.78,30.97,42.57,18.75
Karimnagar,18.4386,79.1288,2004,4,0.55,34.33,34.0,45.48,22.36
Karimnagar,18.4386,79.1288,2004,5,0.6,44.7,33.62,43.88,25.42
Karimnagar,18.4386,79.1288,2004,6,1.63,53.48,31.64,42.83,24.15
Karimnagar,18.4386,79.1288,2004,7,7.94,79.33,27.12,34.66,22.74
Karimnagar,18.4386,79.1288,2004,8,2.72,80.25,26.86,32.86,22.31
Karimnagar,18.4386,79.1288,2004,9,2.51,79.51,27.05,33.36,22.31
Karimnagar,18.4386,79.1288,2004,10,2.47,74.4,25.43,32.71,15.23
Karimnagar,18.4386,79.1288,2004,11,0.1,60.13,24.07,33.75,13.93
Karimnagar,18.4386,79.1288,2004,12,0.0,47.87,22.24,32.78,13.0
Karimnagar,18.4386,79.1288,2004,13,1.75,57.94,27.36,45.48,9.24
Karimnagar,18.4386,79.1288,2005,1,1.61,48.15,23.64,34.14,11.81
Karimnagar,18.4386,79.1288,2005,2,0.08,45.47,26.1,38.68,11.75
Karimnagar,18.4386,79.1288,2005,3,0.19,32.65,30.37,42.14,18.53
Karimnagar,18.4386,79.1288,2005,4,0.3,35.34,33.82,43.5,25.06
Karimnagar,18.4386,79.1288,2005,5,0.51,29.68,36.02,46.44,25.38
Karimnagar,18.4386,79.1288,2005,6,5.73,52.81,32.75,45.35,22.97
Karimnagar,18.4386,79.1288,2005,7,11.29,82.76,26.87,34.69,21.87
Karimnagar,18.4386,79.1288,2005,8,4.51,86.14,26.28,31.51,22.72
Karimnagar,18.4386,79.1288,2005,9,8.38,87.52,26.19,30.99,21.53
Karimnagar,18.4386,79.1288,2005,10,5.6,85.51,24.78,31.56,18.0
Karimnagar,18.4386,79.1288,2005,11,0.03,74.56,19.75,27.44,11.3
Karimnagar,18.4386,79.1288,2005,12,0.22,67.99,19.33,28.39,9.05
Karimnagar,18.4386,79.1288,2005,13,3.23,60.82,27.16,46.44,9.05
Karimnagar,18.4386,79.1288,2006,1,0.0,51.63,21.29,34.16,8.66
Karimnagar,18.4386,79.1288,2006,2,0.0,34.86,26.27,38.76,14.14
Karimnagar,18.4386,79.1288,2006,3,1.42,46.0,28.92,40.84,16.98
Karimnagar,18.4386,79.1288,2006,4,1.32,35.94,33.51,44.92,22.26
Karimnagar,18.4386,79.1288,2006,5,2.09,49.38,33.02,45.0,24.86
Karimnagar,18.4386,79.1288,2006,6,2.94,57.92,30.99,40.48,24.48
Karimnagar,18.4386,79.1288,2006,7,6.01,73.53,28.01,36.46,22.58
Karimnagar,18.4386,79.1288,2006,8,10.88,84.59,26.18,32.39,21.85
Karimnagar,18.4386,79.1288,2006,9,10.09,85.97,26.11,32.07,20.72
Karimnagar,18.4386,79.1288,2006,10,1.21,78.96,25.37,32.18,18.25
Karimnagar,18.4386,79.1288,2006,11,1.15,77.4,22.88,30.46,14.41
Karimnagar,18.4386,79.1288,2006,12,0.0,65.79,21.92,30.86,11.51
Karimnagar,18.4386,79.1288,2006,13,3.11,62.03,27.03,45.0,8.66
Karimnagar,18.4386,79.1288,2007,1,0.0,51.54,22.79,34.16,12.54
Karimnagar,18.4386,79.1288,2007,2,0.03,41.12,26.05,37.7,15.13
Karimnagar,18.4386,79.1288,2007,3,0.01,31.15,30.49,41.83,17.98
Karimnagar,18.4386,79.1288,2007,4,0.5,32.57,34.01,44.17,23.62
Karimnagar,18.4386,79.1288,2007,5,0.88,30.09,36.58,45.82,26.8
Karimnagar,18.4386,79.1288,2007,6,5.3,64.8,30.5,41.38,23.78
Karimnagar,18.4386,79.1288,2007,7,2.81,74.91,28.09,35.96,23.12
Karimnagar,18.4386,79.1288,2007,8,6.58,82.33,26.71,32.89,22.31
Karimnagar,18.4386,79.1288,2007,9,9.08,87.41,26.25,31.5,21.68
Karimnagar,18.4386,79.1288,2007,10,0.79,79.27,23.19,30.19,15.35
Karimnagar,18.4386,79.1288,2007,11,0.09,66.63,21.84,30.66,11.0
Karimnagar,18.4386,79.1288,2007,12,0.0,59.05,22.59,34.1,13.25
Karimnagar,18.4386,79.1288,2007,13,2.17,58.5,27.43,45.82,11.0
Karimnagar,18.4386,79.1288,2008,1,0.07,40.94,22.91,33.75,11.56
Karimnagar,18.4386,79.1288,2008,2,0.72,44.37,24.99,36.8,10.95
Karimnagar,18.4386,79.1288,2008,3,4.1,42.2,29.01,40.35,17.52
Karimnagar,18.4386,79.1288,2008,4,0.12,41.56,31.96,44.45,20.24
Karimnagar,18.4386,79.1288,2008,5,0.29,24.59,36.09,45.58,26.2
Karimnagar,18.4386,79.1288,2008,6,4.53,63.56,29.55,42.36,23.4
Karimnagar,18.4386,79.1288,2008,7,5.55,73.68,28.03,36.17,22.83
Karimnagar,18.4386,79.1288,2008,8,10.08,85.4,26.25,31.93,22.31
Karimnagar,18.4386,79.1288,2008,9,7.19,85.72,25.9,31.67,19.74
Karimnagar,18.4386,79.1288,2008,10,1.17,77.34,24.8,31.03,14.44
Karimnagar,18.4386,79.1288,2008,11,0.65,70.51,23.37,32.0,13.4
Karimnagar,18.4386,79.1288,2008,12,0.0,52.83,23.16,32.76,12.85
Karimnagar,18.4386,79.1288,2008,13,2.88,58.56,27.17,45.58,10.95
Karimnagar,18.4386,79.1288,2009,1,0.0,47.3,24.01,37.04,13.71
Karimnagar,18.4386,79.1288,2009,2,0.0,30.3,27.94,40.8,16.92
Karimnagar,18.4386,79.1288,2009,3,0.18,26.02,30.93,42.19,19.75
Karimnagar,18.4386,79.1288,2009,4,0.27,26.01,34.29,44.87,23.28
Karimnagar,18.4386,79.1288,2009,5,0.88,33.57,35.71,46.19,26.94
Karimnagar,18.4386,79.1288,2009,6,4.02,55.18,31.96,42.77,24.8
Karimnagar,18.4386,79.1288,2009,7,5.47,76.14,27.67,34.49,22.8
Karimnagar,18.4386,79.1288,2009,8,7.67,79.46,27.49,35.27,22.74
Karimnagar,18.4386,79.1288,2009,9,2.61,83.19,27.07,33.03,22.15
Karimnagar,18.4386,79.1288,2009,10,1.81,71.87,25.48,33.18,15.97
Karimnagar,18.4386,79.1288,2009,11,2.58,70.93,23.81,34.48,11.59
Karimnagar,18.4386,79.1288,2009,12,0.06,60.42,22.26,31.54,12.08
Karimnagar,18.4386,79.1288,2009,13,2.14,55.19,28.21,46.19,11.59
Karimnagar,18.4386,79.1288,2010,1,0.24,44.06,22.18,33.05,11.43
Karimnagar,18.4386,79.1288,2010,2,0.3,37.98,27.55,38.34,14.92
Karimnagar,18.4386,79.1288,2010,3,0.01,27.37,32.38,43.2,18.54
Karimnagar,18.4386,79.1288,2010,4,0.08,27.23,35.69,45.46,22.13
Karimnagar,18.4386,79.1288,2010,5,0.51,33.91,36.2,47.1,25.97
Karimnagar,18.4386,79.1288,2010,6,2.58,52.7,32.72,45.48,24.98
Karimnagar,18.4386,79.1288,2010,7,12.66,83.66,26.95,33.74,22.89
Karimnagar,18.4386,79.1288,2010,8,12.31,86.79,26.53,31.9,21.15
Karimnagar,18.4386,79.1288,2010,9,8.92,88.2,25.82,30.74,21.24
Karimnagar,18.4386,79.1288,2010,10,3.0,85.97,24.97,31.21,15.74
Karimnagar,18.4386,79.1288,2010,11,0.94,85.11,24.16,29.93,18.19
Karimnagar,18.4386,79.1288,2010,12,0.47,75.37,19.79,28.3,9.03
Karimnagar,18.4386,79.1288,2010,13,3.53,60.85,27.9,47.1,9.03
Karimnagar,18.4386,79.1288,2011,1,0.0,59.73,20.17,32.66,8.81
Karimnagar,18.4386,79.1288,2011,2,0.44,51.93,24.87,34.77,14.46
Karimnagar,18.4386,79.1288,2011,3,0.06,32.11,29.97,41.5,18.55
Karimnagar,18.4386,79.1288,2011,4,0.17,37.19,32.71,43.34,21.34
Karimnagar,18.4386,79.1288,2011,5,0.46,29.83,35.99,45.73,27.3
Karimnagar,18.4386,79.1288,2011,6,2.83,58.13,30.97,42.33,24.72
Karimnagar,18.4386,79.1288,2011,7,6.66,76.16,27.84,34.96,23.38
Karimnagar,18.4386,79.1288,2011,8,6.4,82.81,26.71,34.02,22.27
Karimnagar,18.4386,79.1288,2011,9,2.45,83.37,26.39,32.36,21.02
Karimnagar,18.4386,79.1288,2011,10,0.55,70.73,26.37,34.65,17.81
Karimnagar,18.4386,79.1288,2011,11,0.03,53.79,24.78,34.54,15.08
Karimnagar,18.4386,79.1288,2011,12,0.02,40.75,22.96,34.36,13.05
Karimnagar,18.4386,79.1288,2011,13,1.69,56.39,27.49,45.73,8.81
Karimnagar,18.4386,79.1288,2012,1,0.07,43.13,24.18,35.36,9.25
Karimnagar,18.4386,79.1288,2012,2,0.0,29.96,26.52,39.71,12.8
Karimnagar,18.4386,79.1288,2012,3,0.01,19.4,29.59,41.63,15.46
Karimnagar,18.4386,79.1288,2012,4,0.29,31.93,34.52,43.72,24.06
Karimnagar,18.4386,79.1288,2012,5,0.12,26.19,36.89,46.19,26.78
Karimnagar,18.4386,79.1288,2012,6,2.95,55.0,31.41,45.65,24.56
Karimnagar,18.4386,79.1288,2012,7,9.3,78.11,27.19,35.46,21.95
Karimnagar,18.4386,79.1288,2012,8,7.61,83.59,26.45,32.32,22.4
Karimnagar,18.4386,79.1288,2012,9,5.3,86.27,26.09,31.6,21.28
Karimnagar,18.4386,79.1288,2012,10,2.03,79.34,24.43,31.19,14.86
Karimnagar,18.4386,79.1288,2012,11,0.7,75.34,22.8,31.45,10.24
Karimnagar,18.4386,79.1288,2012,12,0.0,58.38,22.75,33.71,11.44
Karimnagar,18.4386,79.1288,2012,13,2.38,55.62,27.73,46.19,9.25
Karimnagar,18.4386,79.1288,2013,1,0.11,47.2,24.19,34.94,13.18
Karimnagar,18.4386,79.1288,2013,2,0.91,47.17,25.8,36.69,12.1
Karimnagar,18.4386,79.1288,2013,3,0.01,31.0,30.21,41.64,15.56
Karimnagar,18.4386,79.1288,2013,4,1.33,36.32,33.29,43.41,23.84
Karimnagar,18.4386,79.1288,2013,5,0.38,31.52,36.57,47.95,26.73
Karimnagar,18.4386,79.1288,2013,6,7.07,73.35,28.38,37.22,22.96
Karimnagar,18.4386,79.1288,2013,7,13.2,83.12,26.42,33.44,22.56
Karimnagar,18.4386,79.1288,2013,8,5.14,86.66,25.83,31.29,22.35
Karimnagar,18.4386,79.1288,2013,9,4.8,85.16,26.24,31.01,21.67
Karimnagar,18.4386,79.1288,2013,10,6.67,85.37,24.88,30.62,15.69
Karimnagar,18.4386,79.1288,2013,11,0.26,81.43,21.72,29.25,12.02
Karimnagar,18.4386,79.1288,2013,12,0.0,71.82,19.68,29.08,9.72
Karimnagar,18.4386,79.1288,2013,13,3.34,63.41,26.94,47.95,9.72
Karimnagar,18.4386,79.1288,2014,1,0.0,63.66,22.16,30.95,12.92
Karimnagar,18.4386,79.1288,2014,2,0.18,44.6,24.7,35.27,12.82
Karimnagar,18.4386,79.1288,2014,3,2.08,50.79,28.19,42.29,16.35
Karimnagar,18.4386,79.1288,2014,4,0.39,29.08,34.01,43.6,23.53
Karimnagar,18.4386,79.1288,2014,5,1.93,41.98,33.87,45.38,23.43
Karimnagar,18.4386,79.1288,2014,6,1.8,46.57,33.57,45.4,25.71
Karimnagar,18.4386,79.1288,2014,7,5.08,69.16,28.68,40.29,23.32
Karimnagar,18.4386,79.1288,2014,8,4.67,75.31,27.91,35.47,23.42
Karimnagar,18.4386,79.1288,2014,9,3.98,80.76,26.21,32.99,20.05
Karimnagar,18.4386,79.1288,2014,10,0.52,68.77,26.35,35.82,15.74
Karimnagar,18.4386,79.1288,2014,11,0.08,53.92,24.76,34.65,14.56
Karimnagar,18.4386,79.1288,2014,12,0.03,46.07,22.22,33.24,10.76
Karimnagar,18.4386,79.1288,2014,13,1.74,56.02,27.72,45.4,10.76
Karimnagar,18.4386,79.1288,2015,1,0.87,50.87,21.1,34.37,9.08
Karimnagar,18.4386,79.1288,2015,2,0.08,35.27,25.95,37.56,13.61
Karimnagar,18.4386,79.1288,2015,3,0.84,40.92,29.22,40.77,15.99
Karimnagar,18.4386,79.1288,2015,4,1.27,40.08,32.02,43.27,19.88
Karimnagar,18.4386,79.1288,2015,5,0.19,30.67,36.04,47.11,25.79
Karimnagar,18.4386,79.1288,2015,6,5.02,62.1,30.42,41.34,23.58
Karimnagar,18.4386,79.1288,2015,7,3.23,67.53,29.28,36.78,23.43
Karimnagar,18.4386,79.1288,2015,8,3.25,75.34,27.96,36.04,23.17
Karimnagar,18.4386,79.1288,2015,9,3.52,75.88,27.67,35.02,19.93
Karimnagar,18.4386,79.1288,2015,10,0.33,61.09,28.12,37.52,20.47
Karimnagar,18.4386,79.1288,2015,11,0.01,54.84,26.77,35.67,18.7
Karimnagar,18.4386,79.1288,2015,12,0.0,43.72,25.5,36.38,11.57
Karimnagar,18.4386,79.1288,2015,13,1.55,53.28,28.35,47.11,9.08
Karimnagar,18.4386,79.1288,2016,1,0.07,36.91,23.64,36.91,11.26
Karimnagar,18.4386,79.1288,2016,2,0.31,37.76,28.32,40.35,15.61
Karimnagar,18.4386,79.1288,2016,3,0.11,36.59,31.27,41.9,20.6
Karimnagar,18.4386,79.1288,2016,4,0.21,27.93,35.42,45.25,23.95
Karimnagar,18.4386,79.1288,2016,5,1.15,36.81,35.48,45.29,25.24
Karimnagar,18.4386,79.1288,2016,6,6.42,62.78,30.69,44.13,24.08
Karimnagar,18.4386,79.1288,2016,7,9.94,81.76,26.97,33.1,22.71
Karimnagar,18.4386,79.1288,2016,8,3.39,81.45,26.89,32.58,22.44
Karimnagar,18.4386,79.1288,2016,9,8.24,86.73,25.85,31.65,20.59
Karimnagar,18.4386,79.1288,2016,10,2.92,79.8,23.89,30.9,15.74
Karimnagar,18.4386,79.1288,2016,11,0.0,70.17,21.02,30.86,11.55
Karimnagar,18.4386,79.1288,2016,12,0.01,57.22,20.62,30.99,10.22
Karimnagar,18.4386,79.1288,2016,13,2.73,58.06,27.49,45.29,10.22
Karimnagar,18.4386,79.1288,2017,1,0.0,42.96,22.27,34.53,11.35
Karimnagar,18.4386,79.1288,2017,2,0.0,28.38,26.3,39.14,15.11
Karimnagar,18.4386,79.1288,2017,3,0.74,32.1,29.71,43.18,17.0
Karimnagar,18.4386,79.1288,2017,4,0.03,20.94,34.72,45.46,21.5
Karimnagar,18.4386,79.1288,2017,5,0.94,33.01,36.07,45.97,25.6
Karimnagar,18.4386,79.1288,2017,6,6.99,68.86,29.66,43.3,23.41
Karimnagar,18.4386,79.1288,2017,7,8.64,76.31,27.77,34.41,23.3
Karimnagar,18.4386,79.1288,2017,8,5.14,81.66,26.78,32.7,21.27
Karimnagar,18.4386,79.1288,2017,9,3.73,82.6,27.04,32.59,22.36
Karimnagar,18.4386,79.1288,2017,10,3.36,79.31,25.75,32.09,16.71
Karimnagar,18.4386,79.1288,2017,11,0.38,69.86,23.2,32.98,12.79
Karimnagar,18.4386,79.1288,2017,12,0.0,52.94,21.24,31.77,11.81
Karimnagar,18.4386,79.1288,2017,13,2.51,55.92,27.54,45.97,11.35
Karimnagar,18.4386,79.1288,2018,1,0.0,33.76,21.88,33.41,11.42
Karimnagar,18.4386,79.1288,2018,2,0.08,33.31,25.94,38.11,14.29
Karimnagar,18.4386,79.1288,2018,3,0.13,26.01,30.71,42.27,18.77
Karimnagar,18.4386,79.1288,2018,4,0.51,34.29,33.95,45.43,23.09
Karimnagar,18.4386,79.1288,2018,5,0.7,37.9,35.45,45.06,25.81
Karimnagar,18.4386,79.1288,2018,6,5.48,64.65,30.04,40.71,23.56
Karimnagar,18.4386,79.1288,2018,7,7.55,79.07,27.07,35.44,23.14
Karimnagar,18.4386,79.1288,2018,8,10.84,83.47,26.31,32.76,21.99
Karimnagar,18.4386,79.1288,2018,9,2.46,81.86,26.06,31.55,20.08
Karimnagar,18.4386,79.1288,2018,10,0.08,67.82,25.97,34.87,16.26
Karimnagar,18.4386,79.1288,2018,11,0.0,53.26,25.63,35.34,14.62
Karimnagar,18.4386,79.1288,2018,12,0.67,54.27,22.02,33.13,8.73
Karimnagar,18.4386,79.1288,2018,13,2.4,54.26,27.58,45.43,8.73
Karimnagar,18.4386,79.1288,2019,1,0.59,44.27,21.41,33.2,7.4
Karimnagar,18.4386,79.1288,2019,2,0.02,40.28,25.78,39.86,10.18
Karimnagar,18.4386,79.1288,2019,3,0.04,31.07,30.91,43.69,17.33
Karimnagar,18.4386,79.1288,2019,4,0.68,31.61,34.46,45.3,23.38
Karimnagar,18.4386,79.1288,2019,5,0.11,26.99,37.07,46.45,27.7
Karimnagar,18.4386,79.1288,2019,6,2.48,49.3,33.56,45.06,24.37
Karimnagar,18.4386,79.1288,2019,7,7.03,71.42,28.66,37.71,23.21
Karimnagar,18.4386,79.1288,2019,8,11.14,85.24,26.55,32.46,22.35
Karimnagar,18.4386,79.1288,2019,9,7.1,87.32,26.4,31.37,22.76
Karimnagar,18.4386,79.1288,2019,10,5.01,86.96,25.32,30.27,21.37
Karimnagar,18.4386,79.1288,2019,11,0.2,83.01,22.3,29.54,14.13
Karimnagar,18.4386,79.1288,2019,12,0.04,78.76,20.77,28.26,9.46
Karimnagar,18.4386,79.1288,2019,13,2.9,59.81,27.77,46.45,7.4
Karimnagar,18.4386,79.1288,2020,1,0.26,67.75,21.74,33.07,10.39
Karimnagar,18.4386,79.1288,2020,2,0.2,52.15,24.47,35.35,13.57
Karimnagar,18.4386,79.1288,2020,3,0.68,43.87,29.71,40.31,20.16
Karimnagar,18.4386,79.1288,2020,4,0.6,34.36,33.85,43.08,24.86
Karimnagar,18.4386,79.1288,2020,5,1.35,33.57,35.78,46.36,26.42
Karimnagar,18.4386,79.1288,2020,6,6.74,72.0,29.16,38.7,23.12
Karimnagar,18.4386,79.1288,2020,7,10.17,83.27,27.32,33.61,22.59
Karimnagar,18.4386,79.1288,2020,8,16.66,88.36,26.46,32.04,22.48
Karimnagar,18.4386,79.1288,2020,9,7.57,87.51,26.7,31.36,22.76
Karimnagar,18.4386,79.1288,2020,10,4.11,86.38,25.13,30.66,18.03
Karimnagar,18.4386,79.1288,2020,11,0.14,82.33,22.02,30.02,12.6
Karimnagar,18.4386,79.1288,2020,12,0.0,69.99,20.52,28.53,9.16
Karimnagar,18.4386,79.1288,2020,13,4.06,66.85,26.91,46.36,9.16
Karimnagar,18.4386,79.1288,2021,1,0.03,64.22,22.97,32.89,13.9
Karimnagar,18.4386,79.1288,2021,2,0.04,40.37,24.34,37.97,11.69
Karimnagar,18.4386,79.1288,2021,3,0.0,26.67,30.03,42.83,17.02
Karimnagar,18.4386,79.1288,2021,4,0.41,31.6,33.26,42.81,22.57
Karimnagar,18.4386,79.1288,2021,5,1.36,43.52,33.92,43.33,25.83
Karimnagar,18.4386,79.1288,2021,6,8.36,75.0,28.37,37.07,23.55
Karimnagar,18.4386,79.1288,2021,7,11.84,84.66,27.07,32.58,22.73
Karimnagar,18.4386,79.1288,2021,8,5.58,85.31,26.74,32.1,22.21
Karimnagar,18.4386,79.1288,2021,9,9.66,87.41,26.37,31.46,21.15
Karimnagar,18.4386,79.1288,2021,10,1.04,83.66,25.11,30.95,17.0
Karimnagar,18.4386,79.1288,2021,11,1.47,83.01,23.62,30.45,14.16
Karimnagar,18.4386,79.1288,2021,12,0.04,71.94,21.03,29.41,8.9
Karimnagar,18.4386,79.1288,2021,13,3.33,64.93,26.91,43.33,8.9
Karimnagar,18.4386,79.1288,2022,1,2.12,68.29,20.48,31.06,7.94
Karimnagar,18.4386,79.1288,2022,2,0.0,51.15,23.4,35.91,10.6
Karimnagar,18.4386,79.1288,2022,3,0.0,28.84,30.82,43.11,16.52
Karimnagar,18.4386,79.1288,2022,4,0.01,31.0,35.0,45.27,24.38
Karimnagar,18.4386,79.1288,2022,5,0.82,40.16,34.72,45.11,26.87
Karimnagar,18.4386,79.1288,2022,6,5.21,60.4,31.31,44.92,24.22
Karimnagar,18.4386,79.1288,2022,7,21.11,86.79,26.45,34.47,21.85
Karimnagar,18.4386,79.1288,2022,8,8.69,87.48,26.38,31.47,22.2
Karimnagar,18.4386,79.1288,2022,9,7.16,87.35,26.21,31.77,21.33
Karimnagar,18.4386,79.1288,2022,10,1.56,83.92,24.25,30.47,13.61
Karimnagar,18.4386,79.1288,2022,11,0.01,75.03,21.56,29.93,12.47
Karimnagar,18.4386,79.1288,2022,12,0.04,66.36,23.11,33.19,12.4
Karimnagar,18.4386,79.1288,2022,13,3.93,64.01,26.99,45.27,7.94
Karimnagar,18.4386,79.1288,2023,1,0.01,53.69,22.99,32.93,9.59
Karimnagar,18.4386,79.1288,2023,2,0.0,27.0,25.91,38.24,13.66
Karimnagar,18.4386,79.1288,2023,3,1.09,40.13,28.97,40.36,18.94
Karimnagar,18.4386,79.1288,2023,4,2.87,38.27,32.6,43.57,22.41
Karimnagar,18.4386,79.1288,2023,5,1.21,44.75,33.33,43.8,22.87
Karimnagar,18.4386,79.1288,2023,6,1.45,43.81,33.87,44.1,22.82
Karimnagar,18.4386,79.1288,2023,7,21.57,81.0,27.44,36.5,22.86
Karimnagar,18.4386,79.1288,2023,8,2.79,84.8,26.6,31.14,22.45
Karimnagar,18.4386,79.1288,2023,9,6.86,86.31,26.69,31.8,22.57
Karimnagar,18.4386,79.1288,2023,10,0.1,77.83,24.58,31.38,14.21
Karimnagar,18.4386,79.1288,2023,11,0.39,73.51,24.13,32.43,15.93
Karimnagar,18.4386,79.1288,2023,12,0.49,63.92,21.53,33.65,10.64
Karimnagar,18.4386,79.1288,2023,13,3.27,59.84,27.38,44.1,9.59
Karimnagar,18.4386,79.1288,2024,1,0.0,54.4,23.76,33.13,13.21
Karimnagar,18.4386,79.1288,2024,2,0.01,40.52,27.23,37.07,17.1
Karimnagar,18.4386,79.1288,2024,3,0.2,33.51,31.42,42.81,20.96
Karimnagar,18.4386,79.1288,2024,4,0.18,29.4,35.33,45.63,25.49
Karimnagar,18.4386,79.1288,2024,5,2.81,46.43,33.84,45.39,23.82
Karimnagar,18.4386,79.1288,2024,6,5.42,65.93,30.48,39.68,23.28
Karimnagar,18.4386,79.1288,2024,7,12.53,83.04,27.17,35.03,22.65
Karimnagar,18.4386,79.1288,2024,8,7.69,86.52,27.06,31.93,23.12
Karimnagar,18.4386,79.1288,2024,9,5.72,87.38,26.32,31.32,21.61
Karimnagar,18.4386,79.1288,2024,10,1.32,84.64,26.34,31.91,19.53
Karimnagar,18.4386,79.1288,2024,11,0.12,75.21,22.31,30.54,13.73
Karimnagar,18.4386,79.1288,2024,12,0.26,69.2,22.73,31.91,9.26
Karimnagar,18.4386,79.1288,2024,13,3.04,63.12,27.83,45.63,9.26
Khammam,17.2473,80.1514,2000,1,0.0,51.57,25.12,37.01,13.1
Khammam,17.2473,80.1514,2000,2,2.08,61.71,27.32,37.14,17.58
Khammam,17.2473,80.1514,2000,3,0.0,50.17,29.36,41.08,16.79
Khammam,17.2473,80.1514,2000,4,0.14,44.74,34.32,46.73,22.62
Khammam,17.2473,80.1514,2000,5,1.54,47.76,33.55,45.25,25.87
Khammam,17.2473,80.1514,2000,6,6.6,73.69,28.41,36.61,23.44
Khammam,17.2473,80.1514,2000,7,4.17,78.02,27.67,33.95,23.14
Khammam,17.2473,80.1514,2000,8,11.09,83.1,26.96,33.17,22.44
Khammam,17.2473,80.1514,2000,9,3.3,84.18,26.86,32.08,22.72
Khammam,17.2473,80.1514,2000,10,1.51,79.42,26.04,32.33,16.7
Khammam,17.2473,80.1514,2000,11,0.44,73.33,24.25,32.58,16.35
Khammam,17.2473,80.1514,2000,12,0.11,59.46,22.76,32.5,13.79
Khammam,17.2473,80.1514,2000,13,2.58,65.58,27.71,46.73,13.1
Khammam,17.2473,80.1514,2001,1,0.11,54.8,24.59,35.78,12.34
Khammam,17.2473,80.1514,2001,2,0.0,44.33,27.33,41.09,15.54
Khammam,17.2473,80.1514,2001,3,0.49,49.25,30.88,42.45,19.94
Khammam,17.2473,80.1514,2001,4,3.02,57.28,31.12,43.1,22.18
Khammam,17.2473,80.1514,2001,5,0.33,40.83,35.57,46.81,25.83
Khammam,17.2473,80.1514,2001,6,3.7,64.22,29.78,42.24,22.85
Khammam,17.2473,80.1514,2001,7,2.55,64.83,29.6,38.53,23.71
Khammam,17.2473,80.1514,2001,8,6.24,81.07,27.12,33.16,22.84
Khammam,17.2473,80.1514,2001,9,4.2,80.68,27.56,34.29,23.05
Khammam,17.2473,80.1514,2001,10,4.14,83.08,25.94,31.69,17.79
Khammam,17.2473,80.1514,2001,11,1.09,77.76,24.46,31.77,16.17
Khammam,17.2473,80.1514,2001,12,0.25,65.62,22.13,32.54,13.79
Khammam,17.2473,80.1514,2001,13,2.19,63.74,28.01,46.81,12.34
Khammam,17.2473,80.1514,2002,1,0.82,64.8,23.61,36.79,11.77
Khammam,17.2473,80.1514,2002,2,0.01,53.99,26.93,38.4,17.74
Khammam,17.2473,80.1514,2002,3,0.19,47.52,30.79,42.52,19.92
Khammam,17.2473,80.1514,2002,4,0.11,45.75,33.78,44.37,22.58
Khammam,17.2473,80.1514,2002,5,1.06,40.1,36.1,48.06,25.84
Khammam,17.2473,80.1514,2002,6,3.48,64.91,30.66,40.64,24.61
Khammam,17.2473,80.1514,2002,7,2.21,63.37,30.21,38.95,24.23
Khammam,17.2473,80.1514,2002,8,7.34,77.75,27.64,34.36,22.93
Khammam,17.2473,80.1514,2002,9,1.03,72.15,28.49,37.87,21.98
Khammam,17.2473,80.1514,2002,10,5.35,78.15,26.37,38.34,17.76
Khammam,17.2473,80.1514,2002,11,0.87,68.6,24.02,34.02,13.83
Khammam,17.2473,80.1514,2002,12,0.43,65.04,23.37,33.42,14.82
Khammam,17.2473,80.1514,2002,13,1.93,61.9,28.5,48.06,11.77
Khammam,17.2473,80.1514,2003,1,0.06,62.02,24.34,36.27,14.41
Khammam,17.2473,80.1514,2003,2,0.07,56.9,28.04,38.17,18.16
Khammam,17.2473,80.1514,2003,3,0.35,49.51,30.48,41.8,19.44
Khammam,17.2473,80.1514,2003,4,0.28,46.41,33.5,44.71,23.66
Khammam,17.2473,80.1514,2003,5,0.08,33.13,36.46,46.69,25.76
Khammam,17.2473,80.1514,2003,6,2.69,52.62,32.82,46.88,24.59
Khammam,17.2473,80.1514,2003,7,7.07,78.36,27.86,34.8,23.93
Khammam,17.2473,80.1514,2003,8,3.96,82.3,27.28,33.37,22.5
Khammam,17.2473,80.1514,2003,9,3.74,82.99,27.16,33.8,23.1
Khammam,17.2473,80.1514,2003,10,5.65,82.84,26.16,32.43,16.13
Khammam,17.2473,80.1514,2003,11,0.09,76.34,23.35,30.73,14.6
Khammam,17.2473,80.1514,2003,12,2.17,70.8,21.78,31.44,13.09
Khammam,17.2473,80.1514,2003,13,2.21,64.58,28.26,46.88,13.09
Khammam,17.2473,80.1514,2004,1,0.73,70.19,22.46,32.9,12.59
Khammam,17.2473,80.1514,2004,2,0.19,56.81,25.44,38.16,13.05
Khammam,17.2473,80.1514,2004,3,0.25,47.29,30.66,42.52,19.88
Khammam,17.2473,80.1514,2004,4,0.85,48.56,33.35,45.48,24.2
Khammam,17.2473,80.1514,2004,5,1.57,59.2,31.71,43.88,24.93
Khammam,17.2473,80.1514,2004,6,2.23,59.81,30.84,40.61,24.82
Khammam,17.2473,80.1514,2004,7,5.67,76.33,27.99,35.73,23.32
Khammam,17.2473,80.1514,2004,8,2.77,73.66,28.36,35.79,23.41
Khammam,17.2473,80.1514,2004,9,4.26,80.49,27.55,35.44,22.69
Khammam,17.2473,80.1514,2004,10,3.74,81.38,25.83,32.02,17.67
Khammam,17.2473,80.1514,2004,11,0.32,68.95,23.92,32.87,14.12
Khammam,17.2473,80.1514,2004,12,0.0,62.3,22.85,33.03,13.35
Khammam,17.2473,80.1514,2004,13,1.89,65.47,27.58,45.48,12.59
Khammam,17.2473,80.1514,2005,1,0.73,61.01,25.22,34.7,16.55
Khammam,17.2473,80.1514,2005,2,0.1,51.8,27.54,40.58,14.44
Khammam,17.2473,80.1514,2005,3,0.2,49.73,30.73,42.22,19.01
Khammam,17.2473,80.1514,2005,4,0.47,47.87,33.11,43.32,25.43
Khammam,17.2473,80.1514,2005,5,1.3,47.4,34.53,46.38,25.21
Khammam,17.2473,80.1514,2005,6,2.68,58.38,31.9,44.13,24.45
Khammam,17.2473,80.1514,2005,7,8.35,78.15,27.99,35.8,22.74
Khammam,17.2473,80.1514,2005,8,3.5,83.5,27.09,32.57,23.52
Khammam,17.2473,80.1514,2005,9,9.42,87.13,26.7,32.27,22.19
Khammam,17.2473,80.1514,2005,10,9.21,87.78,25.83,32.32,20.37
Khammam,17.2473,80.1514,2005,11,0.68,82.02,21.04,28.79,13.44
Khammam,17.2473,80.1514,2005,12,0.15,76.85,20.53,28.56,11.12
Khammam,17.2473,80.1514,2005,13,3.09,67.75,27.68,46.38,11.12
Khammam,17.2473,80.1514,2006,1,0.0,66.8,21.7,32.08,10.85
Khammam,17.2473,80.1514,2006,2,0.0,54.69,25.58,38.05,16.17
Khammam,17.2473,80.1514,2006,3,0.92,55.04,29.51,41.99,20.54
Khammam,17.2473,80.1514,2006,4,1.41,49.28,32.79,44.84,22.4
Khammam,17.2473,80.1514,2006,5,1.82,57.95,32.51,44.45,25.2
Khammam,17.2473,80.1514,2006,6,3.78,67.37,29.97,40.15,24.69
Khammam,17.2473,80.1514,2006,7,4.77,67.9,29.46,37.89,23.15
Khammam,17.2473,80.1514,2006,8,5.59,82.17,26.96,33.55,22.69
Khammam,17.2473,80.1514,2006,9,6.64,83.95,26.92,32.93,22.47
Khammam,17.2473,80.1514,2006,10,8.49,79.38,26.31,33.02,20.3
Khammam,17.2473,80.1514,2006,11,2.84,85.15,23.61,29.19,15.85
Khammam,17.2473,80.1514,2006,12,0.03,79.47,21.49,28.7,12.75
Khammam,17.2473,80.1514,2006,13,3.04,69.19,27.24,44.84,10.85
Khammam,17.2473,80.1514,2007,1,0.0,71.1,22.43,32.87,13.78
Khammam,17.2473,80.1514,2007,2,0.13,60.94,25.58,37.34,16.77
Khammam,17.2473,80.1514,2007,3,0.01,50.31,30.3,42.22,19.22
Khammam,17.2473,80.1514,2007,4,0.36,47.75,33.04,43.69,22.91
Khammam,17.2473,80.1514,2007,5,0.55,38.18,35.95,46.44,26.55
Khammam,17.2473,80.1514,2007,6,7.3,69.53,29.99,41.33,24.26
Khammam,17.2473,80.1514,2007,7,5.64,78.93,28.0,34.98,23.8
Khammam,17.2473,80.1514,2007,8,5.69,82.89,27.23,33.77,22.63
Khammam,17.2473,80.1514,2007,9,7.35,87.65,26.67,32.07,22.23
Khammam,17.2473,80.1514,2007,10,3.09,82.77,24.3,31.15,18.05
Khammam,17.2473,80.1514,2007,11,0.22,77.61,22.24,30.31,11.62
Khammam,17.2473,80.1514,2007,12,0.07,72.11,22.52,33.11,13.21
Khammam,17.2473,80.1514,2007,13,2.54,68.35,27.36,46.44,11.62
Khammam,17.2473,80.1514,2008,1,0.01,62.36,23.1,33.37,12.14
Khammam,17.2473,80.1514,2008,2,1.52,63.36,26.05,36.25,15.04
Khammam,17.2473,80.1514,2008,3,4.16,57.57,28.38,40.46,18.22
Khammam,17.2473,80.1514,2008,4,0.14,54.17,31.44,43.34,21.63
Khammam,17.2473,80.1514,2008,5,0.42,32.47,35.77,45.63,25.4
Khammam,17.2473,80.1514,2008,6,3.11,60.1,30.44,40.22,23.84
Khammam,17.2473,80.1514,2008,7,5.11,69.89,29.15,38.02,23.81
Khammam,17.2473,80.1514,2008,8,10.16,84.16,26.94,33.41,23.01
Khammam,17.2473,80.1514,2008,9,5.59,84.38,26.68,32.05,20.57
Khammam,17.2473,80.1514,2008,10,1.74,81.3,25.46,31.77,15.2
Khammam,17.2473,80.1514,2008,11,3.01,78.72,23.46,30.51,14.93
Khammam,17.2473,80.1514,2008,12,0.02,73.43,23.15,31.39,14.38
Khammam,17.2473,80.1514,2008,13,2.92,66.82,27.5,45.63,12.14
Khammam,17.2473,80.1514,2009,1,0.0,66.13,23.81,36.04,16.0
Khammam,17.2473,80.1514,2009,2,0.0,50.3,27.91,40.91,18.25
Khammam,17.2473,80.1514,2009,3,0.08,43.03,30.89,42.29,19.95
Khammam,17.2473,80.1514,2009,4,0.24,43.03,33.78,44.77,24.06
Khammam,17.2473,80.1514,2009,5,2.38,52.25,33.56,46.42,25.61
Khammam,17.2473,80.1514,2009,6,2.97,63.44,30.69,43.24,24.41
Khammam,17.2473,80.1514,2009,7,2.82,65.21,29.63,38.03,23.44
Khammam,17.2473,80.1514,2009,8,7.31,74.5,28.55,37.72,23.06
Khammam,17.2473,80.1514,2009,9,4.62,83.11,27.61,33.69,23.62
Khammam,17.2473,80.1514,2009,10,1.09,74.22,26.24,33.33,16.46
Khammam,17.2473,80.1514,2009,11,3.11,78.39,24.67,33.35,13.32
Khammam,17.2473,80.1514,2009,12,0.2,69.83,23.27,32.18,12.72
Khammam,17.2473,80.1514,2009,13,2.08,63.69,28.38,46.42,12.72
Khammam,17.2473,80.1514,2010,1,0.14,61.68,24.19,34.12,14.17
Khammam,17.2473,80.1514,2010,2,0.04,53.59,27.65,39.57,16.37
Khammam,17.2473,80.1514,2010,3,0.01,44.8,31.75,42.82,20.72
Khammam,17.2473,80.1514,2010,4,0.61,47.16,34.31,45.79,25.3
Khammam,17.2473,80.1514,2010,5,3.61,49.03,34.56,45.98,26.02
Khammam,17.2473,80.1514,2010,6,2.43,63.61,31.08,43.12,25.26
Khammam,17.2473,80.1514,2010,7,9.24,80.26,27.7,36.6,23.53
Khammam,17.2473,80.1514,2010,8,5.61,82.56,27.53,33.71,21.37
Khammam,17.2473,80.1514,2010,9,6.5,86.13,26.68,32.43,22.65
Khammam,17.2473,80.1514,2010,10,5.01,85.84,25.92,31.82,19.67
Khammam,17.2473,80.1514,2010,11,2.18,87.56,24.71,30.3,18.04
Khammam,17.2473,80.1514,2010,12,1.31,80.57,20.78,28.97,10.31
Khammam,17.2473,80.1514,2010,13,3.08,68.66,28.06,45.98,10.31
Khammam,17.2473,80.1514,2011,1,0.0,72.31,21.02,31.77,10.3
Khammam,17.2473,80.1514,2011,2,0.75,65.5,25.0,35.11,15.25
Khammam,17.2473,80.1514,2011,3,0.01,49.79,29.61,42.45,19.37
Khammam,17.2473,80.1514,2011,4,0.47,51.96,31.89,41.91,22.29
Khammam,17.2473,80.1514,2011,5,1.15,43.14,34.96,45.26,25.92
Khammam,17.2473,80.1514,2011,6,2.67,57.03,31.27,40.1,24.1
Khammam,17.2473,80.1514,2011,7,5.21,70.94,28.95,37.36,23.31
Khammam,17.2473,80.1514,2011,8,6.03,78.04,27.89,37.66,22.56
Khammam,17.2473,80.1514,2011,9,0.79,77.5,27.83,36.0,21.81
Khammam,17.2473,80.1514,2011,10,1.29,69.49,27.81,36.51,19.7
Khammam,17.2473,80.1514,2011,11,0.08,61.13,25.82,35.53,15.52
Khammam,17.2473,80.1514,2011,12,0.19,56.34,25.1,35.22,14.08
Khammam,17.2473,80.1514,2011,13,1.57,62.75,28.11,45.26,10.3
Khammam,17.2473,80.1514,2012,1,0.73,61.45,24.26,35.25,10.34
Khammam,17.2473,80.1514,2012,2,0.0,46.93,27.12,40.05,16.07
Khammam,17.2473,80.1514,2012,3,0.1,42.92,30.67,42.13,18.84
Khammam,17.2473,80.1514,2012,4,0.61,46.92,33.24,43.13,23.27
Khammam,17.2473,80.1514,2012,5,1.49,45.13,34.89,46.25,26.08
Khammam,17.2473,80.1514,2012,6,2.9,53.11,32.14,45.21,24.37
Khammam,17.2473,80.1514,2012,7,5.98,74.02,28.35,38.73,23.52
Khammam,17.2473,80.1514,2012,8,4.76,78.83,27.46,34.28,23.04
Khammam,17.2473,80.1514,2012,9,5.99,82.56,27.12,32.83,23.22
Khammam,17.2473,80.1514,2012,10,3.09,80.38,25.34,32.07,17.48
Khammam,17.2473,80.1514,2012,11,2.89,80.09,23.28,30.51,12.22
Khammam,17.2473,80.1514,2012,12,0.0,71.46,22.92,32.43,13.84
Khammam,17.2473,80.1514,2012,13,2.38,63.72,28.06,46.25,10.34
Khammam,17.2473,80.1514,2013,1,0.0,62.79,24.5,34.08,13.46
Khammam,17.2473,80.1514,2013,2,1.72,58.5,25.92,36.0,14.29
Khammam,17.2473,80.1514,2013,3,0.0,49.79,29.6,41.69,17.52
Khammam,17.2473,80.1514,2013,4,1.15,50.33,32.59,44.17,23.56
Khammam,17.2473,80.1514,2013,5,0.6,43.43,35.24,47.52,25.91
Khammam,17.2473,80.1514,2013,6,5.16,69.64,29.28,37.28,24.31
Khammam,17.2473,80.1514,2013,7,5.19,75.56,27.79,35.41,23.45
Khammam,17.2473,80.1514,2013,8,7.88,81.03,27.18,34.18,23.0
Khammam,17.2473,80.1514,2013,9,4.29,84.79,26.77,32.09,21.53
Khammam,17.2473,80.1514,2013,10,11.26,86.17,25.84,31.65,18.29
Khammam,17.2473,80.1514,2013,11,1.33,83.33,23.16,29.65,14.82
Khammam,17.2473,80.1514,2013,12,0.01,77.4,20.62,29.37,11.43
Khammam,17.2473,80.1514,2013,13,3.23,68.61,27.38,47.52,11.43
Khammam,17.2473,80.1514,2014,1,0.0,73.96,22.58,30.76,14.54
Khammam,17.2473,80.1514,2014,2,0.2,59.87,24.96,34.99,15.28
Khammam,17.2473,80.1514,2014,3,0.61,49.17,29.36,42.78,18.68
Khammam,17.2473,80.1514,2014,4,0.04,40.16,33.64,43.87,23.45
Khammam,17.2473,80.1514,2014,5,1.91,51.75,33.29,45.1,25.66
Khammam,17.2473,80.1514,2014,6,0.65,45.42,34.12,43.58,27.17
Khammam,17.2473,80.1514,2014,7,4.03,63.16,30.22,40.71,24.0
Khammam,17.2473,80.1514,2014,8,4.66,72.93,28.61,37.17,23.56
Khammam,17.2473,80.1514,2014,9,3.9,79.85,27.28,34.11,22.21
Khammam,17.2473,80.1514,2014,10,3.66,74.13,26.78,35.43,17.0
Khammam,17.2473,80.1514,2014,11,0.78,70.58,24.01,32.73,14.72
Khammam,17.2473,80.1514,2014,12,0.12,64.25,22.96,33.31,12.87
Khammam,17.2473,80.1514,2014,13,1.73,62.15,28.16,45.1,12.87
Khammam,17.2473,80.1514,2015,1,0.08,52.61,23.39,34.62,11.95
Khammam,17.2473,80.1514,2015,2,0.0,51.96,26.17,37.53,16.76
Khammam,17.2473,80.1514,2015,3,0.12,48.21,29.97,41.64,20.01
Khammam,17.2473,80.1514,2015,4,0.71,49.41,32.22,43.52,21.8
Khammam,17.2473,80.1514,2015,5,0.08,41.35,35.32,48.05,25.31
Khammam,17.2473,80.1514,2015,6,5.51,69.18,29.43,37.49,22.91
Khammam,17.2473,80.1514,2015,7,3.01,64.22,30.3,38.64,24.14
Khammam,17.2473,80.1514,2015,8,3.5,73.95,28.8,35.96,23.91
Khammam,17.2473,80.1514,2015,9,3.71,77.2,28.01,35.06,22.04
Khammam,17.2473,80.1514,2015,10,0.96,67.57,28.27,37.26,20.4
Khammam,17.2473,80.1514,2015,11,1.15,69.08,26.02,35.65,17.66
Khammam,17.2473,80.1514,2015,12,0.05,61.58,25.06,35.47,14.27
Khammam,17.2473,80.1514,2015,13,1.57,60.53,28.6,48.05,11.95
Khammam,17.2473,80.1514,2016,1,0.05,53.41,24.9,37.31,14.2
Khammam,17.2473,80.1514,2016,2,0.06,53.57,28.13,40.39,17.17
Khammam,17.2473,80.1514,2016,3,0.01,49.62,30.84,43.06,19.58
Khammam,17.2473,80.1514,2016,4,0.0,45.99,33.93,45.9,22.62
Khammam,17.2473,80.1514,2016,5,2.49,48.9,34.04,45.16,24.98
Khammam,17.2473,80.1514,2016,6,7.49,71.31,29.37,39.91,24.08
Khammam,17.2473,80.1514,2016,7,3.96,76.79,28.16,35.22,23.76
Khammam,17.2473,80.1514,2016,8,3.78,74.28,28.47,36.77,23.46
Khammam,17.2473,80.1514,2016,9,6.67,84.44,26.66,32.44,21.43
Khammam,17.2473,80.1514,2016,10,1.53,78.14,25.16,32.19,17.62
Khammam,17.2473,80.1514,2016,11,0.01,66.23,23.65,33.32,14.01
Khammam,17.2473,80.1514,2016,12,0.13,57.4,23.2,32.8,11.97
Khammam,17.2473,80.1514,2016,13,2.18,63.35,28.04,45.9,11.97
Khammam,17.2473,80.1514,2017,1,0.0,51.88,24.24,35.03,14.22
Khammam,17.2473,80.1514,2017,2,0.0,48.04,27.01,39.75,16.95
Khammam,17.2473,80.1514,2017,3,0.19,46.8,30.63,43.21,17.1
Khammam,17.2473,80.1514,2017,4,0.03,40.73,34.59,45.08,23.92
Khammam,17.2473,80.1514,2017,5,2.16,47.68,34.26,46.08,24.83
Khammam,17.2473,80.1514,2017,6,6.06,69.29,29.95,42.02,24.32
Khammam,17.2473,80.1514,2017,7,9.44,74.87,28.45,35.0,23.74
Khammam,17.2473,80.1514,2017,8,6.95,82.71,27.19,32.95,22.02
Khammam,17.2473,80.1514,2017,9,4.64,85.56,27.1,32.11,22.66
Khammam,17.2473,80.1514,2017,10,2.34,84.2,26.17,31.78,18.15
Khammam,17.2473,80.1514,2017,11,0.33,79.56,23.64,31.04,14.55
Khammam,17.2473,80.1514,2017,12,0.0,67.14,21.75,31.44,12.46
Khammam,17.2473,80.1514,2017,13,2.7,64.97,27.91,46.08,12.46
Khammam,17.2473,80.1514,2018,1,0.0,54.06,23.15,34.11,12.88
Khammam,17.2473,80.1514,2018,2,0.0,46.61,26.39,39.08,14.48
Khammam,17.2473,80.1514,2018,3,0.05,42.37,30.79,42.07,19.36
Khammam,17.2473,80.1514,2018,4,0.8,49.06,33.16,45.18,23.43
Khammam,17.2473,80.1514,2018,5,0.85,52.59,33.53,44.04,25.55
Khammam,17.2473,80.1514,2018,6,4.34,63.38,30.52,39.86,24.69
Khammam,17.2473,80.1514,2018,7,5.55,71.55,28.67,37.0,23.79
Khammam,17.2473,80.1514,2018,8,7.5,78.37,27.54,34.26,23.13
Khammam,17.2473,80.1514,2018,9,2.13,79.41,27.39,33.49,20.95
Khammam,17.2473,80.1514,2018,10,0.51,68.53,27.13,35.63,17.67
Khammam,17.2473,80.1514,2018,11,0.26,62.07,26.6,35.66,15.97
Khammam,17.2473,80.1514,2018,12,1.86,63.82,24.0,34.02,11.15
Khammam,17.2473,80.1514,2018,13,2.0,61.08,28.24,45.18,11.15
Khammam,17.2473,80.1514,2019,1,0.94,62.46,22.63,33.18,10.43
Khammam,17.2473,80.1514,2019,2,0.1,57.73,26.71,39.49,14.61
Khammam,17.2473,80.1514,2019,3,0.23,48.24,30.99,43.46,20.49
Khammam,17.2473,80.1514,2019,4,1.06,46.82,33.34,43.85,22.81
Khammam,17.2473,80.1514,2019,5,0.74,44.05,35.33,45.66,27.2
Khammam,17.2473,80.1514,2019,6,2.63,58.18,32.15,42.16,25.46
Khammam,17.2473,80.1514,2019,7,5.33,68.57,29.59,39.78,23.87
Khammam,17.2473,80.1514,2019,8,6.2,79.29,27.89,34.48,23.81
Khammam,17.2473,80.1514,2019,9,6.16,84.41,27.21,34.37,22.79
Khammam,17.2473,80.1514,2019,10,4.3,86.72,26.2,31.46,21.77
Khammam,17.2473,80.1514,2019,11,0.11,81.91,24.04,31.14,17.03
Khammam,17.2473,80.1514,2019,12,0.23,75.34,23.29,30.94,14.96
Khammam,17.2473,80.1514,2019,13,2.35,66.19,28.28,45.66,10.43
Khammam,17.2473,80.1514,2020,1,0.34,66.66,24.56,35.11,13.59
Khammam,17.2473,80.1514,2020,2,0.21,54.97,26.7,37.1,15.88
Khammam,17.2473,80.1514,2020,3,0.47,50.56,30.27,41.68,21.14
Khammam,17.2473,80.1514,2020,4,0.75,45.96,33.25,43.09,24.56
Khammam,17.2473,80.1514,2020,5,0.63,43.03,35.21,46.42,26.71
Khammam,17.2473,80.1514,2020,6,5.28,68.76,30.12,40.77,23.14
Khammam,17.2473,80.1514,2020,7,9.48,82.43,27.74,34.0,23.1
Khammam,17.2473,80.1514,2020,8,11.08,87.12,27.04,33.04,23.35
Khammam,17.2473,80.1514,2020,9,7.64,88.25,26.95,31.85,22.33
Khammam,17.2473,80.1514,2020,10,6.98,87.49,25.88,31.22,19.09
Khammam,17.2473,80.1514,2020,11,2.51,86.72,23.71,30.41,14.49
Khammam,17.2473,80.1514,2020,12,0.0,80.01,21.12,28.37,11.6
Khammam,17.2473,80.1514,2020,13,3.8,70.22,27.71,46.42,11.6
Khammam,17.2473,80.1514,2021,1,0.0,78.77,23.07,31.19,14.77
Khammam,17.2473,80.1514,2021,2,0.08,59.78,24.77,37.72,14.88
Khammam,17.2473,80.1514,2021,3,0.0,44.76,29.87,44.14,17.7
Khammam,17.2473,80.1514,2021,4,0.86,46.19,32.8,43.87,23.75
Khammam,17.2473,80.1514,2021,5,1.76,54.86,32.73,43.22,25.13
Khammam,17.2473,80.1514,2021,6,5.75,68.67,29.73,37.91,23.53
Khammam,17.2473,80.1514,2021,7,9.15,81.35,27.81,33.79,23.87
Khammam,17.2473,80.1514,2021,8,5.26,82.29,27.73,33.18,22.75
Khammam,17.2473,80.1514,2021,9,7.33,84.88,27.17,32.65,22.33
Khammam,17.2473,80.1514,2021,10,1.88,85.24,26.2,31.54,19.33
Khammam,17.2473,80.1514,2021,11,2.31,87.53,24.66,30.65,17.45
Khammam,17.2473,80.1514,2021,12,0.0,77.98,21.95,29.51,10.33
Khammam,17.2473,80.1514,2021,13,2.87,71.11,27.38,44.14,10.33
Khammam,17.2473,80.1514,2022,1,1.35,69.24,22.46,32.31,11.05
Khammam,17.2473,80.1514,2022,2,0.0,58.81,25.21,36.71,12.93
Khammam,17.2473,80.1514,2022,3,0.0,44.19,31.15,42.85,17.86
Khammam,17.2473,80.1514,2022,4,0.0,45.59,33.86,45.39,24.34
Khammam,17.2473,80.1514,2022,5,1.71,54.56,32.92,45.23,25.41
Khammam,17.2473,80.1514,2022,6,3.12,63.08,30.74,43.34,24.51
Khammam,17.2473,80.1514,2022,7,10.99,81.43,27.56,35.88,23.03
Khammam,17.2473,80.1514,2022,8,5.51,84.49,27.28,32.93,22.74
Khammam,17.2473,80.1514,2022,9,3.86,84.74,27.08,32.22,22.15
Khammam,17.2473,80.1514,2022,10,4.72,85.91,25.11,31.12,15.89
Khammam,17.2473,80.1514,2022,11,0.35,81.32,23.07,29.88,14.06
Khammam,17.2473,80.1514,2022,12,0.5,77.41,23.83,32.91,14.79
Khammam,17.2473,80.1514,2022,13,2.71,69.32,27.53,45.39,11.05
Khammam,17.2473,80.1514,2023,1,0.0,65.99,23.65,33.3,11.63
Khammam,17.2473,80.1514,2023,2,0.0,47.99,26.98,38.67,16.79
Khammam,17.2473,80.1514,2023,3,1.14,53.01,29.2,40.26,19.4
Khammam,17.2473,80.1514,2023,4,0.85,44.08,33.01,44.1,23.44
Khammam,17.2473,80.1514,2023,5,2.16,51.08,33.36,44.94,24.0
Khammam,17.2473,80.1514,2023,6,1.87,46.43,34.42,45.12,25.02
Khammam,17.2473,80.1514,2023,7,10.62,74.28,28.58,38.62,23.43
Khammam,17.2473,80.1514,2023,8,2.28,79.53,28.11,33.97,23.58
Khammam,17.2473,80.1514,2023,9,5.63,84.63,27.5,33.35,22.67
Khammam,17.2473,80.1514,2023,10,0.34,74.12,26.6,33.48,17.92
Khammam,17.2473,80.1514,2023,11,1.05,71.07,26.3,34.73,18.6
Khammam,17.2473,80.1514,2023,12,3.41,75.62,22.55,34.07,14.0
Khammam,17.2473,80.1514,2023,13,2.47,64.14,28.34,45.12,11.63
Khammam,17.2473,80.1514,2024,1,0.0,68.53,24.09,33.39,15.99
Khammam,17.2473,80.1514,2024,2,0.0,56.34,27.73,38.2,17.82
Khammam,17.2473,80.1514,2024,3,0.0,47.86,31.31,42.9,21.83
Khammam,17.2473,80.1514,2024,4,0.03,40.78,34.8,45.69,24.61
Khammam,17.2473,80.1514,2024,5,3.02,57.5,33.39,46.65,25.11
Khammam,17.2473,80.1514,2024,6,5.74,69.93,30.06,38.37,23.14
Khammam,17.2473,80.1514,2024,7,7.3,77.37,28.28,36.59,24.22
Khammam,17.2473,80.1514,2024,8,8.16,83.53,28.0,34.08,24.08
Khammam,17.2473,80.1514,2024,9,7.27,85.85,27.08,32.47,22.44
Khammam,17.2473,80.1514,2024,10,2.89,85.91,26.79,32.53,21.07
Khammam,17.2473,80.1514,2024,11,0.36,81.6,23.98,30.95,15.81
Khammam,17.2473,80.1514,2024,12,0.42,76.33,24.38,32.01,12.06
Khammam,17.2473,80.1514,2024,13,2.94,69.36,28.32,46.65,12.06
Kumuram Bheem,19.2833,79.45,2000,1,0.0,32.92,22.47,34.92,9.29
Kumuram Bheem,19.2833,79.45,2000,2,0.9,45.55,24.6,35.51,11.34
Kumuram Bheem,19.2833,79.45,2000,3,0.0,18.57,28.49,40.73,13.63
Kumuram Bheem,19.2833,79.45,2000,4,0.03,20.67,35.52,46.51,19.87
Kumuram Bheem,19.2833,79.45,2000,5,0.77,37.2,34.86,45.87,26.28
Kumuram Bheem,19.2833,79.45,2000,6,3.71,65.46,29.69,38.5,23.75
Kumuram Bheem,19.2833,79.45,2000,7,8.27,80.04,27.07,35.98,21.94
Kumuram Bheem,19.2833,79.45,2000,8,7.97,84.62,26.62,31.88,22.71
Kumuram Bheem,19.2833,79.45,2000,9,2.38,81.78,26.54,32.37,21.54
Kumuram Bheem,19.2833,79.45,2000,10,0.26,63.58,26.93,37.18,14.92
Kumuram Bheem,19.2833,79.45,2000,11,0.0,43.91,24.86,35.46,14.67
Kumuram Bheem,19.2833,79.45,2000,12,0.02,22.1,21.62,33.51,10.17
Kumuram Bheem,19.2833,79.45,2000,13,2.04,49.69,27.44,46.51,9.29
Kumuram Bheem,19.2833,79.45,2001,1,0.24,31.62,22.86,35.45,9.12
Kumuram Bheem,19.2833,79.45,2001,2,0.0,20.12,26.4,39.31,11.9
Kumuram Bheem,19.2833,79.45,2001,3,0.42,31.08,30.82,41.31,20.71
Kumuram Bheem,19.2833,79.45,2001,4,1.92,38.72,32.1,44.86,20.61
Kumuram Bheem,19.2833,79.45,2001,5,0.5,30.41,36.54,46.84,27.37
Kumuram Bheem,19.2833,79.45,2001,6,4.06,67.54,28.95,42.09,20.58
Kumuram Bheem,19.2833,79.45,2001,7,5.35,73.94,27.89,37.78,22.64
Kumuram Bheem,19.2833,79.45,2001,8,7.84,86.5,26.04,31.43,22.13
Kumuram Bheem,19.2833,79.45,2001,9,2.36,80.08,27.12,33.49,22.27
Kumuram Bheem,19.2833,79.45,2001,10,4.06,81.81,24.79,31.29,15.35
Kumuram Bheem,19.2833,79.45,2001,11,0.07,68.85,23.31,33.02,13.16
Kumuram Bheem,19.2833,79.45,2001,12,0.0,45.6,20.87,33.43,9.84
Kumuram Bheem,19.2833,79.45,2001,13,2.25,54.87,27.31,46.84,9.12
Kumuram Bheem,19.2833,79.45,2002,1,1.18,50.23,21.36,33.86,9.89
Kumuram Bheem,19.2833,79.45,2002,2,0.17,37.34,26.31,37.93,13.28
Kumuram Bheem,19.2833,79.45,2002,3,0.07,24.12,30.88,41.84,17.66
Kumuram Bheem,19.2833,79.45,2002,4,0.14,22.47,35.26,45.15,22.39
Kumuram Bheem,19.2833,79.45,2002,5,0.94,28.62,36.93,46.79,27.65
Kumuram Bheem,19.2833,79.45,2002,6,7.39,65.37,30.59,41.9,23.19
Kumuram Bheem,19.2833,79.45,2002,7,3.99,74.67,28.28,35.07,23.23
Kumuram Bheem,19.2833,79.45,2002,8,13.92,87.21,26.03,31.11,21.64
Kumuram Bheem,19.2833,79.45,2002,9,2.04,82.71,26.02,32.21,20.55
Kumuram Bheem,19.2833,79.45,2002,10,1.15,71.24,25.49,33.7,15.6
Kumuram Bheem,19.2833,79.45,2002,11,0.07,47.4,23.62,34.9,13.12
Kumuram Bheem,19.2833,79.45,2002,12,0.0,34.59,23.44,34.31,13.23
Kumuram Bheem,19.2833,79.45,2002,13,2.61,52.26,27.85,46.79,9.89
Kumuram Bheem,19.2833,79.45,2003,1,0.0,32.3,23.2,36.06,8.98
Kumuram Bheem,19.2833,79.45,2003,2,0.47,40.86,27.42,38.29,16.25
Kumuram Bheem,19.2833,79.45,2003,3,0.58,31.96,30.06,41.33,14.63
Kumuram Bheem,19.2833,79.45,2003,4,0.27,26.72,35.25,45.75,22.24
Kumuram Bheem,19.2833,79.45,2003,5,0.0,19.46,36.76,46.64,24.57
Kumuram Bheem,19.2833,79.45,2003,6,5.66,53.82,32.29,47.67,23.74
Kumuram Bheem,19.2833,79.45,2003,7,12.83,85.22,26.78,31.93,23.45
Kumuram Bheem,19.2833,79.45,2003,8,9.73,88.81,25.98,30.67,21.7
Kumuram Bheem,19.2833,79.45,2003,9,4.01,88.13,25.87,30.71,21.92
Kumuram Bheem,19.2833,79.45,2003,10,3.22,84.41,24.65,31.36,15.39
Kumuram Bheem,19.2833,79.45,2003,11,0.04,75.42,22.01,30.22,13.78
Kumuram Bheem,19.2833,79.45,2003,12,0.19,65.81,19.99,31.06,9.34
Kumuram Bheem,19.2833,79.45,2003,13,3.11,57.85,27.51,47.67,8.98
Kumuram Bheem,19.2833,79.45,2004,1,1.42,59.66,21.14,33.28,10.12
Kumuram Bheem,19.2833,79.45,2004,2,0.73,47.58,22.77,38.26,8.18
Kumuram Bheem,19.2833,79.45,2004,3,0.08,23.91,31.19,42.5,16.14
Kumuram Bheem,19.2833,79.45,2004,4,0.22,27.53,34.88,45.78,23.42
Kumuram Bheem,19.2833,79.45,2004,5,0.47,38.97,34.85,44.0,26.47
Kumuram Bheem,19.2833,79.45,2004,6,2.71,55.89,31.59,45.66,23.59
Kumuram Bheem,19.2833,79.45,2004,7,9.31,79.93,27.36,34.68,23.04
Kumuram Bheem,19.2833,79.45,2004,8,4.33,85.21,26.29,31.82,22.53
Kumuram Bheem,19.2833,79.45,2004,9,2.47,82.61,26.79,32.38,21.96
Kumuram Bheem,19.2833,79.45,2004,10,1.95,73.53,24.51,32.45,14.7
Kumuram Bheem,19.2833,79.45,2004,11,0.25,59.86,23.57,33.6,13.65
Kumuram Bheem,19.2833,79.45,2004,12,0.0,46.23,21.68,32.63,11.98
Kumuram Bheem,19.2833,79.45,2004,13,2.01,56.8,27.22,45.78,8.18
Kumuram Bheem,19.2833,79.45,2005,1,2.32,44.47,22.65,33.03,11.02
Kumuram Bheem,19.2833,79.45,2005,2,0.05,49.23,24.86,37.58,10.57
Kumuram Bheem,19.2833,79.45,2005,3,0.22,29.17,30.21,41.82,17.18
Kumuram Bheem,19.2833,79.45,2005,4,0.19,28.85,33.55,43.8,22.77
Kumuram Bheem,19.2833,79.45,2005,5,0.43,25.38,36.45,46.74,24.93
Kumuram Bheem,19.2833,79.45,2005,6,7.04,49.65,33.66,46.46,23.45
Kumuram Bheem,19.2833,79.45,2005,7,12.25,85.2,26.78,33.08,21.46
Kumuram Bheem,19.2833,79.45,2005,8,5.44,86.86,26.36,31.87,22.67
Kumuram Bheem,19.2833,79.45,2005,9,9.73,87.57,26.34,32.3,21.3
Kumuram Bheem,19.2833,79.45,2005,10,4.92,84.52,24.51,31.17,15.99
Kumuram Bheem,19.2833,79.45,2005,11,0.0,73.57,19.37,28.03,10.81
Kumuram Bheem,19.2833,79.45,2005,12,0.21,66.2,18.77,29.56,8.09
Kumuram Bheem,19.2833,79.45,2005,13,3.59,59.3,26.96,46.74,8.09
Kumuram Bheem,19.2833,79.45,2006,1,0.0,45.19,21.17,35.11,7.74
Kumuram Bheem,19.2833,79.45,2006,2,0.0,26.25,26.6,39.51,13.35
Kumuram Bheem,19.2833,79.45,2006,3,1.88,46.45,28.19,40.87,16.78
Kumuram Bheem,19.2833,79.45,2006,4,0.88,30.37,33.78,45.1,21.5
Kumuram Bheem,19.2833,79.45,2006,5,1.89,44.04,34.03,45.19,24.88
Kumuram Bheem,19.2833,79.45,2006,6,3.66,54.35,31.91,42.33,24.69
Kumuram Bheem,19.2833,79.45,2006,7,8.69,80.81,27.15,33.76,22.84
Kumuram Bheem,19.2833,79.45,2006,8,13.09,87.42,25.92,31.67,21.86
Kumuram Bheem,19.2833,79.45,2006,9,11.39,87.05,26.16,31.67,20.01
Kumuram Bheem,19.2833,79.45,2006,10,0.68,78.98,25.21,32.52,17.28
Kumuram Bheem,19.2833,79.45,2006,11,0.87,77.05,22.52,31.16,13.37
Kumuram Bheem,19.2833,79.45,2006,12,0.0,61.71,21.62,31.16,10.81
Kumuram Bheem,19.2833,79.45,2006,13,3.61,60.23,27.01,45.19,7.74
Kumuram Bheem,19.2833,79.45,2007,1,0.0,43.52,22.42,34.73,12.4
Kumuram Bheem,19.2833,79.45,2007,2,0.06,35.98,25.9,37.7,15.1
Kumuram Bheem,19.2833,79.45,2007,3,0.05,26.81,30.24,41.41,17.28
Kumuram Bheem,19.2833,79.45,2007,4,0.38,27.17,34.19,44.36,21.82
Kumuram Bheem,19.2833,79.45,2007,5,0.83,27.58,37.02,45.84,26.82
Kumuram Bheem,19.2833,79.45,2007,6,7.48,65.13,30.7,41.67,24.04
Kumuram Bheem,19.2833,79.45,2007,7,4.45,80.42,27.48,34.64,22.98
Kumuram Bheem,19.2833,79.45,2007,8,7.34,84.85,26.54,32.08,22.28
Kumuram Bheem,19.2833,79.45,2007,9,9.44,87.72,26.35,31.33,21.67
Kumuram Bheem,19.2833,79.45,2007,10,0.55,78.22,22.85,30.05,14.69
Kumuram Bheem,19.2833,79.45,2007,11,0.32,68.06,21.37,30.77,10.98
Kumuram Bheem,19.2833,79.45,2007,12,0.0,57.4,21.81,34.05,11.96
Kumuram Bheem,19.2833,79.45,2007,13,2.58,57.02,27.24,45.84,10.98
Kumuram Bheem,19.2833,79.45,2008,1,0.11,39.21,22.13,33.2,10.52
Kumuram Bheem,19.2833,79.45,2008,2,0.2,35.45,24.13,36.53,9.68
Kumuram Bheem,19.2833,79.45,2008,3,2.9,37.59,29.11,39.96,17.05
Kumuram Bheem,19.2833,79.45,2008,4,0.09,36.35,32.31,45.22,19.51
Kumuram Bheem,19.2833,79.45,2008,5,0.27,22.98,36.39,45.85,26.4
Kumuram Bheem,19.2833,79.45,2008,6,6.15,66.99,29.14,43.42,22.96
Kumuram Bheem,19.2833,79.45,2008,7,7.82,79.34,27.37,34.7,22.86
Kumuram Bheem,19.2833,79.45,2008,8,8.73,87.19,26.19,31.31,21.95
Kumuram Bheem,19.2833,79.45,2008,9,8.1,86.68,25.93,31.38,20.15
Kumuram Bheem,19.2833,79.45,2008,10,1.22,76.64,24.48,31.71,13.38
Kumuram Bheem,19.2833,79.45,2008,11,0.19,70.92,22.84,32.89,11.95
Kumuram Bheem,19.2833,79.45,2008,12,0.0,48.99,22.44,32.98,11.65
Kumuram Bheem,19.2833,79.45,2008,13,2.99,57.39,26.88,45.85,9.68
Kumuram Bheem,19.2833,79.45,2009,1,0.0,40.73,23.84,37.12,12.3
Kumuram Bheem,19.2833,79.45,2009,2,0.0,25.55,27.36,40.13,14.56
Kumuram Bheem,19.2833,79.45,2009,3,0.22,21.7,30.69,41.94,19.21
Kumuram Bheem,19.2833,79.45,2009,4,0.13,19.39,34.35,45.11,22.19
Kumuram Bheem,19.2833,79.45,2009,5,0.87,29.72,36.31,46.41,26.51
Kumuram Bheem,19.2833,79.45,2009,6,5.18,52.0,32.87,44.07,24.72
Kumuram Bheem,19.2833,79.45,2009,7,8.97,83.57,26.9,32.73,22.77
Kumuram Bheem,19.2833,79.45,2009,8,7.5,84.01,26.96,32.28,22.39
Kumuram Bheem,19.2833,79.45,2009,9,2.8,83.42,27.11,32.79,21.72
Kumuram Bheem,19.2833,79.45,2009,10,2.18,71.85,24.87,32.83,14.47
Kumuram Bheem,19.2833,79.45,2009,11,2.67,71.15,23.22,34.45,11.13
Kumuram Bheem,19.2833,79.45,2009,12,0.1,61.45,21.47,31.55,10.77
Kumuram Bheem,19.2833,79.45,2009,13,2.57,53.91,27.99,46.41,10.77
Kumuram Bheem,19.2833,79.45,2010,1,0.35,42.24,20.82,33.47,9.25
Kumuram Bheem,19.2833,79.45,2010,2,0.33,33.58,27.04,38.1,14.58
Kumuram Bheem,19.2833,79.45,2010,3,0.07,23.62,32.18,42.97,20.1
Kumuram Bheem,19.2833,79.45,2010,4,0.05,20.79,35.9,46.12,22.24
Kumuram Bheem,19.2833,79.45,2010,5,0.32,29.79,36.64,46.83,25.38
Kumuram Bheem,19.2833,79.45,2010,6,3.28,51.4,33.15,45.39,25.01
Kumuram Bheem,19.2833,79.45,2010,7,14.88,85.04,27.13,32.95,23.28
Kumuram Bheem,19.2833,79.45,2010,8,16.31,88.7,26.5,31.53,20.87
Kumuram Bheem,19.2833,79.45,2010,9,10.36,88.39,25.88,30.58,19.79
Kumuram Bheem,19.2833,79.45,2010,10,2.78,85.26,24.8,31.4,15.45
Kumuram Bheem,19.2833,79.45,2010,11,1.25,83.2,24.05,29.73,16.65
Kumuram Bheem,19.2833,79.45,2010,12,0.42,71.59,19.62,29.08,8.32
Kumuram Bheem,19.2833,79.45,2010,13,4.24,58.81,27.79,46.83,8.32
Kumuram Bheem,19.2833,79.45,2011,1,0.0,53.57,19.96,33.28,7.19
Kumuram Bheem,19.2833,79.45,2011,2,0.49,43.41,24.94,35.44,14.24
Kumuram Bheem,19.2833,79.45,2011,3,0.08,24.77,30.23,41.25,17.15
Kumuram Bheem,19.2833,79.45,2011,4,0.63,36.03,32.72,42.76,20.96
Kumuram Bheem,19.2833,79.45,2011,5,0.48,27.23,36.62,45.89,27.26
Kumuram Bheem,19.2833,79.45,2011,6,3.78,61.39,30.74,43.22,24.51
Kumuram Bheem,19.2833,79.45,2011,7,8.64,79.77,27.59,35.69,22.63
Kumuram Bheem,19.2833,79.45,2011,8,9.09,87.0,26.32,32.16,22.38
Kumuram Bheem,19.2833,79.45,2011,9,4.45,86.66,26.04,31.15,20.78
Kumuram Bheem,19.2833,79.45,2011,10,0.35,76.51,24.8,31.64,16.12
Kumuram Bheem,19.2833,79.45,2011,11,0.0,62.86,23.19,33.41,14.11
Kumuram Bheem,19.2833,79.45,2011,12,0.06,47.82,21.75,33.47,11.1
Kumuram Bheem,19.2833,79.45,2011,13,2.35,57.32,27.08,45.89,7.19
Kumuram Bheem,19.2833,79.45,2012,1,0.17,42.56,22.83,34.39,7.2
Kumuram Bheem,19.2833,79.45,2012,2,0.0,27.99,25.76,38.64,10.59
Kumuram Bheem,19.2833,79.45,2012,3,0.01,16.27,29.3,41.44,14.22
Kumuram Bheem,19.2833,79.45,2012,4,0.25,26.49,34.91,43.69,24.12
Kumuram Bheem,19.2833,79.45,2012,5,0.11,21.97,37.23,46.52,25.67
Kumuram Bheem,19.2833,79.45,2012,6,3.84,56.05,31.7,46.06,24.51
Kumuram Bheem,19.2833,79.45,2012,7,13.8,83.57,26.61,33.9,21.94
Kumuram Bheem,19.2833,79.45,2012,8,10.27,87.45,26.09,31.65,22.45
Kumuram Bheem,19.2833,79.45,2012,9,7.76,88.21,25.94,31.11,20.55
Kumuram Bheem,19.2833,79.45,2012,10,1.7,78.37,24.14,31.17,13.93
Kumuram Bheem,19.2833,79.45,2012,11,0.62,76.78,21.98,30.93,9.49
Kumuram Bheem,19.2833,79.45,2012,12,0.01,58.77,21.85,33.1,10.13
Kumuram Bheem,19.2833,79.45,2012,13,3.23,55.45,27.36,46.52,7.2
Kumuram Bheem,19.2833,79.45,2013,1,0.21,46.5,23.04,34.04,11.3
Kumuram Bheem,19.2833,79.45,2013,2,0.91,45.36,25.26,36.35,11.73
Kumuram Bheem,19.2833,79.45,2013,3,0.09,26.85,30.21,41.43,14.28
Kumuram Bheem,19.2833,79.45,2013,4,1.19,32.08,33.53,43.63,22.75
Kumuram Bheem,19.2833,79.45,2013,5,0.56,26.56,37.28,48.16,26.19
Kumuram Bheem,19.2833,79.45,2013,6,10.31,75.36,28.4,40.34,23.08
Kumuram Bheem,19.2833,79.45,2013,7,19.7,87.33,26.03,32.12,22.04
Kumuram Bheem,19.2833,79.45,2013,8,6.62,88.71,25.69,30.93,22.38
Kumuram Bheem,19.2833,79.45,2013,9,4.78,86.22,26.18,31.19,21.8
Kumuram Bheem,19.2833,79.45,2013,10,5.72,84.77,24.86,30.44,17.14
Kumuram Bheem,19.2833,79.45,2013,11,0.12,80.92,21.18,29.28,11.23
Kumuram Bheem,19.2833,79.45,2013,12,0.0,69.22,19.6,29.26,10.06
Kumuram Bheem,19.2833,79.45,2013,13,4.21,62.56,26.78,48.16,10.06
Kumuram Bheem,19.2833,79.45,2014,1,0.02,59.17,22.17,31.63,11.93
Kumuram Bheem,19.2833,79.45,2014,2,0.45,40.06,24.42,34.94,11.51
Kumuram Bheem,19.2833,79.45,2014,3,1.98,50.55,27.85,41.84,14.95
Kumuram Bheem,19.2833,79.45,2014,4,0.55,27.29,34.04,44.34,22.63
Kumuram Bheem,19.2833,79.45,2014,5,1.59,37.16,34.63,45.59,23.7
Kumuram Bheem,19.2833,79.45,2014,6,2.74,45.82,34.17,46.35,25.54
Kumuram Bheem,19.2833,79.45,2014,7,8.77,74.23,28.18,40.32,21.22
Kumuram Bheem,19.2833,79.45,2014,8,5.96,81.84,27.11,32.8,23.01
Kumuram Bheem,19.2833,79.45,2014,9,6.65,83.29,25.89,31.31,20.09
Kumuram Bheem,19.2833,79.45,2014,10,0.46,75.98,25.13,33.21,16.25
Kumuram Bheem,19.2833,79.45,2014,11,0.09,60.22,23.53,33.67,13.15
Kumuram Bheem,19.2833,79.45,2014,12,0.06,50.07,20.77,32.81,8.56
Kumuram Bheem,19.2833,79.45,2014,13,2.46,57.31,27.33,46.35,8.56
Kumuram Bheem,19.2833,79.45,2015,1,1.1,53.2,20.05,32.82,8.02
Kumuram Bheem,19.2833,79.45,2015,2,0.21,33.07,25.48,37.29,12.32
Kumuram Bheem,19.2833,79.45,2015,3,1.14,41.46,28.52,40.66,14.65
Kumuram Bheem,19.2833,79.45,2015,4,1.63,39.26,31.83,43.61,20.38
Kumuram Bheem,19.2833,79.45,2015,5,0.4,29.21,36.26,46.81,25.97
Kumuram Bheem,19.2833,79.45,2015,6,8.34,64.91,30.4,41.65,23.17
Kumuram Bheem,19.2833,79.45,2015,7,5.06,76.4,28.09,34.27,22.62
Kumuram Bheem,19.2833,79.45,2015,8,7.17,84.21,26.73,32.25,22.4
Kumuram Bheem,19.2833,79.45,2015,9,5.54,82.17,26.77,32.3,18.81
Kumuram Bheem,19.2833,79.45,2015,10,0.36,68.98,26.73,35.14,18.76
Kumuram Bheem,19.2833,79.45,2015,11,0.0,59.17,25.54,34.63,15.65
Kumuram Bheem,19.2833,79.45,2015,12,0.01,42.72,24.69,35.97,10.49
Kumuram Bheem,19.2833,79.45,2015,13,2.59,56.36,27.6,46.81,8.02
Kumuram Bheem,19.2833,79.45,2016,1,0.04,33.89,22.76,36.39,9.23
Kumuram Bheem,19.2833,79.45,2016,2,0.36,33.39,27.89,39.47,14.23
Kumuram Bheem,19.2833,79.45,2016,3,0.56,34.88,30.8,41.65,20.27
Kumuram Bheem,19.2833,79.45,2016,4,0.4,25.85,35.46,45.58,23.25
Kumuram Bheem,19.2833,79.45,2016,5,0.98,33.98,36.15,45.86,25.36
Kumuram Bheem,19.2833,79.45,2016,6,7.51,60.6,31.5,44.91,24.1
Kumuram Bheem,19.2833,79.45,2016,7,16.39,85.82,26.59,32.43,23.04
Kumuram Bheem,19.2833,79.45,2016,8,3.7,84.93,26.47,32.22,22.22
Kumuram Bheem,19.2833,79.45,2016,9,9.1,88.49,25.77,31.23,20.74
Kumuram Bheem,19.2833,79.45,2016,10,2.93,79.16,23.86,30.5,13.9
Kumuram Bheem,19.2833,79.45,2016,11,0.0,72.01,20.43,30.33,11.16
Kumuram Bheem,19.2833,79.45,2016,12,0.0,59.1,19.57,30.77,8.66
Kumuram Bheem,19.2833,79.45,2016,13,3.51,57.76,27.26,45.86,8.66
Kumuram Bheem,19.2833,79.45,2017,1,0.0,44.08,21.33,34.22,9.48
Kumuram Bheem,19.2833,79.45,2017,2,0.0,26.6,25.91,38.69,14.34
Kumuram Bheem,19.2833,79.45,2017,3,0.76,27.41,29.37,43.53,14.93
Kumuram Bheem,19.2833,79.45,2017,4,0.0,16.4,34.67,45.65,20.75
Kumuram Bheem,19.2833,79.45,2017,5,1.11,29.83,36.57,46.27,27.57
Kumuram Bheem,19.2833,79.45,2017,6,7.58,68.26,30.13,43.43,23.54
Kumuram Bheem,19.2833,79.45,2017,7,11.18,79.9,27.5,33.68,23.26
Kumuram Bheem,19.2833,79.45,2017,8,5.58,84.07,26.57,32.06,21.35
Kumuram Bheem,19.2833,79.45,2017,9,3.96,83.94,26.96,31.93,22.38
Kumuram Bheem,19.2833,79.45,2017,10,2.69,77.29,25.8,31.92,17.16
Kumuram Bheem,19.2833,79.45,2017,11,0.25,68.46,22.78,33.29,11.92
Kumuram Bheem,19.2833,79.45,2017,12,0.0,51.36,20.69,32.12,9.83
Kumuram Bheem,19.2833,79.45,2017,13,2.78,54.98,27.35,46.27,9.48
Kumuram Bheem,19.2833,79.45,2018,1,0.0,31.72,21.31,33.36,11.06
Kumuram Bheem,19.2833,79.45,2018,2,0.5,34.54,25.33,37.88,12.76
Kumuram Bheem,19.2833,79.45,2018,3,0.17,24.27,30.5,42.46,17.98
Kumuram Bheem,19.2833,79.45,2018,4,0.31,28.79,34.33,45.57,23.53
Kumuram Bheem,19.2833,79.45,2018,5,0.6,31.98,36.63,45.96,27.36
Kumuram Bheem,19.2833,79.45,2018,6,5.81,66.44,30.01,39.93,23.6
Kumuram Bheem,19.2833,79.45,2018,7,10.88,84.19,26.47,33.66,23.11
Kumuram Bheem,19.2833,79.45,2018,8,13.21,86.55,25.92,31.65,21.93
Kumuram Bheem,19.2833,79.45,2018,9,3.16,82.71,25.84,31.4,19.63
Kumuram Bheem,19.2833,79.45,2018,10,0.0,69.67,25.37,34.09,15.91
Kumuram Bheem,19.2833,79.45,2018,11,0.0,53.99,24.81,34.95,14.11
Kumuram Bheem,19.2833,79.45,2018,12,0.67,55.08,20.64,32.19,7.19
Kumuram Bheem,19.2833,79.45,2018,13,2.97,54.28,27.26,45.96,7.19
Kumuram Bheem,19.2833,79.45,2019,1,1.0,43.1,20.24,32.56,6.6
Kumuram Bheem,19.2833,79.45,2019,2,0.1,39.96,24.11,38.98,7.39
Kumuram Bheem,19.2833,79.45,2019,3,0.09,28.05,30.32,43.22,15.94
Kumuram Bheem,19.2833,79.45,2019,4,0.16,25.3,35.01,45.68,23.61
Kumuram Bheem,19.2833,79.45,2019,5,0.04,21.5,37.41,46.82,27.68
Kumuram Bheem,19.2833,79.45,2019,6,3.54,46.5,34.6,46.84,23.75
Kumuram Bheem,19.2833,79.45,2019,7,10.98,77.11,28.09,36.66,22.9
Kumuram Bheem,19.2833,79.45,2019,8,11.94,87.41,26.32,31.59,22.63
Kumuram Bheem,19.2833,79.45,2019,9,9.29,89.65,26.15,31.08,22.94
Kumuram Bheem,19.2833,79.45,2019,10,3.52,86.88,24.98,29.99,19.98
Kumuram Bheem,19.2833,79.45,2019,11,0.06,82.87,21.6,29.43,13.44
Kumuram Bheem,19.2833,79.45,2019,12,0.08,77.03,20.09,28.5,6.81
Kumuram Bheem,19.2833,79.45,2019,13,3.43,58.91,27.42,46.84,6.6
Kumuram Bheem,19.2833,79.45,2020,1,0.56,66.34,20.62,32.77,7.9
Kumuram Bheem,19.2833,79.45,2020,2,0.23,50.29,23.53,34.87,12.36
Kumuram Bheem,19.2833,79.45,2020,3,1.0,43.55,29.09,39.83,18.5
Kumuram Bheem,19.2833,79.45,2020,4,0.39,31.17,33.86,43.33,23.01
Kumuram Bheem,19.2833,79.45,2020,5,1.4,31.52,35.66,46.32,25.01
Kumuram Bheem,19.2833,79.45,2020,6,6.62,71.88,29.3,38.98,24.02
Kumuram Bheem,19.2833,79.45,2020,7,13.2,84.4,27.42,34.2,23.29
Kumuram Bheem,19.2833,79.45,2020,8,10.49,88.6,26.5,31.91,22.89
Kumuram Bheem,19.2833,79.45,2020,9,5.38,86.3,26.98,31.21,23.0
Kumuram Bheem,19.2833,79.45,2020,10,2.44,85.01,25.01,30.59,16.76
Kumuram Bheem,19.2833,79.45,2020,11,0.05,78.19,21.63,30.47,11.58
Kumuram Bheem,19.2833,79.45,2020,12,0.0,63.52,20.4,30.44,8.73
Kumuram Bheem,19.2833,79.45,2020,13,3.5,65.12,26.67,46.32,7.9
Kumuram Bheem,19.2833,79.45,2021,1,0.03,51.49,23.07,33.64,12.7
Kumuram Bheem,19.2833,79.45,2021,2,0.06,31.46,24.34,37.93,11.34
Kumuram Bheem,19.2833,79.45,2021,3,0.08,23.42,30.06,42.29,16.88
Kumuram Bheem,19.2833,79.45,2021,4,0.29,26.64,33.39,42.96,21.98
Kumuram Bheem,19.2833,79.45,2021,5,0.93,40.5,34.24,43.8,26.36
Kumuram Bheem,19.2833,79.45,2021,6,9.15,74.83,28.64,41.18,22.66
Kumuram Bheem,19.2833,79.45,2021,7,11.58,85.46,27.14,33.02,22.99
Kumuram Bheem,19.2833,79.45,2021,8,5.73,85.91,26.8,32.13,22.97
Kumuram Bheem,19.2833,79.45,2021,9,11.56,88.22,26.42,31.2,22.04
Kumuram Bheem,19.2833,79.45,2021,10,1.11,82.89,24.85,31.62,15.27
Kumuram Bheem,19.2833,79.45,2021,11,0.78,81.57,23.06,30.95,12.53
Kumuram Bheem,19.2833,79.45,2021,12,0.32,70.49,20.21,29.6,7.12
Kumuram Bheem,19.2833,79.45,2021,13,3.47,62.09,26.86,43.8,7.12
Kumuram Bheem,19.2833,79.45,2022,1,5.8,69.34,19.42,29.71,6.58
Kumuram Bheem,19.2833,79.45,2022,2,0.02,51.58,22.4,35.4,9.22
Kumuram Bheem,19.2833,79.45,2022,3,0.0,26.43,30.54,43.26,15.82
Kumuram Bheem,19.2833,79.45,2022,4,0.03,25.82,35.33,45.53,23.02
Kumuram Bheem,19.2833,79.45,2022,5,0.66,34.82,35.54,44.86,27.05
Kumuram Bheem,19.2833,79.45,2022,6,5.26,58.58,31.83,45.32,23.96
Kumuram Bheem,19.2833,79.45,2022,7,25.41,88.69,26.45,34.03,22.09
Kumuram Bheem,19.2833,79.45,2022,8,10.71,88.36,26.35,31.51,22.59
Kumuram Bheem,19.2833,79.45,2022,9,7.51,87.76,26.28,31.86,21.57
Kumuram Bheem,19.2833,79.45,2022,10,1.68,83.13,24.19,30.5,14.23
Kumuram Bheem,19.2833,79.45,2022,11,0.0,74.96,20.77,30.1,11.3
Kumuram Bheem,19.2833,79.45,2022,12,0.06,64.33,22.47,32.72,11.5
Kumuram Bheem,19.2833,79.45,2022,13,4.82,62.92,26.81,45.53,6.58
Kumuram Bheem,19.2833,79.45,2023,1,0.03,50.38,22.33,33.43,7.54
Kumuram Bheem,19.2833,79.45,2023,2,0.0,22.93,25.42,38.1,11.72
Kumuram Bheem,19.2833,79.45,2023,3,0.61,35.05,29.05,40.59,18.98
Kumuram Bheem,19.2833,79.45,2023,4,2.79,35.88,32.51,42.96,22.35
Kumuram Bheem,19.2833,79.45,2023,5,1.59,42.11,33.68,44.2,21.9
Kumuram Bheem,19.2833,79.45,2023,6,2.32,44.22,33.81,44.37,22.31
Kumuram Bheem,19.2833,79.45,2023,7,23.98,84.02,27.59,36.13,23.53
Kumuram Bheem,19.2833,79.45,2023,8,5.08,86.43,26.4,31.1,22.06
Kumuram Bheem,19.2833,79.45,2023,9,9.0,86.84,26.64,32.0,22.62
Kumuram Bheem,19.2833,79.45,2023,10,0.39,78.81,24.19,31.19,13.72
Kumuram Bheem,19.2833,79.45,2023,11,0.71,76.36,22.71,31.38,13.34
Kumuram Bheem,19.2833,79.45,2023,12,0.23,67.84,20.37,32.64,10.38
Kumuram Bheem,19.2833,79.45,2023,13,3.93,59.52,27.05,44.37,7.54
Kumuram Bheem,19.2833,79.45,2024,1,0.0,54.01,22.77,32.58,10.97
Kumuram Bheem,19.2833,79.45,2024,2,0.13,38.86,26.61,36.67,15.49
Kumuram Bheem,19.2833,79.45,2024,3,0.5,31.9,30.71,42.12,18.51
Kumuram Bheem,19.2833,79.45,2024,4,0.76,31.4,34.64,44.67,23.84
Kumuram Bheem,19.2833,79.45,2024,5,1.7,39.73,34.61,46.34,23.91
Kumuram Bheem,19.2833,79.45,2024,6,5.41,59.2,31.95,43.94,23.7
Kumuram Bheem,19.2833,79.45,2024,7,19.75,86.19,27.06,33.52,22.82
Kumuram Bheem,19.2833,79.45,2024,8,7.43,88.12,26.89,31.46,23.06
Kumuram Bheem,19.2833,79.45,2024,9,5.88,88.36,26.41,31.29,21.89
Kumuram Bheem,19.2833,79.45,2024,10,1.31,85.0,26.11,31.95,18.57
Kumuram Bheem,19.2833,79.45,2024,11,0.05,76.52,21.43,29.94,12.15
Kumuram Bheem,19.2833,79.45,2024,12,0.2,69.36,21.76,32.12,8.2
Kumuram Bheem,19.2833,79.45,2024,13,3.62,62.5,27.57,46.34,8.2
Mahabubabad,17.5999,80.0014,2000,1,0.0,46.15,24.4,36.53,12.0
Mahabubabad,17.5999,80.0014,2000,2,1.83,59.67,26.77,36.03,17.41
Mahabubabad,17.5999,80.0014,2000,3,0.01,43.7,29.09,40.65,15.45
Mahabubabad,17.5999,80.0014,2000,4,0.16,40.22,34.35,46.27,21.9
Mahabubabad,17.5999,80.0014,2000,5,1.25,46.43,33.37,45.38,25.38
Mahabubabad,17.5999,80.0014,2000,6,6.21,73.75,28.08,36.11,22.97
Mahabubabad,17.5999,80.0014,2000,7,4.63,78.59,27.27,33.42,22.4
Mahabubabad,17.5999,80.0014,2000,8,10.96,83.78,26.57,32.78,22.26
Mahabubabad,17.5999,80.0014,2000,9,2.84,84.41,26.44,31.7,22.14
Mahabubabad,17.5999,80.0014,2000,10,1.08,77.91,25.74,32.27,16.05
Mahabubabad,17.5999,80.0014,2000,11,0.23,68.64,23.84,32.82,15.97
Mahabubabad,17.5999,80.0014,2000,12,0.05,49.7,22.48,32.31,12.31
Mahabubabad,17.5999,80.0014,2000,13,2.44,62.72,27.36,46.27,12.0
Mahabubabad,17.5999,80.0014,2001,1,0.12,48.91,24.14,35.47,11.93
Mahabubabad,17.5999,80.0014,2001,2,0.0,38.51,26.92,40.58,14.71
Mahabubabad,17.5999,80.0014,2001,3,0.54,45.54,30.64,42.21,19.27
Mahabubabad,17.5999,80.0014,2001,4,2.61,53.38,31.24,42.8,22.42
Mahabubabad,17.5999,80.0014,2001,5,0.32,38.42,35.54,46.38,25.49
Mahabubabad,17.5999,80.0014,2001,6,3.87,65.48,29.19,41.44,21.96
Mahabubabad,17.5999,80.0014,2001,7,3.07,67.89,28.77,38.02,23.06
Mahabubabad,17.5999,80.0014,2001,8,6.82,83.13,26.48,32.18,22.37
Mahabubabad,17.5999,80.0014,2001,9,3.58,81.78,27.03,33.46,22.46
Mahabubabad,17.5999,80.0014,2001,10,3.44,82.25,25.52,31.57,17.12
Mahabubabad,17.5999,80.0014,2001,11,0.8,75.06,24.17,32.19,15.39
Mahabubabad,17.5999,80.0014,2001,12,0.09,61.18,21.64,32.5,13.01
Mahabubabad,17.5999,80.0014,2001,13,2.12,61.91,27.61,46.38,11.93
Mahabubabad,17.5999,80.0014,2002,1,0.96,61.29,23.07,36.19,11.23
Mahabubabad,17.5999,80.0014,2002,2,0.01,50.46,26.65,38.09,17.37
Mahabubabad,17.5999,80.0014,2002,3,0.2,42.82,30.6,41.85,19.59
Mahabubabad,17.5999,80.0014,2002,4,0.16,41.67,33.85,44.08,23.01
Mahabubabad,17.5999,80.0014,2002,5,1.02,37.85,36.0,47.38,25.49
Mahabubabad,17.5999,80.0014,2002,6,4.46,66.12,30.18,40.03,24.04
Mahabubabad,17.5999,80.0014,2002,7,2.68,66.99,29.31,37.9,23.85
Mahabubabad,17.5999,80.0014,2002,8,8.89,81.24,26.79,32.8,21.86
Mahabubabad,17.5999,80.0014,2002,9,1.22,76.53,27.3,35.43,20.93
Mahabubabad,17.5999,80.0014,2002,10,3.75,75.64,26.08,36.84,17.4
Mahabubabad,17.5999,80.0014,2002,11,0.51,61.42,24.04,34.31,13.06
Mahabubabad,17.5999,80.0014,2002,12,0.26,59.04,23.26,33.66,14.15
Mahabubabad,17.5999,80.0014,2002,13,2.03,60.15,28.1,47.38,11.23
Mahabubabad,17.5999,80.0014,2003,1,0.05,56.15,24.14,35.97,13.48
Mahabubabad,17.5999,80.0014,2003,2,0.1,53.53,27.77,37.73,17.49
Mahabubabad,17.5999,80.0014,2003,3,0.34,45.73,30.19,41.15,18.3
Mahabubabad,17.5999,80.0014,2003,4,0.33,42.91,33.47,44.63,23.27
Mahabubabad,17.5999,80.0014,2003,5,0.05,30.33,36.21,46.07,25.49
Mahabubabad,17.5999,80.0014,2003,6,3.09,52.95,32.37,46.67,24.39
Mahabubabad,17.5999,80.0014,2003,7,9.0,80.83,27.22,33.77,23.54
Mahabubabad,17.5999,80.0014,2003,8,5.17,85.08,26.53,31.84,21.97
Mahabubabad,17.5999,80.0014,2003,9,3.54,85.39,26.49,32.1,22.47
Mahabubabad,17.5999,80.0014,2003,10,5.52,84.13,25.53,31.61,15.63
Mahabubabad,17.5999,80.0014,2003,11,0.04,76.55,22.53,30.14,13.67
Mahabubabad,17.5999,80.0014,2003,12,1.56,71.41,20.8,29.82,12.06
Mahabubabad,17.5999,80.0014,2003,13,2.43,63.83,27.76,46.67,12.06
Mahabubabad,17.5999,80.0014,2004,1,1.0,69.82,21.55,32.23,11.96
Mahabubabad,17.5999,80.0014,2004,2,0.36,56.49,24.36,37.2,11.37
Mahabubabad,17.5999,80.0014,2004,3,0.26,43.56,30.33,41.98,19.07
Mahabubabad,17.5999,80.0014,2004,4,0.77,45.31,33.14,45.19,23.38
Mahabubabad,17.5999,80.0014,2004,5,1.18,55.35,31.92,43.83,24.51
Mahabubabad,17.5999,80.0014,2004,6,2.33,59.4,30.62,40.39,24.34
Mahabubabad,17.5999,80.0014,2004,7,6.88,78.66,27.34,35.23,22.57
Mahabubabad,17.5999,80.0014,2004,8,3.21,77.69,27.46,34.24,22.95
Mahabubabad,17.5999,80.0014,2004,9,3.92,82.19,26.88,33.84,22.13
Mahabubabad,17.5999,80.0014,2004,10,3.38,80.52,25.37,31.34,16.53
Mahabubabad,17.5999,80.0014,2004,11,0.16,67.56,23.44,32.5,13.79
Mahabubabad,17.5999,80.0014,2004,12,0.0,60.02,21.98,32.45,12.81
Mahabubabad,17.5999,80.0014,2004,13,1.96,64.77,27.03,45.19,11.37
Mahabubabad,17.5999,80.0014,2005,1,1.0,58.27,24.4,33.66,14.43
Mahabubabad,17.5999,80.0014,2005,2,0.11,49.94,26.85,39.69,13.54
Mahabubabad,17.5999,80.0014,2005,3,0.2,45.59,30.34,41.47,18.72
Mahabubabad,17.5999,80.0014,2005,4,0.41,44.71,33.08,42.74,25.06
Mahabubabad,17.5999,80.0014,2005,5,1.01,43.25,34.61,46.3,25.08
Mahabubabad,17.5999,80.0014,2005,6,3.89,58.6,31.57,44.81,23.5
Mahabubabad,17.5999,80.0014,2005,7,9.85,80.72,27.27,35.22,22.57
Mahabubabad,17.5999,80.0014,2005,8,3.99,85.38,26.47,31.76,23.1
Mahabubabad,17.5999,80.0014,2005,9,9.5,88.13,26.23,31.57,22.07
Mahabubabad,17.5999,80.0014,2005,10,7.94,87.69,25.28,31.6,19.51
Mahabubabad,17.5999,80.0014,2005,11,0.37,80.17,20.39,27.77,12.58
Mahabubabad,17.5999,80.0014,2005,12,0.14,74.07,19.98,28.11,10.73
Mahabubabad,17.5999,80.0014,2005,13,3.22,66.5,27.2,46.3,10.73
Mahabubabad,17.5999,80.0014,2006,1,0.0,62.61,21.22,31.66,9.45
Mahabubabad,17.5999,80.0014,2006,2,0.0,52.31,25.12,37.16,14.61
Mahabubabad,17.5999,80.0014,2006,3,1.03,53.32,28.97,41.24,18.98
Mahabubabad,17.5999,80.0014,2006,4,1.55,47.06,32.5,44.26,21.64
Mahabubabad,17.5999,80.0014,2006,5,2.0,57.67,32.04,44.02,24.73
Mahabubabad,17.5999,80.0014,2006,6,3.61,66.47,29.72,40.49,24.17
Mahabubabad,17.5999,80.0014,2006,7,5.62,70.38,28.77,37.28,22.54
Mahabubabad,17.5999,80.0014,2006,8,7.87,84.63,26.32,32.8,22.13
Mahabubabad,17.5999,80.0014,2006,9,8.05,85.73,26.31,32.04,21.79
Mahabubabad,17.5999,80.0014,2006,10,5.63,80.23,25.62,32.51,19.42
Mahabubabad,17.5999,80.0014,2006,11,2.13,83.43,23.14,28.87,14.88
Mahabubabad,17.5999,80.0014,2006,12,0.01,77.85,21.0,28.58,11.89
Mahabubabad,17.5999,80.0014,2006,13,3.14,68.58,26.73,44.26,9.45
Mahabubabad,17.5999,80.0014,2007,1,0.0,68.32,21.95,32.57,13.08
Mahabubabad,17.5999,80.0014,2007,2,0.12,59.69,24.93,36.69,15.32
Mahabubabad,17.5999,80.0014,2007,3,0.01,46.2,30.06,41.86,19.15
Mahabubabad,17.5999,80.0014,2007,4,0.41,44.3,32.93,43.22,22.75
Mahabubabad,17.5999,80.0014,2007,5,0.67,36.1,35.84,46.15,26.16
Mahabubabad,17.5999,80.0014,2007,6,6.73,68.93,29.82,41.14,23.73
Mahabubabad,17.5999,80.0014,2007,7,4.86,78.63,27.74,35.1,23.42
Mahabubabad,17.5999,80.0014,2007,8,6.2,83.44,26.79,32.89,22.18
Mahabubabad,17.5999,80.0014,2007,9,8.34,87.85,26.34,31.34,21.9
Mahabubabad,17.5999,80.0014,2007,10,2.29,82.3,23.7,30.56,17.07
Mahabubabad,17.5999,80.0014,2007,11,0.12,75.39,21.73,30.06,10.88
Mahabubabad,17.5999,80.0014,2007,12,0.03,70.0,22.06,32.8,12.67
Mahabubabad,17.5999,80.0014,2007,13,2.49,66.79,27.0,46.15,10.88
Mahabubabad,17.5999,80.0014,2008,1,0.04,58.02,22.45,32.56,12.19
Mahabubabad,17.5999,80.0014,2008,2,1.38,59.94,25.43,36.06,13.73
Mahabubabad,17.5999,80.0014,2008,3,4.33,54.29,28.19,39.91,17.07
Mahabubabad,17.5999,80.0014,2008,4,0.16,52.43,31.06,42.72,21.05
Mahabubabad,17.5999,80.0014,2008,5,0.45,30.39,35.46,44.85,25.21
Mahabubabad,17.5999,80.0014,2008,6,3.93,62.98,29.65,40.63,23.39
Mahabubabad,17.5999,80.0014,2008,7,5.5,72.54,28.4,36.69,23.34
Mahabubabad,17.5999,80.0014,2008,8,10.86,85.48,26.4,32.67,22.77
Mahabubabad,17.5999,80.0014,2008,9,6.21,85.57,26.15,31.36,20.06
Mahabubabad,17.5999,80.0014,2008,10,1.39,80.33,25.08,31.39,14.93
Mahabubabad,17.5999,80.0014,2008,11,2.03,77.84,22.87,30.31,13.1
Mahabubabad,17.5999,80.0014,2008,12,0.02,69.24,22.79,31.11,14.14
Mahabubabad,17.5999,80.0014,2008,13,3.03,65.74,27.0,44.85,12.19
Mahabubabad,17.5999,80.0014,2009,1,0.0,63.27,23.35,35.7,14.95
Mahabubabad,17.5999,80.0014,2009,2,0.0,45.53,27.61,40.78,17.73
Mahabubabad,17.5999,80.0014,2009,3,0.11,37.86,30.62,41.79,19.81
Mahabubabad,17.5999,80.0014,2009,4,0.28,38.93,33.73,44.5,23.66
Mahabubabad,17.5999,80.0014,2009,5,1.77,48.21,33.75,46.05,25.42
Mahabubabad,17.5999,80.0014,2009,6,3.28,62.62,30.58,42.7,24.35
Mahabubabad,17.5999,80.0014,2009,7,4.11,69.89,28.64,36.87,22.83
Mahabubabad,17.5999,80.0014,2009,8,7.86,78.21,27.66,35.77,22.52
Mahabubabad,17.5999,80.0014,2009,9,3.61,83.97,27.17,33.07,22.85
Mahabubabad,17.5999,80.0014,2009,10,1.1,73.89,25.78,32.69,15.88
Mahabubabad,17.5999,80.0014,2009,11,2.73,75.81,24.21,33.16,12.39
Mahabubabad,17.5999,80.0014,2009,12,0.11,66.25,22.74,31.8,11.68
Mahabubabad,17.5999,80.0014,2009,13,2.09,62.14,27.98,46.05,11.68
Mahabubabad,17.5999,80.0014,2010,1,0.17,56.69,23.45,33.36,12.51
Mahabubabad,17.5999,80.0014,2010,2,0.07,49.2,27.4,39.09,15.86
Mahabubabad,17.5999,80.0014,2010,3,0.01,40.07,31.77,42.71,19.5
Mahabubabad,17.5999,80.0014,2010,4,0.59,43.07,34.35,45.15,25.22
Mahabubabad,17.5999,80.0014,2010,5,2.49,46.26,34.58,45.77,25.71
Mahabubabad,17.5999,80.0014,2010,6,2.41,61.31,31.23,43.22,24.79
Mahabubabad,17.5999,80.0014,2010,7,10.73,82.31,27.17,35.67,22.89
Mahabubabad,17.5999,80.0014,2010,8,7.65,84.69,26.85,32.55,21.3
Mahabubabad,17.5999,80.0014,2010,9,6.76,87.62,26.05,31.57,21.43
Mahabubabad,17.5999,80.0014,2010,10,4.42,86.4,25.37,31.49,17.99
Mahabubabad,17.5999,80.0014,2010,11,1.56,86.92,24.27,29.85,17.68
Mahabubabad,17.5999,80.0014,2010,12,1.1,79.71,20.1,28.17,9.82
Mahabubabad,17.5999,80.0014,2010,13,3.19,67.14,27.7,45.77,9.82
Mahabubabad,17.5999,80.0014,2011,1,0.0,70.25,20.25,30.97,9.44
Mahabubabad,17.5999,80.0014,2011,2,0.61,65.01,24.34,34.05,14.41
Mahabubabad,17.5999,80.0014,2011,3,0.01,47.45,29.19,41.82,18.42
Mahabubabad,17.5999,80.0014,2011,4,0.31,48.15,31.9,41.81,21.62
Mahabubabad,17.5999,80.0014,2011,5,1.16,40.74,34.78,44.82,26.09
Mahabubabad,17.5999,80.0014,2011,6,2.92,58.3,30.84,39.62,23.83
Mahabubabad,17.5999,80.0014,2011,7,5.25,72.99,28.39,36.66,23.28
Mahabubabad,17.5999,80.0014,2011,8,6.66,79.89,27.28,36.7,22.06
Mahabubabad,17.5999,80.0014,2011,9,1.03,80.02,27.08,34.5,21.13
Mahabubabad,17.5999,80.0014,2011,10,0.85,69.68,27.18,35.37,19.15
Mahabubabad,17.5999,80.0014,2011,11,0.04,59.53,25.1,34.98,15.06
Mahabubabad,17.5999,80.0014,2011,12,0.1,51.44,24.16,34.67,13.55
Mahabubabad,17.5999,80.0014,2011,13,1.59,61.93,27.55,44.82,9.44
Mahabubabad,17.5999,80.0014,2012,1,0.38,56.64,24.04,35.2,9.36
Mahabubabad,17.5999,80.0014,2012,2,0.0,42.08,26.77,39.52,15.11
Mahabubabad,17.5999,80.0014,2012,3,0.06,35.72,30.15,41.69,17.38
Mahabubabad,17.5999,80.0014,2012,4,0.68,43.69,33.19,42.64,23.23
Mahabubabad,17.5999,80.0014,2012,5,0.9,40.72,35.06,45.92,25.84
Mahabubabad,17.5999,80.0014,2012,6,2.91,54.75,31.53,45.08,24.16
Mahabubabad,17.5999,80.0014,2012,7,7.11,76.08,27.69,37.6,22.03
Mahabubabad,17.5999,80.0014,2012,8,5.42,81.64,26.75,33.03,22.73
Mahabubabad,17.5999,80.0014,2012,9,6.17,84.33,26.55,31.96,22.63
Mahabubabad,17.5999,80.0014,2012,10,2.47,79.85,24.9,31.47,16.57
Mahabubabad,17.5999,80.0014,2012,11,2.03,78.88,22.9,30.59,11.41
Mahabubabad,17.5999,80.0014,2012,12,0.0,68.68,22.47,32.4,13.15
Mahabubabad,17.5999,80.0014,2012,13,2.35,61.99,27.66,45.92,9.36
Mahabubabad,17.5999,80.0014,2013,1,0.01,59.99,23.97,33.81,13.22
Mahabubabad,17.5999,80.0014,2013,2,1.2,54.98,25.7,36.47,13.82
Mahabubabad,17.5999,80.0014,2013,3,0.0,44.7,29.54,41.3,17.12
Mahabubabad,17.5999,80.0014,2013,4,1.2,47.16,32.46,43.61,23.46
Mahabubabad,17.5999,80.0014,2013,5,0.46,41.05,35.28,47.5,26.0
Mahabubabad,17.5999,80.0014,2013,6,5.82,71.96,28.61,35.97,23.53
Mahabubabad,17.5999,80.0014,2013,7,6.64,79.05,27.0,34.08,22.91
Mahabubabad,17.5999,80.0014,2013,8,6.99,83.79,26.42,32.51,22.32
Mahabubabad,17.5999,80.0014,2013,9,4.81,85.31,26.35,31.39,21.38
Mahabubabad,17.5999,80.0014,2013,10,10.36,86.43,25.27,30.99,16.96
Mahabubabad,17.5999,80.0014,2013,11,0.94,82.45,22.62,29.45,13.63
Mahabubabad,17.5999,80.0014,2013,12,0.01,76.72,19.94,28.91,10.75
Mahabubabad,17.5999,80.0014,2013,13,3.22,67.86,26.93,47.5,10.75
Mahabubabad,17.5999,80.0014,2014,1,0.0,72.97,21.96,30.12,13.95
Mahabubabad,17.5999,80.0014,2014,2,0.17,59.05,24.25,34.01,14.01
Mahabubabad,17.5999,80.0014,2014,3,1.09,50.11,28.59,42.34,17.45
Mahabubabad,17.5999,80.0014,2014,4,0.1,36.19,33.55,43.33,22.62
Mahabubabad,17.5999,80.0014,2014,5,2.14,50.18,32.97,44.67,25.03
Mahabubabad,17.5999,80.0014,2014,6,0.76,46.17,33.59,43.31,26.37
Mahabubabad,17.5999,80.0014,2014,7,4.09,65.04,29.51,40.45,23.67
Mahabubabad,17.5999,80.0014,2014,8,4.4,73.32,28.22,36.27,23.31
Mahabubabad,17.5999,80.0014,2014,9,2.96,78.81,26.95,33.85,21.52
Mahabubabad,17.5999,80.0014,2014,10,2.36,70.91,26.67,35.28,16.67
Mahabubabad,17.5999,80.0014,2014,11,0.41,65.17,24.0,33.37,14.58
Mahabubabad,17.5999,80.0014,2014,12,0.05,57.09,22.72,33.0,12.0
Mahabubabad,17.5999,80.0014,2014,13,1.56,60.47,27.76,44.67,12.0
Mahabubabad,17.5999,80.0014,2015,1,0.17,49.7,22.67,34.55,11.3
Mahabubabad,17.5999,80.0014,2015,2,0.0,47.46,25.85,37.07,16.35
Mahabubabad,17.5999,80.0014,2015,3,0.29,45.12,29.66,41.25,18.84
Mahabubabad,17.5999,80.0014,2015,4,0.69,46.39,32.06,43.16,21.52
Mahabubabad,17.5999,80.0014,2015,5,0.12,38.96,35.15,47.39,25.48
Mahabubabad,17.5999,80.0014,2015,6,5.64,68.59,29.27,38.78,23.12
Mahabubabad,17.5999,80.0014,2015,7,2.72,65.41,29.76,37.77,24.05
Mahabubabad,17.5999,80.0014,2015,8,3.21,73.95,28.41,35.65,23.45
Mahabubabad,17.5999,80.0014,2015,9,3.26,76.52,27.74,35.4,21.27
Mahabubabad,17.5999,80.0014,2015,10,0.7,65.33,27.97,37.07,20.01
Mahabubabad,17.5999,80.0014,2015,11,0.5,64.99,26.0,35.2,17.08
Mahabubabad,17.5999,80.0014,2015,12,0.01,56.27,25.01,35.66,12.93
Mahabubabad,17.5999,80.0014,2015,13,1.44,58.25,28.31,47.39,11.3
Mahabubabad,17.5999,80.0014,2016,1,0.05,48.68,24.26,37.08,12.77
Mahabubabad,17.5999,80.0014,2016,2,0.13,50.02,27.85,39.8,16.2
Mahabubabad,17.5999,80.0014,2016,3,0.02,45.91,30.67,42.34,19.17
Mahabubabad,17.5999,80.0014,2016,4,0.02,41.49,33.94,45.12,22.56
Mahabubabad,17.5999,80.0014,2016,5,1.95,45.54,34.1,45.57,24.96
Mahabubabad,17.5999,80.0014,2016,6,8.78,70.2,29.28,41.64,23.91
Mahabubabad,17.5999,80.0014,2016,7,5.86,80.39,27.3,33.97,23.34
Mahabubabad,17.5999,80.0014,2016,8,3.79,79.02,27.43,34.17,22.97
Mahabubabad,17.5999,80.0014,2016,9,7.81,86.12,26.11,31.35,20.63
Mahabubabad,17.5999,80.0014,2016,10,2.1,80.53,24.32,31.3,16.75
Mahabubabad,17.5999,80.0014,2016,11,0.0,70.61,22.15,30.89,12.68
Mahabubabad,17.5999,80.0014,2016,12,0.05,60.77,21.74,31.09,11.09
Mahabubabad,17.5999,80.0014,2016,13,2.54,63.3,27.42,45.57,11.09
Mahabubabad,17.5999,80.0014,2017,1,0.0,50.82,23.05,34.32,12.72
Mahabubabad,17.5999,80.0014,2017,2,0.0,42.61,26.52,39.34,15.88
Mahabubabad,17.5999,80.0014,2017,3,0.37,43.61,29.99,42.76,16.25
Mahabubabad,17.5999,80.0014,2017,4,0.06,35.69,34.36,44.52,22.29
Mahabubabad,17.5999,80.0014,2017,5,2.49,46.14,33.99,45.62,24.42
Mahabubabad,17.5999,80.0014,2017,6,7.27,72.11,29.17,40.96,23.79
Mahabubabad,17.5999,80.0014,2017,7,10.53,77.71,27.69,34.44,23.29
Mahabubabad,17.5999,80.0014,2017,8,7.65,84.33,26.56,32.11,21.32
Mahabubabad,17.5999,80.0014,2017,9,4.71,86.18,26.72,31.91,22.46
Mahabubabad,17.5999,80.0014,2017,10,2.34,84.12,25.72,31.32,17.34
Mahabubabad,17.5999,80.0014,2017,11,0.19,79.69,22.85,30.23,13.81
Mahabubabad,17.5999,80.0014,2017,12,0.0,66.46,20.75,30.12,11.18
Mahabubabad,17.5999,80.0014,2017,13,2.99,64.25,27.28,45.62,11.18
Mahabubabad,17.5999,80.0014,2018,1,0.0,52.1,21.94,33.13,11.68
Mahabubabad,17.5999,80.0014,2018,2,0.0,43.87,25.91,38.63,13.44
Mahabubabad,17.5999,80.0014,2018,3,0.05,37.46,30.51,41.57,18.69
Mahabubabad,17.5999,80.0014,2018,4,0.94,46.46,32.92,44.82,22.8
Mahabubabad,17.5999,80.0014,2018,5,0.86,50.09,33.42,43.49,24.8
Mahabubabad,17.5999,80.0014,2018,6,4.97,64.86,30.06,39.49,23.64
Mahabubabad,17.5999,80.0014,2018,7,6.88,75.53,27.81,36.47,23.3
Mahabubabad,17.5999,80.0014,2018,8,8.41,81.81,26.72,32.75,22.43
Mahabubabad,17.5999,80.0014,2018,9,1.94,81.65,26.57,32.04,20.51
Mahabubabad,17.5999,80.0014,2018,10,0.28,70.33,26.21,34.35,16.74
Mahabubabad,17.5999,80.0014,2018,11,0.08,62.15,25.67,34.91,15.25
Mahabubabad,17.5999,80.0014,2018,12,1.49,61.68,23.19,33.16,9.71
Mahabubabad,17.5999,80.0014,2018,13,2.18,60.77,27.58,44.82,9.71
Mahabubabad,17.5999,80.0014,2019,1,0.73,57.86,22.0,32.82,9.81
Mahabubabad,17.5999,80.0014,2019,2,0.04,53.03,26.33,39.1,13.7
Mahabubabad,17.5999,80.0014,2019,3,0.11,43.93,30.78,43.05,19.44
Mahabubabad,17.5999,80.0014,2019,4,1.07,43.4,33.28,43.66,22.36
Mahabubabad,17.5999,80.0014,2019,5,0.56,40.7,35.34,45.29,27.3
Mahabubabad,17.5999,80.0014,2019,6,2.08,56.8,32.02,42.26,24.76
Mahabubabad,17.5999,80.0014,2019,7,5.16,67.7,29.33,39.02,23.5
Mahabubabad,17.5999,80.0014,2019,8,8.06,81.89,27.19,33.34,23.23
Mahabubabad,17.5999,80.0014,2019,9,5.67,86.01,26.68,32.99,22.53
Mahabubabad,17.5999,80.0014,2019,10,4.12,86.25,25.84,30.91,21.13
Mahabubabad,17.5999,80.0014,2019,11,0.18,82.2,23.3,30.37,16.07
Mahabubabad,17.5999,80.0014,2019,12,0.15,75.58,22.43,30.17,14.23
Mahabubabad,17.5999,80.0014,2019,13,2.35,64.68,27.88,45.29,9.81
Mahabubabad,17.5999,80.0014,2020,1,0.16,66.03,23.6,34.22,12.48
Mahabubabad,17.5999,80.0014,2020,2,0.18,52.81,25.99,36.4,15.16
Mahabubabad,17.5999,80.0014,2020,3,0.61,48.8,29.9,41.17,20.53
Mahabubabad,17.5999,80.0014,2020,4,0.87,42.79,33.11,42.4,24.44
Mahabubabad,17.5999,80.0014,2020,5,0.83,41.0,34.99,46.06,26.42
Mahabubabad,17.5999,80.0014,2020,6,6.17,71.39,29.39,40.0,23.16
Mahabubabad,17.5999,80.0014,2020,7,10.72,83.77,27.27,33.5,22.89
Mahabubabad,17.5999,80.0014,2020,8,17.64,88.97,26.49,31.93,22.76
Mahabubabad,17.5999,80.0014,2020,9,7.85,89.02,26.54,31.63,22.26
Mahabubabad,17.5999,80.0014,2020,10,6.86,87.91,25.35,30.55,18.06
Mahabubabad,17.5999,80.0014,2020,11,1.21,85.8,23.0,29.78,13.94
Mahabubabad,17.5999,80.0014,2020,12,0.0,77.4,20.6,27.98,10.38
Mahabubabad,17.5999,80.0014,2020,13,4.45,69.7,27.18,46.06,10.38
Mahabubabad,17.5999,80.0014,2021,1,0.0,76.7,22.5,30.38,14.25
Mahabubabad,17.5999,80.0014,2021,2,0.03,57.08,24.14,37.05,13.41
Mahabubabad,17.5999,80.0014,2021,3,0.0,40.54,29.56,43.39,17.11
Mahabubabad,17.5999,80.0014,2021,4,1.09,43.91,32.33,43.07,23.48
Mahabubabad,17.5999,80.0014,2021,5,1.6,52.2,32.71,42.95,24.92
Mahabubabad,17.5999,80.0014,2021,6,6.88,72.44,28.86,36.86,23.16
Mahabubabad,17.5999,80.0014,2021,7,10.82,83.54,27.23,32.96,23.04
Mahabubabad,17.5999,80.0014,2021,8,5.58,84.32,27.09,31.92,22.31
Mahabubabad,17.5999,80.0014,2021,9,8.05,86.26,26.67,31.57,21.98
Mahabubabad,17.5999,80.0014,2021,10,1.51,85.43,25.63,31.15,18.65
Mahabubabad,17.5999,80.0014,2021,11,1.81,86.47,24.12,30.45,16.38
Mahabubabad,17.5999,80.0014,2021,12,0.0,77.57,21.31,28.65,9.44
Mahabubabad,17.5999,80.0014,2021,13,3.12,70.63,26.86,43.39,9.44
Mahabubabad,17.5999,80.0014,2022,1,1.54,69.26,21.53,31.51,10.14
Mahabubabad,17.5999,80.0014,2022,2,0.0,57.49,24.24,35.65,12.29
Mahabubabad,17.5999,80.0014,2022,3,0.0,40.53,30.77,42.46,16.73
Mahabubabad,17.5999,80.0014,2022,4,0.01,41.39,33.93,45.02,24.23
Mahabubabad,17.5999,80.0014,2022,5,1.24,49.67,33.34,44.64,25.79
Mahabubabad,17.5999,80.0014,2022,6,4.11,63.53,30.49,42.71,24.2
Mahabubabad,17.5999,80.0014,2022,7,14.05,84.15,26.84,34.24,22.51
Mahabubabad,17.5999,80.0014,2022,8,7.56,86.66,26.67,31.6,22.28
Mahabubabad,17.5999,80.0014,2022,9,4.45,86.64,26.48,31.65,21.57
Mahabubabad,17.5999,80.0014,2022,10,3.09,85.68,24.57,30.39,14.63
Mahabubabad,17.5999,80.0014,2022,11,0.17,79.75,22.45,29.28,13.26
Mahabubabad,17.5999,80.0014,2022,12,0.18,76.0,23.2,31.87,14.0
Mahabubabad,17.5999,80.0014,2022,13,3.07,68.49,27.05,45.02,10.14
Mahabubabad,17.5999,80.0014,2023,1,0.0,64.94,22.91,32.57,10.63
Mahabubabad,17.5999,80.0014,2023,2,0.0,43.73,26.18,38.17,15.72
Mahabubabad,17.5999,80.0014,2023,3,1.31,50.43,28.77,39.29,19.01
Mahabubabad,17.5999,80.0014,2023,4,1.38,42.76,32.57,43.84,23.22
Mahabubabad,17.5999,80.0014,2023,5,1.75,48.95,33.12,44.05,23.27
Mahabubabad,17.5999,80.0014,2023,6,1.67,45.08,34.05,44.73,24.07
Mahabubabad,17.5999,80.0014,2023,7,15.61,77.32,27.9,37.42,22.92
Mahabubabad,17.5999,80.0014,2023,8,2.5,82.42,27.28,32.67,22.84
Mahabubabad,17.5999,80.0014,2023,9,4.96,85.8,26.96,32.52,22.26
Mahabubabad,17.5999,80.0014,2023,10,0.14,75.78,25.59,32.17,16.42
Mahabubabad,17.5999,80.0014,2023,11,0.55,70.68,25.55,33.82,17.77
Mahabubabad,17.5999,80.0014,2023,12,2.58,72.16,22.01,34.22,12.17
Mahabubabad,17.5999,80.0014,2023,13,2.73,63.52,27.73,44.73,10.63
Mahabubabad,17.5999,80.0014,2024,1,0.0,65.64,23.58,32.63,15.12
Mahabubabad,17.5999,80.0014,2024,2,0.0,52.81,27.3,37.44,17.09
Mahabubabad,17.5999,80.0014,2024,3,0.01,44.14,31.14,42.57,21.77
Mahabubabad,17.5999,80.0014,2024,4,0.05,36.25,34.88,45.17,24.6
Mahabubabad,17.5999,80.0014,2024,5,2.95,54.85,33.25,46.12,24.61
Mahabubabad,17.5999,80.0014,2024,6,6.6,70.92,29.7,37.9,22.65
Mahabubabad,17.5999,80.0014,2024,7,10.07,81.21,27.47,35.7,23.46
Mahabubabad,17.5999,80.0014,2024,8,8.41,85.74,27.31,32.77,23.41
Mahabubabad,17.5999,80.0014,2024,9,6.51,86.92,26.56,31.53,21.75
Mahabubabad,17.5999,80.0014,2024,10,2.06,85.68,26.46,32.11,20.45
Mahabubabad,17.5999,80.0014,2024,11,0.25,80.12,23.27,30.17,14.93
Mahabubabad,17.5999,80.0014,2024,12,0.34,74.35,23.71,31.59,10.61
Mahabubabad,17.5999,80.0014,2024,13,3.12,68.3,27.88,46.12,10.61
Mahabubnagar,16.7374,77.9891,2000,1,0.0,43.6,23.78,35.95,12.88
Mahabubnagar,16.7374,77.9891,2000,2,1.16,51.87,26.06,35.9,14.83
Mahabubnagar,16.7374,77.9891,2000,3,0.01,37.07,28.34,39.96,15.08
Mahabubnagar,16.7374,77.9891,2000,4,0.03,31.04,33.68,44.68,21.01
Mahabubnagar,16.7374,77.9891,2000,5,1.77,50.23,31.2,43.6,22.87
Mahabubnagar,16.7374,77.9891,2000,6,7.2,75.49,26.37,34.1,21.66
Mahabubnagar,16.7374,77.9891,2000,7,2.37,79.29,25.48,31.53,20.21
Mahabubnagar,16.7374,77.9891,2000,8,10.92,82.02,24.99,32.36,20.67
Mahabubnagar,16.7374,77.9891,2000,9,2.83,82.69,25.23,31.27,20.43
Mahabubnagar,16.7374,77.9891,2000,10,1.61,76.01,24.68,31.69,16.11
Mahabubnagar,16.7374,77.9891,2000,11,0.46,69.65,23.06,32.71,14.52
Mahabubnagar,16.7374,77.9891,2000,12,0.06,51.43,21.66,32.83,11.9
Mahabubnagar,16.7374,77.9891,2000,13,2.37,60.87,26.2,44.68,11.9
Mahabubnagar,16.7374,77.9891,2001,1,0.14,48.15,23.42,34.81,12.89
Mahabubnagar,16.7374,77.9891,2001,2,0.0,30.08,26.36,39.09,14.56
Mahabubnagar,16.7374,77.9891,2001,3,0.66,38.23,29.61,40.79,16.65
Mahabubnagar,16.7374,77.9891,2001,4,0.81,43.21,31.38,42.47,21.07
Mahabubnagar,16.7374,77.9891,2001,5,0.39,34.57,33.95,44.56,24.65
Mahabubnagar,16.7374,77.9891,2001,6,3.39,64.53,27.95,38.91,20.61
Mahabubnagar,16.7374,77.9891,2001,7,2.67,64.35,27.7,35.84,21.13
Mahabubnagar,16.7374,77.9891,2001,8,4.28,78.78,25.54,32.46,21.07
Mahabubnagar,16.7374,77.9891,2001,9,5.73,79.88,25.81,32.55,21.43
Mahabubnagar,16.7374,77.9891,2001,10,5.01,82.52,23.99,30.13,15.68
Mahabubnagar,16.7374,77.9891,2001,11,0.15,77.48,22.87,30.32,14.12
Mahabubnagar,16.7374,77.9891,2001,12,0.08,64.63,21.04,31.15,12.71
Mahabubnagar,16.7374,77.9891,2001,13,1.95,59.02,26.63,44.56,12.71
Mahabubnagar,16.7374,77.9891,2002,1,0.23,58.96,22.69,35.44,10.93
Mahabubnagar,16.7374,77.9891,2002,2,0.04,47.44,25.64,37.03,15.97
Mahabubnagar,16.7374,77.9891,2002,3,0.32,35.07,29.64,40.83,18.01
Mahabubnagar,16.7374,77.9891,2002,4,0.06,33.04,33.24,42.77,22.08
Mahabubnagar,16.7374,77.9891,2002,5,3.73,48.97,32.17,44.27,23.11
Mahabubnagar,16.7374,77.9891,2002,6,3.05,70.74,27.9,36.39,22.6
Mahabubnagar,16.7374,77.9891,2002,7,3.09,68.15,27.56,35.87,21.69
Mahabubnagar,16.7374,77.9891,2002,8,5.08,78.19,25.69,32.39,20.65
Mahabubnagar,16.7374,77.9891,2002,9,1.18,70.06,27.12,36.03,19.41
Mahabubnagar,16.7374,77.9891,2002,10,5.59,74.63,25.32,37.98,17.9
Mahabubnagar,16.7374,77.9891,2002,11,0.15,64.25,23.19,34.18,14.17
Mahabubnagar,16.7374,77.9891,2002,12,0.03,56.29,22.76,33.64,13.71
Mahabubnagar,16.7374,77.9891,2002,13,1.9,58.9,26.91,44.27,10.93
Mahabubnagar,16.7374,77.9891,2003,1,0.0,53.0,23.72,35.1,13.52
Mahabubnagar,16.7374,77.9891,2003,2,0.12,48.16,27.28,36.78,15.71
Mahabubnagar,16.7374,77.9891,2003,3,0.36,39.42,29.81,40.21,19.28
Mahabubnagar,16.7374,77.9891,2003,4,0.42,35.95,32.58,42.29,21.48
Mahabubnagar,16.7374,77.9891,2003,5,0.3,25.25,35.07,44.59,23.81
Mahabubnagar,16.7374,77.9891,2003,6,2.85,55.68,30.17,43.91,21.82
Mahabubnagar,16.7374,77.9891,2003,7,4.94,77.37,26.11,33.46,21.92
Mahabubnagar,16.7374,77.9891,2003,8,4.46,79.5,25.73,33.15,20.85
Mahabubnagar,16.7374,77.9891,2003,9,3.05,77.65,25.95,33.48,21.39
Mahabubnagar,16.7374,77.9891,2003,10,4.54,78.44,24.95,32.7,14.91
Mahabubnagar,16.7374,77.9891,2003,11,0.11,72.29,22.67,31.54,13.54
Mahabubnagar,16.7374,77.9891,2003,12,0.16,60.54,21.83,32.58,12.76
Mahabubnagar,16.7374,77.9891,2003,13,1.79,58.67,27.15,44.59,12.76
Mahabubnagar,16.7374,77.9891,2004,1,0.72,58.49,22.64,33.35,12.06
Mahabubnagar,16.7374,77.9891,2004,2,0.04,44.85,24.93,37.85,13.14
Mahabubnagar,16.7374,77.9891,2004,3,0.45,34.7,29.78,41.89,17.87
Mahabubnagar,16.7374,77.9891,2004,4,2.85,44.42,31.4,43.5,20.22
Mahabubnagar,16.7374,77.9891,2004,5,2.24,65.67,28.72,38.85,22.28
Mahabubnagar,16.7374,77.9891,2004,6,0.96,65.96,27.94,36.67,21.77
Mahabubnagar,16.7374,77.9891,2004,7,5.18,76.09,26.01,33.37,21.2
Mahabubnagar,16.7374,77.9891,2004,8,1.28,71.59,26.62,34.59,21.45
Mahabubnagar,16.7374,77.9891,2004,9,4.66,79.66,25.82,34.5,20.13
Mahabubnagar,16.7374,77.9891,2004,10,2.45,75.98,24.85,32.34,15.88
Mahabubnagar,16.7374,77.9891,2004,11,0.06,62.22,23.67,33.34,13.41
Mahabubnagar,16.7374,77.9891,2004,12,0.0,53.91,22.19,33.13,12.68
Mahabubnagar,16.7374,77.9891,2004,13,1.75,61.2,26.21,43.5,12.06
Mahabubnagar,16.7374,77.9891,2005,1,0.77,55.86,23.82,33.09,13.92
Mahabubnagar,16.7374,77.9891,2005,2,0.04,41.93,26.34,38.93,14.23
Mahabubnagar,16.7374,77.9891,2005,3,0.24,35.65,29.32,41.55,17.01
Mahabubnagar,16.7374,77.9891,2005,4,1.41,49.11,30.72,40.53,20.98
Mahabubnagar,16.7374,77.9891,2005,5,2.34,45.89,32.18,43.43,21.79
Mahabubnagar,16.7374,77.9891,2005,6,3.25,67.24,28.56,41.18,22.42
Mahabubnagar,16.7374,77.9891,2005,7,9.13,80.98,25.73,33.27,20.57
Mahabubnagar,16.7374,77.9891,2005,8,4.83,84.83,25.06,30.22,21.1
Mahabubnagar,16.7374,77.9891,2005,9,5.45,86.12,25.07,30.94,20.81
Mahabubnagar,16.7374,77.9891,2005,10,7.92,85.17,24.23,31.25,18.79
Mahabubnagar,16.7374,77.9891,2005,11,0.12,79.72,19.67,27.81,11.78
Mahabubnagar,16.7374,77.9891,2005,12,0.04,72.68,19.69,29.36,9.91
Mahabubnagar,16.7374,77.9891,2005,13,2.99,65.57,25.86,43.43,9.91
Mahabubnagar,16.7374,77.9891,2006,1,0.0,59.68,20.98,33.13,10.98
Mahabubnagar,16.7374,77.9891,2006,2,0.0,40.55,24.82,37.75,14.17
Mahabubnagar,16.7374,77.9891,2006,3,1.47,49.28,27.94,39.46,15.17
Mahabubnagar,16.7374,77.9891,2006,4,1.3,40.11,31.89,43.0,20.84
Mahabubnagar,16.7374,77.9891,2006,5,3.1,48.92,31.85,43.15,22.49
Mahabubnagar,16.7374,77.9891,2006,6,3.92,73.64,27.26,35.81,22.16
Mahabubnagar,16.7374,77.9891,2006,7,4.07,73.7,26.57,34.2,20.92
Mahabubnagar,16.7374,77.9891,2006,8,3.58,80.13,25.27,31.92,20.55
Mahabubnagar,16.7374,77.9891,2006,9,7.22,81.18,25.64,34.32,20.04
Mahabubnagar,16.7374,77.9891,2006,10,1.03,79.74,24.61,31.0,18.3
Mahabubnagar,16.7374,77.9891,2006,11,2.33,80.48,22.74,31.15,15.68
Mahabubnagar,16.7374,77.9891,2006,12,0.01,69.16,21.52,30.85,12.44
Mahabubnagar,16.7374,77.9891,2006,13,2.34,64.87,25.92,43.15,10.98
Mahabubnagar,16.7374,77.9891,2007,1,0.0,55.43,22.8,34.48,13.16
Mahabubnagar,16.7374,77.9891,2007,2,0.01,44.73,25.27,36.4,14.9
Mahabubnagar,16.7374,77.9891,2007,3,0.0,37.37,29.86,40.89,18.2
Mahabubnagar,16.7374,77.9891,2007,4,0.72,39.01,32.1,42.56,21.89
Mahabubnagar,16.7374,77.9891,2007,5,1.51,40.71,33.13,44.02,23.46
Mahabubnagar,16.7374,77.9891,2007,6,13.23,74.75,27.3,38.12,22.01
Mahabubnagar,16.7374,77.9891,2007,7,2.65,80.82,25.84,32.47,21.53
Mahabubnagar,16.7374,77.9891,2007,8,8.04,82.58,25.36,31.54,21.04
Mahabubnagar,16.7374,77.9891,2007,9,6.83,87.88,24.71,31.3,20.04
Mahabubnagar,16.7374,77.9891,2007,10,1.15,80.18,22.94,30.1,17.11
Mahabubnagar,16.7374,77.9891,2007,11,0.15,73.34,21.05,30.01,10.2
Mahabubnagar,16.7374,77.9891,2007,12,0.04,65.72,21.94,33.71,13.61
Mahabubnagar,16.7374,77.9891,2007,13,2.86,63.64,26.03,44.02,10.2
Mahabubnagar,16.7374,77.9891,2008,1,0.0,49.29,22.42,33.02,12.77
Mahabubnagar,16.7374,77.9891,2008,2,0.97,55.8,25.13,36.05,14.61
Mahabubnagar,16.7374,77.9891,2008,3,4.6,49.93,27.17,38.69,16.47
Mahabubnagar,16.7374,77.9891,2008,4,0.19,50.35,29.37,41.83,18.29
Mahabubnagar,16.7374,77.9891,2008,5,0.62,34.97,32.85,42.56,23.85
Mahabubnagar,16.7374,77.9891,2008,6,1.8,64.79,27.9,36.53,21.29
Mahabubnagar,16.7374,77.9891,2008,7,3.71,64.64,27.97,37.12,21.86
Mahabubnagar,16.7374,77.9891,2008,8,8.14,83.27,25.22,31.03,21.16
Mahabubnagar,16.7374,77.9891,2008,9,4.86,83.39,24.92,30.7,19.07
Mahabubnagar,16.7374,77.9891,2008,10,1.71,78.25,24.12,31.18,14.37
Mahabubnagar,16.7374,77.9891,2008,11,1.49,72.08,22.79,31.51,13.51
Mahabubnagar,16.7374,77.9891,2008,12,0.0,66.31,22.25,32.15,12.91
Mahabubnagar,16.7374,77.9891,2008,13,2.35,62.74,26.01,42.56,12.77
Mahabubnagar,16.7374,77.9891,2009,1,0.0,55.64,23.1,36.09,14.05
Mahabubnagar,16.7374,77.9891,2009,2,0.0,39.13,26.99,39.69,16.99
Mahabubnagar,16.7374,77.9891,2009,3,0.18,31.55,29.82,40.23,18.55
Mahabubnagar,16.7374,77.9891,2009,4,0.32,32.41,32.91,42.82,22.12
Mahabubnagar,16.7374,77.9891,2009,5,2.98,41.09,32.99,44.4,23.82
Mahabubnagar,16.7374,77.9891,2009,6,3.36,72.3,27.32,37.48,22.21
Mahabubnagar,16.7374,77.9891,2009,7,1.26,70.45,26.93,35.06,21.47
Mahabubnagar,16.7374,77.9891,2009,8,5.92,71.5,27.1,36.6,21.37
Mahabubnagar,16.7374,77.9891,2009,9,6.53,81.23,25.91,32.94,21.02
Mahabubnagar,16.7374,77.9891,2009,10,2.45,76.5,24.12,31.07,15.68
Mahabubnagar,16.7374,77.9891,2009,11,1.17,77.16,23.39,31.31,13.21
Mahabubnagar,16.7374,77.9891,2009,12,0.09,68.37,22.25,31.21,12.49
Mahabubnagar,16.7374,77.9891,2009,13,2.03,59.88,26.9,44.4,12.49
Mahabubnagar,16.7374,77.9891,2010,1,0.47,58.51,22.88,33.48,12.08
Mahabubnagar,16.7374,77.9891,2010,2,0.03,44.76,26.72,38.34,15.03
Mahabubnagar,16.7374,77.9891,2010,3,0.0,33.32,30.81,40.89,18.68
Mahabubnagar,16.7374,77.9891,2010,4,0.44,34.55,33.51,43.33,21.63
Mahabubnagar,16.7374,77.9891,2010,5,0.79,40.9,33.85,43.42,24.52
Mahabubnagar,16.7374,77.9891,2010,6,3.27,62.27,29.42,40.97,22.64
Mahabubnagar,16.7374,77.9891,2010,7,9.31,81.01,25.64,33.93,21.31
Mahabubnagar,16.7374,77.9891,2010,8,5.87,83.98,25.6,31.72,19.17
Mahabubnagar,16.7374,77.9891,2010,9,5.72,86.69,24.92,30.37,20.01
Mahabubnagar,16.7374,77.9891,2010,10,1.75,83.08,24.47,31.06,16.77
Mahabubnagar,16.7374,77.9891,2010,11,1.17,84.18,23.55,30.33,17.11
Mahabubnagar,16.7374,77.9891,2010,12,0.36,70.07,20.83,30.33,9.74
Mahabubnagar,16.7374,77.9891,2010,13,2.45,63.73,26.84,43.42,9.74
Mahabubnagar,16.7374,77.9891,2011,1,0.0,56.23,21.84,34.15,11.0
Mahabubnagar,16.7374,77.9891,2011,2,0.19,50.91,25.22,35.01,14.23
Mahabubnagar,16.7374,77.9891,2011,3,0.02,35.79,29.12,40.77,17.82
Mahabubnagar,16.7374,77.9891,2011,4,0.2,39.86,31.1,42.17,20.9
Mahabubnagar,16.7374,77.9891,2011,5,1.21,38.26,33.23,42.7,24.2
Mahabubnagar,16.7374,77.9891,2011,6,1.41,61.65,28.61,38.06,22.69
Mahabubnagar,16.7374,77.9891,2011,7,3.87,70.82,26.88,35.55,21.14
Mahabubnagar,16.7374,77.9891,2011,8,5.07,77.05,26.11,34.55,21.06
Mahabubnagar,16.7374,77.9891,2011,9,1.14,75.8,26.22,34.54,20.67
Mahabubnagar,16.7374,77.9891,2011,10,1.71,70.51,26.09,34.65,18.95
Mahabubnagar,16.7374,77.9891,2011,11,0.14,59.1,24.44,34.19,14.77
Mahabubnagar,16.7374,77.9891,2011,12,0.02,51.31,23.58,34.11,12.94
Mahabubnagar,16.7374,77.9891,2011,13,1.26,57.31,26.88,42.7,11.0
Mahabubnagar,16.7374,77.9891,2012,1,0.08,50.04,23.58,35.16,10.56
Mahabubnagar,16.7374,77.9891,2012,2,0.0,37.79,26.09,38.26,15.54
Mahabubnagar,16.7374,77.9891,2012,3,0.01,27.04,29.36,41.16,16.34
Mahabubnagar,16.7374,77.9891,2012,4,1.54,44.3,31.45,41.42,21.4
Mahabubnagar,16.7374,77.9891,2012,5,0.48,32.17,34.5,44.33,25.31
Mahabubnagar,16.7374,77.9891,2012,6,2.01,54.96,29.56,40.66,22.13
Mahabubnagar,16.7374,77.9891,2012,7,5.61,73.04,26.58,35.18,21.64
Mahabubnagar,16.7374,77.9891,2012,8,3.07,75.72,26.09,33.94,20.48
Mahabubnagar,16.7374,77.9891,2012,9,4.04,79.13,25.72,31.94,20.97
Mahabubnagar,16.7374,77.9891,2012,10,2.2,74.13,24.41,32.53,17.02
Mahabubnagar,16.7374,77.9891,2012,11,1.56,69.38,23.55,32.81,12.2
Mahabubnagar,16.7374,77.9891,2012,12,0.01,59.36,23.46,34.27,13.3
Mahabubnagar,16.7374,77.9891,2012,13,1.72,56.46,27.03,44.33,10.56
Mahabubnagar,16.7374,77.9891,2013,1,0.0,51.24,24.21,34.59,14.26
Mahabubnagar,16.7374,77.9891,2013,2,0.64,48.72,25.49,36.15,14.71
Mahabubnagar,16.7374,77.9891,2013,3,0.04,36.23,29.25,39.92,16.38
Mahabubnagar,16.7374,77.9891,2013,4,1.08,40.57,31.8,41.41,22.46
Mahabubnagar,16.7374,77.9891,2013,5,1.03,40.9,33.6,44.17,24.26
Mahabubnagar,16.7374,77.9891,2013,6,3.19,70.61,27.3,35.47,21.72
Mahabubnagar,16.7374,77.9891,2013,7,4.64,76.68,25.8,32.29,20.99
Mahabubnagar,16.7374,77.9891,2013,8,4.68,79.57,25.52,32.04,20.93
Mahabubnagar,16.7374,77.9891,2013,9,6.49,84.39,25.0,31.89,19.24
Mahabubnagar,16.7374,77.9891,2013,10,4.97,84.27,24.3,30.38,16.74
Mahabubnagar,16.7374,77.9891,2013,11,0.23,79.15,21.94,29.94,13.56
Mahabubnagar,16.7374,77.9891,2013,12,0.0,65.32,20.42,30.57,11.73
Mahabubnagar,16.7374,77.9891,2013,13,2.26,63.2,26.22,44.17,11.73
Mahabubnagar,16.7374,77.9891,2014,1,0.0,62.15,22.62,31.66,13.57
Mahabubnagar,16.7374,77.9891,2014,2,0.03,45.9,24.95,34.9,15.03
Mahabubnagar,16.7374,77.9891,2014,3,1.3,46.73,27.58,40.87,17.43
Mahabubnagar,16.7374,77.9891,2014,4,0.52,33.53,32.25,41.33,22.5
Mahabubnagar,16.7374,77.9891,2014,5,1.51,47.95,31.74,42.78,21.32
Mahabubnagar,16.7374,77.9891,2014,6,1.5,53.77,30.85,40.38,24.16
Mahabubnagar,16.7374,77.9891,2014,7,4.86,69.86,27.35,38.4,21.73
Mahabubnagar,16.7374,77.9891,2014,8,7.56,75.13,26.51,35.46,21.39
Mahabubnagar,16.7374,77.9891,2014,9,3.5,84.29,24.97,30.78,20.25
Mahabubnagar,16.7374,77.9891,2014,10,2.2,77.12,24.38,31.5,14.9
Mahabubnagar,16.7374,77.9891,2014,11,0.35,68.95,22.57,31.7,14.47
Mahabubnagar,16.7374,77.9891,2014,12,0.13,60.03,21.82,32.5,12.7
Mahabubnagar,16.7374,77.9891,2014,13,1.98,60.57,26.47,42.78,12.7
Mahabubnagar,16.7374,77.9891,2015,1,0.04,48.19,22.16,32.31,10.93
Mahabubnagar,16.7374,77.9891,2015,2,0.01,44.49,24.6,35.75,14.87
Mahabubnagar,16.7374,77.9891,2015,3,0.68,43.9,28.31,40.3,16.84
Mahabubnagar,16.7374,77.9891,2015,4,2.42,50.01,29.88,40.79,17.21
Mahabubnagar,16.7374,77.9891,2015,5,0.74,40.84,32.94,44.09,22.79
Mahabubnagar,16.7374,77.9891,2015,6,1.99,62.38,28.67,39.13,21.59
Mahabubnagar,16.7374,77.9891,2015,7,1.87,60.45,28.92,38.04,21.51
Mahabubnagar,16.7374,77.9891,2015,8,2.81,69.88,27.37,36.03,21.82
Mahabubnagar,16.7374,77.9891,2015,9,5.37,78.19,26.1,35.18,19.32
Mahabubnagar,16.7374,77.9891,2015,10,0.75,66.47,26.56,35.25,18.95
Mahabubnagar,16.7374,77.9891,2015,11,0.52,64.51,25.19,33.98,17.23
Mahabubnagar,16.7374,77.9891,2015,12,0.04,54.63,24.21,35.63,13.34
Mahabubnagar,16.7374,77.9891,2015,13,1.44,57.02,27.09,44.09,10.93
Mahabubnagar,16.7374,77.9891,2016,1,0.12,50.76,23.38,35.82,14.32
Mahabubnagar,16.7374,77.9891,2016,2,0.0,45.17,27.16,39.01,16.2
Mahabubnagar,16.7374,77.9891,2016,3,0.02,37.23,30.45,41.25,18.98
Mahabubnagar,16.7374,77.9891,2016,4,0.08,31.18,33.81,43.74,21.52
Mahabubnagar,16.7374,77.9891,2016,5,1.97,44.51,32.95,42.82,23.77
Mahabubnagar,16.7374,77.9891,2016,6,4.03,72.28,27.29,38.01,21.99
Mahabubnagar,16.7374,77.9891,2016,7,4.25,76.28,26.38,33.91,21.62
Mahabubnagar,16.7374,77.9891,2016,8,2.95,76.05,26.32,34.02,21.69
Mahabubnagar,16.7374,77.9891,2016,9,7.3,83.43,24.73,31.89,20.09
Mahabubnagar,16.7374,77.9891,2016,10,0.53,75.27,23.52,31.13,15.6
Mahabubnagar,16.7374,77.9891,2016,11,0.0,57.56,22.68,34.39,12.97
Mahabubnagar,16.7374,77.9891,2016,12,0.04,46.95,22.88,33.49,12.22
Mahabubnagar,16.7374,77.9891,2016,13,1.77,58.09,26.79,43.74,12.22
Mahabubnagar,16.7374,77.9891,2017,1,0.0,44.59,23.01,34.22,13.15
Mahabubnagar,16.7374,77.9891,2017,2,0.0,35.38,25.57,38.67,14.52
Mahabubnagar,16.7374,77.9891,2017,3,0.45,36.73,29.14,41.42,15.53
Mahabubnagar,16.7374,77.9891,2017,4,0.11,26.88,33.62,43.09,21.08
Mahabubnagar,16.7374,77.9891,2017,5,0.7,37.22,34.01,43.35,24.33
Mahabubnagar,16.7374,77.9891,2017,6,4.6,68.68,28.06,40.47,22.1
Mahabubnagar,16.7374,77.9891,2017,7,3.01,72.39,26.86,34.2,22.14
Mahabubnagar,16.7374,77.9891,2017,8,4.21,76.12,26.26,33.96,20.02
Mahabubnagar,16.7374,77.9891,2017,9,6.03,81.94,25.76,32.05,20.24
Mahabubnagar,16.7374,77.9891,2017,10,3.5,83.15,24.53,31.0,17.13
Mahabubnagar,16.7374,77.9891,2017,11,0.01,72.77,22.9,31.75,14.04
Mahabubnagar,16.7374,77.9891,2017,12,0.0,56.73,21.57,32.17,12.51
Mahabubnagar,16.7374,77.9891,2017,13,1.89,57.85,26.78,43.35,12.51
Mahabubnagar,16.7374,77.9891,2018,1,0.0,40.43,22.84,34.26,13.6
Mahabubnagar,16.7374,77.9891,2018,2,0.0,36.28,25.35,37.13,13.41
Mahabubnagar,16.7374,77.9891,2018,3,0.0,30.18,29.68,40.45,17.63
Mahabubnagar,16.7374,77.9891,2018,4,0.6,36.88,32.85,43.88,22.36
Mahabubnagar,16.7374,77.9891,2018,5,0.92,41.63,33.32,44.16,23.81
Mahabubnagar,16.7374,77.9891,2018,6,2.08,66.87,28.02,38.82,22.48
Mahabubnagar,16.7374,77.9891,2018,7,2.72,67.78,27.19,35.95,22.19
Mahabubnagar,16.7374,77.9891,2018,8,3.48,72.55,26.28,33.74,21.36
Mahabubnagar,16.7374,77.9891,2018,9,2.99,70.74,26.63,35.68,20.32
Mahabubnagar,16.7374,77.9891,2018,10,0.76,60.85,26.42,35.99,16.63
Mahabubnagar,16.7374,77.9891,2018,11,0.02,51.98,25.8,35.35,14.82
Mahabubnagar,16.7374,77.9891,2018,12,0.23,54.19,23.5,33.47,11.31
Mahabubnagar,16.7374,77.9891,2018,13,1.16,52.62,27.33,44.16,11.31
Mahabubnagar,16.7374,77.9891,2019,1,0.78,49.63,22.23,32.92,10.64
Mahabubnagar,16.7374,77.9891,2019,2,0.01,47.18,25.9,38.03,14.69
Mahabubnagar,16.7374,77.9891,2019,3,0.03,34.86,30.55,41.26,19.15
Mahabubnagar,16.7374,77.9891,2019,4,0.62,32.69,33.36,43.78,23.56
Mahabubnagar,16.7374,77.9891,2019,5,0.7,31.38,35.28,44.48,24.73
Mahabubnagar,16.7374,77.9891,2019,6,1.44,55.37,30.73,40.97,23.18
Mahabubnagar,16.7374,77.9891,2019,7,2.27,69.37,27.68,36.9,22.47
Mahabubnagar,16.7374,77.9891,2019,8,4.27,76.31,26.37,33.52,21.38
Mahabubnagar,16.7374,77.9891,2019,9,5.43,81.36,25.82,33.06,20.48
Mahabubnagar,16.7374,77.9891,2019,10,3.0,84.35,24.9,31.23,20.51
Mahabubnagar,16.7374,77.9891,2019,11,0.05,73.02,24.2,32.61,15.89
Mahabubnagar,16.7374,77.9891,2019,12,0.15,68.47,23.43,32.65,14.43
Mahabubnagar,16.7374,77.9891,2019,13,1.57,58.74,27.54,44.48,10.64
Mahabubnagar,16.7374,77.9891,2020,1,0.2,57.26,24.38,35.2,14.32
Mahabubnagar,16.7374,77.9891,2020,2,0.04,47.32,25.91,36.23,16.28
Mahabubnagar,16.7374,77.9891,2020,3,0.29,41.07,29.68,39.67,20.43
Mahabubnagar,16.7374,77.9891,2020,4,0.51,37.25,32.47,41.94,22.34
Mahabubnagar,16.7374,77.9891,2020,5,1.42,38.01,33.96,43.56,25.0
Mahabubnagar,16.7374,77.9891,2020,6,4.63,70.9,27.77,36.11,22.24
Mahabubnagar,16.7374,77.9891,2020,7,9.34,83.58,25.7,31.24,21.32
Mahabubnagar,16.7374,77.9891,2020,8,4.81,86.87,25.29,31.29,21.82
Mahabubnagar,16.7374,77.9891,2020,9,9.33,87.99,25.04,31.6,19.71
Mahabubnagar,16.7374,77.9891,2020,10,5.6,85.17,24.53,29.92,18.32
Mahabubnagar,16.7374,77.9891,2020,11,0.7,83.85,22.43,29.43,13.06
Mahabubnagar,16.7374,77.9891,2020,12,0.01,77.95,20.14,28.46,11.29
Mahabubnagar,16.7374,77.9891,2020,13,3.08,66.5,26.44,43.56,11.29
Mahabubnagar,16.7374,77.9891,2021,1,0.1,68.99,23.1,32.99,14.23
Mahabubnagar,16.7374,77.9891,2021,2,0.09,49.96,24.03,36.93,13.96
Mahabubnagar,16.7374,77.9891,2021,3,0.0,31.85,28.93,42.13,16.83
Mahabubnagar,16.7374,77.9891,2021,4,0.98,38.61,31.57,41.58,22.02
Mahabubnagar,16.7374,77.9891,2021,5,1.54,53.7,30.97,40.1,23.77
Mahabubnagar,16.7374,77.9891,2021,6,2.86,66.52,28.07,36.27,22.07
Mahabubnagar,16.7374,77.9891,2021,7,5.82,79.67,26.22,34.84,21.62
Mahabubnagar,16.7374,77.9891,2021,8,3.9,79.83,25.89,32.62,20.92
Mahabubnagar,16.7374,77.9891,2021,9,4.72,82.75,25.48,31.33,19.27
Mahabubnagar,16.7374,77.9891,2021,10,2.98,81.59,25.05,31.09,17.41
Mahabubnagar,16.7374,77.9891,2021,11,1.47,81.76,23.82,31.03,15.8
Mahabubnagar,16.7374,77.9891,2021,12,0.0,69.14,22.16,31.55,12.16
Mahabubnagar,16.7374,77.9891,2021,13,2.05,65.47,26.28,42.13,12.16
Mahabubnagar,16.7374,77.9891,2022,1,0.51,59.58,22.63,33.4,12.37
Mahabubnagar,16.7374,77.9891,2022,2,0.0,47.03,25.39,36.93,13.62
Mahabubnagar,16.7374,77.9891,2022,3,0.07,33.34,30.36,41.25,17.05
Mahabubnagar,16.7374,77.9891,2022,4,0.34,36.6,33.02,42.62,23.37
Mahabubnagar,16.7374,77.9891,2022,5,1.92,53.93,31.17,42.59,23.48
Mahabubnagar,16.7374,77.9891,2022,6,3.15,65.19,28.42,39.31,22.11
Mahabubnagar,16.7374,77.9891,2022,7,7.09,80.03,25.96,34.42,21.66
Mahabubnagar,16.7374,77.9891,2022,8,4.93,83.68,25.44,31.26,21.01
Mahabubnagar,16.7374,77.9891,2022,9,5.09,84.11,25.37,31.45,20.48
Mahabubnagar,16.7374,77.9891,2022,10,3.6,83.35,23.76,30.29,14.69
Mahabubnagar,16.7374,77.9891,2022,11,0.07,75.84,22.32,31.02,13.11
Mahabubnagar,16.7374,77.9891,2022,12,0.39,70.21,23.57,33.59,13.63
Mahabubnagar,16.7374,77.9891,2022,13,2.28,64.54,26.45,42.62,12.37
Mahabubnagar,16.7374,77.9891,2023,1,0.0,56.69,23.08,33.35,11.17
Mahabubnagar,16.7374,77.9891,2023,2,0.0,35.34,26.27,37.77,15.68
Mahabubnagar,16.7374,77.9891,2023,3,0.73,42.12,28.22,39.65,16.97
Mahabubnagar,16.7374,77.9891,2023,4,2.91,40.61,31.26,41.76,21.99
Mahabubnagar,16.7374,77.9891,2023,5,1.68,54.73,30.85,40.77,22.42
Mahabubnagar,16.7374,77.9891,2023,6,1.24,49.15,31.59,41.28,22.65
Mahabubnagar,16.7374,77.9891,2023,7,6.86,74.22,26.71,35.64,21.54
Mahabubnagar,16.7374,77.9891,2023,8,0.82,73.67,27.04,35.26,21.96
Mahabubnagar,16.7374,77.9891,2023,9,4.34,78.74,26.35,35.75,21.32
Mahabubnagar,16.7374,77.9891,2023,10,0.12,63.76,26.4,34.91,16.5
Mahabubnagar,16.7374,77.9891,2023,11,1.45,68.83,25.51,34.62,17.5
Mahabubnagar,16.7374,77.9891,2023,12,0.28,62.63,23.06,33.0,14.73
Mahabubnagar,16.7374,77.9891,2023,13,1.71,58.55,27.19,41.76,11.17
Mahabubnagar,16.7374,77.9891,2024,1,0.0,57.42,24.43,34.0,16.1
Mahabubnagar,16.7374,77.9891,2024,2,0.0,46.66,27.11,37.02,16.27
Mahabubnagar,16.7374,77.9891,2024,3,0.03,37.18,30.95,41.86,20.65
Mahabubnagar,16.7374,77.9891,2024,4,0.14,32.78,33.71,43.65,23.23
Mahabubnagar,16.7374,77.9891,2024,5,2.31,51.12,32.47,45.13,23.55
Mahabubnagar,16.7374,77.9891,2024,6,4.07,72.51,27.55,39.76,21.43
Mahabubnagar,16.7374,77.9891,2024,7,4.62,77.11,26.47,34.83,22.15
Mahabubnagar,16.7374,77.9891,2024,8,6.8,82.14,26.45,32.83,22.33
Mahabubnagar,16.7374,77.9891,2024,9,5.81,84.81,25.3,30.77,19.84
Mahabubnagar,16.7374,77.9891,2024,10,2.72,84.04,25.34,32.22,18.45
Mahabubnagar,16.7374,77.9891,2024,11,0.09,76.43,22.75,30.4,14.74
Mahabubnagar,16.7374,77.9891,2024,12,0.3,69.28,23.72,32.3,11.58
Mahabubnagar,16.7374,77.9891,2024,13,2.25,64.36,27.19,45.13,11.58
Mancherial,18.8697,79.4597,2000,1,0.0,33.09,23.2,35.66,10.12
Mancherial,18.8697,79.4597,2000,2,1.04,48.02,25.3,35.98,11.89
Mancherial,18.8697,79.4597,2000,3,0.0,21.27,28.8,40.68,14.31
Mancherial,18.8697,79.4597,2000,4,0.03,22.85,35.7,46.6,20.59
Mancherial,18.8697,79.4597,2000,5,0.61,37.94,34.74,45.9,25.4
Mancherial,18.8697,79.4597,2000,6,3.23,66.03,29.54,37.83,23.71
Mancherial,18.8697,79.4597,2000,7,7.04,78.37,27.3,36.43,22.27
Mancherial,18.8697,79.4597,2000,8,8.22,82.83,26.81,33.36,22.35
Mancherial,18.8697,79.4597,2000,9,2.2,81.53,26.64,32.62,21.7
Mancherial,18.8697,79.4597,2000,10,0.25,64.1,27.19,37.31,15.59
Mancherial,18.8697,79.4597,2000,11,0.01,46.33,25.21,35.79,14.87
Mancherial,18.8697,79.4597,2000,12,0.01,23.05,22.05,33.71,10.89
Mancherial,18.8697,79.4597,2000,13,1.9,50.42,27.7,46.6,10.12
Mancherial,18.8697,79.4597,2001,1,0.18,33.3,23.42,35.69,10.23
Mancherial,18.8697,79.4597,2001,2,0.0,22.03,26.8,39.9,12.87
Mancherial,18.8697,79.4597,2001,3,0.42,32.7,31.03,41.68,20.8
Mancherial,18.8697,79.4597,2001,4,2.09,40.87,32.22,44.77,22.0
Mancherial,18.8697,79.4597,2001,5,0.23,30.01,36.79,46.81,27.27
Mancherial,18.8697,79.4597,2001,6,2.74,64.96,29.32,41.97,20.61
Mancherial,18.8697,79.4597,2001,7,4.31,70.08,28.49,38.67,22.9
Mancherial,18.8697,79.4597,2001,8,7.04,85.1,26.2,31.9,22.45
Mancherial,18.8697,79.4597,2001,9,1.99,79.13,27.29,34.73,22.44
Mancherial,18.8697,79.4597,2001,10,3.43,79.82,25.32,33.03,16.33
Mancherial,18.8697,79.4597,2001,11,0.08,64.61,24.34,33.94,13.96
Mancherial,18.8697,79.4597,2001,12,0.0,42.47,21.69,33.81,11.26
Mancherial,18.8697,79.4597,2001,13,1.89,53.92,27.74,46.81,10.23
Mancherial,18.8697,79.4597,2002,1,1.35,51.86,21.93,34.14,10.35
Mancherial,18.8697,79.4597,2002,2,0.08,38.16,26.7,38.28,14.63
Mancherial,18.8697,79.4597,2002,3,0.08,26.37,31.16,41.84,18.35
Mancherial,18.8697,79.4597,2002,4,0.11,25.18,35.49,45.24,23.28
Mancherial,18.8697,79.4597,2002,5,0.83,29.68,37.0,46.85,27.34
Mancherial,18.8697,79.4597,2002,6,6.05,65.11,30.59,41.72,23.66
Mancherial,18.8697,79.4597,2002,7,3.65,71.98,28.69,36.21,23.39
Mancherial,18.8697,79.4597,2002,8,13.23,85.97,26.12,31.42,21.4
Mancherial,18.8697,79.4597,2002,9,1.59,81.56,26.29,32.81,20.83
Mancherial,18.8697,79.4597,2002,10,1.24,69.61,26.04,34.66,16.29
Mancherial,18.8697,79.4597,2002,11,0.04,45.46,24.26,35.32,13.71
Mancherial,18.8697,79.4597,2002,12,0.01,35.69,23.91,34.56,13.97
Mancherial,18.8697,79.4597,2002,13,2.38,52.31,28.18,46.85,10.35
Mancherial,18.8697,79.4597,2003,1,0.0,34.44,23.73,36.21,9.73
Mancherial,18.8697,79.4597,2003,2,0.24,40.84,28.01,38.4,17.14
Mancherial,18.8697,79.4597,2003,3,0.34,32.54,30.57,41.66,15.2
Mancherial,18.8697,79.4597,2003,4,0.26,28.36,35.21,45.83,22.29
Mancherial,18.8697,79.4597,2003,5,0.0,20.43,36.85,46.68,25.64
Mancherial,18.8697,79.4597,2003,6,4.25,52.66,32.46,47.61,23.96
Mancherial,18.8697,79.4597,2003,7,12.18,83.55,26.95,32.37,23.49
Mancherial,18.8697,79.4597,2003,8,8.33,87.82,26.13,30.98,21.99
Mancherial,18.8697,79.4597,2003,9,3.37,87.0,26.07,31.1,22.17
Mancherial,18.8697,79.4597,2003,10,3.8,83.97,24.93,31.61,16.05
Mancherial,18.8697,79.4597,2003,11,0.02,73.08,22.43,30.49,13.61
Mancherial,18.8697,79.4597,2003,12,0.17,63.37,20.66,31.27,10.43
Mancherial,18.8697,79.4597,2003,13,2.78,57.44,27.82,47.61,9.73
Mancherial,18.8697,79.4597,2004,1,1.4,58.65,21.73,33.66,11.36
Mancherial,18.8697,79.4597,2004,2,0.86,49.5,23.13,38.37,8.65
Mancherial,18.8697,79.4597,2004,3,0.13,26.39,31.23,42.61,17.22
Mancherial,18.8697,79.4597,2004,4,0.3,30.57,34.68,45.81,23.06
Mancherial,18.8697,79.4597,2004,5,0.49,41.35,34.42,44.14,26.01
Mancherial,18.8697,79.4597,2004,6,1.98,53.83,31.84,44.83,23.9
Mancherial,18.8697,79.4597,2004,7,8.5,80.0,27.28,34.52,23.06
Mancherial,18.8697,79.4597,2004,8,3.24,82.86,26.64,32.44,22.39
Mancherial,18.8697,79.4597,2004,9,2.31,80.33,27.09,33.66,22.34
Mancherial,18.8697,79.4597,2004,10,2.3,73.54,25.16,32.81,14.91
Mancherial,18.8697,79.4597,2004,11,0.16,58.99,24.09,34.1,13.79
Mancherial,18.8697,79.4597,2004,12,0.0,46.0,22.1,32.92,12.29
Mancherial,18.8697,79.4597,2004,13,1.82,56.88,27.45,45.81,8.65
Mancherial,18.8697,79.4597,2005,1,1.89,45.99,23.27,33.69,11.52
Mancherial,18.8697,79.4597,2005,2,0.07,46.94,25.65,38.19,11.19
Mancherial,18.8697,79.4597,2005,3,0.16,30.07,30.47,42.12,18.13
Mancherial,18.8697,79.4597,2005,4,0.22,31.87,33.98,43.77,24.8
Mancherial,18.8697,79.4597,2005,5,0.45,27.08,36.4,46.48,25.35
Mancherial,18.8697,79.4597,2005,6,6.54,51.13,33.35,46.06,23.34
Mancherial,18.8697,79.4597,2005,7,11.62,84.37,26.86,33.56,21.76
Mancherial,18.8697,79.4597,2005,8,4.92,86.38,26.43,31.34,22.88
Mancherial,18.8697,79.4597,2005,9,8.88,87.55,26.35,31.73,21.59
Mancherial,18.8697,79.4597,2005,10,5.22,84.93,24.75,31.6,17.12
Mancherial,18.8697,79.4597,2005,11,0.01,73.48,19.69,27.79,10.98
Mancherial,18.8697,79.4597,2005,12,0.24,66.15,19.31,29.46,8.73
Mancherial,18.8697,79.4597,2005,13,3.37,59.75,27.21,46.48,8.73
Mancherial,18.8697,79.4597,2006,1,0.0,46.76,21.54,35.28,8.41
Mancherial,18.8697,79.4597,2006,2,0.0,28.53,26.83,39.52,13.81
Mancherial,18.8697,79.4597,2006,3,1.59,45.86,28.69,41.04,17.1
Mancherial,18.8697,79.4597,2006,4,1.1,32.79,33.86,45.18,21.74
Mancherial,18.8697,79.4597,2006,5,1.94,46.87,33.6,45.22,24.82
Mancherial,18.8697,79.4597,2006,6,3.16,54.75,31.78,41.72,24.62
Mancherial,18.8697,79.4597,2006,7,6.77,77.66,27.59,35.01,22.83
Mancherial,18.8697,79.4597,2006,8,12.38,85.78,26.16,32.19,21.96
Mancherial,18.8697,79.4597,2006,9,11.0,86.47,26.21,32.07,20.52
Mancherial,18.8697,79.4597,2006,10,0.9,78.75,25.4,32.45,18.04
Mancherial,18.8697,79.4597,2006,11,1.0,76.5,22.88,31.46,13.99
Mancherial,18.8697,79.4597,2006,12,0.0,62.22,22.14,31.57,11.36
Mancherial,18.8697,79.4597,2006,13,3.34,60.48,27.21,45.22,8.41
Mancherial,18.8697,79.4597,2007,1,0.0,46.05,22.94,34.7,12.63
Mancherial,18.8697,79.4597,2007,2,0.04,37.91,26.1,37.92,15.01
Mancherial,18.8697,79.4597,2007,3,0.02,28.38,30.5,41.8,17.72
Mancherial,18.8697,79.4597,2007,4,0.45,29.72,34.26,44.42,23.04
Mancherial,18.8697,79.4597,2007,5,0.92,28.85,36.95,45.91,26.75
Mancherial,18.8697,79.4597,2007,6,5.96,64.91,30.71,41.54,24.01
Mancherial,18.8697,79.4597,2007,7,3.16,77.37,27.89,35.33,22.96
Mancherial,18.8697,79.4597,2007,8,6.87,83.53,26.71,32.56,22.25
Mancherial,18.8697,79.4597,2007,9,9.38,87.53,26.39,31.53,21.59
Mancherial,18.8697,79.4597,2007,10,0.63,78.78,23.11,30.22,14.98
Mancherial,18.8697,79.4597,2007,11,0.17,66.76,21.75,30.91,11.05
Mancherial,18.8697,79.4597,2007,12,0.0,56.33,22.52,34.52,13.0
Mancherial,18.8697,79.4597,2007,13,2.3,57.28,27.49,45.91,11.05
Mancherial,18.8697,79.4597,2008,1,0.1,38.4,22.76,33.75,11.48
Mancherial,18.8697,79.4597,2008,2,0.37,39.03,24.71,36.66,10.53
Mancherial,18.8697,79.4597,2008,3,3.56,39.59,29.19,39.96,17.23
Mancherial,18.8697,79.4597,2008,4,0.07,39.23,32.26,45.17,19.57
Mancherial,18.8697,79.4597,2008,5,0.25,23.42,36.47,45.86,26.8
Mancherial,18.8697,79.4597,2008,6,5.38,65.74,29.37,43.1,23.53
Mancherial,18.8697,79.4597,2008,7,6.62,77.09,27.71,35.42,22.75
Mancherial,18.8697,79.4597,2008,8,9.15,86.31,26.3,31.81,22.07
Mancherial,18.8697,79.4597,2008,9,7.71,86.27,25.96,31.7,19.99
Mancherial,18.8697,79.4597,2008,10,1.16,76.25,24.81,31.39,14.21
Mancherial,18.8697,79.4597,2008,11,0.35,68.61,23.55,33.14,12.78
Mancherial,18.8697,79.4597,2008,12,0.0,47.16,23.23,33.34,12.16
Mancherial,18.8697,79.4597,2008,13,2.9,57.27,27.2,45.86,10.53
Mancherial,18.8697,79.4597,2009,1,0.0,41.91,24.22,37.32,13.11
Mancherial,18.8697,79.4597,2009,2,0.0,27.46,27.78,40.72,15.88
Mancherial,18.8697,79.4597,2009,3,0.2,23.56,30.96,42.19,19.74
Mancherial,18.8697,79.4597,2009,4,0.18,22.36,34.45,45.22,22.73
Mancherial,18.8697,79.4597,2009,5,0.87,31.55,36.12,46.41,26.66
Mancherial,18.8697,79.4597,2009,6,4.63,53.27,32.57,43.7,24.72
Mancherial,18.8697,79.4597,2009,7,7.02,80.88,27.22,33.41,22.97
Mancherial,18.8697,79.4597,2009,8,7.28,81.88,27.31,33.52,22.65
Mancherial,18.8697,79.4597,2009,9,2.59,83.03,27.21,33.14,22.12
Mancherial,18.8697,79.4597,2009,10,2.05,71.39,25.36,33.68,15.42
Mancherial,18.8697,79.4597,2009,11,2.78,70.47,23.7,34.72,11.23
Mancherial,18.8697,79.4597,2009,12,0.07,60.08,22.04,31.69,11.39
Mancherial,18.8697,79.4597,2009,13,2.32,54.17,28.24,46.41,11.23
Mancherial,18.8697,79.4597,2010,1,0.29,41.34,21.66,33.66,10.36
Mancherial,18.8697,79.4597,2010,2,0.33,35.1,27.41,38.32,14.82
Mancherial,18.8697,79.4597,2010,3,0.03,25.13,32.39,43.26,18.76
Mancherial,18.8697,79.4597,2010,4,0.06,23.41,36.01,45.91,22.17
Mancherial,18.8697,79.4597,2010,5,0.38,31.53,36.6,47.2,25.87
Mancherial,18.8697,79.4597,2010,6,2.61,51.24,33.14,45.53,25.05
Mancherial,18.8697,79.4597,2010,7,13.87,84.36,27.14,33.1,23.19
Mancherial,18.8697,79.4597,2010,8,14.63,87.72,26.61,31.74,21.03
Mancherial,18.8697,79.4597,2010,9,9.98,88.25,25.94,30.75,21.26
Mancherial,18.8697,79.4597,2010,10,3.04,85.53,24.98,31.43,15.53
Mancherial,18.8697,79.4597,2010,11,1.04,83.73,24.28,30.07,17.34
Mancherial,18.8697,79.4597,2010,12,0.43,72.74,19.94,28.9,8.88
Mancherial,18.8697,79.4597,2010,13,3.93,59.34,27.99,47.2,8.88
Mancherial,18.8697,79.4597,2011,1,0.0,55.31,20.38,33.5,8.12
Mancherial,18.8697,79.4597,2011,2,0.49,45.58,25.32,35.66,14.7
Mancherial,18.8697,79.4597,2011,3,0.07,27.54,30.31,41.62,18.0
Mancherial,18.8697,79.4597,2011,4,0.29,35.52,32.95,43.33,21.29
Mancherial,18.8697,79.4597,2011,5,0.48,28.28,36.47,46.06,27.38
Mancherial,18.8697,79.4597,2011,6,3.28,60.12,30.89,42.89,24.74
Mancherial,18.8697,79.4597,2011,7,7.79,78.46,27.73,35.46,23.17
Mancherial,18.8697,79.4597,2011,8,7.53,85.35,26.52,32.85,22.25
Mancherial,18.8697,79.4597,2011,9,3.36,85.28,26.27,31.5,20.98
Mancherial,18.8697,79.4597,2011,10,0.43,73.8,25.66,33.49,17.15
Mancherial,18.8697,79.4597,2011,11,0.01,56.52,24.28,34.26,14.75
Mancherial,18.8697,79.4597,2011,12,0.03,43.36,22.46,34.13,11.92
Mancherial,18.8697,79.4597,2011,13,1.99,56.31,27.44,46.06,8.12
Mancherial,18.8697,79.4597,2012,1,0.1,41.58,23.72,35.03,8.32
Mancherial,18.8697,79.4597,2012,2,0.0,28.54,26.27,39.24,12.09
Mancherial,18.8697,79.4597,2012,3,0.01,17.57,29.52,41.55,15.2
Mancherial,18.8697,79.4597,2012,4,0.28,29.04,34.87,43.96,24.16
Mancherial,18.8697,79.4597,2012,5,0.11,23.77,37.25,46.33,26.58
Mancherial,18.8697,79.4597,2012,6,3.31,55.37,31.69,45.93,24.69
Mancherial,18.8697,79.4597,2012,7,11.64,81.15,26.92,34.12,21.94
Mancherial,18.8697,79.4597,2012,8,9.46,85.63,26.34,32.03,22.41
Mancherial,18.8697,79.4597,2012,9,6.26,87.48,26.06,31.32,20.8
Mancherial,18.8697,79.4597,2012,10,1.92,79.29,24.34,30.98,14.37
Mancherial,18.8697,79.4597,2012,11,0.65,76.22,22.49,31.56,9.94
Mancherial,18.8697,79.4597,2012,12,0.0,57.5,22.46,33.63,10.89
Mancherial,18.8697,79.4597,2012,13,2.83,55.33,27.66,46.33,8.32
Mancherial,18.8697,79.4597,2013,1,0.15,46.05,23.81,34.79,12.63
Mancherial,18.8697,79.4597,2013,2,0.95,46.22,25.62,36.58,11.92
Mancherial,18.8697,79.4597,2013,3,0.03,28.25,30.36,41.76,14.9
Mancherial,18.8697,79.4597,2013,4,1.34,33.99,33.53,43.63,23.18
Mancherial,18.8697,79.4597,2013,5,0.51,29.1,37.02,48.17,26.55
Mancherial,18.8697,79.4597,2013,6,8.43,74.62,28.44,38.52,22.7
Mancherial,18.8697,79.4597,2013,7,17.01,85.54,26.26,32.72,22.45
Mancherial,18.8697,79.4597,2013,8,5.72,87.82,25.82,31.24,22.41
Mancherial,18.8697,79.4597,2013,9,4.72,85.67,26.3,31.03,22.08
Mancherial,18.8697,79.4597,2013,10,6.05,85.04,24.94,30.66,16.73
Mancherial,18.8697,79.4597,2013,11,0.17,80.97,21.56,29.53,11.7
Mancherial,18.8697,79.4597,2013,12,0.0,69.71,19.88,29.39,9.91
Mancherial,18.8697,79.4597,2013,13,3.78,62.82,26.97,48.17,9.91
Mancherial,18.8697,79.4597,2014,1,0.01,59.94,22.42,31.79,12.68
Mancherial,18.8697,79.4597,2014,2,0.27,40.12,24.87,35.49,12.39
Mancherial,18.8697,79.4597,2014,3,2.1,50.5,28.27,42.25,16.01
Mancherial,18.8697,79.4597,2014,4,0.51,28.18,34.15,44.17,22.94
Mancherial,18.8697,79.4597,2014,5,1.81,39.91,34.31,45.63,23.54
Mancherial,18.8697,79.4597,2014,6,2.42,46.62,33.9,46.01,25.45
Mancherial,18.8697,79.4597,2014,7,6.54,72.15,28.43,40.32,21.94
Mancherial,18.8697,79.4597,2014,8,5.34,79.19,27.54,33.64,23.32
Mancherial,18.8697,79.4597,2014,9,5.64,82.33,26.1,32.06,20.41
Mancherial,18.8697,79.4597,2014,10,0.44,72.34,25.85,34.77,15.92
Mancherial,18.8697,79.4597,2014,11,0.09,55.12,24.47,34.64,14.44
Mancherial,18.8697,79.4597,2014,12,0.04,47.4,21.61,33.03,9.72
Mancherial,18.8697,79.4597,2014,13,2.12,56.32,27.66,46.01,9.72
Mancherial,18.8697,79.4597,2015,1,1.13,53.25,20.53,33.77,8.49
Mancherial,18.8697,79.4597,2015,2,0.13,33.66,25.8,37.62,12.83
Mancherial,18.8697,79.4597,2015,3,1.01,41.03,29.01,40.78,15.41
Mancherial,18.8697,79.4597,2015,4,1.48,39.56,32.05,43.53,20.16
Mancherial,18.8697,79.4597,2015,5,0.24,29.47,36.31,47.06,25.89
Mancherial,18.8697,79.4597,2015,6,6.26,63.28,30.53,41.92,23.36
Mancherial,18.8697,79.4597,2015,7,4.49,72.29,28.73,35.82,22.87
Mancherial,18.8697,79.4597,2015,8,4.65,80.28,27.35,34.48,22.67
Mancherial,18.8697,79.4597,2015,9,4.63,79.42,27.26,33.66,19.15
Mancherial,18.8697,79.4597,2015,10,0.36,64.0,27.7,36.74,19.74
Mancherial,18.8697,79.4597,2015,11,0.0,54.99,26.51,35.68,17.43
Mancherial,18.8697,79.4597,2015,12,0.01,42.46,25.32,36.25,11.25
Mancherial,18.8697,79.4597,2015,13,2.04,54.59,28.1,47.06,8.49
Mancherial,18.8697,79.4597,2016,1,0.06,35.01,23.28,36.84,10.42
Mancherial,18.8697,79.4597,2016,2,0.38,35.06,28.25,40.07,14.86
Mancherial,18.8697,79.4597,2016,3,0.3,35.47,31.2,41.9,20.86
Mancherial,18.8697,79.4597,2016,4,0.33,26.44,35.59,45.48,23.59
Mancherial,18.8697,79.4597,2016,5,1.05,35.07,35.99,45.42,25.38
Mancherial,18.8697,79.4597,2016,6,7.12,61.9,31.17,44.64,24.03
Mancherial,18.8697,79.4597,2016,7,13.11,84.15,26.83,32.76,22.94
Mancherial,18.8697,79.4597,2016,8,3.54,83.64,26.69,32.21,22.37
Mancherial,18.8697,79.4597,2016,9,8.59,87.75,25.88,31.43,20.58
Mancherial,18.8697,79.4597,2016,10,3.1,79.5,23.96,30.77,14.9
Mancherial,18.8697,79.4597,2016,11,0.0,71.29,20.82,31.01,11.49
Mancherial,18.8697,79.4597,2016,12,0.0,56.81,20.34,31.27,9.91
Mancherial,18.8697,79.4597,2016,13,3.14,57.75,27.49,45.48,9.91
Mancherial,18.8697,79.4597,2017,1,0.0,41.74,22.05,34.6,10.59
Mancherial,18.8697,79.4597,2017,2,0.0,26.79,26.21,39.09,14.64
Mancherial,18.8697,79.4597,2017,3,0.83,29.69,29.62,43.42,16.04
Mancherial,18.8697,79.4597,2017,4,0.01,18.13,34.81,45.7,21.14
Mancherial,18.8697,79.4597,2017,5,0.86,30.77,36.53,45.9,26.72
Mancherial,18.8697,79.4597,2017,6,7.5,68.95,29.93,43.08,23.52
Mancherial,18.8697,79.4597,2017,7,9.55,78.18,27.73,33.84,23.33
Mancherial,18.8697,79.4597,2017,8,4.88,82.36,26.82,32.26,21.44
Mancherial,18.8697,79.4597,2017,9,3.67,82.59,27.17,32.64,22.49
Mancherial,18.8697,79.4597,2017,10,3.32,77.71,25.93,32.17,16.95
Mancherial,18.8697,79.4597,2017,11,0.38,68.25,23.23,33.28,12.58
Mancherial,18.8697,79.4597,2017,12,0.0,50.3,21.21,32.27,10.67
Mancherial,18.8697,79.4597,2017,13,2.6,54.8,27.6,45.9,10.59
Mancherial,18.8697,79.4597,2018,1,0.0,31.78,21.71,33.58,11.19
Mancherial,18.8697,79.4597,2018,2,0.24,33.12,25.77,38.13,13.9
Mancherial,18.8697,79.4597,2018,3,0.16,24.87,30.72,42.44,17.73
Mancherial,18.8697,79.4597,2018,4,0.32,30.87,34.35,45.62,23.88
Mancherial,18.8697,79.4597,2018,5,0.65,34.79,36.2,45.34,26.7
Mancherial,18.8697,79.4597,2018,6,5.62,65.76,30.07,40.4,23.89
Mancherial,18.8697,79.4597,2018,7,9.34,82.05,26.81,34.21,23.07
Mancherial,18.8697,79.4597,2018,8,13.12,85.28,26.17,32.21,22.03
Mancherial,18.8697,79.4597,2018,9,2.85,82.21,26.03,31.49,19.85
Mancherial,18.8697,79.4597,2018,10,0.01,68.34,25.85,34.76,16.2
Mancherial,18.8697,79.4597,2018,11,0.0,51.3,25.58,35.49,14.35
Mancherial,18.8697,79.4597,2018,12,0.64,53.91,21.47,32.86,8.0
Mancherial,18.8697,79.4597,2018,13,2.77,53.82,27.56,45.62,8.0
Mancherial,18.8697,79.4597,2019,1,0.78,43.39,20.89,32.9,7.02
Mancherial,18.8697,79.4597,2019,2,0.05,39.25,25.06,39.7,8.98
Mancherial,18.8697,79.4597,2019,3,0.06,29.09,30.77,43.57,16.84
Mancherial,18.8697,79.4597,2019,4,0.32,27.93,34.93,45.63,24.11
Mancherial,18.8697,79.4597,2019,5,0.05,23.78,37.45,46.78,27.89
Mancherial,18.8697,79.4597,2019,6,3.04,47.87,34.2,46.17,24.09
Mancherial,18.8697,79.4597,2019,7,9.15,74.62,28.4,37.64,23.03
Mancherial,18.8697,79.4597,2019,8,11.68,86.55,26.49,31.87,22.41
Mancherial,18.8697,79.4597,2019,9,8.05,88.47,26.36,31.05,22.97
Mancherial,18.8697,79.4597,2019,10,4.54,86.91,25.27,30.13,20.97
Mancherial,18.8697,79.4597,2019,11,0.11,82.71,22.05,29.47,13.78
Mancherial,18.8697,79.4597,2019,12,0.05,77.13,20.62,28.57,8.45
Mancherial,18.8697,79.4597,2019,13,3.19,59.11,27.71,46.78,7.02
Mancherial,18.8697,79.4597,2020,1,0.39,65.99,21.45,33.16,9.36
Mancherial,18.8697,79.4597,2020,2,0.21,49.36,24.35,35.46,13.21
Mancherial,18.8697,79.4597,2020,3,0.8,42.97,29.67,40.14,19.88
Mancherial,18.8697,79.4597,2020,4,0.42,32.44,34.08,43.37,24.69
Mancherial,18.8697,79.4597,2020,5,1.46,32.19,35.89,46.32,26.05
Mancherial,18.8697,79.4597,2020,6,6.64,72.26,29.32,38.76,23.65
Mancherial,18.8697,79.4597,2020,7,11.57,84.02,27.44,33.84,23.02
Mancherial,18.8697,79.4597,2020,8,13.65,88.52,26.58,31.98,22.61
Mancherial,18.8697,79.4597,2020,9,6.83,86.73,26.96,31.25,23.06
Mancherial,18.8697,79.4597,2020,10,3.31,85.62,25.18,30.63,17.6
Mancherial,18.8697,79.4597,2020,11,0.06,80.15,21.91,30.29,12.25
Mancherial,18.8697,79.4597,2020,12,0.0,64.84,20.79,29.89,9.01
Mancherial,18.8697,79.4597,2020,13,3.8,65.48,26.97,46.32,9.01
Mancherial,18.8697,79.4597,2021,1,0.04,56.43,23.41,33.83,13.82
Mancherial,18.8697,79.4597,2021,2,0.04,32.86,24.75,38.41,12.43
Mancherial,18.8697,79.4597,2021,3,0.01,24.05,30.28,42.62,17.12
Mancherial,18.8697,79.4597,2021,4,0.31,28.74,33.46,43.01,22.42
Mancherial,18.8697,79.4597,2021,5,1.21,42.25,34.16,43.39,25.89
Mancherial,18.8697,79.4597,2021,6,9.06,75.52,28.5,39.25,23.26
Mancherial,18.8697,79.4597,2021,7,11.94,85.42,27.14,32.73,22.8
Mancherial,18.8697,79.4597,2021,8,5.54,85.66,26.85,32.34,22.84
Mancherial,18.8697,79.4597,2021,9,10.77,87.89,26.45,31.42,21.77
Mancherial,18.8697,79.4597,2021,10,0.97,83.09,25.1,31.2,16.82
Mancherial,18.8697,79.4597,2021,11,1.17,81.39,23.59,30.94,13.64
Mancherial,18.8697,79.4597,2021,12,0.14,69.75,20.92,30.04,8.4
Mancherial,18.8697,79.4597,2021,13,3.44,62.94,27.06,43.39,8.4
Mancherial,18.8697,79.4597,2022,1,3.74,68.21,20.13,30.51,7.27
Mancherial,18.8697,79.4597,2022,2,0.01,50.31,23.06,35.82,9.87
Mancherial,18.8697,79.4597,2022,3,0.0,26.86,30.82,43.29,16.0
Mancherial,18.8697,79.4597,2022,4,0.03,28.54,35.28,45.41,23.64
Mancherial,18.8697,79.4597,2022,5,0.83,37.74,35.19,45.13,27.09
Mancherial,18.8697,79.4597,2022,6,5.45,59.77,31.63,45.26,24.05
Mancherial,18.8697,79.4597,2022,7,24.55,87.95,26.51,34.38,21.92
Mancherial,18.8697,79.4597,2022,8,9.34,87.87,26.45,31.26,22.46
Mancherial,18.8697,79.4597,2022,9,7.72,87.48,26.34,31.97,21.56
Mancherial,18.8697,79.4597,2022,10,1.47,83.2,24.34,30.67,14.11
Mancherial,18.8697,79.4597,2022,11,0.0,73.78,21.44,30.71,12.14
Mancherial,18.8697,79.4597,2022,12,0.04,62.75,23.28,33.88,12.29
Mancherial,18.8697,79.4597,2022,13,4.48,62.98,27.05,45.41,7.27
Mancherial,18.8697,79.4597,2023,1,0.02,48.92,23.12,33.63,8.84
Mancherial,18.8697,79.4597,2023,2,0.0,23.38,25.91,38.3,13.07
Mancherial,18.8697,79.4597,2023,3,0.82,37.34,29.15,40.81,18.94
Mancherial,18.8697,79.4597,2023,4,2.84,36.55,32.78,43.38,22.36
Mancherial,18.8697,79.4597,2023,5,1.42,42.97,33.71,44.39,22.54
Mancherial,18.8697,79.4597,2023,6,1.83,44.12,33.91,44.35,22.49
Mancherial,18.8697,79.4597,2023,7,23.14,82.94,27.51,35.85,23.18
Mancherial,18.8697,79.4597,2023,8,3.81,85.51,26.6,31.08,22.39
Mancherial,18.8697,79.4597,2023,9,7.94,86.34,26.79,32.13,22.83
Mancherial,18.8697,79.4597,2023,10,0.22,77.68,24.55,31.48,14.14
Mancherial,18.8697,79.4597,2023,11,0.51,73.18,23.78,32.37,15.02
Mancherial,18.8697,79.4597,2023,12,0.33,63.49,21.27,33.66,10.96
Mancherial,18.8697,79.4597,2023,13,3.61,58.81,27.42,44.39,8.84
Mancherial,18.8697,79.4597,2024,1,0.0,52.0,23.63,33.06,12.84
Mancherial,18.8697,79.4597,2024,2,0.05,38.73,27.12,36.96,16.46
Mancherial,18.8697,79.4597,2024,3,0.36,32.1,31.24,42.57,19.74
Mancherial,18.8697,79.4597,2024,4,0.38,29.49,35.22,45.44,25.19
Mancherial,18.8697,79.4597,2024,5,2.23,43.22,34.3,45.64,23.94
Mancherial,18.8697,79.4597,2024,6,5.42,62.56,31.3,42.19,23.45
Mancherial,18.8697,79.4597,2024,7,15.75,85.03,27.12,33.82,22.67
Mancherial,18.8697,79.4597,2024,8,7.41,87.49,27.05,31.55,23.22
Mancherial,18.8697,79.4597,2024,9,5.41,87.75,26.46,31.43,21.64
Mancherial,18.8697,79.4597,2024,10,1.22,84.43,26.36,32.28,19.17
Mancherial,18.8697,79.4597,2024,11,0.08,74.28,22.19,31.08,13.28
Mancherial,18.8697,79.4597,2024,12,0.21,66.89,22.68,32.68,9.14
Mancherial,18.8697,79.4597,2024,13,3.23,62.11,27.88,45.64,9.14
Medak,18.0445,78.2607,2000,1,0.0,31.38,23.05,35.34,10.29
Medak,18.0445,78.2607,2000,2,1.9,44.34,24.8,35.06,13.52
Medak,18.0445,78.2607,2000,3,0.02,28.02,27.42,39.57,14.54
Medak,18.0445,78.2607,2000,4,0.02,24.61,33.75,44.04,19.87
Medak,18.0445,78.2607,2000,5,1.43,45.36,31.57,43.69,23.51
Medak,18.0445,78.2607,2000,6,7.88,74.88,26.51,34.13,21.15
Medak,18.0445,78.2607,2000,7,3.41,79.43,25.4,31.52,20.8
Medak,18.0445,78.2607,2000,8,12.85,83.26,25.02,31.35,20.14
Medak,18.0445,78.2607,2000,9,1.98,82.88,24.91,30.76,19.45
Medak,18.0445,78.2607,2000,10,0.72,68.83,25.02,33.08,15.83
Medak,18.0445,78.2607,2000,11,0.09,57.03,23.34,33.33,13.84
Medak,18.0445,78.2607,2000,12,0.03,27.34,21.72,32.4,11.93
Medak,18.0445,78.2607,2000,13,2.53,53.93,26.04,44.04,10.29
Medak,18.0445,78.2607,2001,1,0.24,37.08,23.1,34.55,12.23
Medak,18.0445,78.2607,2001,2,0.0,21.55,26.03,38.17,13.74
Medak,18.0445,78.2607,2001,3,1.17,35.61,29.06,39.33,19.24
Medak,18.0445,78.2607,2001,4,1.01,38.65,31.56,43.14,21.1
Medak,18.0445,78.2607,2001,5,0.1,31.18,34.24,44.01,25.56
Medak,18.0445,78.2607,2001,6,6.11,69.03,27.07,38.93,20.92
Medak,18.0445,78.2607,2001,7,2.32,70.13,26.78,35.53,20.93
Medak,18.0445,78.2607,2001,8,7.68,84.23,24.61,30.33,20.42
Medak,18.0445,78.2607,2001,9,4.02,81.82,25.35,32.3,20.8
Medak,18.0445,78.2607,2001,10,3.69,82.9,23.43,29.65,14.85
Medak,18.0445,78.2607,2001,11,0.03,70.37,22.45,31.59,12.7
Medak,18.0445,78.2607,2001,12,0.0,49.52,20.63,31.26,12.2
Medak,18.0445,78.2607,2001,13,2.21,56.19,26.19,44.01,12.2
Medak,18.0445,78.2607,2002,1,0.64,49.01,21.91,34.4,9.98
Medak,18.0445,78.2607,2002,2,0.04,38.65,25.98,37.04,16.44
Medak,18.0445,78.2607,2002,3,0.32,27.8,29.66,40.11,19.39
Medak,18.0445,78.2607,2002,4,0.08,26.37,33.72,42.86,20.97
Medak,18.0445,78.2607,2002,5,1.9,39.9,33.71,43.57,22.98
Medak,18.0445,78.2607,2002,6,5.78,66.66,28.5,38.04,22.5
Medak,18.0445,78.2607,2002,7,2.75,70.06,27.26,35.09,21.75
Medak,18.0445,78.2607,2002,8,8.43,82.55,24.95,31.02,20.1
Medak,18.0445,78.2607,2002,9,1.36,77.05,25.52,33.8,19.5
Medak,18.0445,78.2607,2002,10,2.84,68.37,24.93,36.05,15.63
Medak,18.0445,78.2607,2002,11,0.04,49.89,23.05,33.68,12.76
Medak,18.0445,78.2607,2002,12,0.0,40.81,22.99,33.78,14.01
Medak,18.0445,78.2607,2002,13,2.03,53.19,26.85,43.57,9.98
Medak,18.0445,78.2607,2003,1,0.0,39.27,23.43,35.15,9.87
Medak,18.0445,78.2607,2003,2,0.22,39.96,27.1,37.18,17.33
Medak,18.0445,78.2607,2003,3,0.36,33.5,29.56,39.66,16.83
Medak,18.0445,78.2607,2003,4,0.75,31.64,32.86,42.46,21.27
Medak,18.0445,78.2607,2003,5,0.02,21.95,34.7,43.47,24.38
Medak,18.0445,78.2607,2003,6,2.75,53.44,30.46,43.8,21.97
Medak,18.0445,78.2607,2003,7,9.61,80.49,25.71,33.61,21.92
Medak,18.0445,78.2607,2003,8,5.82,84.44,24.91,31.6,19.36
Medak,18.0445,78.2607,2003,9,2.35,84.23,25.01,30.4,20.68
Medak,18.0445,78.2607,2003,10,4.61,81.25,23.96,30.99,13.85
Medak,18.0445,78.2607,2003,11,0.02,72.13,21.43,30.38,13.92
Medak,18.0445,78.2607,2003,12,0.03,59.3,20.36,30.99,10.9
Medak,18.0445,78.2607,2003,13,2.24,56.9,26.61,43.8,9.87
Medak,18.0445,78.2607,2004,1,1.15,54.0,21.8,33.07,12.02
Medak,18.0445,78.2607,2004,2,0.34,41.42,23.56,37.42,9.37
Medak,18.0445,78.2607,2004,3,0.61,26.14,30.04,41.27,18.4
Medak,18.0445,78.2607,2004,4,1.52,40.07,31.38,42.17,19.06
Medak,18.0445,78.2607,2004,5,1.27,52.99,30.74,40.92,22.51
Medak,18.0445,78.2607,2004,6,1.35,59.75,29.09,39.11,21.95
Medak,18.0445,78.2607,2004,7,8.21,80.07,25.43,32.64,21.24
Medak,18.0445,78.2607,2004,8,2.35,80.2,25.34,31.49,20.98
Medak,18.0445,78.2607,2004,9,3.87,81.35,25.35,32.0,20.33
Medak,18.0445,78.2607,2004,10,2.36,74.33,24.09,32.02,13.82
Medak,18.0445,78.2607,2004,11,0.07,58.81,23.1,32.33,13.13
Medak,18.0445,78.2607,2004,12,0.0,42.72,21.68,32.25,12.53
Medak,18.0445,78.2607,2004,13,1.94,57.72,25.97,42.17,9.37
Medak,18.0445,78.2607,2005,1,1.41,46.36,22.98,32.99,11.83
Medak,18.0445,78.2607,2005,2,0.05,40.67,25.46,37.74,11.9
Medak,18.0445,78.2607,2005,3,0.42,30.28,28.95,40.32,17.2
Medak,18.0445,78.2607,2005,4,0.7,37.56,31.73,40.91,22.69
Medak,18.0445,78.2607,2005,5,0.82,31.79,33.81,43.79,23.1
Medak,18.0445,78.2607,2005,6,4.11,57.58,30.24,42.14,21.97
Medak,18.0445,78.2607,2005,7,12.52,81.85,25.59,33.16,20.91
Medak,18.0445,78.2607,2005,8,4.7,86.2,24.78,29.69,21.25
Medak,18.0445,78.2607,2005,9,7.99,87.88,24.72,29.61,19.75
Medak,18.0445,78.2607,2005,10,6.55,85.31,23.43,29.95,17.03
Medak,18.0445,78.2607,2005,11,0.01,76.44,18.59,26.76,10.16
Medak,18.0445,78.2607,2005,12,0.09,68.4,18.42,27.62,8.94
Medak,18.0445,78.2607,2005,13,3.31,60.98,25.72,43.79,8.94
Medak,18.0445,78.2607,2006,1,0.0,55.75,19.96,32.17,7.72
Medak,18.0445,78.2607,2006,2,0.0,36.55,24.73,37.6,14.07
Medak,18.0445,78.2607,2006,3,1.4,43.95,27.79,39.23,16.02
Medak,18.0445,78.2607,2006,4,1.9,36.47,31.7,42.11,21.49
Medak,18.0445,78.2607,2006,5,2.87,47.74,31.52,42.69,23.23
Medak,18.0445,78.2607,2006,6,3.24,67.37,28.06,36.23,22.46
Medak,18.0445,78.2607,2006,7,6.37,74.29,26.41,34.62,21.08
Medak,18.0445,78.2607,2006,8,8.08,84.38,24.72,30.72,20.12
Medak,18.0445,78.2607,2006,9,8.39,86.01,24.83,31.64,19.85
Medak,18.0445,78.2607,2006,10,0.76,80.41,23.92,30.22,16.72
Medak,18.0445,78.2607,2006,11,1.78,79.53,21.4,29.36,13.9
Medak,18.0445,78.2607,2006,12,0.0,66.44,20.65,29.66,11.86
Medak,18.0445,78.2607,2006,13,2.91,63.42,25.47,42.69,7.72
Medak,18.0445,78.2607,2007,1,0.0,50.35,21.95,33.56,12.24
Medak,18.0445,78.2607,2007,2,0.0,36.63,25.12,36.43,15.38
Medak,18.0445,78.2607,2007,3,0.0,29.04,29.5,40.16,16.95
Medak,18.0445,78.2607,2007,4,0.65,31.86,32.28,42.31,22.45
Medak,18.0445,78.2607,2007,5,0.61,31.25,34.48,43.18,25.36
Medak,18.0445,78.2607,2007,6,5.19,67.21,28.64,39.67,22.43
Medak,18.0445,78.2607,2007,7,3.19,76.47,26.4,33.77,21.89
Medak,18.0445,78.2607,2007,8,7.45,82.0,25.29,32.21,20.78
Medak,18.0445,78.2607,2007,9,9.14,87.86,24.71,30.69,18.74
Medak,18.0445,78.2607,2007,10,0.9,78.56,22.1,29.01,15.23
Medak,18.0445,78.2607,2007,11,0.12,69.01,20.33,28.91,9.98
Medak,18.0445,78.2607,2007,12,0.0,62.0,21.23,32.14,12.47
Medak,18.0445,78.2607,2007,13,2.27,58.64,26.0,43.18,9.98
Medak,18.0445,78.2607,2008,1,0.02,41.31,21.71,32.66,10.7
Medak,18.0445,78.2607,2008,2,1.46,47.11,23.75,34.86,10.36
Medak,18.0445,78.2607,2008,3,4.7,43.71,27.47,38.35,16.25
Medak,18.0445,78.2607,2008,4,0.36,42.24,30.02,42.34,17.51
Medak,18.0445,78.2607,2008,5,0.49,29.07,33.38,42.99,23.02
Medak,18.0445,78.2607,2008,6,2.44,61.26,28.42,40.01,21.87
Medak,18.0445,78.2607,2008,7,4.21,67.96,27.37,36.81,21.59
Medak,18.0445,78.2607,2008,8,14.13,85.32,24.86,31.64,21.06
Medak,18.0445,78.2607,2008,9,6.88,85.7,24.46,30.56,18.01
Medak,18.0445,78.2607,2008,10,1.55,79.17,23.16,30.34,13.79
Medak,18.0445,78.2607,2008,11,1.3,74.78,21.45,29.31,12.34
Medak,18.0445,78.2607,2008,12,0.01,62.2,21.1,30.8,12.22
Medak,18.0445,78.2607,2008,13,3.14,59.99,25.6,42.99,10.36
Medak,18.0445,78.2607,2009,1,0.0,51.42,22.41,36.09,12.8
Medak,18.0445,78.2607,2009,2,0.0,30.66,26.73,38.8,16.39
Medak,18.0445,78.2607,2009,3,0.15,25.56,29.61,40.45,19.07
Medak,18.0445,78.2607,2009,4,0.6,26.72,32.52,42.74,21.36
Medak,18.0445,78.2607,2009,5,0.91,33.98,33.68,43.72,24.13
Medak,18.0445,78.2607,2009,6,3.06,61.43,29.2,40.98,22.32
Medak,18.0445,78.2607,2009,7,2.94,71.12,26.88,34.85,21.65
Medak,18.0445,78.2607,2009,8,10.36,75.12,26.62,35.61,21.4
Medak,18.0445,78.2607,2009,9,4.24,83.41,25.51,31.53,21.0
Medak,18.0445,78.2607,2009,10,2.2,74.95,23.67,30.32,14.33
Medak,18.0445,78.2607,2009,11,1.43,72.08,22.43,32.13,11.14
Medak,18.0445,78.2607,2009,12,0.09,61.14,21.39,30.65,11.59
Medak,18.0445,78.2607,2009,13,2.18,55.78,26.71,43.72,11.14
Medak,18.0445,78.2607,2010,1,0.26,46.82,21.55,31.86,10.55
Medak,18.0445,78.2607,2010,2,0.42,37.59,26.79,37.15,15.43
Medak,18.0445,78.2607,2010,3,0.0,26.21,31.1,41.15,18.99
Medak,18.0445,78.2607,2010,4,0.07,26.24,33.97,43.1,20.64
Medak,18.0445,78.2607,2010,5,0.5,32.97,34.54,44.56,23.68
Medak,18.0445,78.2607,2010,6,4.79,60.95,29.78,41.87,22.88
Medak,18.0445,78.2607,2010,7,10.66,83.89,25.33,30.86,20.67
Medak,18.0445,78.2607,2010,8,8.73,86.74,25.11,30.8,19.55
Medak,18.0445,78.2607,2010,9,7.01,87.87,24.56,29.68,19.05
Medak,18.0445,78.2607,2010,10,2.28,85.56,23.5,29.85,15.19
Medak,18.0445,78.2607,2010,11,1.41,86.15,22.84,29.03,15.82
Medak,18.0445,78.2607,2010,12,0.31,75.3,18.76,27.19,8.45
Medak,18.0445,78.2607,2010,13,3.06,61.51,26.47,44.56,8.45
Medak,18.0445,78.2607,2011,1,0.0,57.81,19.55,31.66,9.45
Medak,18.0445,78.2607,2011,2,0.26,50.48,23.86,34.05,13.98
Medak,18.0445,78.2607,2011,3,0.1,28.12,29.11,39.47,17.77
Medak,18.0445,78.2607,2011,4,0.15,33.56,31.41,41.81,19.78
Medak,18.0445,78.2607,2011,5,0.24,31.38,33.88,42.87,24.92
Medak,18.0445,78.2607,2011,6,1.97,60.45,28.93,37.97,23.03
Medak,18.0445,78.2607,2011,7,8.14,77.79,26.05,35.36,21.31
Medak,18.0445,78.2607,2011,8,7.34,83.63,25.17,32.25,20.39
Medak,18.0445,78.2607,2011,9,2.56,84.52,24.77,30.27,20.19
Medak,18.0445,78.2607,2011,10,1.48,77.61,24.25,30.59,16.6
Medak,18.0445,78.2607,2011,11,0.1,60.54,22.67,32.08,13.53
Medak,18.0445,78.2607,2011,12,0.0,41.74,21.93,32.64,11.79
Medak,18.0445,78.2607,2011,13,1.88,57.33,25.97,42.87,9.45
Medak,18.0445,78.2607,2012,1,0.03,39.67,22.95,34.14,10.1
Medak,18.0445,78.2607,2012,2,0.0,29.36,25.6,37.86,13.27
Medak,18.0445,78.2607,2012,3,0.0,18.03,28.39,40.19,14.29
Medak,18.0445,78.2607,2012,4,0.43,32.5,32.8,41.21,22.89
Medak,18.0445,78.2607,2012,5,0.2,26.22,34.59,42.94,23.84
Medak,18.0445,78.2607,2012,6,3.82,56.19,29.56,42.28,21.68
Medak,18.0445,78.2607,2012,7,6.98,77.71,25.85,33.78,21.23
Medak,18.0445,78.2607,2012,8,5.12,81.45,25.27,31.38,20.42
Medak,18.0445,78.2607,2012,9,4.58,84.55,24.89,30.54,20.27
Medak,18.0445,78.2607,2012,10,1.96,77.1,23.44,30.41,14.59
Medak,18.0445,78.2607,2012,11,0.86,69.28,22.57,31.41,11.3
Medak,18.0445,78.2607,2012,12,0.0,53.51,22.49,33.15,11.51
Medak,18.0445,78.2607,2012,13,2.0,53.86,26.53,42.94,10.1
Medak,18.0445,78.2607,2013,1,0.17,43.93,23.78,34.2,14.0
Medak,18.0445,78.2607,2013,2,0.74,43.95,25.25,35.63,11.82
Medak,18.0445,78.2607,2013,3,0.01,29.33,29.35,39.9,14.95
Medak,18.0445,78.2607,2013,4,1.56,38.06,31.6,40.88,21.61
Medak,18.0445,78.2607,2013,5,0.52,32.68,34.58,44.62,24.85
Medak,18.0445,78.2607,2013,6,6.39,74.36,26.79,33.67,22.09
Medak,18.0445,78.2607,2013,7,11.1,82.92,25.01,31.41,20.74
Medak,18.0445,78.2607,2013,8,4.01,85.69,24.55,30.55,21.05
Medak,18.0445,78.2607,2013,9,4.86,85.62,24.76,29.74,18.85
Medak,18.0445,78.2607,2013,10,5.68,85.33,23.64,29.53,15.52
Medak,18.0445,78.2607,2013,11,0.35,81.72,20.55,28.17,11.12
Medak,18.0445,78.2607,2013,12,0.0,68.27,18.87,28.15,9.7
Medak,18.0445,78.2607,2013,13,2.96,62.73,25.73,44.62,9.7
Medak,18.0445,78.2607,2014,1,0.0,63.05,21.15,30.15,12.39
Medak,18.0445,78.2607,2014,2,0.24,41.26,23.94,34.37,12.75
Medak,18.0445,78.2607,2014,3,2.07,50.39,26.76,40.0,16.15
Medak,18.0445,78.2607,2014,4,0.5,29.82,32.46,41.02,21.66
Medak,18.0445,78.2607,2014,5,1.71,42.22,32.32,42.54,21.74
Medak,18.0445,78.2607,2014,6,1.96,50.45,31.33,42.19,23.84
Medak,18.0445,78.2607,2014,7,5.03,71.23,27.06,37.42,21.59
Medak,18.0445,78.2607,2014,8,6.73,74.87,26.55,34.84,21.73
Medak,18.0445,78.2607,2014,9,3.02,82.64,24.58,30.39,17.99
Medak,18.0445,78.2607,2014,10,0.68,69.52,24.7,33.71,14.39
Medak,18.0445,78.2607,2014,11,0.18,55.66,23.18,33.08,14.19
Medak,18.0445,78.2607,2014,12,0.11,44.58,21.53,32.87,10.35
Medak,18.0445,78.2607,2014,13,1.87,56.45,26.3,42.54,10.35
Medak,18.0445,78.2607,2015,1,0.25,43.86,21.17,32.51,9.91
Medak,18.0445,78.2607,2015,2,0.26,33.85,24.83,35.81,14.47
Medak,18.0445,78.2607,2015,3,0.77,41.39,27.92,39.44,14.12
Medak,18.0445,78.2607,2015,4,2.65,44.4,29.72,40.4,17.66
Medak,18.0445,78.2607,2015,5,0.3,34.11,33.67,44.77,23.11
Medak,18.0445,78.2607,2015,6,3.2,61.67,28.93,40.04,22.51
Medak,18.0445,78.2607,2015,7,1.86,62.76,28.51,36.97,21.97
Medak,18.0445,78.2607,2015,8,4.3,74.61,26.63,34.7,21.68
Medak,18.0445,78.2607,2015,9,3.88,76.86,26.13,34.52,19.1
Medak,18.0445,78.2607,2015,10,0.41,60.29,26.85,35.42,19.63
Medak,18.0445,78.2607,2015,11,0.04,53.26,25.68,34.18,17.01
Medak,18.0445,78.2607,2015,12,0.0,41.17,24.63,35.37,10.63
Medak,18.0445,78.2607,2015,13,1.49,52.43,27.07,44.77,9.91
Medak,18.0445,78.2607,2016,1,0.04,35.61,22.94,35.61,11.84
Medak,18.0445,78.2607,2016,2,0.04,34.57,27.4,38.79,15.76
Medak,18.0445,78.2607,2016,3,0.05,30.84,30.49,40.8,20.6
Medak,18.0445,78.2607,2016,4,0.26,25.62,34.24,42.78,23.31
Medak,18.0445,78.2607,2016,5,1.28,38.45,33.71,42.84,23.67
Medak,18.0445,78.2607,2016,6,4.89,65.31,28.73,40.8,22.7
Medak,18.0445,78.2607,2016,7,5.9,78.91,25.94,32.95,21.76
Medak,18.0445,78.2607,2016,8,2.28,77.02,26.08,33.39,21.03
Medak,18.0445,78.2607,2016,9,10.43,84.71,24.62,31.33,19.6
Medak,18.0445,78.2607,2016,10,1.62,78.47,22.72,29.4,13.33
Medak,18.0445,78.2607,2016,11,0.0,65.98,20.15,30.81,11.42
Medak,18.0445,78.2607,2016,12,0.0,53.58,20.1,31.05,9.78
Medak,18.0445,78.2607,2016,13,2.23,55.82,26.42,42.84,9.78
Medak,18.0445,78.2607,2017,1,0.0,39.66,21.57,33.88,10.91
Medak,18.0445,78.2607,2017,2,0.0,26.73,25.39,37.7,15.15
Medak,18.0445,78.2607,2017,3,0.31,28.24,28.68,41.71,15.89
Medak,18.0445,78.2607,2017,4,0.07,20.0,33.1,43.24,21.21
Medak,18.0445,78.2607,2017,5,0.64,30.96,34.63,43.9,24.25
Medak,18.0445,78.2607,2017,6,4.62,67.46,28.4,40.94,22.15
Medak,18.0445,78.2607,2017,7,4.94,73.97,26.63,33.68,21.83
Medak,18.0445,78.2607,2017,8,5.23,78.94,25.66,32.43,18.79
Medak,18.0445,78.2607,2017,9,3.43,81.35,25.75,31.51,19.94
Medak,18.0445,78.2607,2017,10,3.1,78.04,24.64,32.03,15.94
Medak,18.0445,78.2607,2017,11,0.04,65.48,22.56,32.03,13.17
Medak,18.0445,78.2607,2017,12,0.0,47.73,21.05,31.9,11.2
Medak,18.0445,78.2607,2017,13,1.88,53.37,26.5,43.9,10.91
Medak,18.0445,78.2607,2018,1,0.0,30.35,21.86,33.1,12.78
Medak,18.0445,78.2607,2018,2,0.01,31.0,25.28,36.64,14.37
Medak,18.0445,78.2607,2018,3,0.01,24.44,29.45,40.97,19.16
Medak,18.0445,78.2607,2018,4,0.78,32.78,32.4,43.6,21.27
Medak,18.0445,78.2607,2018,5,0.93,35.72,34.08,43.15,24.66
Medak,18.0445,78.2607,2018,6,3.69,64.42,28.59,39.06,22.28
Medak,18.0445,78.2607,2018,7,2.96,72.03,26.54,34.36,21.63
Medak,18.0445,78.2607,2018,8,5.82,76.88,25.73,33.93,21.33
Medak,18.0445,78.2607,2018,9,2.18,74.76,25.73,33.38,19.55
Medak,18.0445,78.2607,2018,10,0.6,59.3,25.83,34.88,15.29
Medak,18.0445,78.2607,2018,11,0.0,47.46,25.02,34.76,14.73
Medak,18.0445,78.2607,2018,12,0.41,49.41,21.72,33.05,8.18
Medak,18.0445,78.2607,2018,13,1.46,49.98,26.85,43.6,8.18
Medak,18.0445,78.2607,2019,1,0.4,40.41,21.11,32.48,8.74
Medak,18.0445,78.2607,2019,2,0.02,36.77,25.31,38.0,10.9
Medak,18.0445,78.2607,2019,3,0.1,28.32,29.89,41.6,16.2
Medak,18.0445,78.2607,2019,4,0.43,27.95,33.5,43.78,23.67
Medak,18.0445,78.2607,2019,5,0.3,25.43,35.11,43.82,24.91
Medak,18.0445,78.2607,2019,6,2.23,52.65,31.39,43.28,22.42
Medak,18.0445,78.2607,2019,7,5.21,72.72,26.98,34.8,21.64
Medak,18.0445,78.2607,2019,8,5.8,82.29,25.5,31.49,21.3
Medak,18.0445,78.2607,2019,9,6.85,85.15,25.32,31.27,21.17
Medak,18.0445,78.2607,2019,10,4.05,86.87,24.09,29.11,19.37
Medak,18.0445,78.2607,2019,11,0.13,80.56,21.94,29.39,14.2
Medak,18.0445,78.2607,2019,12,0.06,72.41,21.25,30.05,10.55
Medak,18.0445,78.2607,2019,13,2.15,57.76,26.78,43.82,8.74
Medak,18.0445,78.2607,2020,1,0.33,59.88,22.33,34.0,11.55
Medak,18.0445,78.2607,2020,2,0.05,43.63,24.87,35.35,15.53
Medak,18.0445,78.2607,2020,3,0.52,37.27,29.32,39.19,18.54
Medak,18.0445,78.2607,2020,4,0.47,33.53,32.67,41.21,23.06
Medak,18.0445,78.2607,2020,5,1.46,34.99,33.99,43.92,24.75
Medak,18.0445,78.2607,2020,6,5.9,70.08,27.86,37.02,22.42
Medak,18.0445,78.2607,2020,7,7.45,82.54,25.84,32.46,20.81
Medak,18.0445,78.2607,2020,8,7.21,86.34,25.3,31.03,21.87
Medak,18.0445,78.2607,2020,9,7.88,87.25,25.29,30.89,20.84
Medak,18.0445,78.2607,2020,10,4.87,85.69,24.12,29.85,17.56
Medak,18.0445,78.2607,2020,11,0.12,82.95,20.94,28.99,11.34
Medak,18.0445,78.2607,2020,12,0.0,74.66,19.32,27.64,10.25
Medak,18.0445,78.2607,2020,13,3.03,64.98,25.99,43.92,10.25
Medak,18.0445,78.2607,2021,1,0.04,66.87,22.29,32.19,13.79
Medak,18.0445,78.2607,2021,2,0.05,41.43,23.46,36.58,11.74
Medak,18.0445,78.2607,2021,3,0.01,25.34,29.11,40.86,16.86
Medak,18.0445,78.2607,2021,4,0.55,32.11,31.83,41.1,21.89
Medak,18.0445,78.2607,2021,5,1.64,47.71,31.6,40.49,23.75
Medak,18.0445,78.2607,2021,6,5.42,72.36,27.25,37.04,21.32
Medak,18.0445,78.2607,2021,7,10.95,83.61,25.76,32.1,21.49
Medak,18.0445,78.2607,2021,8,5.65,85.27,25.29,30.95,21.15
Medak,18.0445,78.2607,2021,9,10.18,88.31,24.78,29.99,18.73
Medak,18.0445,78.2607,2021,10,2.46,84.38,23.81,29.93,16.26
Medak,18.0445,78.2607,2021,11,0.44,85.8,22.2,29.48,12.86
Medak,18.0445,78.2607,2021,12,0.01,75.15,19.96,28.04,9.75
Medak,18.0445,78.2607,2021,13,3.13,65.85,25.62,41.1,9.75
Medak,18.0445,78.2607,2022,1,0.46,65.05,20.27,31.15,8.43
Medak,18.0445,78.2607,2022,2,0.0,46.9,23.48,35.36,11.3
Medak,18.0445,78.2607,2022,3,0.01,27.23,29.77,41.38,17.36
Medak,18.0445,78.2607,2022,4,0.08,31.55,33.38,42.98,22.33
Medak,18.0445,78.2607,2022,5,1.16,42.54,32.79,42.61,23.38
Medak,18.0445,78.2607,2022,6,2.97,61.97,29.26,41.6,22.41
Medak,18.0445,78.2607,2022,7,16.45,84.86,25.24,34.8,21.21
Medak,18.0445,78.2607,2022,8,3.93,85.94,25.15,30.28,21.15
Medak,18.0445,78.2607,2022,9,6.77,86.7,24.92,31.26,19.87
Medak,18.0445,78.2607,2022,10,3.02,84.1,23.06,29.15,13.06
Medak,18.0445,78.2607,2022,11,0.01,77.78,20.21,28.05,11.52
Medak,18.0445,78.2607,2022,12,0.08,69.59,21.97,31.34,11.3
Medak,18.0445,78.2607,2022,13,2.94,63.81,25.8,42.98,8.43
Medak,18.0445,78.2607,2023,1,0.0,54.13,22.02,32.24,9.1
Medak,18.0445,78.2607,2023,2,0.0,25.66,25.16,37.38,12.95
Medak,18.0445,78.2607,2023,3,1.45,39.24,27.51,37.62,17.31
Medak,18.0445,78.2607,2023,4,3.54,40.0,30.75,41.34,19.94
Medak,18.0445,78.2607,2023,5,1.86,50.32,30.99,40.53,20.8
Medak,18.0445,78.2607,2023,6,1.97,50.42,31.09,40.94,21.45
Medak,18.0445,78.2607,2023,7,14.3,79.58,26.03,33.94,21.55
Medak,18.0445,78.2607,2023,8,1.37,82.85,25.46,30.66,21.15
Medak,18.0445,78.2607,2023,9,8.48,86.88,25.24,30.66,20.78
Medak,18.0445,78.2607,2023,10,0.11,78.16,23.27,29.9,13.48
Medak,18.0445,78.2607,2023,11,1.28,76.64,22.87,30.49,14.96
Medak,18.0445,78.2607,2023,12,0.07,66.14,20.48,30.52,10.58
Medak,18.0445,78.2607,2023,13,2.88,61.1,25.89,41.34,9.1
Medak,18.0445,78.2607,2024,1,0.0,53.39,22.93,32.86,13.48
Medak,18.0445,78.2607,2024,2,0.0,38.4,26.38,36.05,16.27
Medak,18.0445,78.2607,2024,3,0.44,33.48,30.17,41.39,18.63
Medak,18.0445,78.2607,2024,4,0.37,31.26,33.77,43.33,23.87
Medak,18.0445,78.2607,2024,5,2.38,45.58,32.52,43.42,23.3
Medak,18.0445,78.2607,2024,6,4.82,70.36,28.15,41.09,21.47
Medak,18.0445,78.2607,2024,7,6.5,80.67,25.96,33.8,21.14
Medak,18.0445,78.2607,2024,8,7.59,84.49,25.95,31.11,21.95
Medak,18.0445,78.2607,2024,9,8.55,86.62,24.95,30.25,19.87
Medak,18.0445,78.2607,2024,10,2.13,85.76,24.88,30.68,18.13
Medak,18.0445,78.2607,2024,11,0.07,78.42,20.64,28.74,12.26
Medak,18.0445,78.2607,2024,12,0.26,70.74,21.5,30.37,8.91
Medak,18.0445,78.2607,2024,13,2.77,63.36,26.48,43.42,8.91
Medchal_Malkajgiri,17.61,78.61,2000,1,0.0,37.94,22.8,35.3,11.28
Medchal_Malkajgiri,17.61,78.61,2000,2,2.06,53.24,25.01,34.75,14.85
Medchal_Malkajgiri,17.61,78.61,2000,3,0.02,34.76,27.41,38.82,14.87
Medchal_Malkajgiri,17.61,78.61,2000,4,0.02,29.76,33.39,44.23,19.56
Medchal_Malkajgiri,17.61,78.61,2000,5,1.56,48.14,31.21,43.74,23.4
Medchal_Malkajgiri,17.61,78.61,2000,6,8.3,75.32,26.32,34.54,21.26
Medchal_Malkajgiri,17.61,78.61,2000,7,2.65,78.96,25.5,31.39,20.86
Medchal_Malkajgiri,17.61,78.61,2000,8,13.01,82.6,25.09,31.41,20.37
Medchal_Malkajgiri,17.61,78.61,2000,9,1.94,83.35,24.9,30.61,19.93
Medchal_Malkajgiri,17.61,78.61,2000,10,0.88,72.96,24.66,31.98,16.14
Medchal_Malkajgiri,17.61,78.61,2000,11,0.16,64.91,22.83,32.25,14.29
Medchal_Malkajgiri,17.61,78.61,2000,12,0.02,37.84,21.47,31.8,12.66
Medchal_Malkajgiri,17.61,78.61,2000,13,2.55,58.29,25.88,44.23,11.28
Medchal_Malkajgiri,17.61,78.61,2001,1,0.24,43.86,22.53,34.05,11.96
Medchal_Malkajgiri,17.61,78.61,2001,2,0.0,27.56,25.82,38.89,14.09
Medchal_Malkajgiri,17.61,78.61,2001,3,1.26,42.28,28.73,39.8,17.8
Medchal_Malkajgiri,17.61,78.61,2001,4,0.82,43.59,30.97,43.0,20.47
Medchal_Malkajgiri,17.61,78.61,2001,5,0.1,32.39,34.31,44.53,25.45
Medchal_Malkajgiri,17.61,78.61,2001,6,6.26,68.39,27.15,39.0,20.61
Medchal_Malkajgiri,17.61,78.61,2001,7,1.95,68.77,26.92,35.53,20.83
Medchal_Malkajgiri,17.61,78.61,2001,8,7.13,82.64,24.87,30.4,20.73
Medchal_Malkajgiri,17.61,78.61,2001,9,4.26,81.91,25.43,32.44,20.99
Medchal_Malkajgiri,17.61,78.61,2001,10,3.71,82.51,23.67,30.19,15.44
Medchal_Malkajgiri,17.61,78.61,2001,11,0.09,74.41,22.5,30.28,13.02
Medchal_Malkajgiri,17.61,78.61,2001,12,0.02,58.36,20.36,30.78,12.36
Medchal_Malkajgiri,17.61,78.61,2001,13,2.16,59.06,26.1,44.53,11.96
Medchal_Malkajgiri,17.61,78.61,2002,1,0.49,56.22,21.82,35.08,10.23
Medchal_Malkajgiri,17.61,78.61,2002,2,0.03,45.92,25.08,36.54,16.21
Medchal_Malkajgiri,17.61,78.61,2002,3,0.36,34.22,29.26,40.46,19.0
Medchal_Malkajgiri,17.61,78.61,2002,4,0.07,32.63,33.16,42.77,22.7
Medchal_Malkajgiri,17.61,78.61,2002,5,2.14,41.7,33.29,44.12,23.6
Medchal_Malkajgiri,17.61,78.61,2002,6,5.23,66.91,28.42,37.09,22.56
Medchal_Malkajgiri,17.61,78.61,2002,7,2.46,68.57,27.43,35.3,21.91
Medchal_Malkajgiri,17.61,78.61,2002,8,6.97,80.59,25.19,31.19,20.25
Medchal_Malkajgiri,17.61,78.61,2002,9,1.21,73.2,26.15,34.97,20.06
Medchal_Malkajgiri,17.61,78.61,2002,10,3.39,71.69,24.89,36.38,16.79
Medchal_Malkajgiri,17.61,78.61,2002,11,0.09,55.8,22.89,33.29,13.33
Medchal_Malkajgiri,17.61,78.61,2002,12,0.03,49.77,22.38,33.28,13.11
Medchal_Malkajgiri,17.61,78.61,2002,13,1.89,56.51,26.67,44.12,10.23
Medchal_Malkajgiri,17.61,78.61,2003,1,0.0,47.55,22.94,34.66,10.68
Medchal_Malkajgiri,17.61,78.61,2003,2,0.22,48.46,26.38,36.13,16.56
Medchal_Malkajgiri,17.61,78.61,2003,3,0.35,39.06,29.05,39.97,16.04
Medchal_Malkajgiri,17.61,78.61,2003,4,0.77,36.42,32.06,42.51,21.18
Medchal_Malkajgiri,17.61,78.61,2003,5,0.04,24.21,34.56,43.67,23.12
Medchal_Malkajgiri,17.61,78.61,2003,6,2.46,53.4,30.4,44.46,22.44
Medchal_Malkajgiri,17.61,78.61,2003,7,8.35,79.62,25.76,33.66,21.9
Medchal_Malkajgiri,17.61,78.61,2003,8,5.01,83.37,25.04,31.54,19.7
Medchal_Malkajgiri,17.61,78.61,2003,9,2.2,83.32,25.13,30.77,20.89
Medchal_Malkajgiri,17.61,78.61,2003,10,4.79,80.77,24.24,31.41,14.24
Medchal_Malkajgiri,17.61,78.61,2003,11,0.03,73.7,21.42,29.45,13.7
Medchal_Malkajgiri,17.61,78.61,2003,12,0.16,63.56,20.19,30.23,11.12
Medchal_Malkajgiri,17.61,78.61,2003,13,2.05,59.52,26.42,44.46,10.68
Medchal_Malkajgiri,17.61,78.61,2004,1,1.1,61.98,21.08,32.08,11.71
Medchal_Malkajgiri,17.61,78.61,2004,2,0.19,46.96,23.33,36.95,9.58
Medchal_Malkajgiri,17.61,78.61,2004,3,0.68,33.38,29.31,41.23,17.43
Medchal_Malkajgiri,17.61,78.61,2004,4,1.81,44.62,30.89,41.97,20.09
Medchal_Malkajgiri,17.61,78.61,2004,5,1.41,57.48,29.79,40.35,22.49
Medchal_Malkajgiri,17.61,78.61,2004,6,1.19,59.93,28.83,38.01,22.14
Medchal_Malkajgiri,17.61,78.61,2004,7,7.34,78.12,25.65,32.82,21.39
Medchal_Malkajgiri,17.61,78.61,2004,8,2.09,77.36,25.74,32.64,21.3
Medchal_Malkajgiri,17.61,78.61,2004,9,3.95,81.29,25.37,32.42,20.42
Medchal_Malkajgiri,17.61,78.61,2004,10,2.39,77.12,24.07,30.8,14.5
Medchal_Malkajgiri,17.61,78.61,2004,11,0.04,63.51,22.64,31.73,13.08
Medchal_Malkajgiri,17.61,78.61,2004,12,0.0,52.71,21.07,31.86,12.45
Medchal_Malkajgiri,17.61,78.61,2004,13,1.86,61.27,25.65,41.97,9.58
Medchal_Malkajgiri,17.61,78.61,2005,1,1.29,53.75,22.65,32.95,12.32
Medchal_Malkajgiri,17.61,78.61,2005,2,0.05,44.95,25.12,37.93,11.78
Medchal_Malkajgiri,17.61,78.61,2005,3,0.45,36.85,28.44,40.36,16.72
Medchal_Malkajgiri,17.61,78.61,2005,4,0.8,43.06,31.25,40.64,22.36
Medchal_Malkajgiri,17.61,78.61,2005,5,0.97,36.86,33.22,44.4,23.03
Medchal_Malkajgiri,17.61,78.61,2005,6,3.46,59.27,29.81,41.27,21.86
Medchal_Malkajgiri,17.61,78.61,2005,7,11.49,81.17,25.61,33.39,21.38
Medchal_Malkajgiri,17.61,78.61,2005,8,4.32,85.29,24.88,29.95,21.36
Medchal_Malkajgiri,17.61,78.61,2005,9,7.4,87.62,24.72,29.65,20.68
Medchal_Malkajgiri,17.61,78.61,2005,10,6.98,86.01,23.59,30.16,17.53
Medchal_Malkajgiri,17.61,78.61,2005,11,0.04,77.95,18.71,26.23,10.66
Medchal_Malkajgiri,17.61,78.61,2005,12,0.06,70.86,18.58,27.1,9.3
Medchal_Malkajgiri,17.61,78.61,2005,13,3.14,63.75,25.55,44.4,9.3
Medchal_Malkajgiri,17.61,78.61,2006,1,0.0,59.83,19.88,31.28,8.09
Medchal_Malkajgiri,17.61,78.61,2006,2,0.0,42.71,24.16,36.22,13.6
Medchal_Malkajgiri,17.61,78.61,2006,3,1.34,47.97,27.47,39.38,15.43
Medchal_Malkajgiri,17.61,78.61,2006,4,1.97,42.17,31.15,41.79,20.78
Medchal_Malkajgiri,17.61,78.61,2006,5,2.89,51.76,31.02,42.15,23.3
Medchal_Malkajgiri,17.61,78.61,2006,6,3.14,68.58,27.81,36.56,22.81
Medchal_Malkajgiri,17.61,78.61,2006,7,5.85,72.37,26.66,34.48,20.86
Medchal_Malkajgiri,17.61,78.61,2006,8,6.6,83.46,24.81,30.98,20.01
Medchal_Malkajgiri,17.61,78.61,2006,9,7.48,84.76,24.93,31.53,19.95
Medchal_Malkajgiri,17.61,78.61,2006,10,1.04,80.29,24.01,30.43,16.96
Medchal_Malkajgiri,17.61,78.61,2006,11,1.89,81.41,21.64,28.86,14.11
Medchal_Malkajgiri,17.61,78.61,2006,12,0.0,71.41,20.4,28.98,11.83
Medchal_Malkajgiri,17.61,78.61,2006,13,2.7,65.71,25.33,42.15,8.09
Medchal_Malkajgiri,17.61,78.61,2007,1,0.0,59.06,21.3,32.56,12.04
Medchal_Malkajgiri,17.61,78.61,2007,2,0.01,45.43,24.57,35.73,14.81
Medchal_Malkajgiri,17.61,78.61,2007,3,0.0,36.66,28.99,39.83,17.17
Medchal_Malkajgiri,17.61,78.61,2007,4,0.68,37.89,31.72,42.35,21.96
Medchal_Malkajgiri,17.61,78.61,2007,5,0.58,33.96,34.1,43.75,24.97
Medchal_Malkajgiri,17.61,78.61,2007,6,5.57,68.25,28.29,38.81,22.29
Medchal_Malkajgiri,17.61,78.61,2007,7,3.07,77.0,26.29,33.57,22.03
Medchal_Malkajgiri,17.61,78.61,2007,8,7.14,81.58,25.37,32.38,20.99
Medchal_Malkajgiri,17.61,78.61,2007,9,8.49,87.57,24.77,31.14,18.79
Medchal_Malkajgiri,17.61,78.61,2007,10,1.07,79.65,22.14,29.26,15.55
Medchal_Malkajgiri,17.61,78.61,2007,11,0.13,71.17,20.43,28.78,9.81
Medchal_Malkajgiri,17.61,78.61,2007,12,0.0,66.33,20.98,32.0,13.04
Medchal_Malkajgiri,17.61,78.61,2007,13,2.23,62.14,25.75,43.75,9.81
Medchal_Malkajgiri,17.61,78.61,2008,1,0.01,49.22,21.28,32.27,10.99
Medchal_Malkajgiri,17.61,78.61,2008,2,1.69,55.22,23.79,34.4,11.48
Medchal_Malkajgiri,17.61,78.61,2008,3,4.94,49.41,26.68,38.04,15.9
Medchal_Malkajgiri,17.61,78.61,2008,4,0.38,47.95,29.43,41.07,18.49
Medchal_Malkajgiri,17.61,78.61,2008,5,0.53,31.17,33.0,42.52,23.52
Medchal_Malkajgiri,17.61,78.61,2008,6,1.87,60.04,28.45,39.49,21.81
Medchal_Malkajgiri,17.61,78.61,2008,7,3.64,66.04,27.55,36.3,21.76
Medchal_Malkajgiri,17.61,78.61,2008,8,13.54,84.75,24.91,31.67,20.83
Medchal_Malkajgiri,17.61,78.61,2008,9,6.22,85.21,24.51,30.32,18.42
Medchal_Malkajgiri,17.61,78.61,2008,10,1.57,79.83,23.35,30.39,14.15
Medchal_Malkajgiri,17.61,78.61,2008,11,1.56,76.42,21.44,28.91,12.3
Medchal_Malkajgiri,17.61,78.61,2008,12,0.01,66.91,21.12,30.29,12.65
Medchal_Malkajgiri,17.61,78.61,2008,13,3.01,62.67,25.46,42.52,10.99
Medchal_Malkajgiri,17.61,78.61,2009,1,0.0,58.62,21.83,34.78,13.63
Medchal_Malkajgiri,17.61,78.61,2009,2,0.0,37.83,26.27,39.36,16.45
Medchal_Malkajgiri,17.61,78.61,2009,3,0.13,30.0,29.22,40.5,19.08
Medchal_Malkajgiri,17.61,78.61,2009,4,0.64,32.54,32.23,42.48,20.81
Medchal_Malkajgiri,17.61,78.61,2009,5,1.04,36.92,33.42,43.91,24.71
Medchal_Malkajgiri,17.61,78.61,2009,6,2.71,62.22,28.92,40.71,22.41
Medchal_Malkajgiri,17.61,78.61,2009,7,2.15,68.17,27.22,35.46,21.66
Medchal_Malkajgiri,17.61,78.61,2009,8,10.01,74.17,26.64,36.49,20.88
Medchal_Malkajgiri,17.61,78.61,2009,9,4.5,83.14,25.58,31.55,21.17
Medchal_Malkajgiri,17.61,78.61,2009,10,1.91,75.29,23.85,30.47,14.78
Medchal_Malkajgiri,17.61,78.61,2009,11,1.35,75.31,22.54,30.96,11.57
Medchal_Malkajgiri,17.61,78.61,2009,12,0.1,66.35,21.13,29.97,11.22
Medchal_Malkajgiri,17.61,78.61,2009,13,2.06,58.49,26.57,43.91,11.22
Medchal_Malkajgiri,17.61,78.61,2010,1,0.23,54.61,21.34,32.01,9.95
Medchal_Malkajgiri,17.61,78.61,2010,2,0.23,44.44,25.99,37.29,14.07
Medchal_Malkajgiri,17.61,78.61,2010,3,0.0,31.68,30.58,41.15,18.33
Medchal_Malkajgiri,17.61,78.61,2010,4,0.1,32.17,33.52,42.94,21.21
Medchal_Malkajgiri,17.61,78.61,2010,5,0.74,37.43,34.02,44.28,24.41
Medchal_Malkajgiri,17.61,78.61,2010,6,4.28,61.06,29.7,41.8,23.07
Medchal_Malkajgiri,17.61,78.61,2010,7,10.24,82.65,25.44,32.43,20.98
Medchal_Malkajgiri,17.61,78.61,2010,8,7.23,85.2,25.25,31.06,19.33
Medchal_Malkajgiri,17.61,78.61,2010,9,6.56,87.3,24.6,29.87,19.86
Medchal_Malkajgiri,17.61,78.61,2010,10,2.17,85.72,23.74,30.13,15.55
Medchal_Malkajgiri,17.61,78.61,2010,11,1.41,87.1,22.73,28.9,17.23
Medchal_Malkajgiri,17.61,78.61,2010,12,0.41,77.03,18.82,27.39,8.96
Medchal_Malkajgiri,17.61,78.61,2010,13,2.82,63.99,26.3,44.28,8.96
Medchal_Malkajgiri,17.61,78.61,2011,1,0.0,62.45,19.45,31.13,9.0
Medchal_Malkajgiri,17.61,78.61,2011,2,0.21,57.85,23.49,32.77,13.85
Medchal_Malkajgiri,17.61,78.61,2011,3,0.06,35.7,28.38,39.85,17.66
Medchal_Malkajgiri,17.61,78.61,2011,4,0.16,40.16,30.71,41.55,20.36
Medchal_Malkajgiri,17.61,78.61,2011,5,0.33,33.23,33.65,42.59,25.45
Medchal_Malkajgiri,17.61,78.61,2011,6,1.61,57.78,29.19,38.06,22.69
Medchal_Malkajgiri,17.61,78.61,2011,7,6.76,76.1,26.2,34.78,21.33
Medchal_Malkajgiri,17.61,78.61,2011,8,6.51,81.34,25.46,33.08,20.45
Medchal_Malkajgiri,17.61,78.61,2011,9,1.98,82.37,25.11,31.41,20.14
Medchal_Malkajgiri,17.61,78.61,2011,10,1.57,74.92,24.78,31.79,18.1
Medchal_Malkajgiri,17.61,78.61,2011,11,0.13,61.33,22.97,32.5,13.59
Medchal_Malkajgiri,17.61,78.61,2011,12,0.02,48.19,21.97,32.44,12.02
Medchal_Malkajgiri,17.61,78.61,2011,13,1.63,59.28,25.96,42.59,9.0
Medchal_Malkajgiri,17.61,78.61,2012,1,0.08,47.56,22.83,34.62,9.9
Medchal_Malkajgiri,17.61,78.61,2012,2,0.0,34.77,25.36,38.3,13.88
Medchal_Malkajgiri,17.61,78.61,2012,3,0.01,22.75,28.46,40.08,15.89
Medchal_Malkajgiri,17.61,78.61,2012,4,0.57,37.9,32.17,41.14,21.64
Medchal_Malkajgiri,17.61,78.61,2012,5,0.23,29.55,34.61,43.64,25.89
Medchal_Malkajgiri,17.61,78.61,2012,6,3.5,55.18,29.59,42.24,21.88
Medchal_Malkajgiri,17.61,78.61,2012,7,6.42,76.08,26.02,34.8,21.17
Medchal_Malkajgiri,17.61,78.61,2012,8,4.38,79.72,25.43,31.5,20.48
Medchal_Malkajgiri,17.61,78.61,2012,9,3.96,83.39,25.03,30.69,20.66
Medchal_Malkajgiri,17.61,78.61,2012,10,2.17,76.78,23.53,30.82,15.63
Medchal_Malkajgiri,17.61,78.61,2012,11,1.14,70.89,22.6,31.61,11.04
Medchal_Malkajgiri,17.61,78.61,2012,12,0.0,60.61,22.05,32.93,11.8
Medchal_Malkajgiri,17.61,78.61,2012,13,1.88,56.32,26.47,43.64,9.9
Medchal_Malkajgiri,17.61,78.61,2013,1,0.07,50.86,23.22,33.89,13.34
Medchal_Malkajgiri,17.61,78.61,2013,2,0.79,50.27,24.43,35.11,12.4
Medchal_Malkajgiri,17.61,78.61,2013,3,0.01,35.16,28.62,39.64,14.72
Medchal_Malkajgiri,17.61,78.61,2013,4,1.63,42.33,31.08,41.13,21.56
Medchal_Malkajgiri,17.61,78.61,2013,5,0.5,36.8,33.94,44.87,25.2
Medchal_Malkajgiri,17.61,78.61,2013,6,5.73,73.45,26.75,33.92,21.84
Medchal_Malkajgiri,17.61,78.61,2013,7,7.55,80.21,25.26,31.88,20.81
Medchal_Malkajgiri,17.61,78.61,2013,8,4.61,83.95,24.73,30.86,20.93
Medchal_Malkajgiri,17.61,78.61,2013,9,5.12,85.32,24.74,29.92,19.04
Medchal_Malkajgiri,17.61,78.61,2013,10,6.63,85.48,23.73,29.81,15.44
Medchal_Malkajgiri,17.61,78.61,2013,11,0.39,82.29,20.8,28.15,11.92
Medchal_Malkajgiri,17.61,78.61,2013,12,0.0,72.01,18.63,28.04,10.18
Medchal_Malkajgiri,17.61,78.61,2013,13,2.76,64.9,25.5,44.87,10.18
Medchal_Malkajgiri,17.61,78.61,2014,1,0.0,69.34,20.69,29.05,13.33
Medchal_Malkajgiri,17.61,78.61,2014,2,0.14,50.75,23.25,33.26,13.23
Medchal_Malkajgiri,17.61,78.61,2014,3,1.65,50.89,26.56,40.31,16.07
Medchal_Malkajgiri,17.61,78.61,2014,4,0.42,32.41,31.98,41.16,21.73
Medchal_Malkajgiri,17.61,78.61,2014,5,1.53,44.7,31.96,42.6,22.67
Medchal_Malkajgiri,17.61,78.61,2014,6,1.49,49.82,31.23,41.22,24.17
Medchal_Malkajgiri,17.61,78.61,2014,7,4.54,69.77,27.22,37.99,21.74
Medchal_Malkajgiri,17.61,78.61,2014,8,6.68,73.79,26.62,34.94,21.71
Medchal_Malkajgiri,17.61,78.61,2014,9,2.79,82.52,24.75,30.93,19.13
Medchal_Malkajgiri,17.61,78.61,2014,10,1.21,71.62,24.66,33.43,14.8
Medchal_Malkajgiri,17.61,78.61,2014,11,0.21,61.79,22.76,32.06,13.85
Medchal_Malkajgiri,17.61,78.61,2014,12,0.09,52.65,21.21,31.95,11.27
Medchal_Malkajgiri,17.61,78.61,2014,13,1.75,59.27,26.08,42.6,11.27
Medchal_Malkajgiri,17.61,78.61,2015,1,0.16,47.63,20.86,32.65,9.68
Medchal_Malkajgiri,17.61,78.61,2015,2,0.07,41.55,24.18,35.63,14.53
Medchal_Malkajgiri,17.61,78.61,2015,3,0.61,42.92,27.81,39.58,15.77
Medchal_Malkajgiri,17.61,78.61,2015,4,2.24,46.74,29.75,40.8,17.39
Medchal_Malkajgiri,17.61,78.61,2015,5,0.23,35.58,33.52,45.0,23.73
Medchal_Malkajgiri,17.61,78.61,2015,6,3.08,63.14,28.56,38.75,22.75
Medchal_Malkajgiri,17.61,78.61,2015,7,1.46,61.02,28.71,37.1,22.15
Medchal_Malkajgiri,17.61,78.61,2015,8,2.6,70.43,27.22,35.21,22.09
Medchal_Malkajgiri,17.61,78.61,2015,9,3.63,74.72,26.41,35.4,19.63
Medchal_Malkajgiri,17.61,78.61,2015,10,0.29,60.99,26.9,35.82,19.41
Medchal_Malkajgiri,17.61,78.61,2015,11,0.13,59.34,25.2,34.1,17.01
Medchal_Malkajgiri,17.61,78.61,2015,12,0.01,49.01,24.04,35.27,11.55
Medchal_Malkajgiri,17.61,78.61,2015,13,1.21,54.46,26.95,45.0,9.68
Medchal_Malkajgiri,17.61,78.61,2016,1,0.06,42.58,22.78,35.58,11.68
Medchal_Malkajgiri,17.61,78.61,2016,2,0.03,42.25,26.78,39.05,15.73
Medchal_Malkajgiri,17.61,78.61,2016,3,0.01,38.06,29.83,40.48,18.75
Medchal_Malkajgiri,17.61,78.61,2016,4,0.15,30.92,33.42,42.74,22.59
Medchal_Malkajgiri,17.61,78.61,2016,5,2.21,44.3,32.57,42.77,23.57
Medchal_Malkajgiri,17.61,78.61,2016,6,4.38,66.43,28.33,40.8,22.49
Medchal_Malkajgiri,17.61,78.61,2016,7,4.76,76.62,26.21,33.6,21.83
Medchal_Malkajgiri,17.61,78.61,2016,8,2.61,74.94,26.36,34.38,21.54
Medchal_Malkajgiri,17.61,78.61,2016,9,8.71,84.28,24.64,31.5,19.58
Medchal_Malkajgiri,17.61,78.61,2016,10,1.39,78.69,22.7,29.76,15.31
Medchal_Malkajgiri,17.61,78.61,2016,11,0.0,64.8,20.71,31.29,11.38
Medchal_Malkajgiri,17.61,78.61,2016,12,0.03,54.15,20.53,30.55,10.4
Medchal_Malkajgiri,17.61,78.61,2016,13,2.03,58.22,26.23,42.77,10.4
Medchal_Malkajgiri,17.61,78.61,2017,1,0.0,44.12,21.47,33.27,11.58
Medchal_Malkajgiri,17.61,78.61,2017,2,0.0,31.45,25.1,37.98,14.6
Medchal_Malkajgiri,17.61,78.61,2017,3,0.24,33.95,28.55,41.04,15.73
Medchal_Malkajgiri,17.61,78.61,2017,4,0.1,25.41,33.1,43.31,21.41
Medchal_Malkajgiri,17.61,78.61,2017,5,1.21,37.28,33.7,43.38,23.39
Medchal_Malkajgiri,17.61,78.61,2017,6,4.48,67.75,28.21,40.65,21.86
Medchal_Malkajgiri,17.61,78.61,2017,7,5.78,73.68,26.6,34.01,21.85
Medchal_Malkajgiri,17.61,78.61,2017,8,5.51,80.73,25.35,31.89,19.49
Medchal_Malkajgiri,17.61,78.61,2017,9,5.38,83.81,25.36,30.67,19.83
Medchal_Malkajgiri,17.61,78.61,2017,10,2.94,82.78,24.13,30.78,15.88
Medchal_Malkajgiri,17.61,78.61,2017,11,0.05,74.24,21.74,30.7,12.55
Medchal_Malkajgiri,17.61,78.61,2017,12,0.0,58.17,20.06,30.49,11.6
Medchal_Malkajgiri,17.61,78.61,2017,13,2.15,57.94,26.11,43.38,11.58
Medchal_Malkajgiri,17.61,78.61,2018,1,0.0,37.82,21.33,32.32,11.25
Medchal_Malkajgiri,17.61,78.61,2018,2,0.0,35.41,24.8,36.72,13.45
Medchal_Malkajgiri,17.61,78.61,2018,3,0.02,28.87,29.18,40.96,18.96
Medchal_Malkajgiri,17.61,78.61,2018,4,1.14,40.87,31.6,43.29,20.45
Medchal_Malkajgiri,17.61,78.61,2018,5,0.89,42.01,33.01,43.24,23.42
Medchal_Malkajgiri,17.61,78.61,2018,6,3.77,63.4,28.61,39.45,22.22
Medchal_Malkajgiri,17.61,78.61,2018,7,3.23,70.94,26.63,34.67,21.47
Medchal_Malkajgiri,17.61,78.61,2018,8,4.65,75.86,25.79,33.3,21.38
Medchal_Malkajgiri,17.61,78.61,2018,9,2.94,75.51,25.76,33.75,19.43
Medchal_Malkajgiri,17.61,78.61,2018,10,0.74,63.08,25.44,34.32,15.66
Medchal_Malkajgiri,17.61,78.61,2018,11,0.01,54.91,24.46,34.09,14.59
Medchal_Malkajgiri,17.61,78.61,2018,12,0.64,55.68,21.66,32.1,8.43
Medchal_Malkajgiri,17.61,78.61,2018,13,1.51,53.79,26.52,43.29,8.43
Medchal_Malkajgiri,17.61,78.61,2019,1,0.72,47.38,20.99,32.15,8.11
Medchal_Malkajgiri,17.61,78.61,2019,2,0.02,47.07,24.88,37.86,11.92
Medchal_Malkajgiri,17.61,78.61,2019,3,0.05,34.51,29.73,41.72,17.23
Medchal_Malkajgiri,17.61,78.61,2019,4,0.91,35.4,32.53,43.23,22.39
Medchal_Malkajgiri,17.61,78.61,2019,5,0.48,31.48,34.72,44.09,25.39
Medchal_Malkajgiri,17.61,78.61,2019,6,2.03,54.38,30.77,42.23,22.74
Medchal_Malkajgiri,17.61,78.61,2019,7,3.78,69.98,27.33,36.06,22.0
Medchal_Malkajgiri,17.61,78.61,2019,8,5.83,79.89,25.83,32.72,21.7
Medchal_Malkajgiri,17.61,78.61,2019,9,6.5,83.41,25.53,31.91,20.68
Medchal_Malkajgiri,17.61,78.61,2019,10,3.99,87.28,24.12,29.34,20.21
Medchal_Malkajgiri,17.61,78.61,2019,11,0.13,81.25,21.99,29.75,14.65
Medchal_Malkajgiri,17.61,78.61,2019,12,0.17,75.87,20.95,28.69,11.57
Medchal_Malkajgiri,17.61,78.61,2019,13,2.06,60.74,26.62,44.09,8.11
Medchal_Malkajgiri,17.61,78.61,2020,1,0.42,65.19,21.89,32.68,11.55
Medchal_Malkajgiri,17.61,78.61,2020,2,0.13,50.19,24.23,35.03,14.55
Medchal_Malkajgiri,17.61,78.61,2020,3,0.54,43.91,28.59,38.93,19.62
Medchal_Malkajgiri,17.61,78.61,2020,4,0.72,38.48,31.88,41.06,22.2
Medchal_Malkajgiri,17.61,78.61,2020,5,1.43,38.17,33.54,44.14,24.63
Medchal_Malkajgiri,17.61,78.61,2020,6,5.84,70.25,27.81,36.88,22.13
Medchal_Malkajgiri,17.61,78.61,2020,7,8.06,82.83,25.73,32.46,20.87
Medchal_Malkajgiri,17.61,78.61,2020,8,9.41,86.98,25.18,31.0,21.74
Medchal_Malkajgiri,17.61,78.61,2020,9,7.16,88.31,25.05,31.19,20.58
Medchal_Malkajgiri,17.61,78.61,2020,10,5.85,86.68,23.98,29.44,17.39
Medchal_Malkajgiri,17.61,78.61,2020,11,0.44,84.97,21.19,28.35,12.04
Medchal_Malkajgiri,17.61,78.61,2020,12,0.0,79.0,19.0,27.02,9.94
Medchal_Malkajgiri,17.61,78.61,2020,13,3.35,67.98,25.67,44.14,9.94
Medchal_Malkajgiri,17.61,78.61,2021,1,0.04,75.42,21.26,30.56,13.32
Medchal_Malkajgiri,17.61,78.61,2021,2,0.07,52.76,22.47,35.29,11.1
Medchal_Malkajgiri,17.61,78.61,2021,3,0.0,31.57,28.08,41.17,16.65
Medchal_Malkajgiri,17.61,78.61,2021,4,0.65,36.99,31.31,40.76,22.01
Medchal_Malkajgiri,17.61,78.61,2021,5,1.11,47.65,31.71,40.71,23.99
Medchal_Malkajgiri,17.61,78.61,2021,6,5.55,71.49,27.31,36.62,21.37
Medchal_Malkajgiri,17.61,78.61,2021,7,9.77,82.65,25.81,31.95,21.76
Medchal_Malkajgiri,17.61,78.61,2021,8,5.61,84.65,25.34,31.17,20.57
Medchal_Malkajgiri,17.61,78.61,2021,9,7.92,87.01,24.99,29.82,18.7
Medchal_Malkajgiri,17.61,78.61,2021,10,3.0,84.84,23.98,29.82,16.49
Medchal_Malkajgiri,17.61,78.61,2021,11,0.84,86.61,22.39,29.14,13.47
Medchal_Malkajgiri,17.61,78.61,2021,12,0.0,77.18,19.98,28.06,9.39
Medchal_Malkajgiri,17.61,78.61,2021,13,2.89,68.34,25.4,41.17,9.39
Medchal_Malkajgiri,17.61,78.61,2022,1,0.96,68.61,20.13,30.69,8.32
Medchal_Malkajgiri,17.61,78.61,2022,2,0.0,55.32,22.64,33.92,11.03
Medchal_Malkajgiri,17.61,78.61,2022,3,0.0,33.79,29.19,41.43,15.72
Medchal_Malkajgiri,17.61,78.61,2022,4,0.07,35.16,32.82,43.02,23.3
Medchal_Malkajgiri,17.61,78.61,2022,5,1.13,47.56,32.05,42.66,24.23
Medchal_Malkajgiri,17.61,78.61,2022,6,3.15,62.37,29.06,41.4,22.35
Medchal_Malkajgiri,17.61,78.61,2022,7,12.87,83.28,25.38,34.41,21.2
Medchal_Malkajgiri,17.61,78.61,2022,8,4.21,85.1,25.25,30.64,20.98
Medchal_Malkajgiri,17.61,78.61,2022,9,5.4,86.05,25.0,30.48,20.16
Medchal_Malkajgiri,17.61,78.61,2022,10,3.41,84.8,23.01,29.03,12.94
Medchal_Malkajgiri,17.61,78.61,2022,11,0.07,78.27,20.69,28.12,11.86
Medchal_Malkajgiri,17.61,78.61,2022,12,0.14,73.03,21.94,31.43,12.11
Medchal_Malkajgiri,17.61,78.61,2022,13,2.64,66.21,25.61,43.02,8.32
Medchal_Malkajgiri,17.61,78.61,2023,1,0.0,60.95,21.53,31.36,9.18
Medchal_Malkajgiri,17.61,78.61,2023,2,0.0,31.51,24.94,36.83,12.87
Medchal_Malkajgiri,17.61,78.61,2023,3,1.37,44.69,27.26,38.0,17.31
Medchal_Malkajgiri,17.61,78.61,2023,4,3.08,42.83,30.54,41.71,21.54
Medchal_Malkajgiri,17.61,78.61,2023,5,1.41,50.49,31.05,40.67,21.21
Medchal_Malkajgiri,17.61,78.61,2023,6,1.73,48.43,31.45,41.05,21.9
Medchal_Malkajgiri,17.61,78.61,2023,7,12.36,77.25,26.28,35.38,21.14
Medchal_Malkajgiri,17.61,78.61,2023,8,1.38,81.41,25.69,31.07,21.45
Medchal_Malkajgiri,17.61,78.61,2023,9,7.31,85.86,25.37,31.44,21.0
Medchal_Malkajgiri,17.61,78.61,2023,10,0.1,76.52,23.6,30.45,14.19
Medchal_Malkajgiri,17.61,78.61,2023,11,0.84,74.96,23.47,31.25,15.38
Medchal_Malkajgiri,17.61,78.61,2023,12,0.4,68.16,20.68,31.43,10.72
Medchal_Malkajgiri,17.61,78.61,2023,13,2.51,62.16,25.98,41.71,9.18
Medchal_Malkajgiri,17.61,78.61,2024,1,0.0,59.56,22.67,32.56,12.78
Medchal_Malkajgiri,17.61,78.61,2024,2,0.0,45.52,26.03,36.1,16.19
Medchal_Malkajgiri,17.61,78.61,2024,3,0.15,37.79,30.04,41.11,20.33
Medchal_Malkajgiri,17.61,78.61,2024,4,0.11,32.4,33.56,43.52,23.2
Medchal_Malkajgiri,17.61,78.61,2024,5,2.84,50.7,32.01,43.88,22.58
Medchal_Malkajgiri,17.61,78.61,2024,6,3.94,69.47,28.17,39.06,21.64
Medchal_Malkajgiri,17.61,78.61,2024,7,5.51,78.37,26.16,34.03,21.61
Medchal_Malkajgiri,17.61,78.61,2024,8,7.75,83.67,26.05,31.48,21.9
Medchal_Malkajgiri,17.61,78.61,2024,9,7.33,85.87,25.06,30.28,19.98
Medchal_Malkajgiri,17.61,78.61,2024,10,2.0,86.0,24.85,31.15,17.88
Medchal_Malkajgiri,17.61,78.61,2024,11,0.27,79.26,21.05,28.8,12.6
Medchal_Malkajgiri,17.61,78.61,2024,12,0.39,72.91,21.73,29.77,8.96
Medchal_Malkajgiri,17.61,78.61,2024,13,2.53,65.22,26.45,43.88,8.96
Mulugu,18.1954,80.0588,2000,1,0.0,41.24,24.03,36.03,11.04
Mulugu,18.1954,80.0588,2000,2,1.54,56.89,26.51,35.81,15.17
Mulugu,18.1954,80.0588,2000,3,0.0,35.48,29.14,40.49,15.56
Mulugu,18.1954,80.0588,2000,4,0.17,34.61,34.81,46.34,21.59
Mulugu,18.1954,80.0588,2000,5,0.92,43.71,33.77,45.61,25.34
Mulugu,18.1954,80.0588,2000,6,5.25,72.04,28.35,36.43,23.05
Mulugu,18.1954,80.0588,2000,7,5.64,78.92,27.17,34.19,22.22
Mulugu,18.1954,80.0588,2000,8,10.28,84.11,26.49,32.61,22.19
Mulugu,18.1954,80.0588,2000,9,2.58,84.26,26.34,31.75,21.92
Mulugu,18.1954,80.0588,2000,10,0.69,75.62,25.82,32.77,15.78
Mulugu,18.1954,80.0588,2000,11,0.1,63.45,23.89,33.49,14.93
Mulugu,18.1954,80.0588,2000,12,0.02,38.4,22.56,32.98,12.16
Mulugu,18.1954,80.0588,2000,13,2.27,59.02,27.4,46.34,11.04
Mulugu,18.1954,80.0588,2001,1,0.11,42.68,23.99,35.63,11.53
Mulugu,18.1954,80.0588,2001,2,0.0,32.7,26.87,40.33,14.74
Mulugu,18.1954,80.0588,2001,3,0.48,40.99,30.86,42.27,19.53
Mulugu,18.1954,80.0588,2001,4,2.4,49.1,31.75,43.08,22.22
Mulugu,18.1954,80.0588,2001,5,0.35,35.68,35.9,46.38,25.97
Mulugu,18.1954,80.0588,2001,6,3.42,65.61,29.09,41.08,21.99
Mulugu,18.1954,80.0588,2001,7,3.87,69.57,28.48,37.95,22.89
Mulugu,18.1954,80.0588,2001,8,7.33,84.49,26.25,31.6,22.27
Mulugu,18.1954,80.0588,2001,9,2.9,82.34,26.85,33.32,22.3
Mulugu,18.1954,80.0588,2001,10,2.97,81.33,25.45,31.63,16.74
Mulugu,18.1954,80.0588,2001,11,0.56,72.11,24.22,32.47,14.73
Mulugu,18.1954,80.0588,2001,12,0.02,55.84,21.59,32.73,12.33
Mulugu,18.1954,80.0588,2001,13,2.05,59.5,27.61,46.38,11.53
Mulugu,18.1954,80.0588,2002,1,1.22,58.4,22.79,35.57,10.9
Mulugu,18.1954,80.0588,2002,2,0.01,46.21,26.72,38.31,16.68
Mulugu,18.1954,80.0588,2002,3,0.17,37.65,30.79,41.77,19.67
Mulugu,18.1954,80.0588,2002,4,0.22,36.93,34.42,44.49,24.16
Mulugu,18.1954,80.0588,2002,5,0.94,34.84,36.36,47.18,25.59
Mulugu,18.1954,80.0588,2002,6,5.21,66.77,30.09,39.53,23.97
Mulugu,18.1954,80.0588,2002,7,3.33,69.9,28.84,37.1,23.4
Mulugu,18.1954,80.0588,2002,8,11.01,84.06,26.31,31.89,21.44
Mulugu,18.1954,80.0588,2002,9,1.45,80.65,26.59,33.29,20.92
Mulugu,18.1954,80.0588,2002,10,2.42,74.92,25.82,34.59,16.94
Mulugu,18.1954,80.0588,2002,11,0.25,55.61,24.09,34.43,13.24
Mulugu,18.1954,80.0588,2002,12,0.13,51.54,23.6,34.23,14.12
Mulugu,18.1954,80.0588,2002,13,2.22,58.2,28.04,47.18,10.9
Mulugu,18.1954,80.0588,2003,1,0.03,48.06,24.24,35.91,12.39
Mulugu,18.1954,80.0588,2003,2,0.12,49.3,27.91,37.81,17.4
Mulugu,18.1954,80.0588,2003,3,0.33,41.39,30.31,41.13,17.43
Mulugu,18.1954,80.0588,2003,4,0.31,38.07,34.02,45.25,23.7
Mulugu,18.1954,80.0588,2003,5,0.03,27.13,36.38,46.03,25.76
Mulugu,18.1954,80.0588,2003,6,3.47,52.58,32.42,47.01,24.34
Mulugu,18.1954,80.0588,2003,7,11.1,82.6,26.95,32.92,23.54
Mulugu,18.1954,80.0588,2003,8,6.78,87.25,26.17,31.26,22.02
Mulugu,18.1954,80.0588,2003,9,3.51,86.81,26.21,31.13,22.35
Mulugu,18.1954,80.0588,2003,10,5.21,85.01,25.27,31.51,15.4
Mulugu,18.1954,80.0588,2003,11,0.02,76.4,22.18,30.09,13.59
Mulugu,18.1954,80.0588,2003,12,1.06,72.18,20.2,28.69,11.27
Mulugu,18.1954,80.0588,2003,13,2.69,62.32,27.68,47.01,11.27
Mulugu,18.1954,80.0588,2004,1,1.26,69.09,21.11,32.18,11.66
Mulugu,18.1954,80.0588,2004,2,0.59,55.29,23.79,36.81,10.13
Mulugu,18.1954,80.0588,2004,3,0.21,38.93,30.45,42.18,18.08
Mulugu,18.1954,80.0588,2004,4,0.6,40.22,33.56,45.42,23.33
Mulugu,18.1954,80.0588,2004,5,0.83,49.82,32.81,44.08,24.72
Mulugu,18.1954,80.0588,2004,6,2.5,58.05,30.89,41.36,24.35
Mulugu,18.1954,80.0588,2004,7,7.98,80.39,27.09,34.45,22.47
Mulugu,18.1954,80.0588,2004,8,3.57,80.65,27.01,33.29,22.58
Mulugu,18.1954,80.0588,2004,9,3.56,83.08,26.69,32.76,22.11
Mulugu,18.1954,80.0588,2004,10,3.08,79.78,25.22,31.31,15.73
Mulugu,18.1954,80.0588,2004,11,0.09,66.84,23.29,32.31,13.08
Mulugu,18.1954,80.0588,2004,12,0.0,57.23,21.77,32.54,12.61
Mulugu,18.1954,80.0588,2004,13,2.03,63.34,26.97,45.42,10.13
Mulugu,18.1954,80.0588,2005,1,1.27,54.65,23.97,33.35,13.18
Mulugu,18.1954,80.0588,2005,2,0.12,48.01,26.5,39.18,12.69
Mulugu,18.1954,80.0588,2005,3,0.17,40.62,30.36,41.5,19.36
Mulugu,18.1954,80.0588,2005,4,0.34,40.96,33.44,42.83,24.92
Mulugu,18.1954,80.0588,2005,5,0.8,38.39,35.14,46.59,25.77
Mulugu,18.1954,80.0588,2005,6,5.3,57.48,31.85,45.35,22.86
Mulugu,18.1954,80.0588,2005,7,10.94,82.53,26.97,34.94,22.24
Mulugu,18.1954,80.0588,2005,8,4.6,86.67,26.27,31.59,22.97
Mulugu,18.1954,80.0588,2005,9,9.47,88.52,26.14,31.23,21.86
Mulugu,18.1954,80.0588,2005,10,6.77,87.24,25.14,31.29,18.81
Mulugu,18.1954,80.0588,2005,11,0.18,78.45,20.05,27.31,12.1
Mulugu,18.1954,80.0588,2005,12,0.18,71.77,19.69,27.81,10.12
Mulugu,18.1954,80.0588,2005,13,3.37,64.72,27.12,46.59,10.12
Mulugu,18.1954,80.0588,2006,1,0.0,59.27,21.01,32.5,8.82
Mulugu,18.1954,80.0588,2006,2,0.0,46.99,25.37,37.82,13.72
Mulugu,18.1954,80.0588,2006,3,1.15,49.48,29.06,41.13,18.21
Mulugu,18.1954,80.0588,2006,4,1.56,43.24,32.83,44.23,21.55
Mulugu,18.1954,80.0588,2006,5,2.07,55.66,32.23,44.29,24.76
Mulugu,18.1954,80.0588,2006,6,3.44,63.54,30.11,40.85,24.3
Mulugu,18.1954,80.0588,2006,7,6.4,72.84,28.33,36.78,22.54
Mulugu,18.1954,80.0588,2006,8,10.32,85.72,26.15,32.4,21.96
Mulugu,18.1954,80.0588,2006,9,9.68,86.58,26.14,31.82,21.16
Mulugu,18.1954,80.0588,2006,10,3.3,79.85,25.49,32.16,18.97
Mulugu,18.1954,80.0588,2006,11,1.6,81.56,22.95,28.83,14.82
Mulugu,18.1954,80.0588,2006,12,0.0,75.28,20.96,28.93,11.7
Mulugu,18.1954,80.0588,2006,13,3.31,66.81,26.72,44.29,8.82
Mulugu,18.1954,80.0588,2007,1,0.0,63.69,22.0,33.05,12.35
Mulugu,18.1954,80.0588,2007,2,0.12,53.62,25.25,36.94,14.76
Mulugu,18.1954,80.0588,2007,3,0.01,40.2,30.3,42.04,18.89
Mulugu,18.1954,80.0588,2007,4,0.44,39.91,33.36,43.61,22.96
Mulugu,18.1954,80.0588,2007,5,0.87,33.83,36.15,46.21,26.33
Mulugu,18.1954,80.0588,2007,6,6.47,67.61,30.12,42.1,23.68
Mulugu,18.1954,80.0588,2007,7,4.04,78.22,27.74,35.35,23.11
Mulugu,18.1954,80.0588,2007,8,6.81,83.78,26.68,32.53,22.21
Mulugu,18.1954,80.0588,2007,9,9.08,87.81,26.32,31.16,22.06
Mulugu,18.1954,80.0588,2007,10,1.69,82.24,23.45,30.37,16.41
Mulugu,18.1954,80.0588,2007,11,0.08,72.8,21.57,29.98,10.56
Mulugu,18.1954,80.0588,2007,12,0.01,66.91,22.06,33.11,12.73
Mulugu,18.1954,80.0588,2007,13,2.47,64.27,27.09,46.21,10.56
Mulugu,18.1954,80.0588,2008,1,0.08,51.32,22.44,32.86,11.71
Mulugu,18.1954,80.0588,2008,2,1.05,54.18,25.24,36.59,11.94
Mulugu,18.1954,80.0588,2008,3,4.3,49.42,28.55,39.8,16.68
Mulugu,18.1954,80.0588,2008,4,0.14,48.33,31.4,42.94,21.1
Mulugu,18.1954,80.0588,2008,5,0.41,27.89,35.72,44.91,25.45
Mulugu,18.1954,80.0588,2008,6,4.92,65.1,29.35,41.38,23.47
Mulugu,18.1954,80.0588,2008,7,6.23,75.19,27.94,35.78,23.11
Mulugu,18.1954,80.0588,2008,8,10.63,86.37,26.23,31.96,22.64
Mulugu,18.1954,80.0588,2008,9,7.01,86.37,26.0,31.45,19.85
Mulugu,18.1954,80.0588,2008,10,1.17,79.38,25.0,31.23,14.61
Mulugu,18.1954,80.0588,2008,11,1.18,76.15,22.81,30.61,12.3
Mulugu,18.1954,80.0588,2008,12,0.01,64.07,22.77,31.59,12.65
Mulugu,18.1954,80.0588,2008,13,3.1,63.64,26.96,44.91,11.71
Mulugu,18.1954,80.0588,2009,1,0.0,56.98,23.58,36.28,14.61
Mulugu,18.1954,80.0588,2009,2,0.0,39.03,27.8,40.86,17.14
Mulugu,18.1954,80.0588,2009,3,0.17,32.71,30.74,41.96,19.76
Mulugu,18.1954,80.0588,2009,4,0.25,33.8,34.05,44.64,23.61
Mulugu,18.1954,80.0588,2009,5,1.38,43.24,34.42,46.08,25.84
Mulugu,18.1954,80.0588,2009,6,3.83,60.84,30.91,42.84,24.7
Mulugu,18.1954,80.0588,2009,7,5.8,75.62,27.81,35.09,22.58
Mulugu,18.1954,80.0588,2009,8,7.98,81.23,27.23,33.53,22.47
Mulugu,18.1954,80.0588,2009,9,2.87,84.61,27.02,32.68,22.32
Mulugu,18.1954,80.0588,2009,10,1.24,73.83,25.56,32.28,15.96
Mulugu,18.1954,80.0588,2009,11,2.67,74.14,23.97,33.73,12.24
Mulugu,18.1954,80.0588,2009,12,0.06,62.68,22.56,31.79,11.4
Mulugu,18.1954,80.0588,2009,13,2.2,60.03,27.96,46.08,11.4
Mulugu,18.1954,80.0588,2010,1,0.21,50.56,23.03,33.21,11.93
Mulugu,18.1954,80.0588,2010,2,0.11,43.81,27.51,38.84,15.27
Mulugu,18.1954,80.0588,2010,3,0.02,34.85,32.14,42.91,18.79
Mulugu,18.1954,80.0588,2010,4,0.46,37.89,34.84,45.14,24.44
Mulugu,18.1954,80.0588,2010,5,1.53,42.42,35.07,46.25,25.68
Mulugu,18.1954,80.0588,2010,6,2.37,57.91,31.87,44.53,24.63
Mulugu,18.1954,80.0588,2010,7,12.56,83.66,27.02,35.03,22.81
Mulugu,18.1954,80.0588,2010,8,11.08,86.67,26.56,32.37,21.04
Mulugu,18.1954,80.0588,2010,9,8.19,88.82,25.83,30.7,20.59
Mulugu,18.1954,80.0588,2010,10,4.0,86.6,25.21,31.57,16.48
Mulugu,18.1954,80.0588,2010,11,1.12,86.17,24.19,29.71,17.83
Mulugu,18.1954,80.0588,2010,12,0.89,78.74,19.78,28.06,9.02
Mulugu,18.1954,80.0588,2010,13,3.58,64.98,27.74,46.25,9.02
Mulugu,18.1954,80.0588,2011,1,0.0,67.48,19.95,31.11,9.33
Mulugu,18.1954,80.0588,2011,2,0.54,61.84,24.25,33.97,14.28
Mulugu,18.1954,80.0588,2011,3,0.02,42.68,29.45,41.55,18.37
Mulugu,18.1954,80.0588,2011,4,0.26,43.7,32.31,42.32,21.68
Mulugu,18.1954,80.0588,2011,5,1.11,38.17,35.01,44.8,26.34
Mulugu,18.1954,80.0588,2011,6,3.16,59.11,30.8,41.1,24.16
Mulugu,18.1954,80.0588,2011,7,5.51,74.6,28.18,35.97,23.36
Mulugu,18.1954,80.0588,2011,8,7.09,81.49,27.01,35.86,21.89
Mulugu,18.1954,80.0588,2011,9,1.65,82.52,26.68,33.19,20.86
Mulugu,18.1954,80.0588,2011,10,0.51,70.7,26.78,34.4,18.68
Mulugu,18.1954,80.0588,2011,11,0.02,57.37,24.82,34.67,14.32
Mulugu,18.1954,80.0588,2011,12,0.06,46.2,23.54,34.52,12.8
Mulugu,18.1954,80.0588,2011,13,1.67,60.48,27.41,44.8,9.33
Mulugu,18.1954,80.0588,2012,1,0.17,51.27,24.21,35.28,9.1
Mulugu,18.1954,80.0588,2012,2,0.0,36.75,26.75,39.58,14.22
Mulugu,18.1954,80.0588,2012,3,0.03,28.82,29.95,41.68,16.66
Mulugu,18.1954,80.0588,2012,4,0.69,39.77,33.63,42.94,23.64
Mulugu,18.1954,80.0588,2012,5,0.45,35.34,35.76,45.92,26.66
Mulugu,18.1954,80.0588,2012,6,2.94,55.95,31.33,45.8,24.12
Mulugu,18.1954,80.0588,2012,7,9.07,78.32,27.3,36.21,21.23
Mulugu,18.1954,80.0588,2012,8,7.09,83.99,26.44,32.32,22.55
Mulugu,18.1954,80.0588,2012,9,6.39,86.26,26.23,31.69,22.0
Mulugu,18.1954,80.0588,2012,10,2.2,80.26,24.7,31.32,15.74
Mulugu,18.1954,80.0588,2012,11,1.32,79.85,22.54,30.34,10.2
Mulugu,18.1954,80.0588,2012,12,0.0,66.85,22.19,31.92,12.04
Mulugu,18.1954,80.0588,2012,13,2.54,60.36,27.58,45.92,9.1
Mulugu,18.1954,80.0588,2013,1,0.01,56.89,23.8,33.67,12.3
Mulugu,18.1954,80.0588,2013,2,0.89,51.12,25.84,37.11,12.93
Mulugu,18.1954,80.0588,2013,3,0.0,38.66,29.9,41.48,16.85
Mulugu,18.1954,80.0588,2013,4,1.33,42.9,32.78,43.52,23.84
Mulugu,18.1954,80.0588,2013,5,0.4,37.74,35.84,47.67,26.3
Mulugu,18.1954,80.0588,2013,6,6.79,73.95,28.28,35.63,23.18
Mulugu,18.1954,80.0588,2013,7,9.43,81.92,26.61,33.64,22.97
Mulugu,18.1954,80.0588,2013,8,6.27,85.99,26.05,31.51,22.19
Mulugu,18.1954,80.0588,2013,9,5.32,85.82,26.25,31.23,21.77
Mulugu,18.1954,80.0588,2013,10,8.95,86.7,25.04,30.52,15.83
Mulugu,18.1954,80.0588,2013,11,0.58,82.22,22.31,29.51,13.06
Mulugu,18.1954,80.0588,2013,12,0.0,76.14,19.59,28.59,10.62
Mulugu,18.1954,80.0588,2013,13,3.35,66.75,26.86,47.67,10.62
Mulugu,18.1954,80.0588,2014,1,0.0,70.69,21.83,30.3,13.45
Mulugu,18.1954,80.0588,2014,2,0.14,55.53,24.23,34.33,13.23
Mulugu,18.1954,80.0588,2014,3,1.54,50.02,28.41,42.37,17.17
Mulugu,18.1954,80.0588,2014,4,0.25,32.76,33.78,43.37,22.72
Mulugu,18.1954,80.0588,2014,5,2.28,47.79,33.13,44.8,24.29
Mulugu,18.1954,80.0588,2014,6,1.18,47.25,33.36,43.74,25.81
Mulugu,18.1954,80.0588,2014,7,4.69,67.57,29.02,40.32,23.89
Mulugu,18.1954,80.0588,2014,8,4.44,75.13,27.93,36.14,23.47
Mulugu,18.1954,80.0588,2014,9,3.19,80.13,26.58,33.56,20.74
Mulugu,18.1954,80.0588,2014,10,1.36,70.31,26.48,34.57,16.25
Mulugu,18.1954,80.0588,2014,11,0.19,61.24,24.17,33.84,14.39
Mulugu,18.1954,80.0588,2014,12,0.03,51.21,22.66,33.52,11.88
Mulugu,18.1954,80.0588,2014,13,1.62,59.21,27.64,44.8,11.88
Mulugu,18.1954,80.0588,2015,1,0.43,49.14,22.05,34.44,10.41
Mulugu,18.1954,80.0588,2015,2,0.01,42.03,25.94,37.23,15.66
Mulugu,18.1954,80.0588,2015,3,0.57,42.73,29.57,41.16,17.67
Mulugu,18.1954,80.0588,2015,4,0.77,43.06,32.18,43.19,21.46
Mulugu,18.1954,80.0588,2015,5,0.21,36.02,35.44,47.41,26.12
Mulugu,18.1954,80.0588,2015,6,5.99,67.02,29.62,40.41,23.49
Mulugu,18.1954,80.0588,2015,7,2.9,68.39,29.27,36.75,23.9
Mulugu,18.1954,80.0588,2015,8,3.44,75.45,28.12,35.21,23.25
Mulugu,18.1954,80.0588,2015,9,3.49,77.64,27.52,34.88,20.59
Mulugu,18.1954,80.0588,2015,10,0.51,64.64,27.75,36.76,19.51
Mulugu,18.1954,80.0588,2015,11,0.17,61.62,26.18,35.05,17.22
Mulugu,18.1954,80.0588,2015,12,0.02,51.43,25.17,36.02,12.07
Mulugu,18.1954,80.0588,2015,13,1.54,56.65,28.25,47.41,10.41
Mulugu,18.1954,80.0588,2016,1,0.06,43.96,23.86,36.97,11.72
Mulugu,18.1954,80.0588,2016,2,0.21,45.31,28.02,39.89,15.98
Mulugu,18.1954,80.0588,2016,3,0.08,42.09,30.88,41.98,19.44
Mulugu,18.1954,80.0588,2016,4,0.08,35.89,34.52,45.42,22.93
Mulugu,18.1954,80.0588,2016,5,1.51,41.63,34.63,45.55,25.45
Mulugu,18.1954,80.0588,2016,6,9.46,68.3,29.65,43.31,24.0
Mulugu,18.1954,80.0588,2016,7,8.44,82.87,26.9,33.4,23.12
Mulugu,18.1954,80.0588,2016,8,4.36,82.16,26.93,32.62,22.61
Mulugu,18.1954,80.0588,2016,9,8.83,87.74,25.89,31.03,20.32
Mulugu,18.1954,80.0588,2016,10,2.71,82.36,23.91,30.71,16.16
Mulugu,18.1954,80.0588,2016,11,0.0,73.36,21.37,29.42,11.95
Mulugu,18.1954,80.0588,2016,12,0.02,62.71,20.88,30.05,10.37
Mulugu,18.1954,80.0588,2016,13,2.98,62.41,27.28,45.55,10.37
Mulugu,18.1954,80.0588,2017,1,0.0,50.79,22.31,34.1,11.46
Mulugu,18.1954,80.0588,2017,2,0.0,37.28,26.34,39.28,15.39
Mulugu,18.1954,80.0588,2017,3,0.59,39.86,29.82,42.95,16.49
Mulugu,18.1954,80.0588,2017,4,0.07,30.21,34.48,44.53,21.67
Mulugu,18.1954,80.0588,2017,5,2.1,42.37,34.52,45.9,24.48
Mulugu,18.1954,80.0588,2017,6,8.38,73.36,28.96,41.68,23.59
Mulugu,18.1954,80.0588,2017,7,11.66,79.51,27.41,33.85,23.13
Mulugu,18.1954,80.0588,2017,8,7.7,84.95,26.45,32.06,21.05
Mulugu,18.1954,80.0588,2017,9,4.52,86.13,26.71,31.86,22.35
Mulugu,18.1954,80.0588,2017,10,2.87,83.2,25.61,31.1,16.21
Mulugu,18.1954,80.0588,2017,11,0.24,78.68,22.53,30.31,12.78
Mulugu,18.1954,80.0588,2017,12,0.0,64.27,20.43,29.97,10.6
Mulugu,18.1954,80.0588,2017,13,3.2,62.71,27.13,45.9,10.6
Mulugu,18.1954,80.0588,2018,1,0.0,47.61,21.42,33.05,10.59
Mulugu,18.1954,80.0588,2018,2,0.01,40.1,25.86,38.5,13.4
Mulugu,18.1954,80.0588,2018,3,0.08,32.44,30.61,41.85,18.9
Mulugu,18.1954,80.0588,2018,4,0.98,43.01,33.14,45.0,22.68
Mulugu,18.1954,80.0588,2018,5,0.83,46.18,33.98,43.99,24.61
Mulugu,18.1954,80.0588,2018,6,5.6,66.08,29.93,40.04,23.25
Mulugu,18.1954,80.0588,2018,7,8.53,78.93,27.27,36.02,23.11
Mulugu,18.1954,80.0588,2018,8,10.44,84.6,26.29,31.86,22.03
Mulugu,18.1954,80.0588,2018,9,2.09,83.2,26.16,31.42,20.57
Mulugu,18.1954,80.0588,2018,10,0.11,72.85,25.59,33.13,15.72
Mulugu,18.1954,80.0588,2018,11,0.01,62.74,25.06,34.76,14.52
Mulugu,18.1954,80.0588,2018,12,1.15,60.2,22.55,32.99,9.21
Mulugu,18.1954,80.0588,2018,13,2.51,59.95,27.32,45.0,9.21
Mulugu,18.1954,80.0588,2019,1,0.53,52.59,21.68,33.03,8.72
Mulugu,18.1954,80.0588,2019,2,0.01,47.02,26.28,39.32,12.24
Mulugu,18.1954,80.0588,2019,3,0.04,38.95,30.88,43.29,18.57
Mulugu,18.1954,80.0588,2019,4,1.0,39.15,33.73,44.6,22.25
Mulugu,18.1954,80.0588,2019,5,0.39,35.84,35.92,45.9,27.32
Mulugu,18.1954,80.0588,2019,6,2.14,54.14,32.55,42.93,24.74
Mulugu,18.1954,80.0588,2019,7,5.93,68.38,29.19,38.35,23.31
Mulugu,18.1954,80.0588,2019,8,10.77,84.38,26.78,32.71,22.46
Mulugu,18.1954,80.0588,2019,9,6.16,87.28,26.48,31.93,22.79
Mulugu,18.1954,80.0588,2019,10,4.58,86.21,25.67,30.53,20.88
Mulugu,18.1954,80.0588,2019,11,0.24,82.9,22.81,29.93,15.25
Mulugu,18.1954,80.0588,2019,12,0.07,78.11,21.49,28.81,12.28
Mulugu,18.1954,80.0588,2019,13,2.68,63.01,27.79,45.9,8.72
Mulugu,18.1954,80.0588,2020,1,0.12,67.62,22.62,33.31,11.53
Mulugu,18.1954,80.0588,2020,2,0.2,53.91,25.15,35.73,14.66
Mulugu,18.1954,80.0588,2020,3,0.7,47.43,29.76,40.87,20.02
Mulugu,18.1954,80.0588,2020,4,0.96,39.4,33.32,42.53,24.24
Mulugu,18.1954,80.0588,2020,5,1.06,38.67,35.21,46.28,26.51
Mulugu,18.1954,80.0588,2020,6,6.98,73.51,29.08,39.53,23.42
Mulugu,18.1954,80.0588,2020,7,11.81,84.53,27.17,33.11,23.04
Mulugu,18.1954,80.0588,2020,8,22.47,89.78,26.34,31.45,22.49
Mulugu,18.1954,80.0588,2020,9,8.32,88.65,26.59,31.55,22.36
Mulugu,18.1954,80.0588,2020,10,5.64,87.68,25.23,30.52,17.49
Mulugu,18.1954,80.0588,2020,11,0.54,84.58,22.65,29.69,13.47
Mulugu,18.1954,80.0588,2020,12,0.0,74.99,20.36,27.7,10.16
Mulugu,18.1954,80.0588,2020,13,4.93,69.29,26.96,46.28,10.16
Mulugu,18.1954,80.0588,2021,1,0.02,71.91,22.56,31.13,13.98
Mulugu,18.1954,80.0588,2021,2,0.04,50.37,24.2,37.58,12.72
Mulugu,18.1954,80.0588,2021,3,0.0,34.19,29.89,43.03,17.39
Mulugu,18.1954,80.0588,2021,4,1.14,40.55,32.4,42.73,23.08
Mulugu,18.1954,80.0588,2021,5,1.53,48.88,33.13,43.56,25.3
Mulugu,18.1954,80.0588,2021,6,7.82,75.23,28.41,36.62,23.41
Mulugu,18.1954,80.0588,2021,7,12.11,84.95,27.06,32.31,22.66
Mulugu,18.1954,80.0588,2021,8,5.98,85.56,26.84,31.73,22.37
Mulugu,18.1954,80.0588,2021,9,8.9,87.1,26.49,31.2,21.79
Mulugu,18.1954,80.0588,2021,10,1.17,85.4,25.43,30.94,17.8
Mulugu,18.1954,80.0588,2021,11,1.79,85.2,23.91,30.45,15.75
Mulugu,18.1954,80.0588,2021,12,0.01,75.84,21.09,28.55,9.16
Mulugu,18.1954,80.0588,2021,13,3.39,68.88,26.79,43.56,9.16
Mulugu,18.1954,80.0588,2022,1,1.74,69.22,20.9,31.01,9.04
Mulugu,18.1954,80.0588,2022,2,0.0,54.63,23.81,35.46,11.27
Mulugu,18.1954,80.0588,2022,3,0.0,36.0,30.79,42.68,16.19
Mulugu,18.1954,80.0588,2022,4,0.05,37.1,34.38,45.11,24.61
Mulugu,18.1954,80.0588,2022,5,1.04,45.61,33.95,44.78,26.27
Mulugu,18.1954,80.0588,2022,6,5.11,63.61,30.67,43.63,24.14
Mulugu,18.1954,80.0588,2022,7,17.92,86.45,26.51,33.69,22.31
Mulugu,18.1954,80.0588,2022,8,9.74,87.87,26.47,31.41,22.27
Mulugu,18.1954,80.0588,2022,9,5.86,87.62,26.29,31.3,21.57
Mulugu,18.1954,80.0588,2022,10,1.95,85.22,24.4,30.27,13.77
Mulugu,18.1954,80.0588,2022,11,0.07,77.81,22.15,29.3,12.72
Mulugu,18.1954,80.0588,2022,12,0.05,72.51,23.08,31.83,13.45
Mulugu,18.1954,80.0588,2022,13,3.67,67.08,26.96,45.11,9.04
Mulugu,18.1954,80.0588,2023,1,0.01,61.22,22.88,32.96,9.91
Mulugu,18.1954,80.0588,2023,2,0.0,37.38,25.94,38.02,14.52
Mulugu,18.1954,80.0588,2023,3,1.36,46.83,28.79,39.26,19.0
Mulugu,18.1954,80.0588,2023,4,2.11,41.37,32.49,43.85,22.93
Mulugu,18.1954,80.0588,2023,5,1.46,47.51,33.1,43.83,22.85
Mulugu,18.1954,80.0588,2023,6,1.58,44.33,33.95,45.2,23.65
Mulugu,18.1954,80.0588,2023,7,20.49,80.37,27.53,36.6,23.0
Mulugu,18.1954,80.0588,2023,8,2.97,84.69,26.83,31.65,22.8
Mulugu,18.1954,80.0588,2023,9,5.29,86.62,26.75,31.9,22.04
Mulugu,18.1954,80.0588,2023,10,0.09,78.26,24.9,31.3,15.26
Mulugu,18.1954,80.0588,2023,11,0.3,73.09,24.71,32.72,16.89
Mulugu,18.1954,80.0588,2023,12,1.82,69.31,21.67,33.9,10.82
Mulugu,18.1954,80.0588,2023,13,3.16,62.8,27.45,45.2,9.91
Mulugu,18.1954,80.0588,2024,1,0.0,61.72,23.46,32.73,13.89
Mulugu,18.1954,80.0588,2024,2,0.0,47.72,27.28,37.16,16.97
Mulugu,18.1954,80.0588,2024,3,0.04,39.61,31.31,42.65,21.53
Mulugu,18.1954,80.0588,2024,4,0.08,32.18,35.26,45.41,24.92
Mulugu,18.1954,80.0588,2024,5,3.07,51.75,33.43,45.88,24.25
Mulugu,18.1954,80.0588,2024,6,7.2,70.88,29.77,37.89,22.92
Mulugu,18.1954,80.0588,2024,7,13.33,84.02,27.1,35.25,23.09
Mulugu,18.1954,80.0588,2024,8,8.94,87.2,27.03,31.78,23.06
Mulugu,18.1954,80.0588,2024,9,5.92,87.67,26.42,31.29,21.71
Mulugu,18.1954,80.0588,2024,10,1.53,85.29,26.45,31.94,19.99
Mulugu,18.1954,80.0588,2024,11,0.16,77.75,22.98,29.88,14.28
Mulugu,18.1954,80.0588,2024,12,0.33,71.95,23.39,31.56,9.89
Mulugu,18.1954,80.0588,2024,13,3.4,66.57,27.82,45.88,9.89
Nagarkurnool,16.4817,78.3247,2000,1,0.0,43.6,23.78,35.95,12.88
Nagarkurnool,16.4817,78.3247,2000,2,1.16,51.87,26.06,35.9,14.83
Nagarkurnool,16.4817,78.3247,2000,3,0.01,37.07,28.34,39.96,15.08
Nagarkurnool,16.4817,78.3247,2000,4,0.03,31.04,33.68,44.68,21.01
Nagarkurnool,16.4817,78.3247,2000,5,1.77,50.23,31.2,43.6,22.87
Nagarkurnool,16.4817,78.3247,2000,6,7.2,75.49,26.37,34.1,21.66
Nagarkurnool,16.4817,78.3247,2000,7,2.37,79.29,25.48,31.53,20.21
Nagarkurnool,16.4817,78.3247,2000,8,10.92,82.02,24.99,32.36,20.67
Nagarkurnool,16.4817,78.3247,2000,9,2.83,82.69,25.23,31.27,20.43
Nagarkurnool,16.4817,78.3247,2000,10,1.61,76.01,24.68,31.69,16.11
Nagarkurnool,16.4817,78.3247,2000,11,0.46,69.65,23.06,32.71,14.52
Nagarkurnool,16.4817,78.3247,2000,12,0.06,51.43,21.66,32.83,11.9
Nagarkurnool,16.4817,78.3247,2000,13,2.37,60.87,26.2,44.68,11.9
Nagarkurnool,16.4817,78.3247,2001,1,0.14,48.15,23.42,34.81,12.89
Nagarkurnool,16.4817,78.3247,2001,2,0.0,30.08,26.36,39.09,14.56
Nagarkurnool,16.4817,78.3247,2001,3,0.66,38.23,29.61,40.79,16.65
Nagarkurnool,16.4817,78.3247,2001,4,0.81,43.21,31.38,42.47,21.07
Nagarkurnool,16.4817,78.3247,2001,5,0.39,34.57,33.95,44.56,24.65
Nagarkurnool,16.4817,78.3247,2001,6,3.39,64.53,27.95,38.91,20.61
Nagarkurnool,16.4817,78.3247,2001,7,2.67,64.35,27.7,35.84,21.13
Nagarkurnool,16.4817,78.3247,2001,8,4.28,78.78,25.54,32.46,21.07
Nagarkurnool,16.4817,78.3247,2001,9,5.73,79.88,25.81,32.55,21.43
Nagarkurnool,16.4817,78.3247,2001,10,5.01,82.52,23.99,30.13,15.68
Nagarkurnool,16.4817,78.3247,2001,11,0.15,77.48,22.87,30.32,14.12
Nagarkurnool,16.4817,78.3247,2001,12,0.08,64.63,21.04,31.15,12.71
Nagarkurnool,16.4817,78.3247,2001,13,1.95,59.02,26.63,44.56,12.71
Nagarkurnool,16.4817,78.3247,2002,1,0.23,58.96,22.69,35.44,10.93
Nagarkurnool,16.4817,78.3247,2002,2,0.04,47.44,25.64,37.03,15.97
Nagarkurnool,16.4817,78.3247,2002,3,0.32,35.07,29.64,40.83,18.01
Nagarkurnool,16.4817,78.3247,2002,4,0.06,33.04,33.24,42.77,22.08
Nagarkurnool,16.4817,78.3247,2002,5,3.73,48.97,32.17,44.27,23.11
Nagarkurnool,16.4817,78.3247,2002,6,3.05,70.74,27.9,36.39,22.6
Nagarkurnool,16.4817,78.3247,2002,7,3.09,68.15,27.56,35.87,21.69
Nagarkurnool,16.4817,78.3247,2002,8,5.08,78.19,25.69,32.39,20.65
Nagarkurnool,16.4817,78.3247,2002,9,1.18,70.06,27.12,36.03,19.41
Nagarkurnool,16.4817,78.3247,2002,10,5.59,74.63,25.32,37.98,17.9
Nagarkurnool,16.4817,78.3247,2002,11,0.15,64.25,23.19,34.18,14.17
Nagarkurnool,16.4817,78.3247,2002,12,0.03,56.29,22.76,33.64,13.71
Nagarkurnool,16.4817,78.3247,2002,13,1.9,58.9,26.91,44.27,10.93
Nagarkurnool,16.4817,78.3247,2003,1,0.0,53.0,23.72,35.1,13.52
Nagarkurnool,16.4817,78.3247,2003,2,0.12,48.16,27.28,36.78,15.71
Nagarkurnool,16.4817,78.3247,2003,3,0.36,39.42,29.81,40.21,19.28
Nagarkurnool,16.4817,78.3247,2003,4,0.42,35.95,32.58,42.29,21.48
Nagarkurnool,16.4817,78.3247,2003,5,0.3,25.25,35.07,44.59,23.81
Nagarkurnool,16.4817,78.3247,2003,6,2.85,55.68,30.17,43.91,21.82
Nagarkurnool,16.4817,78.3247,2003,7,4.94,77.37,26.11,33.46,21.92
Nagarkurnool,16.4817,78.3247,2003,8,4.46,79.5,25.73,33.15,20.85
Nagarkurnool,16.4817,78.3247,2003,9,3.05,77.65,25.95,33.48,21.39
Nagarkurnool,16.4817,78.3247,2003,10,4.54,78.44,24.95,32.7,14.91
Nagarkurnool,16.4817,78.3247,2003,11,0.11,72.29,22.67,31.54,13.54
Nagarkurnool,16.4817,78.3247,2003,12,0.16,60.54,21.83,32.58,12.76
Nagarkurnool,16.4817,78.3247,2003,13,1.79,58.67,27.15,44.59,12.76
Nagarkurnool,16.4817,78.3247,2004,1,0.72,58.49,22.64,33.35,12.06
Nagarkurnool,16.4817,78.3247,2004,2,0.04,44.85,24.93,37.85,13.14
Nagarkurnool,16.4817,78.3247,2004,3,0.45,34.7,29.78,41.89,17.87
Nagarkurnool,16.4817,78.3247,2004,4,2.85,44.42,31.4,43.5,20.22
Nagarkurnool,16.4817,78.3247,2004,5,2.24,65.67,28.72,38.85,22.28
Nagarkurnool,16.4817,78.3247,2004,6,0.96,65.96,27.94,36.67,21.77
Nagarkurnool,16.4817,78.3247,2004,7,5.18,76.09,26.01,33.37,21.2
Nagarkurnool,16.4817,78.3247,2004,8,1.28,71.59,26.62,34.59,21.45
Nagarkurnool,16.4817,78.3247,2004,9,4.66,79.66,25.82,34.5,20.13
Nagarkurnool,16.4817,78.3247,2004,10,2.45,75.98,24.85,32.34,15.88
Nagarkurnool,16.4817,78.3247,2004,11,0.06,62.22,23.67,33.34,13.41
Nagarkurnool,16.4817,78.3247,2004,12,0.0,53.91,22.19,33.13,12.68
Nagarkurnool,16.4817,78.3247,2004,13,1.75,61.2,26.21,43.5,12.06
Nagarkurnool,16.4817,78.3247,2005,1,0.77,55.86,23.82,33.09,13.92
Nagarkurnool,16.4817,78.3247,2005,2,0.04,41.93,26.34,38.93,14.23
Nagarkurnool,16.4817,78.3247,2005,3,0.24,35.65,29.32,41.55,17.01
Nagarkurnool,16.4817,78.3247,2005,4,1.41,49.11,30.72,40.53,20.98
Nagarkurnool,16.4817,78.3247,2005,5,2.34,45.89,32.18,43.43,21.79
Nagarkurnool,16.4817,78.3247,2005,6,3.25,67.24,28.56,41.18,22.42
Nagarkurnool,16.4817,78.3247,2005,7,9.13,80.98,25.73,33.27,20.57
Nagarkurnool,16.4817,78.3247,2005,8,4.83,84.83,25.06,30.22,21.1
Nagarkurnool,16.4817,78.3247,2005,9,5.45,86.12,25.07,30.94,20.81
Nagarkurnool,16.4817,78.3247,2005,10,7.92,85.17,24.23,31.25,18.79
Nagarkurnool,16.4817,78.3247,2005,11,0.12,79.72,19.67,27.81,11.78
Nagarkurnool,16.4817,78.3247,2005,12,0.04,72.68,19.69,29.36,9.91
Nagarkurnool,16.4817,78.3247,2005,13,2.99,65.57,25.86,43.43,9.91
Nagarkurnool,16.4817,78.3247,2006,1,0.0,59.68,20.98,33.13,10.98
Nagarkurnool,16.4817,78.3247,2006,2,0.0,40.55,24.82,37.75,14.17
Nagarkurnool,16.4817,78.3247,2006,3,1.47,49.28,27.94,39.46,15.17
Nagarkurnool,16.4817,78.3247,2006,4,1.3,40.11,31.89,43.0,20.84
Nagarkurnool,16.4817,78.3247,2006,5,3.1,48.92,31.85,43.15,22.49
Nagarkurnool,16.4817,78.3247,2006,6,3.92,73.64,27.26,35.81,22.16
Nagarkurnool,16.4817,78.3247,2006,7,4.07,73.7,26.57,34.2,20.92
Nagarkurnool,16.4817,78.3247,2006,8,3.58,80.13,25.27,31.92,20.55
Nagarkurnool,16.4817,78.3247,2006,9,7.22,81.18,25.64,34.32,20.04
Nagarkurnool,16.4817,78.3247,2006,10,1.03,79.74,24.61,31.0,18.3
Nagarkurnool,16.4817,78.3247,2006,11,2.33,80.48,22.74,31.15,15.68
Nagarkurnool,16.4817,78.3247,2006,12,0.01,69.16,21.52,30.85,12.44
Nagarkurnool,16.4817,78.3247,2006,13,2.34,64.87,25.92,43.15,10.98
Nagarkurnool,16.4817,78.3247,2007,1,0.0,55.43,22.8,34.48,13.16
Nagarkurnool,16.4817,78.3247,2007,2,0.01,44.73,25.27,36.4,14.9
Nagarkurnool,16.4817,78.3247,2007,3,0.0,37.37,29.86,40.89,18.2
Nagarkurnool,16.4817,78.3247,2007,4,0.72,39.01,32.1,42.56,21.89
Nagarkurnool,16.4817,78.3247,2007,5,1.51,40.71,33.13,44.02,23.46
Nagarkurnool,16.4817,78.3247,2007,6,13.23,74.75,27.3,38.12,22.01
Nagarkurnool,16.4817,78.3247,2007,7,2.65,80.82,25.84,32.47,21.53
Nagarkurnool,16.4817,78.3247,2007,8,8.04,82.58,25.36,31.54,21.04
Nagarkurnool,16.4817,78.3247,2007,9,6.83,87.88,24.71,31.3,20.04
Nagarkurnool,16.4817,78.3247,2007,10,1.15,80.18,22.94,30.1,17.11
Nagarkurnool,16.4817,78.3247,2007,11,0.15,73.34,21.05,30.01,10.2
Nagarkurnool,16.4817,78.3247,2007,12,0.04,65.72,21.94,33.71,13.61
Nagarkurnool,16.4817,78.3247,2007,13,2.86,63.64,26.03,44.02,10.2
Nagarkurnool,16.4817,78.3247,2008,1,0.0,49.29,22.42,33.02,12.77
Nagarkurnool,16.4817,78.3247,2008,2,0.97,55.8,25.13,36.05,14.61
Nagarkurnool,16.4817,78.3247,2008,3,4.6,49.93,27.17,38.69,16.47
Nagarkurnool,16.4817,78.3247,2008,4,0.19,50.35,29.37,41.83,18.29
Nagarkurnool,16.4817,78.3247,2008,5,0.62,34.97,32.85,42.56,23.85
Nagarkurnool,16.4817,78.3247,2008,6,1.8,64.79,27.9,36.53,21.29
Nagarkurnool,16.4817,78.3247,2008,7,3.71,64.64,27.97,37.12,21.86
Nagarkurnool,16.4817,78.3247,2008,8,8.14,83.27,25.22,31.03,21.16
Nagarkurnool,16.4817,78.3247,2008,9,4.86,83.39,24.92,30.7,19.07
Nagarkurnool,16.4817,78.3247,2008,10,1.71,78.25,24.12,31.18,14.37
Nagarkurnool,16.4817,78.3247,2008,11,1.49,72.08,22.79,31.51,13.51
Nagarkurnool,16.4817,78.3247,2008,12,0.0,66.31,22.25,32.15,12.91
Nagarkurnool,16.4817,78.3247,2008,13,2.35,62.74,26.01,42.56,12.77
Nagarkurnool,16.4817,78.3247,2009,1,0.0,55.64,23.1,36.09,14.05
Nagarkurnool,16.4817,78.3247,2009,2,0.0,39.13,26.99,39.69,16.99
Nagarkurnool,16.4817,78.3247,2009,3,0.18,31.55,29.82,40.23,18.55
Nagarkurnool,16.4817,78.3247,2009,4,0.32,32.41,32.91,42.82,22.12
Nagarkurnool,16.4817,78.3247,2009,5,2.98,41.09,32.99,44.4,23.82
Nagarkurnool,16.4817,78.3247,2009,6,3.36,72.3,27.32,37.48,22.21
Nagarkurnool,16.4817,78.3247,2009,7,1.26,70.45,26.93,35.06,21.47
Nagarkurnool,16.4817,78.3247,2009,8,5.92,71.5,27.1,36.6,21.37
Nagarkurnool,16.4817,78.3247,2009,9,6.53,81.23,25.91,32.94,21.02
Nagarkurnool,16.4817,78.3247,2009,10,2.45,76.5,24.12,31.07,15.68
Nagarkurnool,16.4817,78.3247,2009,11,1.17,77.16,23.39,31.31,13.21
Nagarkurnool,16.4817,78.3247,2009,12,0.09,68.37,22.25,31.21,12.49
Nagarkurnool,16.4817,78.3247,2009,13,2.03,59.88,26.9,44.4,12.49
Nagarkurnool,16.4817,78.3247,2010,1,0.47,58.51,22.88,33.48,12.08
Nagarkurnool,16.4817,78.3247,2010,2,0.03,44.76,26.72,38.34,15.03
Nagarkurnool,16.4817,78.3247,2010,3,0.0,33.32,30.81,40.89,18.68
Nagarkurnool,16.4817,78.3247,2010,4,0.44,34.55,33.51,43.33,21.63
Nagarkurnool,16.4817,78.3247,2010,5,0.79,40.9,33.85,43.42,24.52
Nagarkurnool,16.4817,78.3247,2010,6,3.27,62.27,29.42,40.97,22.64
Nagarkurnool,16.4817,78.3247,2010,7,9.31,81.01,25.64,33.93,21.31
Nagarkurnool,16.4817,78.3247,2010,8,5.87,83.98,25.6,31.72,19.17
Nagarkurnool,16.4817,78.3247,2010,9,5.72,86.69,24.92,30.37,20.01
Nagarkurnool,16.4817,78.3247,2010,10,1.75,83.08,24.47,31.06,16.77
Nagarkurnool,16.4817,78.3247,2010,11,1.17,84.18,23.55,30.33,17.11
Nagarkurnool,16.4817,78.3247,2010,12,0.36,70.07,20.83,30.33,9.74
Nagarkurnool,16.4817,78.3247,2010,13,2.45,63.73,26.84,43.42,9.74
Nagarkurnool,16.4817,78.3247,2011,1,0.0,56.23,21.84,34.15,11.0
Nagarkurnool,16.4817,78.3247,2011,2,0.19,50.91,25.22,35.01,14.23
Nagarkurnool,16.4817,78.3247,2011,3,0.02,35.79,29.12,40.77,17.82
Nagarkurnool,16.4817,78.3247,2011,4,0.2,39.86,31.1,42.17,20.9
Nagarkurnool,16.4817,78.3247,2011,5,1.21,38.26,33.23,42.7,24.2
Nagarkurnool,16.4817,78.3247,2011,6,1.41,61.65,28.61,38.06,22.69
Nagarkurnool,16.4817,78.3247,2011,7,3.87,70.82,26.88,35.55,21.14
Nagarkurnool,16.4817,78.3247,2011,8,5.07,77.05,26.11,34.55,21.06
Nagarkurnool,16.4817,78.3247,2011,9,1.14,75.8,26.22,34.54,20.67
Nagarkurnool,16.4817,78.3247,2011,10,1.71,70.51,26.09,34.65,18.95
Nagarkurnool,16.4817,78.3247,2011,11,0.14,59.1,24.44,34.19,14.77
Nagarkurnool,16.4817,78.3247,2011,12,0.02,51.31,23.58,34.11,12.94
Nagarkurnool,16.4817,78.3247,2011,13,1.26,57.31,26.88,42.7,11.0
Nagarkurnool,16.4817,78.3247,2012,1,0.08,50.04,23.58,35.16,10.56
Nagarkurnool,16.4817,78.3247,2012,2,0.0,37.79,26.09,38.26,15.54
Nagarkurnool,16.4817,78.3247,2012,3,0.01,27.04,29.36,41.16,16.34
Nagarkurnool,16.4817,78.3247,2012,4,1.54,44.3,31.45,41.42,21.4
Nagarkurnool,16.4817,78.3247,2012,5,0.48,32.17,34.5,44.33,25.31
Nagarkurnool,16.4817,78.3247,2012,6,2.01,54.96,29.56,40.66,22.13
Nagarkurnool,16.4817,78.3247,2012,7,5.61,73.04,26.58,35.18,21.64
Nagarkurnool,16.4817,78.3247,2012,8,3.07,75.72,26.09,33.94,20.48
Nagarkurnool,16.4817,78.3247,2012,9,4.04,79.13,25.72,31.94,20.97
Nagarkurnool,16.4817,78.3247,2012,10,2.2,74.13,24.41,32.53,17.02
Nagarkurnool,16.4817,78.3247,2012,11,1.56,69.38,23.55,32.81,12.2
Nagarkurnool,16.4817,78.3247,2012,12,0.01,59.36,23.46,34.27,13.3
Nagarkurnool,16.4817,78.3247,2012,13,1.72,56.46,27.03,44.33,10.56
Nagarkurnool,16.4817,78.3247,2013,1,0.0,51.24,24.21,34.59,14.26
Nagarkurnool,16.4817,78.3247,2013,2,0.64,48.72,25.49,36.15,14.71
Nagarkurnool,16.4817,78.3247,2013,3,0.04,36.23,29.25,39.92,16.38
Nagarkurnool,16.4817,78.3247,2013,4,1.08,40.57,31.8,41.41,22.46
Nagarkurnool,16.4817,78.3247,2013,5,1.03,40.9,33.6,44.17,24.26
Nagarkurnool,16.4817,78.3247,2013,6,3.19,70.61,27.3,35.47,21.72
Nagarkurnool,16.4817,78.3247,2013,7,4.64,76.68,25.8,32.29,20.99
Nagarkurnool,16.4817,78.3247,2013,8,4.68,79.57,25.52,32.04,20.93
Nagarkurnool,16.4817,78.3247,2013,9,6.49,84.39,25.0,31.89,19.24
Nagarkurnool,16.4817,78.3247,2013,10,4.97,84.27,24.3,30.38,16.74
Nagarkurnool,16.4817,78.3247,2013,11,0.23,79.15,21.94,29.94,13.56
Nagarkurnool,16.4817,78.3247,2013,12,0.0,65.32,20.42,30.57,11.73
Nagarkurnool,16.4817,78.3247,2013,13,2.26,63.2,26.22,44.17,11.73
Nagarkurnool,16.4817,78.3247,2014,1,0.0,62.15,22.62,31.66,13.57
Nagarkurnool,16.4817,78.3247,2014,2,0.03,45.9,24.95,34.9,15.03
Nagarkurnool,16.4817,78.3247,2014,3,1.3,46.73,27.58,40.87,17.43
Nagarkurnool,16.4817,78.3247,2014,4,0.52,33.53,32.25,41.33,22.5
Nagarkurnool,16.4817,78.3247,2014,5,1.51,47.95,31.74,42.78,21.32
Nagarkurnool,16.4817,78.3247,2014,6,1.5,53.77,30.85,40.38,24.16
Nagarkurnool,16.4817,78.3247,2014,7,4.86,69.86,27.35,38.4,21.73
Nagarkurnool,16.4817,78.3247,2014,8,7.56,75.13,26.51,35.46,21.39
Nagarkurnool,16.4817,78.3247,2014,9,3.5,84.29,24.97,30.78,20.25
Nagarkurnool,16.4817,78.3247,2014,10,2.2,77.12,24.38,31.5,14.9
Nagarkurnool,16.4817,78.3247,2014,11,0.35,68.95,22.57,31.7,14.47
Nagarkurnool,16.4817,78.3247,2014,12,0.13,60.03,21.82,32.5,12.7
Nagarkurnool,16.4817,78.3247,2014,13,1.98,60.57,26.47,42.78,12.7
Nagarkurnool,16.4817,78.3247,2015,1,0.04,48.19,22.16,32.31,10.93
Nagarkurnool,16.4817,78.3247,2015,2,0.01,44.49,24.6,35.75,14.87
Nagarkurnool,16.4817,78.3247,2015,3,0.68,43.9,28.31,40.3,16.84
Nagarkurnool,16.4817,78.3247,2015,4,2.42,50.01,29.88,40.79,17.21
Nagarkurnool,16.4817,78.3247,2015,5,0.74,40.84,32.94,44.09,22.79
Nagarkurnool,16.4817,78.3247,2015,6,1.99,62.38,28.67,39.13,21.59
Nagarkurnool,16.4817,78.3247,2015,7,1.87,60.45,28.92,38.04,21.51
Nagarkurnool,16.4817,78.3247,2015,8,2.81,69.88,27.37,36.03,21.82
Nagarkurnool,16.4817,78.3247,2015,9,5.37,78.19,26.1,35.18,19.32
Nagarkurnool,16.4817,78.3247,2015,10,0.75,66.47,26.56,35.25,18.95
Nagarkurnool,16.4817,78.3247,2015,11,0.52,64.51,25.19,33.98,17.23
Nagarkurnool,16.4817,78.3247,2015,12,0.04,54.63,24.21,35.63,13.34
Nagarkurnool,16.4817,78.3247,2015,13,1.44,57.02,27.09,44.09,10.93
Nagarkurnool,16.4817,78.3247,2016,1,0.12,50.76,23.38,35.82,14.32
Nagarkurnool,16.4817,78.3247,2016,2,0.0,45.17,27.16,39.01,16.2
Nagarkurnool,16.4817,78.3247,2016,3,0.02,37.23,30.45,41.25,18.98
Nagarkurnool,16.4817,78.3247,2016,4,0.08,31.18,33.81,43.74,21.52
Nagarkurnool,16.4817,78.3247,2016,5,1.97,44.51,32.95,42.82,23.77
Nagarkurnool,16.4817,78.3247,2016,6,4.03,72.28,27.29,38.01,21.99
Nagarkurnool,16.4817,78.3247,2016,7,4.25,76.28,26.38,33.91,21.62
Nagarkurnool,16.4817,78.3247,2016,8,2.95,76.05,26.32,34.02,21.69
Nagarkurnool,16.4817,78.3247,2016,9,7.3,83.43,24.73,31.89,20.09
Nagarkurnool,16.4817,78.3247,2016,10,0.53,75.27,23.52,31.13,15.6
Nagarkurnool,16.4817,78.3247,2016,11,0.0,57.56,22.68,34.39,12.97
Nagarkurnool,16.4817,78.3247,2016,12,0.04,46.95,22.88,33.49,12.22
Nagarkurnool,16.4817,78.3247,2016,13,1.77,58.09,26.79,43.74,12.22
Nagarkurnool,16.4817,78.3247,2017,1,0.0,44.59,23.01,34.22,13.15
Nagarkurnool,16.4817,78.3247,2017,2,0.0,35.38,25.57,38.67,14.52
Nagarkurnool,16.4817,78.3247,2017,3,0.45,36.73,29.14,41.42,15.53
Nagarkurnool,16.4817,78.3247,2017,4,0.11,26.88,33.62,43.09,21.08
Nagarkurnool,16.4817,78.3247,2017,5,0.7,37.22,34.01,43.35,24.33
Nagarkurnool,16.4817,78.3247,2017,6,4.6,68.68,28.06,40.47,22.1
Nagarkurnool,16.4817,78.3247,2017,7,3.01,72.39,26.86,34.2,22.14
Nagarkurnool,16.4817,78.3247,2017,8,4.21,76.12,26.26,33.96,20.02
Nagarkurnool,16.4817,78.3247,2017,9,6.03,81.94,25.76,32.05,20.24
Nagarkurnool,16.4817,78.3247,2017,10,3.5,83.15,24.53,31.0,17.13
Nagarkurnool,16.4817,78.3247,2017,11,0.01,72.77,22.9,31.75,14.04
Nagarkurnool,16.4817,78.3247,2017,12,0.0,56.73,21.57,32.17,12.51
Nagarkurnool,16.4817,78.3247,2017,13,1.89,57.85,26.78,43.35,12.51
Nagarkurnool,16.4817,78.3247,2018,1,0.0,40.43,22.84,34.26,13.6
Nagarkurnool,16.4817,78.3247,2018,2,0.0,36.28,25.35,37.13,13.41
Nagarkurnool,16.4817,78.3247,2018,3,0.0,30.18,29.68,40.45,17.63
Nagarkurnool,16.4817,78.3247,2018,4,0.6,36.88,32.85,43.88,22.36
Nagarkurnool,16.4817,78.3247,2018,5,0.92,41.63,33.32,44.16,23.81
Nagarkurnool,16.4817,78.3247,2018,6,2.08,66.87,28.02,38.82,22.48
Nagarkurnool,16.4817,78.3247,2018,7,2.72,67.78,27.19,35.95,22.19
Nagarkurnool,16.4817,78.3247,2018,8,3.48,72.55,26.28,33.74,21.36
Nagarkurnool,16.4817,78.3247,2018,9,2.99,70.74,26.63,35.68,20.32
Nagarkurnool,16.4817,78.3247,2018,10,0.76,60.85,26.42,35.99,16.63
Nagarkurnool,16.4817,78.3247,2018,11,0.02,51.98,25.8,35.35,14.82
Nagarkurnool,16.4817,78.3247,2018,12,0.23,54.19,23.5,33.47,11.31
Nagarkurnool,16.4817,78.3247,2018,13,1.16,52.62,27.33,44.16,11.31
Nagarkurnool,16.4817,78.3247,2019,1,0.78,49.63,22.23,32.92,10.64
Nagarkurnool,16.4817,78.3247,2019,2,0.01,47.18,25.9,38.03,14.69
Nagarkurnool,16.4817,78.3247,2019,3,0.03,34.86,30.55,41.26,19.15
Nagarkurnool,16.4817,78.3247,2019,4,0.62,32.69,33.36,43.78,23.56
Nagarkurnool,16.4817,78.3247,2019,5,0.7,31.38,35.28,44.48,24.73
Nagarkurnool,16.4817,78.3247,2019,6,1.44,55.37,30.73,40.97,23.18
Nagarkurnool,16.4817,78.3247,2019,7,2.27,69.37,27.68,36.9,22.47
Nagarkurnool,16.4817,78.3247,2019,8,4.27,76.31,26.37,33.52,21.38
Nagarkurnool,16.4817,78.3247,2019,9,5.43,81.36,25.82,33.06,20.48
Nagarkurnool,16.4817,78.3247,2019,10,3.0,84.35,24.9,31.23,20.51
Nagarkurnool,16.4817,78.3247,2019,11,0.05,73.02,24.2,32.61,15.89
Nagarkurnool,16.4817,78.3247,2019,12,0.15,68.47,23.43,32.65,14.43
Nagarkurnool,16.4817,78.3247,2019,13,1.57,58.74,27.54,44.48,10.64
Nagarkurnool,16.4817,78.3247,2020,1,0.2,57.26,24.38,35.2,14.32
Nagarkurnool,16.4817,78.3247,2020,2,0.04,47.32,25.91,36.23,16.28
Nagarkurnool,16.4817,78.3247,2020,3,0.29,41.07,29.68,39.67,20.43
Nagarkurnool,16.4817,78.3247,2020,4,0.51,37.25,32.47,41.94,22.34
Nagarkurnool,16.4817,78.3247,2020,5,1.42,38.01,33.96,43.56,25.0
Nagarkurnool,16.4817,78.3247,2020,6,4.63,70.9,27.77,36.11,22.24
Nagarkurnool,16.4817,78.3247,2020,7,9.34,83.58,25.7,31.24,21.32
Nagarkurnool,16.4817,78.3247,2020,8,4.81,86.87,25.29,31.29,21.82
Nagarkurnool,16.4817,78.3247,2020,9,9.33,87.99,25.04,31.6,19.71
Nagarkurnool,16.4817,78.3247,2020,10,5.6,85.17,24.53,29.92,18.32
Nagarkurnool,16.4817,78.3247,2020,11,0.7,83.85,22.43,29.43,13.06
Nagarkurnool,16.4817,78.3247,2020,12,0.01,77.95,20.14,28.46,11.29
Nagarkurnool,16.4817,78.3247,2020,13,3.08,66.5,26.44,43.56,11.29
Nagarkurnool,16.4817,78.3247,2021,1,0.1,68.99,23.1,32.99,14.23
Nagarkurnool,16.4817,78.3247,2021,2,0.09,49.96,24.03,36.93,13.96
Nagarkurnool,16.4817,78.3247,2021,3,0.0,31.85,28.93,42.13,16.83
Nagarkurnool,16.4817,78.3247,2021,4,0.98,38.61,31.57,41.58,22.02
Nagarkurnool,16.4817,78.3247,2021,5,1.54,53.7,30.97,40.1,23.77
Nagarkurnool,16.4817,78.3247,2021,6,2.86,66.52,28.07,36.27,22.07
Nagarkurnool,16.4817,78.3247,2021,7,5.82,79.67,26.22,34.84,21.62
Nagarkurnool,16.4817,78.3247,2021,8,3.9,79.83,25.89,32.62,20.92
Nagarkurnool,16.4817,78.3247,2021,9,4.72,82.75,25.48,31.33,19.27
Nagarkurnool,16.4817,78.3247,2021,10,2.98,81.59,25.05,31.09,17.41
Nagarkurnool,16.4817,78.3247,2021,11,1.47,81.76,23.82,31.03,15.8
Nagarkurnool,16.4817,78.3247,2021,12,0.0,69.14,22.16,31.55,12.16
Nagarkurnool,16.4817,78.3247,2021,13,2.05,65.47,26.28,42.13,12.16
Nagarkurnool,16.4817,78.3247,2022,1,0.51,59.58,22.63,33.4,12.37
Nagarkurnool,16.4817,78.3247,2022,2,0.0,47.03,25.39,36.93,13.62
Nagarkurnool,16.4817,78.3247,2022,3,0.07,33.34,30.36,41.25,17.05
Nagarkurnool,16.4817,78.3247,2022,4,0.34,36.6,33.02,42.62,23.37
Nagarkurnool,16.4817,78.3247,2022,5,1.92,53.93,31.17,42.59,23.48
Nagarkurnool,16.4817,78.3247,2022,6,3.15,65.19,28.42,39.31,22.11
Nagarkurnool,16.4817,78.3247,2022,7,7.09,80.03,25.96,34.42,21.66
Nagarkurnool,16.4817,78.3247,2022,8,4.93,83.68,25.44,31.26,21.01
Nagarkurnool,16.4817,78.3247,2022,9,5.09,84.11,25.37,31.45,20.48
Nagarkurnool,16.4817,78.3247,2022,10,3.6,83.35,23.76,30.29,14.69
Nagarkurnool,16.4817,78.3247,2022,11,0.07,75.84,22.32,31.02,13.11
Nagarkurnool,16.4817,78.3247,2022,12,0.39,70.21,23.57,33.59,13.63
Nagarkurnool,16.4817,78.3247,2022,13,2.28,64.54,26.45,42.62,12.37
Nagarkurnool,16.4817,78.3247,2023,1,0.0,56.69,23.08,33.35,11.17
Nagarkurnool,16.4817,78.3247,2023,2,0.0,35.34,26.27,37.77,15.68
Nagarkurnool,16.4817,78.3247,2023,3,0.73,42.12,28.22,39.65,16.97
Nagarkurnool,16.4817,78.3247,2023,4,2.91,40.61,31.26,41.76,21.99
Nagarkurnool,16.4817,78.3247,2023,5,1.68,54.73,30.85,40.77,22.42
Nagarkurnool,16.4817,78.3247,2023,6,1.24,49.15,31.59,41.28,22.65
Nagarkurnool,16.4817,78.3247,2023,7,6.86,74.22,26.71,35.64,21.54
Nagarkurnool,16.4817,78.3247,2023,8,0.82,73.67,27.04,35.26,21.96
Nagarkurnool,16.4817,78.3247,2023,9,4.34,78.74,26.35,35.75,21.32
Nagarkurnool,16.4817,78.3247,2023,10,0.12,63.76,26.4,34.91,16.5
Nagarkurnool,16.4817,78.3247,2023,11,1.45,68.83,25.51,34.62,17.5
Nagarkurnool,16.4817,78.3247,2023,12,0.28,62.63,23.06,33.0,14.73
Nagarkurnool,16.4817,78.3247,2023,13,1.71,58.55,27.19,41.76,11.17
Nagarkurnool,16.4817,78.3247,2024,1,0.0,57.42,24.43,34.0,16.1
Nagarkurnool,16.4817,78.3247,2024,2,0.0,46.66,27.11,37.02,16.27
Nagarkurnool,16.4817,78.3247,2024,3,0.03,37.18,30.95,41.86,20.65
Nagarkurnool,16.4817,78.3247,2024,4,0.14,32.78,33.71,43.65,23.23
Nagarkurnool,16.4817,78.3247,2024,5,2.31,51.12,32.47,45.13,23.55
Nagarkurnool,16.4817,78.3247,2024,6,4.07,72.51,27.55,39.76,21.43
Nagarkurnool,16.4817,78.3247,2024,7,4.62,77.11,26.47,34.83,22.15
Nagarkurnool,16.4817,78.3247,2024,8,6.8,82.14,26.45,32.83,22.33
Nagarkurnool,16.4817,78.3247,2024,9,5.81,84.81,25.3,30.77,19.84
Nagarkurnool,16.4817,78.3247,2024,10,2.72,84.04,25.34,32.22,18.45
Nagarkurnool,16.4817,78.3247,2024,11,0.09,76.43,22.75,30.4,14.74
Nagarkurnool,16.4817,78.3247,2024,12,0.3,69.28,23.72,32.3,11.58
Nagarkurnool,16.4817,78.3247,2024,13,2.25,64.36,27.19,45.13,11.58
Nalgonda,17.05,79.2667,2000,1,0.0,47.46,24.62,36.57,12.67
Nalgonda,17.05,79.2667,2000,2,2.01,59.69,26.97,36.81,16.63
Nalgonda,17.05,79.2667,2000,3,0.01,45.02,28.98,40.15,16.79
Nalgonda,17.05,79.2667,2000,4,0.05,38.4,34.49,46.02,22.01
Nalgonda,17.05,79.2667,2000,5,1.55,48.08,32.98,45.33,25.16
Nalgonda,17.05,79.2667,2000,6,7.07,72.36,28.08,36.38,22.98
Nalgonda,17.05,79.2667,2000,7,2.95,75.95,27.39,33.47,22.73
Nalgonda,17.05,79.2667,2000,8,11.32,80.49,26.78,33.64,22.28
Nalgonda,17.05,79.2667,2000,9,2.42,82.42,26.58,32.3,22.15
Nalgonda,17.05,79.2667,2000,10,1.16,75.81,26.03,32.97,16.94
Nalgonda,17.05,79.2667,2000,11,0.36,69.42,24.33,32.94,16.32
Nalgonda,17.05,79.2667,2000,12,0.09,52.09,22.71,32.28,12.48
Nalgonda,17.05,79.2667,2000,13,2.42,62.24,27.49,46.02,12.48
Nalgonda,17.05,79.2667,2001,1,0.17,50.89,24.14,35.28,12.77
Nalgonda,17.05,79.2667,2001,2,0.0,37.26,27.09,40.92,15.09
Nalgonda,17.05,79.2667,2001,3,0.85,46.73,30.37,41.87,18.76
Nalgonda,17.05,79.2667,2001,4,1.59,50.88,31.56,43.52,21.77
Nalgonda,17.05,79.2667,2001,5,0.2,34.79,35.94,46.42,26.2
Nalgonda,17.05,79.2667,2001,6,4.56,63.8,29.34,41.36,22.7
Nalgonda,17.05,79.2667,2001,7,2.05,63.67,29.19,37.95,23.33
Nalgonda,17.05,79.2667,2001,8,5.89,78.94,26.86,33.49,22.54
Nalgonda,17.05,79.2667,2001,9,4.14,79.09,27.29,34.54,22.8
Nalgonda,17.05,79.2667,2001,10,3.96,81.51,25.52,32.1,17.23
Nalgonda,17.05,79.2667,2001,11,0.45,74.67,24.41,31.75,15.52
Nalgonda,17.05,79.2667,2001,12,0.19,63.7,21.99,32.2,13.5
Nalgonda,17.05,79.2667,2001,13,2.01,60.61,27.81,46.42,12.77
Nalgonda,17.05,79.2667,2002,1,0.61,61.89,23.4,36.96,12.34
Nalgonda,17.05,79.2667,2002,2,0.02,51.65,26.52,37.75,17.71
Nalgonda,17.05,79.2667,2002,3,0.28,42.17,30.55,42.13,19.59
Nalgonda,17.05,79.2667,2002,4,0.07,40.57,33.89,44.09,22.68
Nalgonda,17.05,79.2667,2002,5,1.86,41.32,35.14,46.77,25.25
Nalgonda,17.05,79.2667,2002,6,3.94,64.19,30.27,39.53,24.4
Nalgonda,17.05,79.2667,2002,7,2.25,63.59,29.63,38.05,23.96
Nalgonda,17.05,79.2667,2002,8,6.31,76.36,27.26,33.83,22.27
Nalgonda,17.05,79.2667,2002,9,1.04,68.54,28.5,37.95,21.97
Nalgonda,17.05,79.2667,2002,10,4.44,74.68,26.37,38.12,18.27
Nalgonda,17.05,79.2667,2002,11,0.39,63.41,24.17,34.56,13.76
Nalgonda,17.05,79.2667,2002,12,0.2,59.56,23.44,33.67,14.69
Nalgonda,17.05,79.2667,2002,13,1.8,59.05,28.27,46.77,12.34
Nalgonda,17.05,79.2667,2003,1,0.02,57.23,24.3,36.43,14.69
Nalgonda,17.05,79.2667,2003,2,0.12,54.65,27.75,37.75,17.63
Nalgonda,17.05,79.2667,2003,3,0.34,45.55,30.27,41.35,18.83
Nalgonda,17.05,79.2667,2003,4,0.51,42.3,33.29,44.54,22.99
Nalgonda,17.05,79.2667,2003,5,0.09,28.85,36.12,45.68,24.87
Nalgonda,17.05,79.2667,2003,6,2.41,51.47,32.36,46.35,23.9
Nalgonda,17.05,79.2667,2003,7,6.92,76.51,27.58,34.8,23.62
Nalgonda,17.05,79.2667,2003,8,4.17,80.0,27.01,33.73,21.72
Nalgonda,17.05,79.2667,2003,9,2.74,79.91,27.06,33.8,22.52
Nalgonda,17.05,79.2667,2003,10,4.89,79.36,26.09,33.26,16.02
Nalgonda,17.05,79.2667,2003,11,0.08,73.37,23.31,31.03,15.06
Nalgonda,17.05,79.2667,2003,12,0.98,66.79,21.8,31.53,13.07
Nalgonda,17.05,79.2667,2003,13,1.96,61.38,28.07,46.35,13.07
Nalgonda,17.05,79.2667,2004,1,0.89,66.97,22.41,32.94,13.11
Nalgonda,17.05,79.2667,2004,2,0.16,52.95,25.0,37.71,11.58
Nalgonda,17.05,79.2667,2004,3,0.46,41.86,30.45,42.16,19.14
Nalgonda,17.05,79.2667,2004,4,1.58,46.69,32.71,44.67,23.22
Nalgonda,17.05,79.2667,2004,5,1.52,58.54,31.22,42.53,24.84
Nalgonda,17.05,79.2667,2004,6,1.37,57.96,30.58,40.28,24.48
Nalgonda,17.05,79.2667,2004,7,5.82,73.87,27.74,35.38,22.82
Nalgonda,17.05,79.2667,2004,8,1.98,70.98,28.14,35.87,23.19
Nalgonda,17.05,79.2667,2004,9,3.85,78.21,27.36,35.15,22.16
Nalgonda,17.05,79.2667,2004,10,2.84,77.63,25.77,32.18,16.8
Nalgonda,17.05,79.2667,2004,11,0.19,65.87,24.01,33.1,14.52
Nalgonda,17.05,79.2667,2004,12,0.0,59.09,22.68,32.84,13.78
Nalgonda,17.05,79.2667,2004,13,1.73,62.61,27.34,44.67,11.58
Nalgonda,17.05,79.2667,2005,1,0.97,59.19,24.59,33.88,15.12
Nalgonda,17.05,79.2667,2005,2,0.07,48.95,26.93,39.87,13.54
Nalgonda,17.05,79.2667,2005,3,0.31,45.07,30.21,42.08,18.7
Nalgonda,17.05,79.2667,2005,4,0.74,46.42,32.67,42.03,24.62
Nalgonda,17.05,79.2667,2005,5,1.24,42.61,34.49,46.09,24.48
Nalgonda,17.05,79.2667,2005,6,2.88,57.96,31.47,42.79,23.89
Nalgonda,17.05,79.2667,2005,7,9.12,77.98,27.45,35.39,22.66
Nalgonda,17.05,79.2667,2005,8,3.73,82.33,26.73,32.14,23.06
Nalgonda,17.05,79.2667,2005,9,7.25,85.73,26.39,31.99,22.33
Nalgonda,17.05,79.2667,2005,10,7.86,86.15,25.39,32.12,19.6
Nalgonda,17.05,79.2667,2005,11,0.33,79.22,20.63,28.27,13.6
Nalgonda,17.05,79.2667,2005,12,0.11,73.66,20.21,28.41,11.25
Nalgonda,17.05,79.2667,2005,13,2.91,65.55,27.26,46.09,11.25
Nalgonda,17.05,79.2667,2006,1,0.0,62.62,21.64,32.71,10.62
Nalgonda,17.05,79.2667,2006,2,0.0,47.78,25.61,38.01,15.63
Nalgonda,17.05,79.2667,2006,3,1.2,52.41,29.11,41.38,18.7
Nalgonda,17.05,79.2667,2006,4,1.62,46.06,32.54,44.23,22.65
Nalgonda,17.05,79.2667,2006,5,2.39,54.05,32.55,44.04,25.1
Nalgonda,17.05,79.2667,2006,6,3.24,67.04,29.51,38.85,24.6
Nalgonda,17.05,79.2667,2006,7,4.78,67.22,28.94,36.95,22.59
Nalgonda,17.05,79.2667,2006,8,5.25,80.15,26.67,33.02,21.83
Nalgonda,17.05,79.2667,2006,9,6.7,82.05,26.72,33.45,22.02
Nalgonda,17.05,79.2667,2006,10,3.67,78.58,25.92,32.41,19.58
Nalgonda,17.05,79.2667,2006,11,2.24,83.26,23.33,29.29,16.11
Nalgonda,17.05,79.2667,2006,12,0.02,74.7,21.78,29.55,13.16
Nalgonda,17.05,79.2667,2006,13,2.6,66.44,27.03,44.23,10.62
Nalgonda,17.05,79.2667,2007,1,0.0,65.33,22.63,33.32,13.7
Nalgonda,17.05,79.2667,2007,2,0.06,54.14,25.81,36.95,16.7
Nalgonda,17.05,79.2667,2007,3,0.0,45.39,30.21,41.49,19.46
Nalgonda,17.05,79.2667,2007,4,0.57,44.23,32.88,43.46,23.05
Nalgonda,17.05,79.2667,2007,5,0.67,36.6,35.55,45.91,25.77
Nalgonda,17.05,79.2667,2007,6,6.95,68.19,29.66,40.49,23.56
Nalgonda,17.05,79.2667,2007,7,3.67,76.39,27.81,34.56,23.52
Nalgonda,17.05,79.2667,2007,8,6.26,79.94,27.07,33.68,22.21
Nalgonda,17.05,79.2667,2007,9,7.26,86.29,26.33,31.87,20.92
Nalgonda,17.05,79.2667,2007,10,1.83,80.38,23.88,30.94,17.63
Nalgonda,17.05,79.2667,2007,11,0.19,73.45,22.2,29.97,11.83
Nalgonda,17.05,79.2667,2007,12,0.05,68.19,22.61,33.24,13.63
Nalgonda,17.05,79.2667,2007,13,2.29,64.93,27.23,45.91,11.83
Nalgonda,17.05,79.2667,2008,1,0.01,56.14,22.96,33.37,12.95
Nalgonda,17.05,79.2667,2008,2,1.54,60.32,25.7,35.73,14.42
Nalgonda,17.05,79.2667,2008,3,4.6,53.89,28.11,39.85,17.97
Nalgonda,17.05,79.2667,2008,4,0.25,51.98,30.93,42.84,21.44
Nalgonda,17.05,79.2667,2008,5,0.45,31.31,35.06,44.4,25.37
Nalgonda,17.05,79.2667,2008,6,2.08,57.64,30.26,40.61,23.53
Nalgonda,17.05,79.2667,2008,7,3.79,64.53,29.32,37.86,23.36
Nalgonda,17.05,79.2667,2008,8,10.59,82.22,26.67,33.55,22.73
Nalgonda,17.05,79.2667,2008,9,5.37,82.85,26.33,31.8,20.42
Nalgonda,17.05,79.2667,2008,10,1.63,79.34,25.19,31.61,14.54
Nalgonda,17.05,79.2667,2008,11,2.08,76.22,23.28,30.55,14.12
Nalgonda,17.05,79.2667,2008,12,0.0,70.55,22.93,31.37,14.47
Nalgonda,17.05,79.2667,2008,13,2.71,63.9,27.23,44.4,12.95
Nalgonda,17.05,79.2667,2009,1,0.0,61.7,23.64,35.93,15.6
Nalgonda,17.05,79.2667,2009,2,0.0,44.68,27.7,40.75,18.45
Nalgonda,17.05,79.2667,2009,3,0.11,37.44,30.57,41.92,19.7
Nalgonda,17.05,79.2667,2009,4,0.43,38.65,33.66,44.33,23.77
Nalgonda,17.05,79.2667,2009,5,1.73,43.97,34.33,45.78,26.15
Nalgonda,17.05,79.2667,2009,6,2.69,61.94,30.35,42.45,24.05
Nalgonda,17.05,79.2667,2009,7,2.0,63.6,29.3,37.76,23.14
Nalgonda,17.05,79.2667,2009,8,7.9,70.87,28.58,38.5,22.6
Nalgonda,17.05,79.2667,2009,9,4.7,81.32,27.28,33.36,23.18
Nalgonda,17.05,79.2667,2009,10,1.4,73.78,25.79,32.35,16.81
Nalgonda,17.05,79.2667,2009,11,2.09,77.13,24.21,32.44,12.87
Nalgonda,17.05,79.2667,2009,12,0.19,69.37,22.86,31.46,11.99
Nalgonda,17.05,79.2667,2009,13,1.95,60.45,28.19,45.78,11.99
Nalgonda,17.05,79.2667,2010,1,0.2,59.37,23.55,33.98,12.31
Nalgonda,17.05,79.2667,2010,2,0.07,51.27,27.31,38.96,16.37
Nalgonda,17.05,79.2667,2010,3,0.0,39.91,31.64,42.49,19.96
Nalgonda,17.05,79.2667,2010,4,0.26,39.82,34.68,44.82,23.81
Nalgonda,17.05,79.2667,2010,5,2.1,42.78,35.06,45.56,25.97
Nalgonda,17.05,79.2667,2010,6,2.61,60.2,31.13,42.95,25.0
Nalgonda,17.05,79.2667,2010,7,9.2,78.63,27.41,35.88,22.82
Nalgonda,17.05,79.2667,2010,8,5.14,81.16,27.24,33.65,20.74
Nalgonda,17.05,79.2667,2010,9,5.45,84.62,26.41,32.18,22.23
Nalgonda,17.05,79.2667,2010,10,2.97,83.95,25.58,31.74,18.13
Nalgonda,17.05,79.2667,2010,11,1.69,85.99,24.44,30.23,18.43
Nalgonda,17.05,79.2667,2010,12,0.73,75.9,20.86,29.81,10.52
Nalgonda,17.05,79.2667,2010,13,2.56,65.39,27.93,45.56,10.52
Nalgonda,17.05,79.2667,2011,1,0.0,64.66,21.47,32.64,10.6
Nalgonda,17.05,79.2667,2011,2,0.33,58.56,25.52,35.33,15.2
Nalgonda,17.05,79.2667,2011,3,0.03,43.06,29.8,41.77,19.61
Nalgonda,17.05,79.2667,2011,4,0.2,46.84,31.99,42.31,22.29
Nalgonda,17.05,79.2667,2011,5,0.63,36.96,35.21,44.36,26.8
Nalgonda,17.05,79.2667,2011,6,1.7,53.87,31.24,40.43,24.5
Nalgonda,17.05,79.2667,2011,7,4.82,69.37,28.6,36.58,22.82
Nalgonda,17.05,79.2667,2011,8,5.13,75.68,27.71,37.05,22.09
Nalgonda,17.05,79.2667,2011,9,1.04,75.37,27.6,35.92,21.58
Nalgonda,17.05,79.2667,2011,10,1.42,68.8,27.47,35.7,19.49
Nalgonda,17.05,79.2667,2011,11,0.11,60.34,25.39,34.95,15.44
Nalgonda,17.05,79.2667,2011,12,0.09,53.29,24.5,34.46,13.87
Nalgonda,17.05,79.2667,2011,13,1.31,58.9,28.05,44.36,10.6
Nalgonda,17.05,79.2667,2012,1,0.38,56.8,24.06,35.47,9.99
Nalgonda,17.05,79.2667,2012,2,0.0,42.2,26.77,39.83,15.12
Nalgonda,17.05,79.2667,2012,3,0.05,35.15,30.13,41.65,17.68
Nalgonda,17.05,79.2667,2012,4,0.53,42.16,33.41,42.93,22.71
Nalgonda,17.05,79.2667,2012,5,0.56,35.58,35.81,45.71,27.43
Nalgonda,17.05,79.2667,2012,6,2.65,51.71,31.74,44.24,23.95
Nalgonda,17.05,79.2667,2012,7,5.28,71.7,28.12,37.97,23.23
Nalgonda,17.05,79.2667,2012,8,3.81,75.25,27.45,34.89,22.67
Nalgonda,17.05,79.2667,2012,9,4.07,79.32,27.06,33.22,22.97
Nalgonda,17.05,79.2667,2012,10,2.72,75.83,25.34,32.48,17.51
Nalgonda,17.05,79.2667,2012,11,1.87,73.36,23.87,32.25,12.88
Nalgonda,17.05,79.2667,2012,12,0.0,65.38,23.42,33.79,13.42
Nalgonda,17.05,79.2667,2012,13,1.83,58.76,28.1,45.71,9.99
Nalgonda,17.05,79.2667,2013,1,0.01,56.48,24.66,34.77,14.07
Nalgonda,17.05,79.2667,2013,2,1.24,55.44,25.75,35.72,14.05
Nalgonda,17.05,79.2667,2013,3,0.0,43.7,29.66,41.17,17.64
Nalgonda,17.05,79.2667,2013,4,1.11,45.63,32.56,43.4,23.32
Nalgonda,17.05,79.2667,2013,5,0.38,38.98,35.48,46.92,26.36
Nalgonda,17.05,79.2667,2013,6,4.85,68.79,28.86,36.78,23.71
Nalgonda,17.05,79.2667,2013,7,4.5,73.88,27.5,34.82,23.03
Nalgonda,17.05,79.2667,2013,8,7.29,79.55,26.82,34.38,22.53
Nalgonda,17.05,79.2667,2013,9,4.7,83.65,26.39,31.48,20.72
Nalgonda,17.05,79.2667,2013,10,8.77,84.86,25.41,31.59,17.97
Nalgonda,17.05,79.2667,2013,11,0.64,81.77,22.71,29.41,14.3
Nalgonda,17.05,79.2667,2013,12,0.0,74.19,20.34,29.14,11.4
Nalgonda,17.05,79.2667,2013,13,2.8,65.61,27.19,46.92,11.4
Nalgonda,17.05,79.2667,2014,1,0.0,71.23,22.4,30.46,14.56
Nalgonda,17.05,79.2667,2014,2,0.09,55.5,24.87,34.88,14.74
Nalgonda,17.05,79.2667,2014,3,0.94,48.36,28.75,42.14,18.02
Nalgonda,17.05,79.2667,2014,4,0.16,36.09,33.42,43.25,23.22
Nalgonda,17.05,79.2667,2014,5,1.4,46.24,33.6,44.71,25.15
Nalgonda,17.05,79.2667,2014,6,0.86,45.8,33.5,42.58,27.17
Nalgonda,17.05,79.2667,2014,7,3.63,63.69,29.64,40.1,23.93
Nalgonda,17.05,79.2667,2014,8,4.95,70.71,28.48,36.78,23.05
Nalgonda,17.05,79.2667,2014,9,3.98,79.87,26.75,32.91,21.74
Nalgonda,17.05,79.2667,2014,10,2.89,72.07,26.51,35.04,16.64
Nalgonda,17.05,79.2667,2014,11,0.51,67.94,23.85,32.72,15.12
Nalgonda,17.05,79.2667,2014,12,0.09,61.25,22.66,32.78,12.98
Nalgonda,17.05,79.2667,2014,13,1.64,59.96,27.88,44.71,12.98
Nalgonda,17.05,79.2667,2015,1,0.07,50.9,22.73,33.98,11.58
Nalgonda,17.05,79.2667,2015,2,0.0,49.06,25.67,36.82,16.78
Nalgonda,17.05,79.2667,2015,3,0.28,45.89,29.46,40.98,19.07
Nalgonda,17.05,79.2667,2015,4,1.3,48.36,31.69,43.27,19.88
Nalgonda,17.05,79.2667,2015,5,0.14,38.29,35.07,47.0,25.53
Nalgonda,17.05,79.2667,2015,6,3.91,64.16,29.7,39.22,23.57
Nalgonda,17.05,79.2667,2015,7,1.77,59.1,30.52,39.04,23.97
Nalgonda,17.05,79.2667,2015,8,2.67,68.49,29.01,37.42,23.83
Nalgonda,17.05,79.2667,2015,9,3.28,72.27,28.27,36.11,21.93
Nalgonda,17.05,79.2667,2015,10,0.56,62.64,28.49,37.53,20.86
Nalgonda,17.05,79.2667,2015,11,0.61,64.4,26.3,35.68,17.96
Nalgonda,17.05,79.2667,2015,12,0.04,56.76,25.08,36.05,13.45
Nalgonda,17.05,79.2667,2015,13,1.22,56.69,28.52,47.0,11.58
Nalgonda,17.05,79.2667,2016,1,0.04,50.28,24.49,36.67,13.27
Nalgonda,17.05,79.2667,2016,2,0.03,49.95,27.9,40.21,17.2
Nalgonda,17.05,79.2667,2016,3,0.01,45.54,30.79,42.39,19.34
Nalgonda,17.05,79.2667,2016,4,0.03,39.83,34.14,45.04,22.39
Nalgonda,17.05,79.2667,2016,5,2.42,47.12,33.8,44.7,25.15
Nalgonda,17.05,79.2667,2016,6,4.86,66.77,29.53,41.35,23.86
Nalgonda,17.05,79.2667,2016,7,3.51,72.08,28.29,35.97,23.2
Nalgonda,17.05,79.2667,2016,8,2.8,69.96,28.54,37.36,23.37
Nalgonda,17.05,79.2667,2016,9,6.17,81.19,26.5,33.76,21.54
Nalgonda,17.05,79.2667,2016,10,0.96,73.46,25.13,32.29,17.8
Nalgonda,17.05,79.2667,2016,11,0.0,60.4,23.6,33.67,14.04
Nalgonda,17.05,79.2667,2016,12,0.09,51.19,23.11,33.02,12.89
Nalgonda,17.05,79.2667,2016,13,1.74,59.0,27.98,45.04,12.89
Nalgonda,17.05,79.2667,2017,1,0.0,47.95,23.66,34.41,13.79
Nalgonda,17.05,79.2667,2017,2,0.0,41.33,26.54,39.03,16.39
Nalgonda,17.05,79.2667,2017,3,0.14,41.48,30.31,42.56,16.8
Nalgonda,17.05,79.2667,2017,4,0.04,33.97,34.58,44.87,23.1
Nalgonda,17.05,79.2667,2017,5,1.71,42.77,34.55,45.36,24.81
Nalgonda,17.05,79.2667,2017,6,4.48,65.49,30.01,42.24,23.55
Nalgonda,17.05,79.2667,2017,7,6.87,70.58,28.49,35.82,23.42
Nalgonda,17.05,79.2667,2017,8,6.19,79.41,27.1,33.64,21.47
Nalgonda,17.05,79.2667,2017,9,5.88,83.34,26.87,32.22,21.85
Nalgonda,17.05,79.2667,2017,10,2.35,83.02,25.8,31.92,17.55
Nalgonda,17.05,79.2667,2017,11,0.09,76.29,23.44,31.56,14.55
Nalgonda,17.05,79.2667,2017,12,0.0,62.79,21.58,31.41,12.43
Nalgonda,17.05,79.2667,2017,13,2.33,60.82,27.74,45.36,12.43
Nalgonda,17.05,79.2667,2018,1,0.0,46.08,22.86,33.64,13.12
Nalgonda,17.05,79.2667,2018,2,0.0,42.16,26.06,38.39,14.71
Nalgonda,17.05,79.2667,2018,3,0.03,36.64,30.58,41.9,19.55
Nalgonda,17.05,79.2667,2018,4,0.97,45.85,33.0,44.72,22.98
Nalgonda,17.05,79.2667,2018,5,0.84,46.96,33.97,44.55,25.2
Nalgonda,17.05,79.2667,2018,6,3.78,61.29,30.32,40.0,24.0
Nalgonda,17.05,79.2667,2018,7,3.72,67.43,28.62,36.8,23.58
Nalgonda,17.05,79.2667,2018,8,4.62,72.53,27.71,35.26,23.08
Nalgonda,17.05,79.2667,2018,9,2.53,73.21,27.73,35.13,20.79
Nalgonda,17.05,79.2667,2018,10,0.52,63.49,27.27,36.02,17.51
Nalgonda,17.05,79.2667,2018,11,0.12,57.03,26.52,35.66,15.94
Nalgonda,17.05,79.2667,2018,12,0.89,59.65,23.62,33.43,10.56
Nalgonda,17.05,79.2667,2018,13,1.51,56.1,28.19,44.72,10.56
Nalgonda,17.05,79.2667,2019,1,1.03,55.69,22.59,33.09,10.32
Nalgonda,17.05,79.2667,2019,2,0.02,54.93,26.38,39.21,13.93
Nalgonda,17.05,79.2667,2019,3,0.08,42.42,31.01,43.27,19.73
Nalgonda,17.05,79.2667,2019,4,0.97,41.68,33.5,43.94,23.05
Nalgonda,17.05,79.2667,2019,5,0.8,38.55,35.75,45.43,27.27
Nalgonda,17.05,79.2667,2019,6,2.4,55.01,32.14,42.25,25.06
Nalgonda,17.05,79.2667,2019,7,3.23,66.2,29.36,38.96,23.93
Nalgonda,17.05,79.2667,2019,8,5.23,74.44,28.04,35.14,23.59
Nalgonda,17.05,79.2667,2019,9,5.55,80.78,27.25,34.87,22.5
Nalgonda,17.05,79.2667,2019,10,3.8,85.73,25.86,32.16,21.56
Nalgonda,17.05,79.2667,2019,11,0.11,78.25,24.12,31.79,16.79
Nalgonda,17.05,79.2667,2019,12,0.27,73.49,23.17,30.85,15.08
Nalgonda,17.05,79.2667,2019,13,1.97,62.31,28.27,45.43,10.32
Nalgonda,17.05,79.2667,2020,1,0.34,63.71,24.21,34.89,12.53
Nalgonda,17.05,79.2667,2020,2,0.24,52.55,26.18,36.55,15.44
Nalgonda,17.05,79.2667,2020,3,0.5,48.52,29.97,40.87,20.91
Nalgonda,17.05,79.2667,2020,4,0.63,42.37,33.19,43.22,24.16
Nalgonda,17.05,79.2667,2020,5,0.82,39.75,35.16,45.96,26.19
Nalgonda,17.05,79.2667,2020,6,5.44,68.01,29.67,39.61,23.02
Nalgonda,17.05,79.2667,2020,7,8.56,80.84,27.44,33.94,22.7
Nalgonda,17.05,79.2667,2020,8,8.94,85.21,26.78,32.93,22.99
Nalgonda,17.05,79.2667,2020,9,6.85,87.13,26.58,31.77,21.89
Nalgonda,17.05,79.2667,2020,10,6.02,85.93,25.6,30.79,18.85
Nalgonda,17.05,79.2667,2020,11,1.4,85.6,23.15,29.75,14.06
Nalgonda,17.05,79.2667,2020,12,0.0,79.18,20.83,28.2,11.58
Nalgonda,17.05,79.2667,2020,13,3.33,68.29,27.4,45.96,11.58
Nalgonda,17.05,79.2667,2021,1,0.02,76.83,22.92,31.59,14.82
Nalgonda,17.05,79.2667,2021,2,0.09,57.2,24.31,36.97,12.99
Nalgonda,17.05,79.2667,2021,3,0.0,38.34,29.61,43.47,18.02
Nalgonda,17.05,79.2667,2021,4,0.58,41.51,32.81,42.98,23.64
Nalgonda,17.05,79.2667,2021,5,1.26,50.91,32.84,42.71,25.13
Nalgonda,17.05,79.2667,2021,6,5.41,67.39,29.38,38.63,23.71
Nalgonda,17.05,79.2667,2021,7,8.14,79.28,27.6,34.47,23.32
Nalgonda,17.05,79.2667,2021,8,5.41,80.94,27.32,33.08,22.21
Nalgonda,17.05,79.2667,2021,9,6.58,83.71,26.85,32.51,20.91
Nalgonda,17.05,79.2667,2021,10,2.02,83.74,25.81,31.27,18.71
Nalgonda,17.05,79.2667,2021,11,1.57,85.95,24.2,30.41,17.08
Nalgonda,17.05,79.2667,2021,12,0.0,74.95,21.89,30.59,9.76
Nalgonda,17.05,79.2667,2021,13,2.6,68.47,27.14,43.47,9.76
Nalgonda,17.05,79.2667,2022,1,1.36,67.52,22.2,32.57,10.48
Nalgonda,17.05,79.2667,2022,2,0.0,56.58,24.8,36.24,12.43
Nalgonda,17.05,79.2667,2022,3,0.0,39.03,30.98,42.48,17.52
Nalgonda,17.05,79.2667,2022,4,0.03,40.55,33.97,44.58,24.02
Nalgonda,17.05,79.2667,2022,5,1.79,53.04,32.73,44.88,25.42
Nalgonda,17.05,79.2667,2022,6,2.99,61.64,30.45,42.41,24.33
Nalgonda,17.05,79.2667,2022,7,10.32,79.67,27.27,36.27,22.91
Nalgonda,17.05,79.2667,2022,8,4.36,82.49,27.01,32.66,22.51
Nalgonda,17.05,79.2667,2022,9,3.87,82.97,26.85,32.24,21.67
Nalgonda,17.05,79.2667,2022,10,4.31,84.37,24.72,31.19,15.35
Nalgonda,17.05,79.2667,2022,11,0.26,78.07,22.82,30.02,13.74
Nalgonda,17.05,79.2667,2022,12,0.41,74.32,23.75,33.05,15.01
Nalgonda,17.05,79.2667,2022,13,2.5,66.78,27.3,44.88,10.48
Nalgonda,17.05,79.2667,2023,1,0.0,62.76,23.37,33.0,11.02
Nalgonda,17.05,79.2667,2023,2,0.0,40.45,26.62,37.92,15.54
Nalgonda,17.05,79.2667,2023,3,1.13,49.45,28.9,39.95,19.22
Nalgonda,17.05,79.2667,2023,4,1.16,42.26,32.57,43.54,23.24
Nalgonda,17.05,79.2667,2023,5,1.6,47.79,33.33,43.84,23.47
Nalgonda,17.05,79.2667,2023,6,1.53,44.67,33.99,43.8,24.13
Nalgonda,17.05,79.2667,2023,7,8.75,71.9,28.38,37.78,23.2
Nalgonda,17.05,79.2667,2023,8,1.65,75.97,28.05,33.94,23.27
Nalgonda,17.05,79.2667,2023,9,5.7,82.32,27.31,34.22,22.83
Nalgonda,17.05,79.2667,2023,10,0.36,70.69,26.41,33.82,17.08
Nalgonda,17.05,79.2667,2023,11,1.18,70.85,25.93,34.17,18.23
Nalgonda,17.05,79.2667,2023,12,1.74,71.26,22.53,33.76,13.11
Nalgonda,17.05,79.2667,2023,13,2.08,61.04,28.11,43.84,11.02
Nalgonda,17.05,79.2667,2024,1,0.0,64.72,24.12,33.6,15.95
Nalgonda,17.05,79.2667,2024,2,0.0,52.96,27.62,38.08,17.3
Nalgonda,17.05,79.2667,2024,3,0.01,44.07,31.23,42.47,21.75
Nalgonda,17.05,79.2667,2024,4,0.05,36.61,34.72,45.22,24.48
Nalgonda,17.05,79.2667,2024,5,2.83,54.22,33.37,46.04,24.71
Nalgonda,17.05,79.2667,2024,6,3.94,66.89,29.95,38.52,23.53
Nalgonda,17.05,79.2667,2024,7,4.71,72.89,28.33,36.56,23.86
Nalgonda,17.05,79.2667,2024,8,7.15,79.82,28.01,34.73,23.76
Nalgonda,17.05,79.2667,2024,9,6.67,83.89,26.77,32.4,22.0
Nalgonda,17.05,79.2667,2024,10,2.41,84.69,26.45,32.9,20.33
Nalgonda,17.05,79.2667,2024,11,0.46,78.52,23.51,30.41,15.38
Nalgonda,17.05,79.2667,2024,12,0.49,72.45,24.04,31.94,11.26
Nalgonda,17.05,79.2667,2024,13,2.4,66.04,28.17,46.04,11.26
Narayanpet,16.7456,77.495,2000,1,0.01,39.59,24.12,35.86,12.66
Narayanpet,16.7456,77.495,2000,2,0.9,45.56,26.26,36.02,14.52
Narayanpet,16.7456,77.495,2000,3,0.01,31.84,28.77,40.88,15.12
Narayanpet,16.7456,77.495,2000,4,0.04,27.41,34.17,44.93,21.32
Narayanpet,16.7456,77.495,2000,5,1.78,48.76,31.61,43.47,23.61
Narayanpet,16.7456,77.495,2000,6,6.86,74.58,26.69,34.55,21.9
Narayanpet,16.7456,77.495,2000,7,2.45,77.71,25.79,32.42,20.41
Narayanpet,16.7456,77.495,2000,8,10.16,80.46,25.32,33.07,20.68
Narayanpet,16.7456,77.495,2000,9,2.86,81.55,25.53,31.84,20.56
Narayanpet,16.7456,77.495,2000,10,1.83,74.38,25.12,33.07,15.21
Narayanpet,16.7456,77.495,2000,11,0.4,64.99,23.79,34.38,14.21
Narayanpet,16.7456,77.495,2000,12,0.06,46.83,22.39,34.39,12.22
Narayanpet,16.7456,77.495,2000,13,2.28,57.82,26.62,44.93,12.22
Narayanpet,16.7456,77.495,2001,1,0.11,44.26,24.05,34.55,13.08
Narayanpet,16.7456,77.495,2001,2,0.0,27.17,26.61,38.94,13.55
Narayanpet,16.7456,77.495,2001,3,0.51,32.73,30.09,40.92,17.47
Narayanpet,16.7456,77.495,2001,4,0.83,39.81,31.98,42.8,21.44
Narayanpet,16.7456,77.495,2001,5,0.42,35.31,33.93,44.57,24.48
Narayanpet,16.7456,77.495,2001,6,3.03,63.51,28.23,38.87,21.51
Narayanpet,16.7456,77.495,2001,7,2.73,63.02,28.05,36.41,21.5
Narayanpet,16.7456,77.495,2001,8,3.95,76.84,25.93,33.63,21.08
Narayanpet,16.7456,77.495,2001,9,6.21,77.87,26.31,33.68,21.56
Narayanpet,16.7456,77.495,2001,10,5.09,82.72,24.07,30.57,15.33
Narayanpet,16.7456,77.495,2001,11,0.11,76.37,23.16,30.88,13.6
Narayanpet,16.7456,77.495,2001,12,0.02,61.72,21.59,31.73,12.51
Narayanpet,16.7456,77.495,2001,13,1.93,56.94,27.0,44.57,12.51
Narayanpet,16.7456,77.495,2002,1,0.15,52.49,23.29,35.9,11.48
Narayanpet,16.7456,77.495,2002,2,0.05,44.62,26.12,37.08,15.86
Narayanpet,16.7456,77.495,2002,3,0.27,31.01,30.06,41.0,18.42
Narayanpet,16.7456,77.495,2002,4,0.08,29.57,33.78,43.16,21.94
Narayanpet,16.7456,77.495,2002,5,3.7,49.25,32.25,43.81,23.24
Narayanpet,16.7456,77.495,2002,6,2.92,70.21,28.1,36.59,22.91
Narayanpet,16.7456,77.495,2002,7,3.03,66.32,28.02,36.48,21.8
Narayanpet,16.7456,77.495,2002,8,4.99,76.41,26.05,33.2,20.62
Narayanpet,16.7456,77.495,2002,9,1.37,70.14,27.2,36.62,19.56
Narayanpet,16.7456,77.495,2002,10,5.31,73.14,25.73,38.8,17.51
Narayanpet,16.7456,77.495,2002,11,0.11,63.6,23.51,34.59,14.02
Narayanpet,16.7456,77.495,2002,12,0.0,52.49,23.38,34.06,12.84
Narayanpet,16.7456,77.495,2002,13,1.85,56.68,27.29,43.81,11.48
Narayanpet,16.7456,77.495,2003,1,0.0,48.66,24.19,34.99,13.59
Narayanpet,16.7456,77.495,2003,2,0.15,44.08,27.67,37.04,16.21
Narayanpet,16.7456,77.495,2003,3,0.47,35.94,30.3,40.49,19.27
Narayanpet,16.7456,77.495,2003,4,0.49,32.97,33.16,42.01,22.15
Narayanpet,16.7456,77.495,2003,5,0.3,25.74,35.21,45.0,24.95
Narayanpet,16.7456,77.495,2003,6,2.67,55.06,30.45,44.01,22.06
Narayanpet,16.7456,77.495,2003,7,4.28,74.91,26.6,34.81,22.11
Narayanpet,16.7456,77.495,2003,8,4.41,76.47,26.25,34.54,21.11
Narayanpet,16.7456,77.495,2003,9,2.94,74.09,26.55,34.75,21.55
Narayanpet,16.7456,77.495,2003,10,4.28,77.22,25.26,33.31,14.76
Narayanpet,16.7456,77.495,2003,11,0.09,70.05,23.18,32.2,13.04
Narayanpet,16.7456,77.495,2003,12,0.07,54.38,22.76,34.17,12.54
Narayanpet,16.7456,77.495,2003,13,1.69,55.87,27.62,45.0,12.54
Narayanpet,16.7456,77.495,2004,1,0.58,54.37,23.19,33.44,12.43
Narayanpet,16.7456,77.495,2004,2,0.05,40.69,25.4,38.0,13.12
Narayanpet,16.7456,77.495,2004,3,0.39,30.76,30.23,41.77,18.45
Narayanpet,16.7456,77.495,2004,4,2.69,42.45,31.7,43.36,19.55
Narayanpet,16.7456,77.495,2004,5,2.61,65.17,28.93,38.21,22.2
Narayanpet,16.7456,77.495,2004,6,1.14,67.12,27.94,36.54,22.0
Narayanpet,16.7456,77.495,2004,7,5.25,75.59,26.23,33.48,21.46
Narayanpet,16.7456,77.495,2004,8,1.28,71.03,26.8,35.11,21.5
Narayanpet,16.7456,77.495,2004,9,4.92,79.36,25.96,34.62,20.1
Narayanpet,16.7456,77.495,2004,10,2.16,74.4,25.17,33.06,15.6
Narayanpet,16.7456,77.495,2004,11,0.03,57.66,24.58,34.57,13.65
Narayanpet,16.7456,77.495,2004,12,0.0,49.43,22.7,34.03,12.19
Narayanpet,16.7456,77.495,2004,13,1.76,59.07,26.56,43.36,12.19
Narayanpet,16.7456,77.495,2005,1,0.62,51.13,24.3,33.57,13.72
Narayanpet,16.7456,77.495,2005,2,0.02,38.98,26.68,38.63,14.47
Narayanpet,16.7456,77.495,2005,3,0.22,31.68,29.71,41.4,16.78
Narayanpet,16.7456,77.495,2005,4,1.48,47.43,31.11,40.97,21.45
Narayanpet,16.7456,77.495,2005,5,2.47,44.35,32.44,44.14,21.1
Narayanpet,16.7456,77.495,2005,6,3.31,67.96,28.58,40.29,22.67
Narayanpet,16.7456,77.495,2005,7,9.16,80.43,25.96,33.42,20.63
Narayanpet,16.7456,77.495,2005,8,5.1,84.26,25.23,30.65,21.15
Narayanpet,16.7456,77.495,2005,9,5.22,85.27,25.32,31.27,21.16
Narayanpet,16.7456,77.495,2005,10,7.12,84.24,24.41,31.51,18.4
Narayanpet,16.7456,77.495,2005,11,0.12,78.51,19.96,28.37,11.85
Narayanpet,16.7456,77.495,2005,12,0.01,68.37,20.47,31.03,9.82
Narayanpet,16.7456,77.495,2005,13,2.93,63.68,26.18,44.14,9.82
Narayanpet,16.7456,77.495,2006,1,0.0,52.84,22.14,35.2,11.75
Narayanpet,16.7456,77.495,2006,2,0.0,36.31,25.53,38.77,14.05
Narayanpet,16.7456,77.495,2006,3,1.36,46.33,28.45,39.74,15.75
Narayanpet,16.7456,77.495,2006,4,1.15,36.84,32.45,42.93,20.33
Narayanpet,16.7456,77.495,2006,5,3.17,46.03,32.46,43.91,22.49
Narayanpet,16.7456,77.495,2006,6,4.14,73.71,27.42,35.21,22.14
Narayanpet,16.7456,77.495,2006,7,3.76,73.61,26.68,34.5,21.1
Narayanpet,16.7456,77.495,2006,8,3.2,77.98,25.69,33.61,20.58
Narayanpet,16.7456,77.495,2006,9,7.08,79.81,26.08,35.07,20.4
Narayanpet,16.7456,77.495,2006,10,0.87,77.67,25.03,32.05,18.56
Narayanpet,16.7456,77.495,2006,11,2.61,78.27,23.2,31.87,15.9
Narayanpet,16.7456,77.495,2006,12,0.0,65.09,22.19,31.88,12.26
Narayanpet,16.7456,77.495,2006,13,2.28,62.2,26.44,43.91,11.75
Narayanpet,16.7456,77.495,2007,1,0.0,51.33,23.31,34.65,13.23
Narayanpet,16.7456,77.495,2007,2,0.0,40.93,25.56,36.5,14.91
Narayanpet,16.7456,77.495,2007,3,0.01,33.02,30.37,41.37,18.33
Narayanpet,16.7456,77.495,2007,4,0.7,35.47,32.67,42.16,22.18
Narayanpet,16.7456,77.495,2007,5,1.61,41.41,33.27,43.72,23.99
Narayanpet,16.7456,77.495,2007,6,12.92,74.12,27.52,38.23,22.18
Narayanpet,16.7456,77.495,2007,7,2.82,79.35,26.21,33.15,21.66
Narayanpet,16.7456,77.495,2007,8,7.8,81.09,25.69,32.47,21.23
Narayanpet,16.7456,77.495,2007,9,7.14,86.78,24.97,31.69,20.04
Narayanpet,16.7456,77.495,2007,10,1.04,78.91,23.34,30.57,16.94
Narayanpet,16.7456,77.495,2007,11,0.13,68.79,21.85,31.28,10.37
Narayanpet,16.7456,77.495,2007,12,0.03,59.02,23.06,34.97,13.76
Narayanpet,16.7456,77.495,2007,13,2.85,60.96,26.49,43.72,10.37
Narayanpet,16.7456,77.495,2008,1,0.0,43.36,23.12,33.92,13.02
Narayanpet,16.7456,77.495,2008,2,0.76,51.19,25.61,36.55,14.26
Narayanpet,16.7456,77.495,2008,3,4.42,48.76,27.48,38.66,16.39
Narayanpet,16.7456,77.495,2008,4,0.2,48.96,29.65,43.21,17.57
Narayanpet,16.7456,77.495,2008,5,0.76,35.32,33.1,43.46,24.02
Narayanpet,16.7456,77.495,2008,6,1.8,64.64,28.14,36.72,21.54
Narayanpet,16.7456,77.495,2008,7,3.89,64.2,28.26,37.98,22.0
Narayanpet,16.7456,77.495,2008,8,7.61,82.19,25.53,31.63,21.27
Narayanpet,16.7456,77.495,2008,9,4.97,82.64,25.13,30.84,19.17
Narayanpet,16.7456,77.495,2008,10,1.72,77.25,24.41,31.56,14.32
Narayanpet,16.7456,77.495,2008,11,1.54,68.78,23.39,32.85,13.55
Narayanpet,16.7456,77.495,2008,12,0.01,63.11,22.77,32.98,12.23
Narayanpet,16.7456,77.495,2008,13,2.32,60.86,26.38,43.46,12.23
Narayanpet,16.7456,77.495,2009,1,0.0,51.56,23.65,36.15,14.39
Narayanpet,16.7456,77.495,2009,2,0.0,36.22,27.37,39.61,17.07
Narayanpet,16.7456,77.495,2009,3,0.18,29.31,30.18,40.67,18.76
Narayanpet,16.7456,77.495,2009,4,0.35,30.05,33.43,42.36,21.78
Narayanpet,16.7456,77.495,2009,5,3.01,42.05,32.91,44.54,24.22
Narayanpet,16.7456,77.495,2009,6,3.49,71.58,27.56,37.06,22.29
Narayanpet,16.7456,77.495,2009,7,1.28,70.1,27.12,35.19,21.73
Narayanpet,16.7456,77.495,2009,8,5.53,70.27,27.43,36.96,21.72
Narayanpet,16.7456,77.495,2009,9,5.44,80.12,26.2,33.61,20.93
Narayanpet,16.7456,77.495,2009,10,2.07,74.39,24.6,32.05,15.2
Narayanpet,16.7456,77.495,2009,11,0.98,72.45,24.23,32.98,13.35
Narayanpet,16.7456,77.495,2009,12,0.09,61.62,23.44,32.79,13.18
Narayanpet,16.7456,77.495,2009,13,1.88,57.58,27.34,44.54,13.18
Narayanpet,16.7456,77.495,2010,1,0.56,55.64,23.53,33.76,11.94
Narayanpet,16.7456,77.495,2010,2,0.02,40.61,27.21,38.42,15.32
Narayanpet,16.7456,77.495,2010,3,0.0,29.57,31.24,41.45,18.9
Narayanpet,16.7456,77.495,2010,4,0.31,31.12,34.07,43.49,21.6
Narayanpet,16.7456,77.495,2010,5,0.79,39.96,34.25,43.38,24.37
Narayanpet,16.7456,77.495,2010,6,3.35,61.57,29.7,40.84,22.89
Narayanpet,16.7456,77.495,2010,7,8.19,79.0,26.06,34.39,21.3
Narayanpet,16.7456,77.495,2010,8,5.59,82.52,25.9,33.06,19.98
Narayanpet,16.7456,77.495,2010,9,5.61,85.37,25.22,30.83,19.9
Narayanpet,16.7456,77.495,2010,10,1.43,81.29,24.87,31.72,16.03
Narayanpet,16.7456,77.495,2010,11,1.15,80.05,24.28,31.34,16.74
Narayanpet,16.7456,77.495,2010,12,0.21,64.42,21.77,31.09,10.14
Narayanpet,16.7456,77.495,2010,13,2.28,61.05,27.33,43.49,10.14
Narayanpet,16.7456,77.495,2011,1,0.0,49.09,22.91,34.86,11.68
Narayanpet,16.7456,77.495,2011,2,0.19,45.02,25.77,36.12,14.33
Narayanpet,16.7456,77.495,2011,3,0.01,31.72,29.65,41.09,18.41
Narayanpet,16.7456,77.495,2011,4,0.25,36.2,31.65,42.45,20.94
Narayanpet,16.7456,77.495,2011,5,1.03,38.19,33.43,42.97,24.51
Narayanpet,16.7456,77.495,2011,6,1.49,61.75,28.8,38.32,23.02
Narayanpet,16.7456,77.495,2011,7,3.73,69.55,27.19,36.07,21.45
Narayanpet,16.7456,77.495,2011,8,4.36,75.2,26.49,35.04,21.13
Narayanpet,16.7456,77.495,2011,9,1.1,72.5,26.83,35.45,20.81
Narayanpet,16.7456,77.495,2011,10,1.61,68.71,26.53,35.35,19.2
Narayanpet,16.7456,77.495,2011,11,0.09,53.22,25.38,35.08,14.92
Narayanpet,16.7456,77.495,2011,12,0.0,46.99,24.09,35.06,12.96
Narayanpet,16.7456,77.495,2011,13,1.17,54.06,27.4,42.97,11.68
Narayanpet,16.7456,77.495,2012,1,0.02,45.56,23.94,35.36,10.31
Narayanpet,16.7456,77.495,2012,2,0.0,35.21,26.44,38.32,16.22
Narayanpet,16.7456,77.495,2012,3,0.0,24.48,29.6,41.69,15.88
Narayanpet,16.7456,77.495,2012,4,1.69,40.9,32.15,41.48,22.31
Narayanpet,16.7456,77.495,2012,5,0.43,32.26,34.52,44.54,24.25
Narayanpet,16.7456,77.495,2012,6,1.67,53.68,29.93,40.75,22.89
Narayanpet,16.7456,77.495,2012,7,4.92,70.21,27.16,35.7,22.19
Narayanpet,16.7456,77.495,2012,8,2.98,72.59,26.71,35.06,20.98
Narayanpet,16.7456,77.495,2012,9,3.99,76.88,26.2,33.31,20.61
Narayanpet,16.7456,77.495,2012,10,1.62,71.5,24.98,33.46,17.35
Narayanpet,16.7456,77.495,2012,11,1.5,66.82,24.13,33.26,12.16
Narayanpet,16.7456,77.495,2012,12,0.0,53.48,24.31,34.89,13.39
Narayanpet,16.7456,77.495,2012,13,1.57,53.67,27.51,44.54,10.31
Narayanpet,16.7456,77.495,2013,1,0.01,47.87,24.5,34.51,13.78
Narayanpet,16.7456,77.495,2013,2,0.53,45.41,26.01,36.7,14.5
Narayanpet,16.7456,77.495,2013,3,0.03,32.71,29.97,40.56,16.76
Narayanpet,16.7456,77.495,2013,4,0.93,36.78,32.57,41.46,23.29
Narayanpet,16.7456,77.495,2013,5,1.36,40.55,33.7,43.67,24.88
Narayanpet,16.7456,77.495,2013,6,2.67,69.63,27.62,36.16,21.97
Narayanpet,16.7456,77.495,2013,7,4.86,75.31,26.16,32.9,20.78
Narayanpet,16.7456,77.495,2013,8,3.08,76.65,26.06,33.19,21.2
Narayanpet,16.7456,77.495,2013,9,7.31,83.23,25.37,33.69,19.39
Narayanpet,16.7456,77.495,2013,10,3.65,83.35,24.52,30.51,16.85
Narayanpet,16.7456,77.495,2013,11,0.15,75.62,22.53,31.87,13.0
Narayanpet,16.7456,77.495,2013,12,0.0,59.25,21.32,32.0,11.69
Narayanpet,16.7456,77.495,2013,13,2.05,60.59,26.7,43.67,11.69
Narayanpet,16.7456,77.495,2014,1,0.0,56.14,23.53,32.42,14.0
Narayanpet,16.7456,77.495,2014,2,0.08,41.5,25.43,35.12,14.91
Narayanpet,16.7456,77.495,2014,3,1.41,46.77,27.69,40.58,17.64
Narayanpet,16.7456,77.495,2014,4,0.74,33.01,32.62,40.98,23.26
Narayanpet,16.7456,77.495,2014,5,2.01,49.01,31.82,43.09,21.65
Narayanpet,16.7456,77.495,2014,6,1.66,54.23,31.0,39.59,24.21
Narayanpet,16.7456,77.495,2014,7,4.67,68.84,27.61,38.35,21.74
Narayanpet,16.7456,77.495,2014,8,9.41,74.34,26.8,35.19,21.09
Narayanpet,16.7456,77.495,2014,9,2.82,83.63,25.22,31.25,20.26
Narayanpet,16.7456,77.495,2014,10,1.91,76.01,24.64,31.63,15.07
Narayanpet,16.7456,77.495,2014,11,0.37,66.89,23.08,32.76,13.36
Narayanpet,16.7456,77.495,2014,12,0.19,54.97,22.66,33.55,12.62
Narayanpet,16.7456,77.495,2014,13,2.13,58.91,26.84,43.09,12.62
Narayanpet,16.7456,77.495,2015,1,0.05,45.19,22.62,32.82,10.79
Narayanpet,16.7456,77.495,2015,2,0.02,40.56,24.97,36.08,14.79
Narayanpet,16.7456,77.495,2015,3,0.74,42.23,28.61,40.25,16.62
Narayanpet,16.7456,77.495,2015,4,2.83,48.83,29.99,40.64,17.88
Narayanpet,16.7456,77.495,2015,5,0.71,40.89,33.16,44.0,22.69
Narayanpet,16.7456,77.495,2015,6,1.69,59.78,29.23,40.05,21.89
Narayanpet,16.7456,77.495,2015,7,1.67,59.47,29.23,38.29,21.91
Narayanpet,16.7456,77.495,2015,8,2.5,67.61,27.88,36.81,22.36
Narayanpet,16.7456,77.495,2015,9,5.78,77.58,26.37,35.38,18.99
Narayanpet,16.7456,77.495,2015,10,0.75,65.99,26.82,35.52,18.68
Narayanpet,16.7456,77.495,2015,11,0.39,59.39,26.11,35.27,17.14
Narayanpet,16.7456,77.495,2015,12,0.03,51.75,24.67,35.66,12.69
Narayanpet,16.7456,77.495,2015,13,1.43,54.99,27.49,44.0,10.79
Narayanpet,16.7456,77.495,2016,1,0.1,48.78,23.7,35.69,14.3
Narayanpet,16.7456,77.495,2016,2,0.0,41.55,27.65,39.42,15.85
Narayanpet,16.7456,77.495,2016,3,0.02,32.58,30.99,41.52,19.9
Narayanpet,16.7456,77.495,2016,4,0.09,27.77,34.47,43.68,23.3
Narayanpet,16.7456,77.495,2016,5,1.85,43.15,33.43,42.85,23.3
Narayanpet,16.7456,77.495,2016,6,4.37,70.59,27.75,38.58,22.23
Narayanpet,16.7456,77.495,2016,7,4.46,75.92,26.59,34.13,21.64
Narayanpet,16.7456,77.495,2016,8,2.63,75.58,26.5,34.25,21.63
Narayanpet,16.7456,77.495,2016,9,7.77,82.17,24.99,32.47,20.55
Narayanpet,16.7456,77.495,2016,10,0.66,74.76,23.8,31.92,14.92
Narayanpet,16.7456,77.495,2016,11,0.0,54.36,23.05,35.73,12.85
Narayanpet,16.7456,77.495,2016,12,0.03,43.17,23.45,34.3,12.29
Narayanpet,16.7456,77.495,2016,13,1.83,55.91,27.19,43.68,12.29
Narayanpet,16.7456,77.495,2017,1,0.0,41.33,23.35,34.67,13.1
Narayanpet,16.7456,77.495,2017,2,0.0,32.39,25.82,38.7,14.61
Narayanpet,16.7456,77.495,2017,3,0.56,33.08,29.3,41.43,16.07
Narayanpet,16.7456,77.495,2017,4,0.15,24.17,33.8,42.96,20.91
Narayanpet,16.7456,77.495,2017,5,0.61,35.56,34.43,43.82,25.3
Narayanpet,16.7456,77.495,2017,6,4.72,67.81,28.35,40.69,22.4
Narayanpet,16.7456,77.495,2017,7,2.61,71.09,27.24,34.91,22.18
Narayanpet,16.7456,77.495,2017,8,4.02,73.98,26.68,34.73,20.13
Narayanpet,16.7456,77.495,2017,9,6.27,80.95,26.1,32.98,20.61
Narayanpet,16.7456,77.495,2017,10,3.81,82.2,24.77,30.92,17.16
Narayanpet,16.7456,77.495,2017,11,0.0,71.06,23.28,32.41,13.76
Narayanpet,16.7456,77.495,2017,12,0.0,52.14,22.34,33.62,12.41
Narayanpet,16.7456,77.495,2017,13,1.9,55.61,27.12,43.82,12.41
Narayanpet,16.7456,77.495,2018,1,0.0,37.83,23.23,34.73,13.05
Narayanpet,16.7456,77.495,2018,2,0.0,32.86,25.73,37.7,13.19
Narayanpet,16.7456,77.495,2018,3,0.01,28.0,29.78,40.8,17.6
Narayanpet,16.7456,77.495,2018,4,0.55,33.03,33.17,43.79,22.94
Narayanpet,16.7456,77.495,2018,5,0.75,39.58,33.84,44.4,25.2
Narayanpet,16.7456,77.495,2018,6,1.74,66.42,28.25,36.97,22.61
Narayanpet,16.7456,77.495,2018,7,2.36,66.9,27.54,36.13,22.34
Narayanpet,16.7456,77.495,2018,8,3.17,70.22,26.77,34.97,21.69
Narayanpet,16.7456,77.495,2018,9,2.93,69.44,26.99,36.02,20.21
Narayanpet,16.7456,77.495,2018,10,0.81,59.21,26.78,36.52,16.75
Narayanpet,16.7456,77.495,2018,11,0.01,46.99,26.51,35.99,15.21
Narayanpet,16.7456,77.495,2018,12,0.23,51.39,23.78,33.77,10.98
Narayanpet,16.7456,77.495,2018,13,1.05,50.26,27.7,44.4,10.98
Narayanpet,16.7456,77.495,2019,1,0.61,46.62,22.41,32.88,10.49
Narayanpet,16.7456,77.495,2019,2,0.01,41.66,26.31,38.24,14.65
Narayanpet,16.7456,77.495,2019,3,0.03,30.36,30.95,41.69,18.16
Narayanpet,16.7456,77.495,2019,4,0.57,28.64,33.93,43.56,23.78
Narayanpet,16.7456,77.495,2019,5,0.54,28.69,35.77,44.42,24.58
Narayanpet,16.7456,77.495,2019,6,1.16,54.19,31.18,41.99,23.54
Narayanpet,16.7456,77.495,2019,7,2.06,69.12,27.87,36.74,22.64
Narayanpet,16.7456,77.495,2019,8,3.92,75.26,26.67,34.31,21.48
Narayanpet,16.7456,77.495,2019,9,5.07,80.02,26.14,33.14,21.06
Narayanpet,16.7456,77.495,2019,10,2.73,82.83,25.25,31.73,20.46
Narayanpet,16.7456,77.495,2019,11,0.04,69.52,25.03,33.54,16.17
Narayanpet,16.7456,77.495,2019,12,0.13,62.84,24.53,33.44,15.16
Narayanpet,16.7456,77.495,2019,13,1.41,55.9,28.01,44.42,10.49
Narayanpet,16.7456,77.495,2020,1,0.2,53.95,24.94,35.42,15.01
Narayanpet,16.7456,77.495,2020,2,0.02,43.06,26.55,36.39,16.8
Narayanpet,16.7456,77.495,2020,3,0.29,36.32,30.31,39.98,20.32
Narayanpet,16.7456,77.495,2020,4,0.56,34.42,33.07,42.34,21.61
Narayanpet,16.7456,77.495,2020,5,1.89,37.15,34.49,43.69,25.15
Narayanpet,16.7456,77.495,2020,6,3.98,70.34,28.01,36.93,22.41
Narayanpet,16.7456,77.495,2020,7,8.88,82.53,25.99,31.79,21.51
Narayanpet,16.7456,77.495,2020,8,4.56,85.75,25.56,32.08,21.9
Narayanpet,16.7456,77.495,2020,9,9.57,87.19,25.22,31.82,20.11
Narayanpet,16.7456,77.495,2020,10,5.1,84.77,24.78,30.26,18.33
Narayanpet,16.7456,77.495,2020,11,0.45,82.18,22.77,29.84,13.01
Narayanpet,16.7456,77.495,2020,12,0.01,72.84,21.09,30.26,10.83
Narayanpet,16.7456,77.495,2020,13,2.97,64.28,26.9,43.69,10.83
Narayanpet,16.7456,77.495,2021,1,0.13,61.63,24.4,34.56,14.8
Narayanpet,16.7456,77.495,2021,2,0.06,44.5,24.98,37.46,14.5
Narayanpet,16.7456,77.495,2021,3,0.0,29.76,29.33,42.08,16.86
Narayanpet,16.7456,77.495,2021,4,0.9,36.36,32.0,41.62,22.06
Narayanpet,16.7456,77.495,2021,5,1.37,51.77,31.53,40.27,24.38
Narayanpet,16.7456,77.495,2021,6,2.96,66.63,28.19,36.71,22.48
Narayanpet,16.7456,77.495,2021,7,5.37,78.82,26.41,35.23,21.57
Narayanpet,16.7456,77.495,2021,8,3.65,78.27,26.21,33.37,20.8
Narayanpet,16.7456,77.495,2021,9,4.71,81.55,25.75,31.77,18.9
Narayanpet,16.7456,77.495,2021,10,3.35,81.33,25.24,31.74,16.77
Narayanpet,16.7456,77.495,2021,11,1.41,79.52,24.32,32.06,15.76
Narayanpet,16.7456,77.495,2021,12,0.0,67.4,22.73,31.74,12.17
Narayanpet,16.7456,77.495,2021,13,2.0,63.25,26.76,42.08,12.17
Narayanpet,16.7456,77.495,2022,1,0.36,54.29,23.52,34.24,12.26
Narayanpet,16.7456,77.495,2022,2,0.0,43.23,25.93,37.24,14.58
Narayanpet,16.7456,77.495,2022,3,0.12,31.2,30.79,41.37,17.23
Narayanpet,16.7456,77.495,2022,4,0.38,34.46,33.52,43.04,24.76
Narayanpet,16.7456,77.495,2022,5,2.04,51.01,31.87,43.18,22.99
Narayanpet,16.7456,77.495,2022,6,2.4,63.62,28.83,38.15,22.49
Narayanpet,16.7456,77.495,2022,7,6.76,77.98,26.36,35.53,21.88
Narayanpet,16.7456,77.495,2022,8,4.97,82.97,25.61,31.85,21.01
Narayanpet,16.7456,77.495,2022,9,5.55,83.36,25.55,31.58,20.31
Narayanpet,16.7456,77.495,2022,10,3.32,82.38,24.07,30.43,14.69
Narayanpet,16.7456,77.495,2022,11,0.04,72.33,23.0,32.24,13.61
Narayanpet,16.7456,77.495,2022,12,0.32,64.74,24.55,34.55,12.81
Narayanpet,16.7456,77.495,2022,13,2.21,61.93,26.97,43.18,12.26
Narayanpet,16.7456,77.495,2023,1,0.0,51.75,23.77,33.74,11.76
Narayanpet,16.7456,77.495,2023,2,0.0,32.75,26.56,37.89,15.81
Narayanpet,16.7456,77.495,2023,3,0.65,38.21,28.62,39.73,16.89
Narayanpet,16.7456,77.495,2023,4,3.4,38.52,31.39,41.67,21.84
Narayanpet,16.7456,77.495,2023,5,1.91,56.94,30.73,40.84,22.25
Narayanpet,16.7456,77.495,2023,6,1.12,48.18,32.0,41.92,22.91
Narayanpet,16.7456,77.495,2023,7,6.61,73.03,27.05,36.26,21.79
Narayanpet,16.7456,77.495,2023,8,0.69,71.85,27.44,35.44,21.98
Narayanpet,16.7456,77.495,2023,9,3.74,75.68,26.9,36.03,21.77
Narayanpet,16.7456,77.495,2023,10,0.1,59.9,27.21,35.96,17.32
Narayanpet,16.7456,77.495,2023,11,1.18,65.3,26.24,35.89,17.8
Narayanpet,16.7456,77.495,2023,12,0.14,57.09,24.04,34.64,15.07
Narayanpet,16.7456,77.495,2023,13,1.63,55.94,27.66,41.92,11.76
Narayanpet,16.7456,77.495,2024,1,0.0,53.19,24.97,34.35,16.46
Narayanpet,16.7456,77.495,2024,2,0.0,41.79,27.4,37.21,16.07
Narayanpet,16.7456,77.495,2024,3,0.03,33.36,31.48,41.98,21.59
Narayanpet,16.7456,77.495,2024,4,0.11,31.15,34.07,43.61,23.72
Narayanpet,16.7456,77.495,2024,5,2.5,50.09,32.63,44.87,24.06
Narayanpet,16.7456,77.495,2024,6,4.15,72.46,27.68,39.61,21.86
Narayanpet,16.7456,77.495,2024,7,4.29,76.45,26.73,34.62,21.87
Narayanpet,16.7456,77.495,2024,8,6.44,81.32,26.69,33.49,22.39
Narayanpet,16.7456,77.495,2024,9,5.31,83.57,25.58,31.39,20.09
Narayanpet,16.7456,77.495,2024,10,2.67,83.02,25.62,32.43,19.09
Narayanpet,16.7456,77.495,2024,11,0.05,72.16,23.45,32.28,14.32
Narayanpet,16.7456,77.495,2024,12,0.22,63.16,24.8,33.29,12.54
Narayanpet,16.7456,77.495,2024,13,2.16,61.89,27.59,44.87,12.54
Nirmal,19.0954,78.3522,2000,1,0.0,29.2,22.71,34.91,9.53
Nirmal,19.0954,78.3522,2000,2,1.25,39.89,24.43,35.33,12.1
Nirmal,19.0954,78.3522,2000,3,0.01,19.61,28.01,40.85,13.85
Nirmal,19.0954,78.3522,2000,4,0.01,20.12,34.66,45.23,20.42
Nirmal,19.0954,78.3522,2000,5,1.02,39.0,33.49,45.2,23.79
Nirmal,19.0954,78.3522,2000,6,4.76,69.55,28.22,36.36,22.32
Nirmal,19.0954,78.3522,2000,7,6.14,79.44,26.19,32.87,21.42
Nirmal,19.0954,78.3522,2000,8,9.22,83.17,25.88,32.26,20.75
Nirmal,19.0954,78.3522,2000,9,2.04,82.23,25.66,31.84,20.12
Nirmal,19.0954,78.3522,2000,10,0.38,62.0,26.49,36.15,16.62
Nirmal,19.0954,78.3522,2000,11,0.02,43.29,24.78,35.23,14.13
Nirmal,19.0954,78.3522,2000,12,0.09,19.02,22.02,33.48,10.57
Nirmal,19.0954,78.3522,2000,13,2.09,48.87,26.88,45.23,9.53
Nirmal,19.0954,78.3522,2001,1,0.29,32.87,23.08,35.28,10.96
Nirmal,19.0954,78.3522,2001,2,0.0,18.15,26.14,38.83,12.48
Nirmal,19.0954,78.3522,2001,3,0.66,30.82,29.95,40.43,19.51
Nirmal,19.0954,78.3522,2001,4,1.51,35.82,32.01,44.61,19.67
Nirmal,19.0954,78.3522,2001,5,0.28,28.39,35.52,45.79,26.4
Nirmal,19.0954,78.3522,2001,6,4.36,67.83,28.06,40.8,20.47
Nirmal,19.0954,78.3522,2001,7,3.68,71.48,27.4,36.81,21.91
Nirmal,19.0954,78.3522,2001,8,7.33,85.67,25.22,31.31,21.3
Nirmal,19.0954,78.3522,2001,9,2.86,80.14,26.16,33.54,20.98
Nirmal,19.0954,78.3522,2001,10,3.98,81.66,24.01,30.95,15.2
Nirmal,19.0954,78.3522,2001,11,0.01,65.06,23.02,32.93,12.94
Nirmal,19.0954,78.3522,2001,12,0.0,38.02,21.38,33.39,10.92
Nirmal,19.0954,78.3522,2001,13,2.1,53.18,26.83,45.79,10.92
Nirmal,19.0954,78.3522,2002,1,0.87,44.57,21.5,34.1,9.2
Nirmal,19.0954,78.3522,2002,2,0.1,34.31,26.59,38.0,15.48
Nirmal,19.0954,78.3522,2002,3,0.13,21.86,30.39,41.33,18.85
Nirmal,19.0954,78.3522,2002,4,0.11,20.65,34.38,44.36,21.67
Nirmal,19.0954,78.3522,2002,5,1.18,32.52,35.7,45.16,24.43
Nirmal,19.0954,78.3522,2002,6,6.35,65.55,29.61,41.5,22.84
Nirmal,19.0954,78.3522,2002,7,3.34,72.24,27.73,35.1,22.22
Nirmal,19.0954,78.3522,2002,8,11.41,85.54,25.3,31.0,20.83
Nirmal,19.0954,78.3522,2002,9,1.63,80.78,25.53,32.71,19.91
Nirmal,19.0954,78.3522,2002,10,1.68,68.53,25.15,34.78,14.84
Nirmal,19.0954,78.3522,2002,11,0.05,44.44,23.72,34.93,13.42
Nirmal,19.0954,78.3522,2002,12,0.0,33.8,23.51,34.38,13.37
Nirmal,19.0954,78.3522,2002,13,2.26,50.5,27.42,45.16,9.2
Nirmal,19.0954,78.3522,2003,1,0.0,32.16,23.63,36.04,9.41
Nirmal,19.0954,78.3522,2003,2,0.3,35.95,27.53,38.39,16.76
Nirmal,19.0954,78.3522,2003,3,0.43,27.93,30.1,41.11,15.74
Nirmal,19.0954,78.3522,2003,4,0.45,26.32,34.23,44.79,22.15
Nirmal,19.0954,78.3522,2003,5,0.0,19.22,35.69,45.1,24.46
Nirmal,19.0954,78.3522,2003,6,4.1,54.55,31.19,45.86,22.44
Nirmal,19.0954,78.3522,2003,7,11.13,82.71,26.26,32.2,22.49
Nirmal,19.0954,78.3522,2003,8,7.48,86.64,25.45,30.97,20.41
Nirmal,19.0954,78.3522,2003,9,2.99,86.21,25.3,30.56,20.88
Nirmal,19.0954,78.3522,2003,10,3.2,82.12,24.09,31.1,13.82
Nirmal,19.0954,78.3522,2003,11,0.02,71.33,21.93,30.85,14.03
Nirmal,19.0954,78.3522,2003,12,0.06,56.62,20.73,32.23,10.46
Nirmal,19.0954,78.3522,2003,13,2.54,55.26,27.16,45.86,9.41
Nirmal,19.0954,78.3522,2004,1,1.15,52.1,21.88,33.81,11.17
Nirmal,19.0954,78.3522,2004,2,0.56,39.91,23.47,38.27,8.6
Nirmal,19.0954,78.3522,2004,3,0.26,21.34,30.87,42.29,16.07
Nirmal,19.0954,78.3522,2004,4,0.6,30.25,33.36,44.62,21.66
Nirmal,19.0954,78.3522,2004,5,0.82,44.08,33.08,43.03,24.5
Nirmal,19.0954,78.3522,2004,6,1.92,56.63,30.68,43.9,22.9
Nirmal,19.0954,78.3522,2004,7,8.5,79.39,26.5,34.56,21.85
Nirmal,19.0954,78.3522,2004,8,3.07,83.25,25.64,31.89,21.42
Nirmal,19.0954,78.3522,2004,9,3.01,80.61,26.25,33.11,21.47
Nirmal,19.0954,78.3522,2004,10,2.06,70.34,24.46,32.91,14.33
Nirmal,19.0954,78.3522,2004,11,0.26,54.33,23.94,33.93,13.96
Nirmal,19.0954,78.3522,2004,12,0.0,36.29,22.05,32.89,12.07
Nirmal,19.0954,78.3522,2004,13,1.86,54.11,26.85,44.62,8.6
Nirmal,19.0954,78.3522,2005,1,1.77,40.67,23.04,33.54,11.12
Nirmal,19.0954,78.3522,2005,2,0.04,42.68,25.13,37.92,10.93
Nirmal,19.0954,78.3522,2005,3,0.33,27.25,29.65,41.34,16.86
Nirmal,19.0954,78.3522,2005,4,0.37,30.48,32.71,42.55,20.87
Nirmal,19.0954,78.3522,2005,5,0.51,25.75,35.42,45.36,24.16
Nirmal,19.0954,78.3522,2005,6,5.36,52.04,32.11,44.52,22.95
Nirmal,19.0954,78.3522,2005,7,12.27,83.61,26.11,33.39,21.05
Nirmal,19.0954,78.3522,2005,8,5.15,86.61,25.56,31.02,21.65
Nirmal,19.0954,78.3522,2005,9,8.47,87.69,25.56,31.64,19.94
Nirmal,19.0954,78.3522,2005,10,5.04,83.42,23.87,30.95,15.96
Nirmal,19.0954,78.3522,2005,11,0.0,72.38,19.11,27.28,10.33
Nirmal,19.0954,78.3522,2005,12,0.16,62.71,18.81,29.29,8.17
Nirmal,19.0954,78.3522,2005,13,3.31,58.04,26.42,45.36,8.17
Nirmal,19.0954,78.3522,2006,1,0.0,45.55,20.92,34.32,7.82
Nirmal,19.0954,78.3522,2006,2,0.0,26.82,26.2,39.44,13.99
Nirmal,19.0954,78.3522,2006,3,1.82,44.29,28.09,40.38,16.02
Nirmal,19.0954,78.3522,2006,4,1.14,30.31,32.84,44.17,20.91
Nirmal,19.0954,78.3522,2006,5,2.23,42.82,33.14,44.6,24.48
Nirmal,19.0954,78.3522,2006,6,3.51,61.62,29.82,40.22,23.48
Nirmal,19.0954,78.3522,2006,7,7.34,78.41,26.59,33.9,21.87
Nirmal,19.0954,78.3522,2006,8,11.35,85.84,25.29,31.02,20.93
Nirmal,19.0954,78.3522,2006,9,9.92,86.96,25.37,31.79,20.39
Nirmal,19.0954,78.3522,2006,10,0.79,79.02,24.61,31.7,16.93
Nirmal,19.0954,78.3522,2006,11,1.13,76.8,21.92,31.01,13.62
Nirmal,19.0954,78.3522,2006,12,0.0,61.64,21.29,31.1,10.51
Nirmal,19.0954,78.3522,2006,13,3.29,60.24,26.33,44.6,7.82
Nirmal,19.0954,78.3522,2007,1,0.0,41.95,22.53,34.47,12.09
Nirmal,19.0954,78.3522,2007,2,0.01,31.96,25.79,37.26,15.24
Nirmal,19.0954,78.3522,2007,3,0.02,23.72,30.0,41.22,16.92
Nirmal,19.0954,78.3522,2007,4,0.49,25.49,33.53,43.71,22.8
Nirmal,19.0954,78.3522,2007,5,0.7,27.26,35.88,44.52,26.67
Nirmal,19.0954,78.3522,2007,6,5.64,66.4,29.62,41.07,23.32
Nirmal,19.0954,78.3522,2007,7,3.81,77.59,27.07,34.58,22.34
Nirmal,19.0954,78.3522,2007,8,7.26,83.87,25.81,32.39,20.97
Nirmal,19.0954,78.3522,2007,9,9.1,87.62,25.47,31.08,19.89
Nirmal,19.0954,78.3522,2007,10,0.52,76.65,22.38,29.68,14.4
Nirmal,19.0954,78.3522,2007,11,0.22,65.09,21.06,30.3,10.32
Nirmal,19.0954,78.3522,2007,12,0.0,55.49,21.85,33.89,12.55
Nirmal,19.0954,78.3522,2007,13,2.32,55.38,26.75,44.52,10.32
Nirmal,19.0954,78.3522,2008,1,0.09,34.11,22.18,33.25,10.38
Nirmal,19.0954,78.3522,2008,2,0.61,36.54,23.91,36.26,9.81
Nirmal,19.0954,78.3522,2008,3,3.25,38.14,28.68,39.11,16.36
Nirmal,19.0954,78.3522,2008,4,0.16,35.94,31.45,44.67,16.41
Nirmal,19.0954,78.3522,2008,5,0.29,23.93,35.07,44.74,24.66
Nirmal,19.0954,78.3522,2008,6,4.27,63.79,28.83,41.99,22.62
Nirmal,19.0954,78.3522,2008,7,5.52,74.55,27.19,36.32,21.74
Nirmal,19.0954,78.3522,2008,8,10.66,85.46,25.56,31.32,21.3
Nirmal,19.0954,78.3522,2008,9,7.61,86.12,25.15,30.94,18.51
Nirmal,19.0954,78.3522,2008,10,1.23,76.85,23.69,30.72,13.9
Nirmal,19.0954,78.3522,2008,11,0.57,69.71,22.44,32.36,11.88
Nirmal,19.0954,78.3522,2008,12,0.01,49.82,22.31,33.05,12.08
Nirmal,19.0954,78.3522,2008,13,2.86,56.27,26.38,44.74,9.81
Nirmal,19.0954,78.3522,2009,1,0.0,40.08,23.87,37.03,12.79
Nirmal,19.0954,78.3522,2009,2,0.0,24.48,27.14,39.83,15.48
Nirmal,19.0954,78.3522,2009,3,0.19,21.86,30.2,41.3,19.46
Nirmal,19.0954,78.3522,2009,4,0.28,19.49,33.43,44.24,21.24
Nirmal,19.0954,78.3522,2009,5,0.92,30.47,34.89,45.03,24.6
Nirmal,19.0954,78.3522,2009,6,4.22,54.65,31.43,42.05,23.31
Nirmal,19.0954,78.3522,2009,7,5.98,78.77,26.71,33.54,22.45
Nirmal,19.0954,78.3522,2009,8,7.9,79.89,26.82,33.93,21.93
Nirmal,19.0954,78.3522,2009,9,3.42,82.91,26.27,32.46,20.62
Nirmal,19.0954,78.3522,2009,10,2.38,71.88,24.28,32.13,14.18
Nirmal,19.0954,78.3522,2009,11,1.85,68.24,22.95,34.0,11.37
Nirmal,19.0954,78.3522,2009,12,0.11,56.5,21.84,31.94,11.91
Nirmal,19.0954,78.3522,2009,13,2.29,52.62,27.48,45.03,11.37
Nirmal,19.0954,78.3522,2010,1,0.38,40.18,21.29,33.1,10.45
Nirmal,19.0954,78.3522,2010,2,0.62,35.02,27.14,37.81,15.59
Nirmal,19.0954,78.3522,2010,3,0.04,22.99,31.59,42.62,19.2
Nirmal,19.0954,78.3522,2010,4,0.04,20.12,35.04,44.73,21.31
Nirmal,19.0954,78.3522,2010,5,0.22,27.55,36.02,46.04,23.4
Nirmal,19.0954,78.3522,2010,6,4.6,55.5,31.58,44.08,24.17
Nirmal,19.0954,78.3522,2010,7,11.14,85.22,26.06,31.82,22.43
Nirmal,19.0954,78.3522,2010,8,10.7,87.92,25.73,31.22,19.98
Nirmal,19.0954,78.3522,2010,9,7.19,88.34,25.11,30.11,19.66
Nirmal,19.0954,78.3522,2010,10,2.29,84.71,24.0,30.51,15.81
Nirmal,19.0954,78.3522,2010,11,1.31,84.45,23.47,29.86,16.54
Nirmal,19.0954,78.3522,2010,12,0.2,70.56,19.43,29.16,8.86
Nirmal,19.0954,78.3522,2010,13,3.25,58.7,27.19,46.04,8.86
Nirmal,19.0954,78.3522,2011,1,0.01,49.78,20.23,33.58,7.92
Nirmal,19.0954,78.3522,2011,2,0.31,40.35,24.99,35.25,14.49
Nirmal,19.0954,78.3522,2011,3,0.13,23.21,29.89,40.58,17.58
Nirmal,19.0954,78.3522,2011,4,0.19,29.9,32.76,43.05,19.53
Nirmal,19.0954,78.3522,2011,5,0.2,26.81,35.45,44.93,25.36
Nirmal,19.0954,78.3522,2011,6,2.75,60.57,29.96,39.65,24.15
Nirmal,19.0954,78.3522,2011,7,9.53,78.96,26.78,35.96,21.73
Nirmal,19.0954,78.3522,2011,8,8.22,85.68,25.63,32.04,21.4
Nirmal,19.0954,78.3522,2011,9,3.47,85.51,25.39,30.92,20.83
Nirmal,19.0954,78.3522,2011,10,0.92,77.04,24.39,31.17,15.64
Nirmal,19.0954,78.3522,2011,11,0.02,58.97,23.08,33.49,13.98
Nirmal,19.0954,78.3522,2011,12,0.01,40.32,22.0,33.74,11.59
Nirmal,19.0954,78.3522,2011,13,2.17,54.83,26.71,44.93,7.92
Nirmal,19.0954,78.3522,2012,1,0.08,36.37,22.87,34.13,8.66
Nirmal,19.0954,78.3522,2012,2,0.0,25.13,25.85,38.24,11.77
Nirmal,19.0954,78.3522,2012,3,0.0,14.49,28.88,41.35,14.15
Nirmal,19.0954,78.3522,2012,4,0.14,24.61,34.2,42.75,23.93
Nirmal,19.0954,78.3522,2012,5,0.16,22.83,35.76,44.69,25.59
Nirmal,19.0954,78.3522,2012,6,3.73,56.11,30.66,44.12,23.3
Nirmal,19.0954,78.3522,2012,7,8.1,80.4,26.24,34.21,22.04
Nirmal,19.0954,78.3522,2012,8,6.21,83.34,25.86,31.94,21.55
Nirmal,19.0954,78.3522,2012,9,6.07,85.99,25.46,31.66,20.82
Nirmal,19.0954,78.3522,2012,10,1.56,77.6,23.92,30.33,14.41
Nirmal,19.0954,78.3522,2012,11,0.51,71.07,22.39,32.15,10.47
Nirmal,19.0954,78.3522,2012,12,0.01,49.94,22.62,34.13,10.54
Nirmal,19.0954,78.3522,2012,13,2.22,52.39,27.05,44.69,8.66
Nirmal,19.0954,78.3522,2013,1,0.35,41.4,23.66,34.78,12.78
Nirmal,19.0954,78.3522,2013,2,0.79,41.69,25.71,36.32,11.53
Nirmal,19.0954,78.3522,2013,3,0.04,25.11,30.08,41.05,14.39
Nirmal,19.0954,78.3522,2013,4,0.97,31.35,33.12,42.72,21.82
Nirmal,19.0954,78.3522,2013,5,0.32,26.39,36.29,46.53,26.07
Nirmal,19.0954,78.3522,2013,6,7.74,74.37,27.71,38.55,22.53
Nirmal,19.0954,78.3522,2013,7,17.4,86.4,25.3,31.26,21.08
Nirmal,19.0954,78.3522,2013,8,4.54,87.67,25.05,30.82,21.53
Nirmal,19.0954,78.3522,2013,9,3.87,85.48,25.48,30.2,20.0
Nirmal,19.0954,78.3522,2013,10,4.36,83.94,24.34,30.17,17.6
Nirmal,19.0954,78.3522,2013,11,0.27,78.88,20.97,29.61,11.51
Nirmal,19.0954,78.3522,2013,12,0.0,63.87,19.86,29.79,10.22
Nirmal,19.0954,78.3522,2013,13,3.41,60.62,26.47,46.53,10.22
Nirmal,19.0954,78.3522,2014,1,0.01,53.92,22.39,32.18,12.34
Nirmal,19.0954,78.3522,2014,2,0.43,36.0,24.59,35.23,12.33
Nirmal,19.0954,78.3522,2014,3,2.3,52.33,27.02,41.04,14.75
Nirmal,19.0954,78.3522,2014,4,0.38,27.05,33.5,43.18,21.46
Nirmal,19.0954,78.3522,2014,5,1.59,37.57,33.83,44.4,22.01
Nirmal,19.0954,78.3522,2014,6,2.53,46.96,32.99,44.88,24.56
Nirmal,19.0954,78.3522,2014,7,6.11,72.53,27.63,38.68,22.05
Nirmal,19.0954,78.3522,2014,8,5.24,78.32,26.91,33.04,22.12
Nirmal,19.0954,78.3522,2014,9,4.43,82.32,25.19,31.04,19.35
Nirmal,19.0954,78.3522,2014,10,0.34,69.62,25.23,34.54,15.13
Nirmal,19.0954,78.3522,2014,11,0.16,51.4,24.1,34.57,14.65
Nirmal,19.0954,78.3522,2014,12,0.2,40.97,21.36,33.43,8.75
Nirmal,19.0954,78.3522,2014,13,1.99,54.25,27.06,44.88,8.75
Nirmal,19.0954,78.3522,2015,1,0.56,46.15,20.88,32.55,8.55
Nirmal,19.0954,78.3522,2015,2,0.52,30.02,25.46,36.58,13.36
Nirmal,19.0954,78.3522,2015,3,0.77,41.59,28.13,40.45,13.66
Nirmal,19.0954,78.3522,2015,4,2.11,40.9,30.68,43.35,19.13
Nirmal,19.0954,78.3522,2015,5,0.25,28.78,35.37,46.72,23.77
Nirmal,19.0954,78.3522,2015,6,4.76,62.13,29.86,42.28,23.06
Nirmal,19.0954,78.3522,2015,7,2.61,67.39,28.62,36.43,22.18
Nirmal,19.0954,78.3522,2015,8,6.52,79.34,26.65,34.42,22.06
Nirmal,19.0954,78.3522,2015,9,2.88,77.02,26.77,33.71,18.1
Nirmal,19.0954,78.3522,2015,10,0.35,58.26,27.8,37.06,20.08
Nirmal,19.0954,78.3522,2015,11,0.0,49.28,26.38,35.4,15.91
Nirmal,19.0954,78.3522,2015,12,0.0,35.66,24.85,35.77,9.8
Nirmal,19.0954,78.3522,2015,13,1.78,51.49,27.63,46.72,8.55
Nirmal,19.0954,78.3522,2016,1,0.01,30.03,23.13,36.25,10.64
Nirmal,19.0954,78.3522,2016,2,0.12,29.86,27.88,39.89,14.06
Nirmal,19.0954,78.3522,2016,3,0.24,28.14,31.07,41.97,19.33
Nirmal,19.0954,78.3522,2016,4,0.26,22.17,35.2,44.56,22.04
Nirmal,19.0954,78.3522,2016,5,0.71,33.66,35.46,45.37,24.25
Nirmal,19.0954,78.3522,2016,6,4.98,59.01,30.86,44.05,23.63
Nirmal,19.0954,78.3522,2016,7,8.23,81.45,26.41,32.79,22.37
Nirmal,19.0954,78.3522,2016,8,2.1,80.67,26.27,32.77,21.26
Nirmal,19.0954,78.3522,2016,9,7.99,84.57,25.38,31.62,20.32
Nirmal,19.0954,78.3522,2016,10,1.59,76.38,23.46,30.46,13.43
Nirmal,19.0954,78.3522,2016,11,0.0,61.55,20.99,32.87,12.04
Nirmal,19.0954,78.3522,2016,12,0.0,45.17,20.73,33.0,9.82
Nirmal,19.0954,78.3522,2016,13,2.18,52.8,27.22,45.37,9.82
Nirmal,19.0954,78.3522,2017,1,0.0,35.38,21.86,34.57,10.01
Nirmal,19.0954,78.3522,2017,2,0.0,23.94,25.95,38.34,15.24
Nirmal,19.0954,78.3522,2017,3,0.29,23.77,29.23,43.2,15.31
Nirmal,19.0954,78.3522,2017,4,0.0,15.44,33.83,45.01,20.77
Nirmal,19.0954,78.3522,2017,5,0.24,25.56,36.31,45.47,25.67
Nirmal,19.0954,78.3522,2017,6,4.35,64.42,29.89,42.19,23.18
Nirmal,19.0954,78.3522,2017,7,5.3,73.62,27.53,34.76,22.38
Nirmal,19.0954,78.3522,2017,8,5.14,79.03,26.52,33.91,19.99
Nirmal,19.0954,78.3522,2017,9,2.4,79.64,26.74,32.65,21.41
Nirmal,19.0954,78.3522,2017,10,2.2,71.68,26.1,35.0,16.83
Nirmal,19.0954,78.3522,2017,11,0.07,57.37,23.73,34.12,13.12
Nirmal,19.0954,78.3522,2017,12,0.0,40.37,21.79,33.4,10.88
Nirmal,19.0954,78.3522,2017,13,1.68,49.34,27.46,45.47,10.01
Nirmal,19.0954,78.3522,2018,1,0.0,26.61,21.93,33.41,10.16
Nirmal,19.0954,78.3522,2018,2,0.08,29.39,25.78,37.71,13.87
Nirmal,19.0954,78.3522,2018,3,0.07,22.35,30.22,42.32,19.28
Nirmal,19.0954,78.3522,2018,4,0.17,25.21,33.9,45.01,21.9
Nirmal,19.0954,78.3522,2018,5,0.88,28.72,36.04,44.66,26.13
Nirmal,19.0954,78.3522,2018,6,5.53,67.12,29.16,39.43,22.96
Nirmal,19.0954,78.3522,2018,7,4.3,78.03,26.5,34.05,21.92
Nirmal,19.0954,78.3522,2018,8,9.08,80.29,26.03,34.12,21.55
Nirmal,19.0954,78.3522,2018,9,1.31,78.13,25.71,33.43,18.83
Nirmal,19.0954,78.3522,2018,10,0.05,56.8,26.57,36.34,16.77
Nirmal,19.0954,78.3522,2018,11,0.01,43.27,25.63,35.63,14.41
Nirmal,19.0954,78.3522,2018,12,0.23,43.97,21.56,33.64,7.63
Nirmal,19.0954,78.3522,2018,13,1.82,48.42,27.42,45.01,7.63
Nirmal,19.0954,78.3522,2019,1,0.19,35.78,21.01,33.17,8.65
Nirmal,19.0954,78.3522,2019,2,0.03,30.93,25.25,38.78,9.01
Nirmal,19.0954,78.3522,2019,3,0.06,24.35,30.06,42.51,15.59
Nirmal,19.0954,78.3522,2019,4,0.09,22.3,34.7,45.63,22.79
Nirmal,19.0954,78.3522,2019,5,0.06,20.39,36.44,45.54,26.03
Nirmal,19.0954,78.3522,2019,6,2.15,47.07,33.45,45.53,22.93
Nirmal,19.0954,78.3522,2019,7,7.38,75.85,27.4,35.31,22.09
Nirmal,19.0954,78.3522,2019,8,6.19,84.08,26.03,32.05,22.19
Nirmal,19.0954,78.3522,2019,9,5.54,86.91,25.74,31.35,22.04
Nirmal,19.0954,78.3522,2019,10,3.71,85.63,24.57,30.03,18.36
Nirmal,19.0954,78.3522,2019,11,0.16,78.45,22.27,30.57,14.26
Nirmal,19.0954,78.3522,2019,12,0.07,69.67,21.34,29.94,9.09
Nirmal,19.0954,78.3522,2019,13,2.15,55.28,27.35,45.63,8.65
Nirmal,19.0954,78.3522,2020,1,0.39,56.77,22.19,34.81,10.04
Nirmal,19.0954,78.3522,2020,2,0.1,42.02,24.71,35.99,14.77
Nirmal,19.0954,78.3522,2020,3,0.6,36.46,29.57,39.74,17.14
Nirmal,19.0954,78.3522,2020,4,0.26,28.75,33.64,42.74,21.81
Nirmal,19.0954,78.3522,2020,5,0.56,27.6,35.71,45.75,25.51
Nirmal,19.0954,78.3522,2020,6,5.75,69.1,28.78,38.66,22.72
Nirmal,19.0954,78.3522,2020,7,6.27,81.53,26.97,33.94,22.0
Nirmal,19.0954,78.3522,2020,8,6.5,85.17,26.17,31.91,22.16
Nirmal,19.0954,78.3522,2020,9,5.39,85.69,26.29,31.57,21.65
Nirmal,19.0954,78.3522,2020,10,2.73,83.74,24.73,30.87,17.62
Nirmal,19.0954,78.3522,2020,11,0.03,73.15,21.91,32.07,11.42
Nirmal,19.0954,78.3522,2020,12,0.0,59.16,21.09,31.7,9.43
Nirmal,19.0954,78.3522,2020,13,2.39,60.83,26.82,45.75,9.43
Nirmal,19.0954,78.3522,2021,1,0.01,50.16,24.05,34.52,13.97
Nirmal,19.0954,78.3522,2021,2,0.05,29.78,24.69,37.61,12.06
Nirmal,19.0954,78.3522,2021,3,0.07,22.41,29.97,41.86,17.83
Nirmal,19.0954,78.3522,2021,4,0.29,26.7,32.94,42.4,22.15
Nirmal,19.0954,78.3522,2021,5,1.23,42.72,33.0,42.45,23.99
Nirmal,19.0954,78.3522,2021,6,6.17,72.75,28.13,39.1,22.05
Nirmal,19.0954,78.3522,2021,7,11.9,83.71,26.64,32.68,22.12
Nirmal,19.0954,78.3522,2021,8,5.09,85.05,26.12,31.96,21.9
Nirmal,19.0954,78.3522,2021,9,10.68,88.49,25.57,30.47,20.43
Nirmal,19.0954,78.3522,2021,10,1.49,82.36,24.22,30.87,15.96
Nirmal,19.0954,78.3522,2021,11,0.28,82.14,22.4,30.76,12.62
Nirmal,19.0954,78.3522,2021,12,0.06,68.8,20.31,30.16,8.27
Nirmal,19.0954,78.3522,2021,13,3.12,61.45,26.51,42.45,8.27
Nirmal,19.0954,78.3522,2022,1,0.86,61.53,20.38,32.31,8.15
Nirmal,19.0954,78.3522,2022,2,0.01,38.37,24.19,36.56,11.43
Nirmal,19.0954,78.3522,2022,3,0.0,22.64,30.5,42.7,18.3
Nirmal,19.0954,78.3522,2022,4,0.03,24.97,34.7,44.64,22.91
Nirmal,19.0954,78.3522,2022,5,0.79,34.57,34.77,44.2,24.73
Nirmal,19.0954,78.3522,2022,6,4.17,59.8,30.58,43.65,23.6
Nirmal,19.0954,78.3522,2022,7,22.7,87.69,25.68,35.36,21.79
Nirmal,19.0954,78.3522,2022,8,4.94,87.15,25.66,30.52,21.7
Nirmal,19.0954,78.3522,2022,9,6.92,86.94,25.65,32.14,20.0
Nirmal,19.0954,78.3522,2022,10,2.55,83.1,23.72,30.14,14.19
Nirmal,19.0954,78.3522,2022,11,0.0,74.53,20.37,29.15,10.76
Nirmal,19.0954,78.3522,2022,12,0.07,65.04,22.28,32.68,11.25
Nirmal,19.0954,78.3522,2022,13,3.62,60.7,26.55,44.64,8.15
Nirmal,19.0954,78.3522,2023,1,0.0,46.55,22.6,33.74,9.01
Nirmal,19.0954,78.3522,2023,2,0.0,21.06,25.4,38.16,11.92
Nirmal,19.0954,78.3522,2023,3,0.6,32.84,28.65,39.92,19.15
Nirmal,19.0954,78.3522,2023,4,2.19,34.91,32.0,42.63,20.55
Nirmal,19.0954,78.3522,2023,5,1.61,43.86,32.72,43.39,22.63
Nirmal,19.0954,78.3522,2023,6,1.77,44.53,32.86,42.74,22.15
Nirmal,19.0954,78.3522,2023,7,17.76,81.85,26.71,35.35,22.27
Nirmal,19.0954,78.3522,2023,8,2.36,83.96,25.97,31.19,21.46
Nirmal,19.0954,78.3522,2023,9,7.17,86.66,25.96,31.42,21.44
Nirmal,19.0954,78.3522,2023,10,0.03,76.26,24.07,31.01,14.23
Nirmal,19.0954,78.3522,2023,11,1.6,72.4,23.09,32.04,13.98
Nirmal,19.0954,78.3522,2023,12,0.06,63.95,20.71,31.47,10.2
Nirmal,19.0954,78.3522,2023,13,2.95,57.68,26.72,43.39,9.01
Nirmal,19.0954,78.3522,2024,1,0.0,47.92,23.37,33.45,10.86
Nirmal,19.0954,78.3522,2024,2,0.01,34.01,26.87,36.76,15.95
Nirmal,19.0954,78.3522,2024,3,0.57,30.5,30.38,41.81,18.51
Nirmal,19.0954,78.3522,2024,4,0.8,32.37,34.05,43.5,24.05
Nirmal,19.0954,78.3522,2024,5,1.6,39.31,34.1,45.14,22.88
Nirmal,19.0954,78.3522,2024,6,4.84,65.24,30.05,43.86,22.64
Nirmal,19.0954,78.3522,2024,7,9.82,82.51,26.59,34.07,21.77
Nirmal,19.0954,78.3522,2024,8,7.0,85.92,26.45,31.52,22.05
Nirmal,19.0954,78.3522,2024,9,7.05,87.53,25.67,31.05,21.0
Nirmal,19.0954,78.3522,2024,10,1.44,84.88,25.47,31.6,18.89
Nirmal,19.0954,78.3522,2024,11,0.02,74.01,21.19,30.05,12.08
Nirmal,19.0954,78.3522,2024,12,0.15,64.76,21.97,32.84,8.34
Nirmal,19.0954,78.3522,2024,13,2.79,60.85,27.18,45.14,8.34
Nizamabad,18.6725,78.094,2000,1,0.0,29.83,23.14,35.2,10.26
Nizamabad,18.6725,78.094,2000,2,1.57,41.82,24.76,35.26,12.77
Nizamabad,18.6725,78.094,2000,3,0.01,23.87,27.83,40.24,14.49
Nizamabad,18.6725,78.094,2000,4,0.02,22.47,34.34,44.8,20.14
Nizamabad,18.6725,78.094,2000,5,1.19,42.03,32.66,44.52,23.65
Nizamabad,18.6725,78.094,2000,6,6.28,72.34,27.46,35.13,21.89
Nizamabad,18.6725,78.094,2000,7,4.64,79.37,25.91,31.88,21.29
Nizamabad,18.6725,78.094,2000,8,11.11,83.17,25.54,32.17,20.46
Nizamabad,18.6725,78.094,2000,9,2.03,82.72,25.37,31.43,19.86
Nizamabad,18.6725,78.094,2000,10,0.53,64.66,26.04,34.93,16.69
Nizamabad,18.6725,78.094,2000,11,0.05,48.83,24.44,34.45,14.21
Nizamabad,18.6725,78.094,2000,12,0.05,22.11,22.08,33.02,11.49
Nizamabad,18.6725,78.094,2000,13,2.3,51.09,26.63,44.8,10.26
Nizamabad,18.6725,78.094,2001,1,0.24,34.53,23.35,34.98,12.31
Nizamabad,18.6725,78.094,2001,2,0.0,19.92,26.23,38.39,13.04
Nizamabad,18.6725,78.094,2001,3,0.89,33.14,29.64,39.96,19.26
Nizamabad,18.6725,78.094,2001,4,1.35,37.52,31.87,43.83,21.47
Nizamabad,18.6725,78.094,2001,5,0.14,29.51,35.06,44.92,26.49
Nizamabad,18.6725,78.094,2001,6,5.02,68.45,27.66,39.88,20.75
Nizamabad,18.6725,78.094,2001,7,2.91,70.49,27.25,36.28,21.87
Nizamabad,18.6725,78.094,2001,8,7.54,85.18,24.96,30.7,20.83
Nizamabad,18.6725,78.094,2001,9,3.36,80.76,25.89,33.3,21.15
Nizamabad,18.6725,78.094,2001,10,3.74,82.16,23.87,30.47,14.96
Nizamabad,18.6725,78.094,2001,11,0.02,65.99,23.07,32.77,13.13
Nizamabad,18.6725,78.094,2001,12,0.0,41.38,21.36,32.57,11.48
Nizamabad,18.6725,78.094,2001,13,2.11,54.27,26.68,44.92,11.48
Nizamabad,18.6725,78.094,2002,1,0.81,46.71,21.88,34.16,9.71
Nizamabad,18.6725,78.094,2002,2,0.05,36.05,26.53,37.65,16.42
Nizamabad,18.6725,78.094,2002,3,0.22,24.87,30.17,40.76,19.28
Nizamabad,18.6725,78.094,2002,4,0.09,23.52,34.21,43.7,21.61
Nizamabad,18.6725,78.094,2002,5,1.5,36.13,34.89,44.38,23.7
Nizamabad,18.6725,78.094,2002,6,5.94,66.04,29.18,40.15,22.92
Nizamabad,18.6725,78.094,2002,7,3.07,71.22,27.58,35.27,22.04
Nizamabad,18.6725,78.094,2002,8,10.07,84.29,25.19,31.23,20.44
Nizamabad,18.6725,78.094,2002,9,1.47,79.43,25.55,33.41,19.91
Nizamabad,18.6725,78.094,2002,10,2.22,67.51,25.3,35.94,15.34
Nizamabad,18.6725,78.094,2002,11,0.03,45.4,23.71,34.6,13.42
Nizamabad,18.6725,78.094,2002,12,0.0,36.67,23.5,34.25,13.71
Nizamabad,18.6725,78.094,2002,13,2.14,51.59,27.3,44.38,9.71
Nizamabad,18.6725,78.094,2003,1,0.0,35.56,23.7,35.76,9.82
Nizamabad,18.6725,78.094,2003,2,0.22,37.63,27.52,37.95,17.31
Nizamabad,18.6725,78.094,2003,3,0.35,30.69,30.07,40.19,16.48
Nizamabad,18.6725,78.094,2003,4,0.6,29.22,33.74,43.75,21.76
Nizamabad,18.6725,78.094,2003,5,0.0,20.61,35.27,44.25,24.31
Nizamabad,18.6725,78.094,2003,6,3.22,53.74,30.96,45.2,22.36
Nizamabad,18.6725,78.094,2003,7,10.49,81.7,26.08,32.44,22.33
Nizamabad,18.6725,78.094,2003,8,6.63,85.83,25.27,31.45,19.94
Nizamabad,18.6725,78.094,2003,9,2.63,85.3,25.26,30.43,21.01
Nizamabad,18.6725,78.094,2003,10,4.02,81.65,24.15,31.46,13.93
Nizamabad,18.6725,78.094,2003,11,0.02,70.68,21.93,31.07,14.29
Nizamabad,18.6725,78.094,2003,12,0.03,56.11,20.91,32.06,11.09
Nizamabad,18.6725,78.094,2003,13,2.38,55.83,27.06,45.2,9.82
Nizamabad,18.6725,78.094,2004,1,1.16,52.16,22.11,33.48,11.95
Nizamabad,18.6725,78.094,2004,2,0.5,41.3,23.57,37.84,9.17
Nizamabad,18.6725,78.094,2004,3,0.43,23.83,30.57,41.76,17.21
Nizamabad,18.6725,78.094,2004,4,1.04,35.53,32.45,43.53,20.28
Nizamabad,18.6725,78.094,2004,5,1.03,48.46,32.04,42.16,23.6
Nizamabad,18.6725,78.094,2004,6,1.56,57.82,30.06,41.93,22.73
Nizamabad,18.6725,78.094,2004,7,8.46,80.26,25.98,33.79,21.75
Nizamabad,18.6725,78.094,2004,8,2.6,81.9,25.58,31.66,21.25
Nizamabad,18.6725,78.094,2004,9,3.41,80.67,25.93,33.16,20.94
Nizamabad,18.6725,78.094,2004,10,2.29,71.8,24.52,33.13,14.22
Nizamabad,18.6725,78.094,2004,11,0.15,55.59,23.79,33.55,13.89
Nizamabad,18.6725,78.094,2004,12,0.0,38.71,22.06,32.69,12.79
Nizamabad,18.6725,78.094,2004,13,1.9,55.73,26.55,43.53,9.17
Nizamabad,18.6725,78.094,2005,1,1.53,43.43,23.22,33.18,11.59
Nizamabad,18.6725,78.094,2005,2,0.05,41.28,25.53,37.83,11.5
Nizamabad,18.6725,78.094,2005,3,0.35,28.31,29.49,40.84,16.54
Nizamabad,18.6725,78.094,2005,4,0.53,34.18,32.42,41.81,21.69
Nizamabad,18.6725,78.094,2005,5,0.66,28.48,34.78,44.45,23.85
Nizamabad,18.6725,78.094,2005,6,4.81,54.66,31.34,43.38,22.55
Nizamabad,18.6725,78.094,2005,7,12.56,82.84,25.93,33.45,20.95
Nizamabad,18.6725,78.094,2005,8,4.92,86.55,25.27,29.96,21.7
Nizamabad,18.6725,78.094,2005,9,8.26,87.88,25.25,30.72,19.84
Nizamabad,18.6725,78.094,2005,10,5.85,84.26,23.8,30.43,17.06
Nizamabad,18.6725,78.094,2005,11,0.0,73.98,19.05,27.05,10.48
Nizamabad,18.6725,78.094,2005,12,0.14,64.22,18.96,28.77,8.92
Nizamabad,18.6725,78.094,2005,13,3.33,59.28,26.25,44.45,8.92
Nizamabad,18.6725,78.094,2006,1,0.0,48.38,20.86,33.8,8.25
Nizamabad,18.6725,78.094,2006,2,0.0,30.48,25.81,38.8,14.31
Nizamabad,18.6725,78.094,2006,3,1.55,43.84,28.16,39.81,16.17
Nizamabad,18.6725,78.094,2006,4,1.57,33.56,32.42,43.28,21.32
Nizamabad,18.6725,78.094,2006,5,2.58,45.71,32.36,43.76,23.86
Nizamabad,18.6725,78.094,2006,6,3.3,64.42,29.04,38.61,23.07
Nizamabad,18.6725,78.094,2006,7,6.62,75.73,26.69,34.73,21.67
Nizamabad,18.6725,78.094,2006,8,9.72,85.07,25.12,31.03,20.69
Nizamabad,18.6725,78.094,2006,9,9.27,86.75,25.17,31.84,20.15
Nizamabad,18.6725,78.094,2006,10,0.8,79.6,24.41,30.84,17.08
Nizamabad,18.6725,78.094,2006,11,1.48,77.24,21.86,30.5,14.17
Nizamabad,18.6725,78.094,2006,12,0.0,62.61,21.34,30.73,11.57
Nizamabad,18.6725,78.094,2006,13,3.09,61.32,26.09,43.76,8.25
Nizamabad,18.6725,78.094,2007,1,0.0,44.82,22.6,34.09,12.46
Nizamabad,18.6725,78.094,2007,2,0.0,33.99,25.64,36.91,15.23
Nizamabad,18.6725,78.094,2007,3,0.01,26.31,29.85,40.71,16.88
Nizamabad,18.6725,78.094,2007,4,0.58,29.03,32.99,43.03,22.07
Nizamabad,18.6725,78.094,2007,5,0.69,29.23,35.33,43.82,26.13
Nizamabad,18.6725,78.094,2007,6,5.22,66.64,29.26,40.7,23.02
Nizamabad,18.6725,78.094,2007,7,3.29,76.5,26.93,34.38,22.36
Nizamabad,18.6725,78.094,2007,8,7.35,83.11,25.61,32.22,20.88
Nizamabad,18.6725,78.094,2007,9,9.26,87.92,25.18,30.82,19.34
Nizamabad,18.6725,78.094,2007,10,0.71,77.63,22.39,29.38,14.86
Nizamabad,18.6725,78.094,2007,11,0.15,66.11,20.93,29.86,10.37
Nizamabad,18.6725,78.094,2007,12,0.0,57.2,21.93,33.39,12.86
Nizamabad,18.6725,78.094,2007,13,2.27,56.66,26.55,43.82,10.37
Nizamabad,18.6725,78.094,2008,1,0.05,36.81,22.23,33.14,10.76
Nizamabad,18.6725,78.094,2008,2,1.03,42.05,23.97,35.62,10.05
Nizamabad,18.6725,78.094,2008,3,4.07,40.81,28.28,38.75,16.64
Nizamabad,18.6725,78.094,2008,4,0.25,39.37,30.86,43.72,17.04
Nizamabad,18.6725,78.094,2008,5,0.39,26.09,34.44,44.05,24.05
Nizamabad,18.6725,78.094,2008,6,3.35,62.59,28.75,41.01,22.54
Nizamabad,18.6725,78.094,2008,7,4.86,71.63,27.35,36.62,21.81
Nizamabad,18.6725,78.094,2008,8,12.74,85.54,25.27,31.66,21.16
Nizamabad,18.6725,78.094,2008,9,7.28,86.01,24.91,30.85,18.24
Nizamabad,18.6725,78.094,2008,10,1.4,77.78,23.56,30.52,14.09
Nizamabad,18.6725,78.094,2008,11,0.93,70.85,22.31,31.22,12.61
Nizamabad,18.6725,78.094,2008,12,0.01,54.31,22.08,32.51,12.4
Nizamabad,18.6725,78.094,2008,13,3.04,57.83,26.17,44.05,10.05
Nizamabad,18.6725,78.094,2009,1,0.0,44.64,23.46,36.82,13.15
Nizamabad,18.6725,78.094,2009,2,0.0,27.16,27.13,39.41,15.83
Nizamabad,18.6725,78.094,2009,3,0.17,23.89,30.06,40.82,19.38
Nizamabad,18.6725,78.094,2009,4,0.45,23.25,33.08,43.46,22.36
Nizamabad,18.6725,78.094,2009,5,0.9,32.51,34.34,44.45,24.68
Nizamabad,18.6725,78.094,2009,6,3.59,58.31,30.39,41.88,22.95
Nizamabad,18.6725,78.094,2009,7,4.23,74.71,26.94,34.28,22.39
Nizamabad,18.6725,78.094,2009,8,9.3,77.07,26.94,35.19,21.96
Nizamabad,18.6725,78.094,2009,9,3.8,83.33,25.98,32.12,20.78
Nizamabad,18.6725,78.094,2009,10,2.35,73.18,24.16,30.91,14.61
Nizamabad,18.6725,78.094,2009,11,1.62,69.3,22.87,33.31,11.15
Nizamabad,18.6725,78.094,2009,12,0.09,57.5,21.88,31.55,11.7
Nizamabad,18.6725,78.094,2009,13,2.22,53.9,27.26,44.45,11.15
Nizamabad,18.6725,78.094,2010,1,0.31,42.11,21.66,32.32,10.56
Nizamabad,18.6725,78.094,2010,2,0.58,36.47,27.11,37.46,15.89
Nizamabad,18.6725,78.094,2010,3,0.01,24.6,31.5,42.02,19.05
Nizamabad,18.6725,78.094,2010,4,0.05,22.98,34.67,43.93,20.97
Nizamabad,18.6725,78.094,2010,5,0.33,30.08,35.44,45.31,22.91
Nizamabad,18.6725,78.094,2010,6,4.65,58.06,30.8,43.08,23.7
Nizamabad,18.6725,78.094,2010,7,10.71,84.84,25.76,31.34,21.73
Nizamabad,18.6725,78.094,2010,8,9.6,87.42,25.54,30.9,20.21
Nizamabad,18.6725,78.094,2010,9,7.03,88.19,24.93,29.82,19.31
Nizamabad,18.6725,78.094,2010,10,2.38,85.15,23.84,30.26,15.51
Nizamabad,18.6725,78.094,2010,11,1.34,85.04,23.33,29.61,16.55
Nizamabad,18.6725,78.094,2010,12,0.25,71.71,19.42,28.48,8.86
Nizamabad,18.6725,78.094,2010,13,3.12,59.87,26.98,45.31,8.86
Nizamabad,18.6725,78.094,2011,1,0.01,51.41,20.36,32.97,9.0
Nizamabad,18.6725,78.094,2011,2,0.28,43.9,24.78,35.1,14.76
Nizamabad,18.6725,78.094,2011,3,0.12,25.48,29.68,40.15,17.75
Nizamabad,18.6725,78.094,2011,4,0.12,31.5,32.25,42.55,19.6
Nizamabad,18.6725,78.094,2011,5,0.2,28.9,34.82,44.07,25.15
Nizamabad,18.6725,78.094,2011,6,2.35,60.5,29.58,38.9,23.83
Nizamabad,18.6725,78.094,2011,7,8.98,78.53,26.52,35.66,21.87
Nizamabad,18.6725,78.094,2011,8,7.78,84.92,25.48,32.32,21.35
Nizamabad,18.6725,78.094,2011,9,2.99,85.17,25.16,30.57,20.64
Nizamabad,18.6725,78.094,2011,10,1.22,76.8,24.57,31.41,16.28
Nizamabad,18.6725,78.094,2011,11,0.05,58.15,23.21,33.27,14.16
Nizamabad,18.6725,78.094,2011,12,0.0,38.88,22.23,33.52,11.55
Nizamabad,18.6725,78.094,2011,13,2.03,55.4,26.56,44.07,9.0
Nizamabad,18.6725,78.094,2012,1,0.04,37.45,23.1,34.22,9.7
Nizamabad,18.6725,78.094,2012,2,0.0,26.97,25.89,38.19,12.63
Nizamabad,18.6725,78.094,2012,3,0.0,16.37,28.69,40.8,14.28
Nizamabad,18.6725,78.094,2012,4,0.25,28.53,33.72,42.05,23.58
Nizamabad,18.6725,78.094,2012,5,0.19,24.51,35.27,43.87,24.56
Nizamabad,18.6725,78.094,2012,6,3.71,56.23,30.19,43.31,22.6
Nizamabad,18.6725,78.094,2012,7,7.21,78.8,26.19,34.24,21.87
Nizamabad,18.6725,78.094,2012,8,5.65,82.47,25.68,31.77,21.35
Nizamabad,18.6725,78.094,2012,9,5.31,85.37,25.28,31.07,20.85
Nizamabad,18.6725,78.094,2012,10,1.76,77.17,23.87,30.59,14.4
Nizamabad,18.6725,78.094,2012,11,0.65,68.95,22.85,32.17,11.18
Nizamabad,18.6725,78.094,2012,12,0.0,49.14,23.05,34.1,11.51
Nizamabad,18.6725,78.094,2012,13,2.07,52.73,26.98,43.87,9.7
Nizamabad,18.6725,78.094,2013,1,0.27,41.66,24.03,34.7,13.64
Nizamabad,18.6725,78.094,2013,2,0.78,42.87,25.66,36.12,11.72
Nizamabad,18.6725,78.094,2013,3,0.02,27.27,29.86,40.55,14.68
Nizamabad,18.6725,78.094,2013,4,1.23,34.77,32.49,41.73,21.89
Nizamabad,18.6725,78.094,2013,5,0.39,29.39,35.58,45.59,25.2
Nizamabad,18.6725,78.094,2013,6,6.93,74.36,27.37,36.31,22.21
Nizamabad,18.6725,78.094,2013,7,14.67,85.07,25.24,31.56,21.28
Nizamabad,18.6725,78.094,2013,8,4.2,87.05,24.86,30.75,21.39
Nizamabad,18.6725,78.094,2013,9,4.2,85.5,25.25,30.12,19.42
Nizamabad,18.6725,78.094,2013,10,4.94,84.55,24.09,29.97,17.22
Nizamabad,18.6725,78.094,2013,11,0.32,79.55,21.0,29.2,11.5
Nizamabad,18.6725,78.094,2013,12,0.0,64.84,19.71,29.49,9.97
Nizamabad,18.6725,78.094,2013,13,3.18,61.48,26.26,45.59,9.97
Nizamabad,18.6725,78.094,2014,1,0.0,56.62,22.13,31.48,12.38
Nizamabad,18.6725,78.094,2014,2,0.33,37.6,24.51,34.93,12.85
Nizamabad,18.6725,78.094,2014,3,2.3,52.34,26.95,40.59,15.67
Nizamabad,18.6725,78.094,2014,4,0.43,28.59,33.13,42.32,21.27
Nizamabad,18.6725,78.094,2014,5,1.74,40.66,33.07,43.37,21.98
Nizamabad,18.6725,78.094,2014,6,2.31,49.13,32.21,43.44,24.31
Nizamabad,18.6725,78.094,2014,7,5.32,71.59,27.47,38.03,22.32
Nizamabad,18.6725,78.094,2014,8,5.75,76.53,26.87,33.94,22.1
Nizamabad,18.6725,78.094,2014,9,3.73,82.4,24.99,31.01,18.79
Nizamabad,18.6725,78.094,2014,10,0.47,68.64,25.23,34.54,14.74
Nizamabad,18.6725,78.094,2014,11,0.16,51.49,24.0,34.11,14.71
Nizamabad,18.6725,78.094,2014,12,0.13,42.02,21.66,33.21,9.76
Nizamabad,18.6725,78.094,2014,13,1.9,54.96,26.85,43.44,9.76
Nizamabad,18.6725,78.094,2015,1,0.41,44.68,21.2,32.88,9.42
Nizamabad,18.6725,78.094,2015,2,0.4,31.46,25.36,36.31,14.13
Nizamabad,18.6725,78.094,2015,3,0.72,41.46,28.17,40.0,13.91
Nizamabad,18.6725,78.094,2015,4,2.37,42.7,30.32,42.06,18.64
Nizamabad,18.6725,78.094,2015,5,0.28,31.38,34.66,45.89,23.47
Nizamabad,18.6725,78.094,2015,6,3.92,61.68,29.53,41.07,22.97
Nizamabad,18.6725,78.094,2015,7,2.16,65.06,28.68,36.74,22.29
Nizamabad,18.6725,78.094,2015,8,5.34,77.04,26.75,34.81,22.26
Nizamabad,18.6725,78.094,2015,9,3.04,75.95,26.73,34.15,18.81
Nizamabad,18.6725,78.094,2015,10,0.39,57.76,27.69,36.59,20.25
Nizamabad,18.6725,78.094,2015,11,0.01,49.87,26.35,35.06,17.37
Nizamabad,18.6725,78.094,2015,12,0.0,37.85,25.04,35.73,10.44
Nizamabad,18.6725,78.094,2015,13,1.59,51.5,27.55,45.89,9.42
Nizamabad,18.6725,78.094,2016,1,0.03,32.61,23.2,35.92,11.41
Nizamabad,18.6725,78.094,2016,2,0.08,32.01,27.87,39.44,14.78
Nizamabad,18.6725,78.094,2016,3,0.1,29.12,30.98,41.48,20.07
Nizamabad,18.6725,78.094,2016,4,0.26,23.91,34.87,43.73,23.08
Nizamabad,18.6725,78.094,2016,5,0.84,35.66,34.77,44.01,24.12
Nizamabad,18.6725,78.094,2016,6,4.83,62.17,29.89,42.16,23.24
Nizamabad,18.6725,78.094,2016,7,6.66,80.17,26.29,32.86,22.08
Nizamabad,18.6725,78.094,2016,8,2.05,78.29,26.37,33.57,21.34
Nizamabad,18.6725,78.094,2016,9,9.34,84.07,25.2,32.0,20.2
Nizamabad,18.6725,78.094,2016,10,1.7,76.98,23.31,30.02,13.58
Nizamabad,18.6725,78.094,2016,11,0.0,62.9,20.85,32.36,12.19
Nizamabad,18.6725,78.094,2016,12,0.0,47.43,20.78,32.27,10.15
Nizamabad,18.6725,78.094,2016,13,2.15,53.85,27.02,44.01,10.15
Nizamabad,18.6725,78.094,2017,1,0.0,36.38,21.97,34.33,10.67
Nizamabad,18.6725,78.094,2017,2,0.0,25.52,25.8,37.95,15.17
Nizamabad,18.6725,78.094,2017,3,0.28,26.04,29.06,42.46,15.61
Nizamabad,18.6725,78.094,2017,4,0.02,17.62,33.58,44.09,20.8
Nizamabad,18.6725,78.094,2017,5,0.32,27.91,35.65,44.75,25.58
Nizamabad,18.6725,78.094,2017,6,4.22,65.6,29.31,42.1,22.76
Nizamabad,18.6725,78.094,2017,7,5.0,73.34,27.26,34.55,22.3
Nizamabad,18.6725,78.094,2017,8,5.23,78.64,26.26,33.53,19.51
Nizamabad,18.6725,78.094,2017,9,2.35,79.67,26.48,32.59,20.97
Nizamabad,18.6725,78.094,2017,10,2.62,73.79,25.67,34.37,16.63
Nizamabad,18.6725,78.094,2017,11,0.06,59.63,23.54,33.47,13.5
Nizamabad,18.6725,78.094,2017,12,0.0,42.56,21.78,32.96,11.29
Nizamabad,18.6725,78.094,2017,13,1.69,50.71,27.2,44.75,10.67
Nizamabad,18.6725,78.094,2018,1,0.0,28.22,22.05,33.17,12.07
Nizamabad,18.6725,78.094,2018,2,0.03,30.07,25.7,37.21,14.4
Nizamabad,18.6725,78.094,2018,3,0.03,23.4,29.96,41.74,19.57
Nizamabad,18.6725,78.094,2018,4,0.42,28.9,33.3,44.35,21.76
Nizamabad,18.6725,78.094,2018,5,0.99,32.44,35.17,43.88,26.19
Nizamabad,18.6725,78.094,2018,6,4.67,66.02,28.94,39.15,22.83
Nizamabad,18.6725,78.094,2018,7,3.38,74.7,26.68,34.28,21.9
Nizamabad,18.6725,78.094,2018,8,7.52,78.43,26.04,34.4,21.65
Nizamabad,18.6725,78.094,2018,9,1.59,76.43,25.85,33.79,19.18
Nizamabad,18.6725,78.094,2018,10,0.23,56.58,26.58,36.19,16.44
Nizamabad,18.6725,78.094,2018,11,0.0,43.94,25.7,35.56,14.8
Nizamabad,18.6725,78.094,2018,12,0.27,45.93,21.89,33.22,8.29
Nizamabad,18.6725,78.094,2018,13,1.61,48.85,27.32,44.35,8.29
Nizamabad,18.6725,78.094,2019,1,0.29,38.04,21.22,32.93,9.22
Nizamabad,18.6725,78.094,2019,2,0.03,33.76,25.42,38.59,9.91
Nizamabad,18.6725,78.094,2019,3,0.08,26.2,30.07,42.16,15.95
Nizamabad,18.6725,78.094,2019,4,0.2,24.96,34.29,44.45,23.46
Nizamabad,18.6725,78.094,2019,5,0.15,22.67,35.91,44.85,25.62
Nizamabad,18.6725,78.094,2019,6,2.18,49.55,32.6,44.42,22.9
Nizamabad,18.6725,78.094,2019,7,6.68,74.93,27.18,35.03,22.04
Nizamabad,18.6725,78.094,2019,8,6.34,83.75,25.8,31.61,21.77
Nizamabad,18.6725,78.094,2019,9,6.4,86.38,25.62,31.41,21.68
Nizamabad,18.6725,78.094,2019,10,4.12,86.36,24.46,29.76,18.98
Nizamabad,18.6725,78.094,2019,11,0.13,79.93,22.17,29.94,14.51
Nizamabad,18.6725,78.094,2019,12,0.04,71.02,21.45,29.84,9.94
Nizamabad,18.6725,78.094,2019,13,2.24,56.61,27.18,44.85,9.22
Nizamabad,18.6725,78.094,2020,1,0.32,57.83,22.52,34.55,11.05
Nizamabad,18.6725,78.094,2020,2,0.06,42.6,25.0,35.78,15.32
Nizamabad,18.6725,78.094,2020,3,0.5,36.41,29.66,39.55,17.84
Nizamabad,18.6725,78.094,2020,4,0.33,31.21,33.32,41.94,22.8
Nizamabad,18.6725,78.094,2020,5,1.01,31.3,34.98,44.67,25.55
Nizamabad,18.6725,78.094,2020,6,5.79,69.88,28.37,37.89,22.4
Nizamabad,18.6725,78.094,2020,7,6.51,81.89,26.55,33.34,21.35
Nizamabad,18.6725,78.094,2020,8,7.04,85.71,25.87,31.38,22.22
Nizamabad,18.6725,78.094,2020,9,6.87,86.43,25.94,31.26,21.36
Nizamabad,18.6725,78.094,2020,10,3.78,84.7,24.57,30.53,17.75
Nizamabad,18.6725,78.094,2020,11,0.06,78.0,21.56,30.48,11.48
Nizamabad,18.6725,78.094,2020,12,0.0,65.64,20.57,30.42,10.24
Nizamabad,18.6725,78.094,2020,13,2.7,62.7,26.58,44.67,10.24
Nizamabad,18.6725,78.094,2021,1,0.02,57.46,23.58,33.67,14.16
Nizamabad,18.6725,78.094,2021,2,0.04,33.95,24.44,37.29,12.06
Nizamabad,18.6725,78.094,2021,3,0.02,23.71,29.71,41.42,17.48
Nizamabad,18.6725,78.094,2021,4,0.37,29.37,32.54,41.68,22.2
Nizamabad,18.6725,78.094,2021,5,1.51,45.64,32.38,41.23,23.96
Nizamabad,18.6725,78.094,2021,6,5.62,72.6,27.79,38.16,22.02
Nizamabad,18.6725,78.094,2021,7,11.81,83.97,26.27,32.11,21.89
Nizamabad,18.6725,78.094,2021,8,5.32,85.31,25.8,31.16,21.76
Nizamabad,18.6725,78.094,2021,9,10.81,88.59,25.26,30.3,19.66
Nizamabad,18.6725,78.094,2021,10,1.65,83.2,24.16,30.6,16.38
Nizamabad,18.6725,78.094,2021,11,0.34,83.08,22.53,30.58,13.14
Nizamabad,18.6725,78.094,2021,12,0.02,69.88,20.55,29.6,9.6
Nizamabad,18.6725,78.094,2021,13,3.14,63.24,26.26,41.68,9.6
Nizamabad,18.6725,78.094,2022,1,0.67,61.35,20.74,32.17,8.78
Nizamabad,18.6725,78.094,2022,2,0.01,40.95,24.22,36.14,11.65
Nizamabad,18.6725,78.094,2022,3,0.01,24.62,30.35,42.04,18.01
Nizamabad,18.6725,78.094,2022,4,0.03,28.86,34.15,43.8,22.42
Nizamabad,18.6725,78.094,2022,5,1.0,38.75,33.89,43.55,23.93
Nizamabad,18.6725,78.094,2022,6,3.38,60.68,30.09,42.83,23.19
Nizamabad,18.6725,78.094,2022,7,20.42,86.58,25.54,35.52,21.67
Nizamabad,18.6725,78.094,2022,8,4.31,86.68,25.49,30.5,21.54
Nizamabad,18.6725,78.094,2022,9,7.18,86.79,25.4,31.97,20.12
Nizamabad,18.6725,78.094,2022,10,2.74,83.45,23.54,29.7,14.09
Nizamabad,18.6725,78.094,2022,11,0.0,74.91,20.58,29.15,11.5
Nizamabad,18.6725,78.094,2022,12,0.06,65.05,22.57,32.58,11.51
Nizamabad,18.6725,78.094,2022,13,3.35,61.71,26.38,43.8,8.78
Nizamabad,18.6725,78.094,2023,1,0.0,48.15,22.72,33.07,9.61
Nizamabad,18.6725,78.094,2023,2,0.0,22.81,25.48,37.88,12.81
Nizamabad,18.6725,78.094,2023,3,1.07,36.62,28.15,38.86,18.24
Nizamabad,18.6725,78.094,2023,4,2.76,36.92,31.65,41.92,20.16
Nizamabad,18.6725,78.094,2023,5,1.87,47.76,31.89,41.99,22.06
Nizamabad,18.6725,78.094,2023,6,1.91,47.51,32.12,41.95,21.78
Nizamabad,18.6725,78.094,2023,7,16.6,81.01,26.4,34.31,21.98
Nizamabad,18.6725,78.094,2023,8,1.93,83.72,25.79,30.96,21.6
Nizamabad,18.6725,78.094,2023,9,8.04,86.97,25.69,30.99,21.15
Nizamabad,18.6725,78.094,2023,10,0.05,76.93,23.85,30.55,14.08
Nizamabad,18.6725,78.094,2023,11,1.49,74.14,23.17,31.37,14.6
Nizamabad,18.6725,78.094,2023,12,0.06,63.94,20.83,30.97,10.75
Nizamabad,18.6725,78.094,2023,13,3.0,59.14,26.47,41.99,9.61
Nizamabad,18.6725,78.094,2024,1,0.0,50.12,23.4,33.3,12.06
Nizamabad,18.6725,78.094,2024,2,0.0,36.07,26.8,36.4,16.05
Nizamabad,18.6725,78.094,2024,3,0.54,32.24,30.42,41.73,18.71
Nizamabad,18.6725,78.094,2024,4,0.54,31.73,34.07,43.61,24.79
Nizamabad,18.6725,78.094,2024,5,2.11,42.93,33.3,43.89,23.52
Nizamabad,18.6725,78.094,2024,6,4.73,67.93,29.16,42.58,22.19
Nizamabad,18.6725,78.094,2024,7,8.09,81.62,26.4,34.23,21.56
Nizamabad,18.6725,78.094,2024,8,7.55,85.51,26.26,31.37,22.23
Nizamabad,18.6725,78.094,2024,9,7.82,87.37,25.36,30.49,20.55
Nizamabad,18.6725,78.094,2024,10,1.75,85.18,25.34,30.95,18.7
Nizamabad,18.6725,78.094,2024,11,0.05,74.79,21.25,30.09,12.41
Nizamabad,18.6725,78.094,2024,12,0.21,65.84,22.12,31.76,9.16
Nizamabad,18.6725,78.094,2024,13,2.79,61.88,26.99,43.89,9.16
Peddapalli,18.6149,79.3747,2000,1,0.0,34.33,23.69,36.16,10.68
Peddapalli,18.6149,79.3747,2000,2,1.31,50.46,25.86,36.12,12.94
Peddapalli,18.6149,79.3747,2000,3,0.01,25.36,28.91,40.49,14.42
Peddapalli,18.6149,79.3747,2000,4,0.04,25.54,35.53,46.48,21.09
Peddapalli,18.6149,79.3747,2000,5,0.74,40.05,34.2,45.82,24.84
Peddapalli,18.6149,79.3747,2000,6,4.02,68.31,28.93,36.65,23.21
Peddapalli,18.6149,79.3747,2000,7,5.74,77.46,27.25,35.41,22.19
Peddapalli,18.6149,79.3747,2000,8,9.07,82.0,26.71,33.74,21.85
Peddapalli,18.6149,79.3747,2000,9,2.12,82.19,26.44,32.37,21.56
Peddapalli,18.6149,79.3747,2000,10,0.35,67.29,26.75,35.96,15.99
Peddapalli,18.6149,79.3747,2000,11,0.03,52.64,24.84,35.17,14.68
Peddapalli,18.6149,79.3747,2000,12,0.01,25.37,22.57,33.46,12.19
Peddapalli,18.6149,79.3747,2000,13,1.96,52.54,27.64,46.48,10.68
Peddapalli,18.6149,79.3747,2001,1,0.16,36.22,23.72,35.72,10.98
Peddapalli,18.6149,79.3747,2001,2,0.0,24.5,26.89,40.03,13.32
Peddapalli,18.6149,79.3747,2001,3,0.56,35.84,30.84,41.85,20.49
Peddapalli,18.6149,79.3747,2001,4,1.96,42.4,32.37,44.71,21.91
Peddapalli,18.6149,79.3747,2001,5,0.13,30.3,36.63,46.6,27.48
Peddapalli,18.6149,79.3747,2001,6,2.97,64.56,29.17,41.46,21.31
Peddapalli,18.6149,79.3747,2001,7,3.5,68.32,28.57,38.19,23.08
Peddapalli,18.6149,79.3747,2001,8,6.77,83.92,26.19,32.02,22.23
Peddapalli,18.6149,79.3747,2001,9,2.2,79.2,27.14,34.9,22.42
Peddapalli,18.6149,79.3747,2001,10,3.1,79.23,25.43,33.02,16.58
Peddapalli,18.6149,79.3747,2001,11,0.1,65.06,24.61,33.72,14.07
Peddapalli,18.6149,79.3747,2001,12,0.0,44.71,21.99,33.51,12.98
Peddapalli,18.6149,79.3747,2001,13,1.8,54.68,27.8,46.6,10.98
Peddapalli,18.6149,79.3747,2002,1,1.26,52.87,22.52,34.9,11.28
Peddapalli,18.6149,79.3747,2002,2,0.03,40.11,26.8,38.24,16.23
Peddapalli,18.6149,79.3747,2002,3,0.13,29.56,31.06,41.63,18.95
Peddapalli,18.6149,79.3747,2002,4,0.09,28.41,35.33,45.0,24.03
Peddapalli,18.6149,79.3747,2002,5,0.96,31.84,36.61,46.77,26.64
Peddapalli,18.6149,79.3747,2002,6,5.5,64.2,30.52,40.19,23.88
Peddapalli,18.6149,79.3747,2002,7,3.25,69.87,28.79,36.57,23.5
Peddapalli,18.6149,79.3747,2002,8,11.62,84.34,26.15,31.79,21.13
Peddapalli,18.6149,79.3747,2002,9,1.39,80.08,26.45,33.1,21.06
Peddapalli,18.6149,79.3747,2002,10,1.59,69.67,26.14,35.23,16.25
Peddapalli,18.6149,79.3747,2002,11,0.05,47.59,24.32,34.95,14.06
Peddapalli,18.6149,79.3747,2002,12,0.02,39.96,23.98,34.67,14.04
Peddapalli,18.6149,79.3747,2002,13,2.18,53.3,28.22,46.77,11.28
Peddapalli,18.6149,79.3747,2003,1,0.0,38.1,24.09,36.04,10.46
Peddapalli,18.6149,79.3747,2003,2,0.15,42.91,28.08,38.26,17.62
Peddapalli,18.6149,79.3747,2003,3,0.25,34.63,30.63,41.53,16.06
Peddapalli,18.6149,79.3747,2003,4,0.34,30.85,34.76,45.58,22.97
Peddapalli,18.6149,79.3747,2003,5,0.0,21.86,36.63,46.25,26.09
Peddapalli,18.6149,79.3747,2003,6,3.51,51.61,32.44,47.08,24.1
Peddapalli,18.6149,79.3747,2003,7,11.21,81.79,27.0,33.02,23.41
Peddapalli,18.6149,79.3747,2003,8,7.11,86.85,26.1,31.15,21.83
Peddapalli,18.6149,79.3747,2003,9,2.96,86.11,26.12,31.18,22.37
Peddapalli,18.6149,79.3747,2003,10,4.21,83.88,25.01,31.66,15.32
Peddapalli,18.6149,79.3747,2003,11,0.02,72.93,22.39,30.22,13.54
Peddapalli,18.6149,79.3747,2003,12,0.24,64.06,20.79,30.81,11.11
Peddapalli,18.6149,79.3747,2003,13,2.53,58.06,27.82,47.08,10.46
Peddapalli,18.6149,79.3747,2004,1,1.34,60.65,21.8,33.43,11.88
Peddapalli,18.6149,79.3747,2004,2,0.79,50.21,23.47,38.08,9.24
Peddapalli,18.6149,79.3747,2004,3,0.24,29.78,30.97,42.57,18.75
Peddapalli,18.6149,79.3747,2004,4,0.55,34.33,34.0,45.48,22.36
Peddapalli,18.6149,79.3747,2004,5,0.6,44.7,33.62,43.88,25.42
Peddapalli,18.6149,79.3747,2004,6,1.63,53.48,31.64,42.83,24.15
Peddapalli,18.6149,79.3747,2004,7,7.94,79.33,27.12,34.66,22.74
Peddapalli,18.6149,79.3747,2004,8,2.72,80.25,26.86,32.86,22.31
Peddapalli,18.6149,79.3747,2004,9,2.51,79.51,27.05,33.36,22.31
Peddapalli,18.6149,79.3747,2004,10,2.47,74.4,25.43,32.71,15.23
Peddapalli,18.6149,79.3747,2004,11,0.1,60.13,24.07,33.75,13.93
Peddapalli,18.6149,79.3747,2004,12,0.0,47.87,22.24,32.78,13.0
Peddapalli,18.6149,79.3747,2004,13,1.75,57.94,27.36,45.48,9.24
Peddapalli,18.6149,79.3747,2005,1,1.61,48.15,23.64,34.14,11.81
Peddapalli,18.6149,79.3747,2005,2,0.08,45.47,26.1,38.68,11.75
Peddapalli,18.6149,79.3747,2005,3,0.19,32.65,30.37,42.14,18.53
Peddapalli,18.6149,79.3747,2005,4,0.3,35.34,33.82,43.5,25.06
Peddapalli,18.6149,79.3747,2005,5,0.51,29.68,36.02,46.44,25.38
Peddapalli,18.6149,79.3747,2005,6,5.73,52.81,32.75,45.35,22.97
Peddapalli,18.6149,79.3747,2005,7,11.29,82.76,26.87,34.69,21.87
Peddapalli,18.6149,79.3747,2005,8,4.51,86.14,26.28,31.51,22.72
Peddapalli,18.6149,79.3747,2005,9,8.38,87.52,26.19,30.99,21.53
Peddapalli,18.6149,79.3747,2005,10,5.6,85.51,24.78,31.56,18.0
Peddapalli,18.6149,79.3747,2005,11,0.03,74.56,19.75,27.44,11.3
Peddapalli,18.6149,79.3747,2005,12,0.22,67.99,19.33,28.39,9.05
Peddapalli,18.6149,79.3747,2005,13,3.23,60.82,27.16,46.44,9.05
Peddapalli,18.6149,79.3747,2006,1,0.0,51.63,21.29,34.16,8.66
Peddapalli,18.6149,79.3747,2006,2,0.0,34.86,26.27,38.76,14.14
Peddapalli,18.6149,79.3747,2006,3,1.42,46.0,28.92,40.84,16.98
Peddapalli,18.6149,79.3747,2006,4,1.32,35.94,33.51,44.92,22.26
Peddapalli,18.6149,79.3747,2006,5,2.09,49.38,33.02,45.0,24.86
Peddapalli,18.6149,79.3747,2006,6,2.94,57.92,30.99,40.48,24.48
Peddapalli,18.6149,79.3747,2006,7,6.01,73.53,28.01,36.46,22.58
Peddapalli,18.6149,79.3747,2006,8,10.88,84.59,26.18,32.39,21.85
Peddapalli,18.6149,79.3747,2006,9,10.09,85.97,26.11,32.07,20.72
Peddapalli,18.6149,79.3747,2006,10,1.21,78.96,25.37,32.18,18.25
Peddapalli,18.6149,79.3747,2006,11,1.15,77.4,22.88,30.46,14.41
Peddapalli,18.6149,79.3747,2006,12,0.0,65.79,21.92,30.86,11.51
Peddapalli,18.6149,79.3747,2006,13,3.11,62.03,27.03,45.0,8.66
Peddapalli,18.6149,79.3747,2007,1,0.0,51.54,22.79,34.16,12.54
Peddapalli,18.6149,79.3747,2007,2,0.03,41.12,26.05,37.7,15.13
Peddapalli,18.6149,79.3747,2007,3,0.01,31.15,30.49,41.83,17.98
Peddapalli,18.6149,79.3747,2007,4,0.5,32.57,34.01,44.17,23.62
Peddapalli,18.6149,79.3747,2007,5,0.88,30.09,36.58,45.82,26.8
Peddapalli,18.6149,79.3747,2007,6,5.3,64.8,30.5,41.38,23.78
Peddapalli,18.6149,79.3747,2007,7,2.81,74.91,28.09,35.96,23.12
Peddapalli,18.6149,79.3747,2007,8,6.58,82.33,26.71,32.89,22.31
Peddapalli,18.6149,79.3747,2007,9,9.08,87.41,26.25,31.5,21.68
Peddapalli,18.6149,79.3747,2007,10,0.79,79.27,23.19,30.19,15.35
Peddapalli,18.6149,79.3747,2007,11,0.09,66.63,21.84,30.66,11.0
Peddapalli,18.6149,79.3747,2007,12,0.0,59.05,22.59,34.1,13.25
Peddapalli,18.6149,79.3747,2007,13,2.17,58.5,27.43,45.82,11.0
Peddapalli,18.6149,79.3747,2008,1,0.07,40.94,22.91,33.75,11.56
Peddapalli,18.6149,79.3747,2008,2,0.72,44.37,24.99,36.8,10.95
Peddapalli,18.6149,79.3747,2008,3,4.1,42.2,29.01,40.35,17.52
Peddapalli,18.6149,79.3747,2008,4,0.12,41.56,31.96,44.45,20.24
Peddapalli,18.6149,79.3747,2008,5,0.29,24.59,36.09,45.58,26.2
Peddapalli,18.6149,79.3747,2008,6,4.53,63.56,29.55,42.36,23.4
Peddapalli,18.6149,79.3747,2008,7,5.55,73.68,28.03,36.17,22.83
Peddapalli,18.6149,79.3747,2008,8,10.08,85.4,26.25,31.93,22.31
Peddapalli,18.6149,79.3747,2008,9,7.19,85.72,25.9,31.67,19.74
Peddapalli,18.6149,79.3747,2008,10,1.17,77.34,24.8,31.03,14.44
Peddapalli,18.6149,79.3747,2008,11,0.65,70.51,23.37,32.0,13.4
Peddapalli,18.6149,79.3747,2008,12,0.0,52.83,23.16,32.76,12.85
Peddapalli,18.6149,79.3747,2008,13,2.88,58.56,27.17,45.58,10.95
Peddapalli,18.6149,79.3747,2009,1,0.0,47.3,24.01,37.04,13.71
Peddapalli,18.6149,79.3747,2009,2,0.0,30.3,27.94,40.8,16.92
Peddapalli,18.6149,79.3747,2009,3,0.18,26.02,30.93,42.19,19.75
Peddapalli,18.6149,79.3747,2009,4,0.27,26.01,34.29,44.87,23.28
Peddapalli,18.6149,79.3747,2009,5,0.88,33.57,35.71,46.19,26.94
Peddapalli,18.6149,79.3747,2009,6,4.02,55.18,31.96,42.77,24.8
Peddapalli,18.6149,79.3747,2009,7,5.47,76.14,27.67,34.49,22.8
Peddapalli,18.6149,79.3747,2009,8,7.67,79.46,27.49,35.27,22.74
Peddapalli,18.6149,79.3747,2009,9,2.61,83.19,27.07,33.03,22.15
Peddapalli,18.6149,79.3747,2009,10,1.81,71.87,25.48,33.18,15.97
Peddapalli,18.6149,79.3747,2009,11,2.58,70.93,23.81,34.48,11.59
Peddapalli,18.6149,79.3747,2009,12,0.06,60.42,22.26,31.54,12.08
Peddapalli,18.6149,79.3747,2009,13,2.14,55.19,28.21,46.19,11.59
Peddapalli,18.6149,79.3747,2010,1,0.24,44.06,22.18,33.05,11.43
Peddapalli,18.6149,79.3747,2010,2,0.3,37.98,27.55,38.34,14.92
Peddapalli,18.6149,79.3747,2010,3,0.01,27.37,32.38,43.2,18.54
Peddapalli,18.6149,79.3747,2010,4,0.08,27.23,35.69,45.46,22.13
Peddapalli,18.6149,79.3747,2010,5,0.51,33.91,36.2,47.1,25.97
Peddapalli,18.6149,79.3747,2010,6,2.58,52.7,32.72,45.48,24.98
Peddapalli,18.6149,79.3747,2010,7,12.66,83.66,26.95,33.74,22.89
Peddapalli,18.6149,79.3747,2010,8,12.31,86.79,26.53,31.9,21.15
Peddapalli,18.6149,79.3747,2010,9,8.92,88.2,25.82,30.74,21.24
Peddapalli,18.6149,79.3747,2010,10,3.0,85.97,24.97,31.21,15.74
Peddapalli,18.6149,79.3747,2010,11,0.94,85.11,24.16,29.93,18.19
Peddapalli,18.6149,79.3747,2010,12,0.47,75.37,19.79,28.3,9.03
Peddapalli,18.6149,79.3747,2010,13,3.53,60.85,27.9,47.1,9.03
Peddapalli,18.6149,79.3747,2011,1,0.0,59.73,20.17,32.66,8.81
Peddapalli,18.6149,79.3747,2011,2,0.44,51.93,24.87,34.77,14.46
Peddapalli,18.6149,79.3747,2011,3,0.06,32.11,29.97,41.5,18.55
Peddapalli,18.6149,79.3747,2011,4,0.17,37.19,32.71,43.34,21.34
Peddapalli,18.6149,79.3747,2011,5,0.46,29.83,35.99,45.73,27.3
Peddapalli,18.6149,79.3747,2011,6,2.83,58.13,30.97,42.33,24.72
Peddapalli,18.6149,79.3747,2011,7,6.66,76.16,27.84,34.96,23.38
Peddapalli,18.6149,79.3747,2011,8,6.4,82.81,26.71,34.02,22.27
Peddapalli,18.6149,79.3747,2011,9,2.45,83.37,26.39,32.36,21.02
Peddapalli,18.6149,79.3747,2011,10,0.55,70.73,26.37,34.65,17.81
Peddapalli,18.6149,79.3747,2011,11,0.03,53.79,24.78,34.54,15.08
Peddapalli,18.6149,79.3747,2011,12,0.02,40.75,22.96,34.36,13.05
Peddapalli,18.6149,79.3747,2011,13,1.69,56.39,27.49,45.73,8.81
Peddapalli,18.6149,79.3747,2012,1,0.07,43.13,24.18,35.36,9.25
Peddapalli,18.6149,79.3747,2012,2,0.0,29.96,26.52,39.71,12.8
Peddapalli,18.6149,79.3747,2012,3,0.01,19.4,29.59,41.63,15.46
Peddapalli,18.6149,79.3747,2012,4,0.29,31.93,34.52,43.72,24.06
Peddapalli,18.6149,79.3747,2012,5,0.12,26.19,36.89,46.19,26.78
Peddapalli,18.6149,79.3747,2012,6,2.95,55.0,31.41,45.65,24.56
Peddapalli,18.6149,79.3747,2012,7,9.3,78.11,27.19,35.46,21.95
Peddapalli,18.6149,79.3747,2012,8,7.61,83.59,26.45,32.32,22.4
Peddapalli,18.6149,79.3747,2012,9,5.3,86.27,26.09,31.6,21.28
Peddapalli,18.6149,79.3747,2012,10,2.03,79.34,24.43,31.19,14.86
Peddapalli,18.6149,79.3747,2012,11,0.7,75.34,22.8,31.45,10.24
Peddapalli,18.6149,79.3747,2012,12,0.0,58.38,22.75,33.71,11.44
Peddapalli,18.6149,79.3747,2012,13,2.38,55.62,27.73,46.19,9.25
Peddapalli,18.6149,79.3747,2013,1,0.11,47.2,24.19,34.94,13.18
Peddapalli,18.6149,79.3747,2013,2,0.91,47.17,25.8,36.69,12.1
Peddapalli,18.6149,79.3747,2013,3,0.01,31.0,30.21,41.64,15.56
Peddapalli,18.6149,79.3747,2013,4,1.33,36.32,33.29,43.41,23.84
Peddapalli,18.6149,79.3747,2013,5,0.38,31.52,36.57,47.95,26.73
Peddapalli,18.6149,79.3747,2013,6,7.07,73.35,28.38,37.22,22.96
Peddapalli,18.6149,79.3747,2013,7,13.2,83.12,26.42,33.44,22.56
Peddapalli,18.6149,79.3747,2013,8,5.14,86.66,25.83,31.29,22.35
Peddapalli,18.6149,79.3747,2013,9,4.8,85.16,26.24,31.01,21.67
Peddapalli,18.6149,79.3747,2013,10,6.67,85.37,24.88,30.62,15.69
Peddapalli,18.6149,79.3747,2013,11,0.26,81.43,21.72,29.25,12.02
Peddapalli,18.6149,79.3747,2013,12,0.0,71.82,19.68,29.08,9.72
Peddapalli,18.6149,79.3747,2013,13,3.34,63.41,26.94,47.95,9.72
Peddapalli,18.6149,79.3747,2014,1,0.0,63.66,22.16,30.95,12.92
Peddapalli,18.6149,79.3747,2014,2,0.18,44.6,24.7,35.27,12.82
Peddapalli,18.6149,79.3747,2014,3,2.08,50.79,28.19,42.29,16.35
Peddapalli,18.6149,79.3747,2014,4,0.39,29.08,34.01,43.6,23.53
Peddapalli,18.6149,79.3747,2014,5,1.93,41.98,33.87,45.38,23.43
Peddapalli,18.6149,79.3747,2014,6,1.8,46.57,33.57,45.4,25.71
Peddapalli,18.6149,79.3747,2014,7,5.08,69.16,28.68,40.29,23.32
Peddapalli,18.6149,79.3747,2014,8,4.67,75.31,27.91,35.47,23.42
Peddapalli,18.6149,79.3747,2014,9,3.98,80.76,26.21,32.99,20.05
Peddapalli,18.6149,79.3747,2014,10,0.52,68.77,26.35,35.82,15.74
Peddapalli,18.6149,79.3747,2014,11,0.08,53.92,24.76,34.65,14.56
Peddapalli,18.6149,79.3747,2014,12,0.03,46.07,22.22,33.24,10.76
Peddapalli,18.6149,79.3747,2014,13,1.74,56.02,27.72,45.4,10.76
Peddapalli,18.6149,79.3747,2015,1,0.87,50.87,21.1,34.37,9.08
Peddapalli,18.6149,79.3747,2015,2,0.08,35.27,25.95,37.56,13.61
Peddapalli,18.6149,79.3747,2015,3,0.84,40.92,29.22,40.77,15.99
Peddapalli,18.6149,79.3747,2015,4,1.27,40.08,32.02,43.27,19.88
Peddapalli,18.6149,79.3747,2015,5,0.19,30.67,36.04,47.11,25.79
Peddapalli,18.6149,79.3747,2015,6,5.02,62.1,30.42,41.34,23.58
Peddapalli,18.6149,79.3747,2015,7,3.23,67.53,29.28,36.78,23.43
Peddapalli,18.6149,79.3747,2015,8,3.25,75.34,27.96,36.04,23.17
Peddapalli,18.6149,79.3747,2015,9,3.52,75.88,27.67,35.02,19.93
Peddapalli,18.6149,79.3747,2015,10,0.33,61.09,28.12,37.52,20.47
Peddapalli,18.6149,79.3747,2015,11,0.01,54.84,26.77,35.67,18.7
Peddapalli,18.6149,79.3747,2015,12,0.0,43.72,25.5,36.38,11.57
Peddapalli,18.6149,79.3747,2015,13,1.55,53.28,28.35,47.11,9.08
Peddapalli,18.6149,79.3747,2016,1,0.07,36.91,23.64,36.91,11.26
Peddapalli,18.6149,79.3747,2016,2,0.31,37.76,28.32,40.35,15.61
Peddapalli,18.6149,79.3747,2016,3,0.11,36.59,31.27,41.9,20.6
Peddapalli,18.6149,79.3747,2016,4,0.21,27.93,35.42,45.25,23.95
Peddapalli,18.6149,79.3747,2016,5,1.15,36.81,35.48,45.29,25.24
Peddapalli,18.6149,79.3747,2016,6,6.42,62.78,30.69,44.13,24.08
Peddapalli,18.6149,79.3747,2016,7,9.94,81.76,26.97,33.1,22.71
Peddapalli,18.6149,79.3747,2016,8,3.39,81.45,26.89,32.58,22.44
Peddapalli,18.6149,79.3747,2016,9,8.24,86.73,25.85,31.65,20.59
Peddapalli,18.6149,79.3747,2016,10,2.92,79.8,23.89,30.9,15.74
Peddapalli,18.6149,79.3747,2016,11,0.0,70.17,21.02,30.86,11.55
Peddapalli,18.6149,79.3747,2016,12,0.01,57.22,20.62,30.99,10.22
Peddapalli,18.6149,79.3747,2016,13,2.73,58.06,27.49,45.29,10.22
Peddapalli,18.6149,79.3747,2017,1,0.0,42.96,22.27,34.53,11.35
Peddapalli,18.6149,79.3747,2017,2,0.0,28.38,26.3,39.14,15.11
Peddapalli,18.6149,79.3747,2017,3,0.74,32.1,29.71,43.18,17.0
Peddapalli,18.6149,79.3747,2017,4,0.03,20.94,34.72,45.46,21.5
Peddapalli,18.6149,79.3747,2017,5,0.94,33.01,36.07,45.97,25.6
Peddapalli,18.6149,79.3747,2017,6,6.99,68.86,29.66,43.3,23.41
Peddapalli,18.6149,79.3747,2017,7,8.64,76.31,27.77,34.41,23.3
Peddapalli,18.6149,79.3747,2017,8,5.14,81.66,26.78,32.7,21.27
Peddapalli,18.6149,79.3747,2017,9,3.73,82.6,27.04,32.59,22.36
Peddapalli,18.6149,79.3747,2017,10,3.36,79.31,25.75,32.09,16.71
Peddapalli,18.6149,79.3747,2017,11,0.38,69.86,23.2,32.98,12.79
Peddapalli,18.6149,79.3747,2017,12,0.0,52.94,21.24,31.77,11.81
Peddapalli,18.6149,79.3747,2017,13,2.51,55.92,27.54,45.97,11.35
Peddapalli,18.6149,79.3747,2018,1,0.0,33.76,21.88,33.41,11.42
Peddapalli,18.6149,79.3747,2018,2,0.08,33.31,25.94,38.11,14.29
Peddapalli,18.6149,79.3747,2018,3,0.13,26.01,30.71,42.27,18.77
Peddapalli,18.6149,79.3747,2018,4,0.51,34.29,33.95,45.43,23.09
Peddapalli,18.6149,79.3747,2018,5,0.7,37.9,35.45,45.06,25.81
Peddapalli,18.6149,79.3747,2018,6,5.48,64.65,30.04,40.71,23.56
Peddapalli,18.6149,79.3747,2018,7,7.55,79.07,27.07,35.44,23.14
Peddapalli,18.6149,79.3747,2018,8,10.84,83.47,26.31,32.76,21.99
Peddapalli,18.6149,79.3747,2018,9,2.46,81.86,26.06,31.55,20.08
Peddapalli,18.6149,79.3747,2018,10,0.08,67.82,25.97,34.87,16.26
Peddapalli,18.6149,79.3747,2018,11,0.0,53.26,25.63,35.34,14.62
Peddapalli,18.6149,79.3747,2018,12,0.67,54.27,22.02,33.13,8.73
Peddapalli,18.6149,79.3747,2018,13,2.4,54.26,27.58,45.43,8.73
Peddapalli,18.6149,79.3747,2019,1,0.59,44.27,21.41,33.2,7.4
Peddapalli,18.6149,79.3747,2019,2,0.02,40.28,25.78,39.86,10.18
Peddapalli,18.6149,79.3747,2019,3,0.04,31.07,30.91,43.69,17.33
Peddapalli,18.6149,79.3747,2019,4,0.68,31.61,34.46,45.3,23.38
Peddapalli,18.6149,79.3747,2019,5,0.11,26.99,37.07,46.45,27.7
Peddapalli,18.6149,79.3747,2019,6,2.48,49.3,33.56,45.06,24.37
Peddapalli,18.6149,79.3747,2019,7,7.03,71.42,28.66,37.71,23.21
Peddapalli,18.6149,79.3747,2019,8,11.14,85.24,26.55,32.46,22.35
Peddapalli,18.6149,79.3747,2019,9,7.1,87.32,26.4,31.37,22.76
Peddapalli,18.6149,79.3747,2019,10,5.01,86.96,25.32,30.27,21.37
Peddapalli,18.6149,79.3747,2019,11,0.2,83.01,22.3,29.54,14.13
Peddapalli,18.6149,79.3747,2019,12,0.04,78.76,20.77,28.26,9.46
Peddapalli,18.6149,79.3747,2019,13,2.9,59.81,27.77,46.45,7.4
Peddapalli,18.6149,79.3747,2020,1,0.26,67.75,21.74,33.07,10.39
Peddapalli,18.6149,79.3747,2020,2,0.2,52.15,24.47,35.35,13.57
Peddapalli,18.6149,79.3747,2020,3,0.68,43.87,29.71,40.31,20.16
Peddapalli,18.6149,79.3747,2020,4,0.6,34.36,33.85,43.08,24.86
Peddapalli,18.6149,79.3747,2020,5,1.35,33.57,35.78,46.36,26.42
Peddapalli,18.6149,79.3747,2020,6,6.74,72.0,29.16,38.7,23.12
Peddapalli,18.6149,79.3747,2020,7,10.17,83.27,27.32,33.61,22.59
Peddapalli,18.6149,79.3747,2020,8,16.66,88.36,26.46,32.04,22.48
Peddapalli,18.6149,79.3747,2020,9,7.57,87.51,26.7,31.36,22.76
Peddapalli,18.6149,79.3747,2020,10,4.11,86.38,25.13,30.66,18.03
Peddapalli,18.6149,79.3747,2020,11,0.14,82.33,22.02,30.02,12.6
Peddapalli,18.6149,79.3747,2020,12,0.0,69.99,20.52,28.53,9.16
Peddapalli,18.6149,79.3747,2020,13,4.06,66.85,26.91,46.36,9.16
Peddapalli,18.6149,79.3747,2021,1,0.03,64.22,22.97,32.89,13.9
Peddapalli,18.6149,79.3747,2021,2,0.04,40.37,24.34,37.97,11.69
Peddapalli,18.6149,79.3747,2021,3,0.0,26.67,30.03,42.83,17.02
Peddapalli,18.6149,79.3747,2021,4,0.41,31.6,33.26,42.81,22.57
Peddapalli,18.6149,79.3747,2021,5,1.36,43.52,33.92,43.33,25.83
Peddapalli,18.6149,79.3747,2021,6,8.36,75.0,28.37,37.07,23.55
Peddapalli,18.6149,79.3747,2021,7,11.84,84.66,27.07,32.58,22.73
Peddapalli,18.6149,79.3747,2021,8,5.58,85.31,26.74,32.1,22.21
Peddapalli,18.6149,79.3747,2021,9,9.66,87.41,26.37,31.46,21.15
Peddapalli,18.6149,79.3747,2021,10,1.04,83.66,25.11,30.95,17.0
Peddapalli,18.6149,79.3747,2021,11,1.47,83.01,23.62,30.45,14.16
Peddapalli,18.6149,79.3747,2021,12,0.04,71.94,21.03,29.41,8.9
Peddapalli,18.6149,79.3747,2021,13,3.33,64.93,26.91,43.33,8.9
Peddapalli,18.6149,79.3747,2022,1,2.12,68.29,20.48,31.06,7.94
Peddapalli,18.6149,79.3747,2022,2,0.0,51.15,23.4,35.91,10.6
Peddapalli,18.6149,79.3747,2022,3,0.0,28.84,30.82,43.11,16.52
Peddapalli,18.6149,79.3747,2022,4,0.01,31.0,35.0,45.27,24.38
Peddapalli,18.6149,79.3747,2022,5,0.82,40.16,34.72,45.11,26.87
Peddapalli,18.6149,79.3747,2022,6,5.21,60.4,31.31,44.92,24.22
Peddapalli,18.6149,79.3747,2022,7,21.11,86.79,26.45,34.47,21.85
Peddapalli,18.6149,79.3747,2022,8,8.69,87.48,26.38,31.47,22.2
Peddapalli,18.6149,79.3747,2022,9,7.16,87.35,26.21,31.77,21.33
Peddapalli,18.6149,79.3747,2022,10,1.56,83.92,24.25,30.47,13.61
Peddapalli,18.6149,79.3747,2022,11,0.01,75.03,21.56,29.93,12.47
Peddapalli,18.6149,79.3747,2022,12,0.04,66.36,23.11,33.19,12.4
Peddapalli,18.6149,79.3747,2022,13,3.93,64.01,26.99,45.27,7.94
Peddapalli,18.6149,79.3747,2023,1,0.01,53.69,22.99,32.93,9.59
Peddapalli,18.6149,79.3747,2023,2,0.0,27.0,25.91,38.24,13.66
Peddapalli,18.6149,79.3747,2023,3,1.09,40.13,28.97,40.36,18.94
Peddapalli,18.6149,79.3747,2023,4,2.87,38.27,32.6,43.57,22.41
Peddapalli,18.6149,79.3747,2023,5,1.21,44.75,33.33,43.8,22.87
Peddapalli,18.6149,79.3747,2023,6,1.45,43.81,33.87,44.1,22.82
Peddapalli,18.6149,79.3747,2023,7,21.57,81.0,27.44,36.5,22.86
Peddapalli,18.6149,79.3747,2023,8,2.79,84.8,26.6,31.14,22.45
Peddapalli,18.6149,79.3747,2023,9,6.86,86.31,26.69,31.8,22.57
Peddapalli,18.6149,79.3747,2023,10,0.1,77.83,24.58,31.38,14.21
Peddapalli,18.6149,79.3747,2023,11,0.39,73.51,24.13,32.43,15.93
Peddapalli,18.6149,79.3747,2023,12,0.49,63.92,21.53,33.65,10.64
Peddapalli,18.6149,79.3747,2023,13,3.27,59.84,27.38,44.1,9.59
Peddapalli,18.6149,79.3747,2024,1,0.0,54.4,23.76,33.13,13.21
Peddapalli,18.6149,79.3747,2024,2,0.01,40.52,27.23,37.07,17.1
Peddapalli,18.6149,79.3747,2024,3,0.2,33.51,31.42,42.81,20.96
Peddapalli,18.6149,79.3747,2024,4,0.18,29.4,35.33,45.63,25.49
Peddapalli,18.6149,79.3747,2024,5,2.81,46.43,33.84,45.39,23.82
Peddapalli,18.6149,79.3747,2024,6,5.42,65.93,30.48,39.68,23.28
Peddapalli,18.6149,79.3747,2024,7,12.53,83.04,27.17,35.03,22.65
Peddapalli,18.6149,79.3747,2024,8,7.69,86.52,27.06,31.93,23.12
Peddapalli,18.6149,79.3747,2024,9,5.72,87.38,26.32,31.32,21.61
Peddapalli,18.6149,79.3747,2024,10,1.32,84.64,26.34,31.91,19.53
Peddapalli,18.6149,79.3747,2024,11,0.12,75.21,22.31,30.54,13.73
Peddapalli,18.6149,79.3747,2024,12,0.26,69.2,22.73,31.91,9.26
Peddapalli,18.6149,79.3747,2024,13,3.04,63.12,27.83,45.63,9.26
Rajanna Sircilla,18.3866,78.8331,2000,1,0.0,31.28,23.11,35.69,10.5
Rajanna Sircilla,18.3866,78.8331,2000,2,1.54,45.98,24.99,35.61,12.7
Rajanna Sircilla,18.3866,78.8331,2000,3,0.01,24.46,28.04,40.07,14.35
Rajanna Sircilla,18.3866,78.8331,2000,4,0.02,23.19,34.7,45.37,20.0
Rajanna Sircilla,18.3866,78.8331,2000,5,1.13,41.6,33.02,45.05,23.88
Rajanna Sircilla,18.3866,78.8331,2000,6,5.8,71.83,27.7,34.79,22.37
Rajanna Sircilla,18.3866,78.8331,2000,7,4.78,79.74,26.14,32.57,21.37
Rajanna Sircilla,18.3866,78.8331,2000,8,10.59,83.25,25.78,32.59,20.83
Rajanna Sircilla,18.3866,78.8331,2000,9,2.0,83.16,25.53,31.48,20.31
Rajanna Sircilla,18.3866,78.8331,2000,10,0.48,65.5,26.19,35.46,16.79
Rajanna Sircilla,18.3866,78.8331,2000,11,0.04,50.33,24.39,34.65,14.23
Rajanna Sircilla,18.3866,78.8331,2000,12,0.06,22.07,22.21,33.21,11.34
Rajanna Sircilla,18.3866,78.8331,2000,13,2.21,51.84,26.81,45.37,10.5
Rajanna Sircilla,18.3866,78.8331,2001,1,0.23,35.46,23.23,35.23,11.44
Rajanna Sircilla,18.3866,78.8331,2001,2,0.0,21.58,26.42,39.01,13.24
Rajanna Sircilla,18.3866,78.8331,2001,3,0.85,35.1,29.85,40.57,20.19
Rajanna Sircilla,18.3866,78.8331,2001,4,1.4,39.19,31.93,44.28,21.23
Rajanna Sircilla,18.3866,78.8331,2001,5,0.15,29.45,35.62,45.4,25.79
Rajanna Sircilla,18.3866,78.8331,2001,6,4.67,68.41,27.86,40.46,20.8
Rajanna Sircilla,18.3866,78.8331,2001,7,2.93,70.54,27.46,36.58,22.14
Rajanna Sircilla,18.3866,78.8331,2001,8,7.32,85.58,25.18,30.95,21.2
Rajanna Sircilla,18.3866,78.8331,2001,9,3.12,80.68,26.15,33.74,21.43
Rajanna Sircilla,18.3866,78.8331,2001,10,3.6,81.79,24.22,31.0,15.51
Rajanna Sircilla,18.3866,78.8331,2001,11,0.03,66.42,23.4,32.44,13.26
Rajanna Sircilla,18.3866,78.8331,2001,12,0.0,42.42,21.31,32.7,12.19
Rajanna Sircilla,18.3866,78.8331,2001,13,2.04,54.89,26.88,45.4,11.44
Rajanna Sircilla,18.3866,78.8331,2002,1,0.86,48.22,22.05,34.72,10.28
Rajanna Sircilla,18.3866,78.8331,2002,2,0.05,37.61,26.36,37.75,15.92
Rajanna Sircilla,18.3866,78.8331,2002,3,0.2,26.86,30.36,41.16,18.77
Rajanna Sircilla,18.3866,78.8331,2002,4,0.09,25.6,34.53,44.03,21.94
Rajanna Sircilla,18.3866,78.8331,2002,5,1.37,34.54,35.28,45.21,25.09
Rajanna Sircilla,18.3866,78.8331,2002,6,5.82,65.35,29.59,39.79,23.18
Rajanna Sircilla,18.3866,78.8331,2002,7,3.02,71.37,27.79,35.37,22.48
Rajanna Sircilla,18.3866,78.8331,2002,8,10.08,84.97,25.33,31.01,20.46
Rajanna Sircilla,18.3866,78.8331,2002,9,1.44,79.6,25.76,33.61,20.26
Rajanna Sircilla,18.3866,78.8331,2002,10,2.05,67.89,25.53,35.91,16.45
Rajanna Sircilla,18.3866,78.8331,2002,11,0.04,45.97,23.71,34.54,13.37
Rajanna Sircilla,18.3866,78.8331,2002,12,0.01,37.29,23.48,34.34,13.69
Rajanna Sircilla,18.3866,78.8331,2002,13,2.11,52.2,27.48,45.21,10.28
Rajanna Sircilla,18.3866,78.8331,2003,1,0.0,36.34,23.56,35.9,9.52
Rajanna Sircilla,18.3866,78.8331,2003,2,0.21,40.46,27.5,37.98,17.05
Rajanna Sircilla,18.3866,78.8331,2003,3,0.33,32.71,30.05,40.66,15.58
Rajanna Sircilla,18.3866,78.8331,2003,4,0.55,29.77,33.92,44.39,21.88
Rajanna Sircilla,18.3866,78.8331,2003,5,0.0,20.74,35.66,44.84,24.45
Rajanna Sircilla,18.3866,78.8331,2003,6,3.25,52.8,31.38,45.75,22.88
Rajanna Sircilla,18.3866,78.8331,2003,7,10.44,82.56,26.17,32.21,22.56
Rajanna Sircilla,18.3866,78.8331,2003,8,6.54,87.15,25.32,30.67,20.52
Rajanna Sircilla,18.3866,78.8331,2003,9,2.62,86.45,25.33,30.52,21.44
Rajanna Sircilla,18.3866,78.8331,2003,10,3.96,82.77,24.32,31.01,14.13
Rajanna Sircilla,18.3866,78.8331,2003,11,0.01,71.02,21.99,30.58,13.76
Rajanna Sircilla,18.3866,78.8331,2003,12,0.06,58.93,20.67,31.71,10.88
Rajanna Sircilla,18.3866,78.8331,2003,13,2.36,56.91,27.14,45.75,9.52
Rajanna Sircilla,18.3866,78.8331,2004,1,1.18,55.77,21.74,33.52,12.13
Rajanna Sircilla,18.3866,78.8331,2004,2,0.54,43.97,23.4,38.14,8.87
Rajanna Sircilla,18.3866,78.8331,2004,3,0.4,25.7,30.62,42.23,17.97
Rajanna Sircilla,18.3866,78.8331,2004,4,0.94,35.67,32.75,44.14,20.47
Rajanna Sircilla,18.3866,78.8331,2004,5,0.94,47.86,32.27,42.39,24.5
Rajanna Sircilla,18.3866,78.8331,2004,6,1.54,56.13,30.45,41.99,22.82
Rajanna Sircilla,18.3866,78.8331,2004,7,8.2,80.38,26.19,33.84,22.02
Rajanna Sircilla,18.3866,78.8331,2004,8,2.59,81.89,25.84,31.75,21.46
Rajanna Sircilla,18.3866,78.8331,2004,9,3.25,80.87,26.1,33.0,21.3
Rajanna Sircilla,18.3866,78.8331,2004,10,2.29,73.35,24.61,32.63,14.59
Rajanna Sircilla,18.3866,78.8331,2004,11,0.15,58.06,23.57,33.24,14.11
Rajanna Sircilla,18.3866,78.8331,2004,12,0.0,42.21,21.91,32.56,12.88
Rajanna Sircilla,18.3866,78.8331,2004,13,1.85,56.88,26.62,44.14,8.87
Rajanna Sircilla,18.3866,78.8331,2005,1,1.54,45.42,23.14,33.67,11.4
Rajanna Sircilla,18.3866,78.8331,2005,2,0.05,43.17,25.54,38.01,11.06
Rajanna Sircilla,18.3866,78.8331,2005,3,0.34,29.92,29.61,41.25,17.14
Rajanna Sircilla,18.3866,78.8331,2005,4,0.48,34.87,32.77,42.6,23.6
Rajanna Sircilla,18.3866,78.8331,2005,5,0.61,28.63,35.06,45.22,23.9
Rajanna Sircilla,18.3866,78.8331,2005,6,4.79,53.8,31.73,43.75,22.51
Rajanna Sircilla,18.3866,78.8331,2005,7,12.21,83.53,26.05,33.83,21.17
Rajanna Sircilla,18.3866,78.8331,2005,8,4.78,87.19,25.42,30.24,21.96
Rajanna Sircilla,18.3866,78.8331,2005,9,8.15,88.25,25.38,30.58,20.45
Rajanna Sircilla,18.3866,78.8331,2005,10,5.71,85.26,23.96,30.64,17.06
Rajanna Sircilla,18.3866,78.8331,2005,11,0.01,73.39,19.21,26.99,10.46
Rajanna Sircilla,18.3866,78.8331,2005,12,0.15,65.07,18.95,28.66,8.73
Rajanna Sircilla,18.3866,78.8331,2005,13,3.26,59.98,26.4,45.22,8.73
Rajanna Sircilla,18.3866,78.8331,2006,1,0.0,48.21,21.02,34.02,8.09
Rajanna Sircilla,18.3866,78.8331,2006,2,0.0,30.51,26.05,38.7,14.5
Rajanna Sircilla,18.3866,78.8331,2006,3,1.56,45.04,28.25,40.03,15.92
Rajanna Sircilla,18.3866,78.8331,2006,4,1.49,34.73,32.67,43.98,21.4
Rajanna Sircilla,18.3866,78.8331,2006,5,2.46,47.48,32.38,44.05,24.21
Rajanna Sircilla,18.3866,78.8331,2006,6,3.21,62.77,29.48,38.98,23.71
Rajanna Sircilla,18.3866,78.8331,2006,7,6.52,75.35,26.98,35.09,21.84
Rajanna Sircilla,18.3866,78.8331,2006,8,9.86,85.73,25.27,31.17,20.93
Rajanna Sircilla,18.3866,78.8331,2006,9,9.24,86.93,25.31,31.62,20.11
Rajanna Sircilla,18.3866,78.8331,2006,10,0.88,79.34,24.57,31.34,17.04
Rajanna Sircilla,18.3866,78.8331,2006,11,1.37,77.07,22.09,30.57,14.16
Rajanna Sircilla,18.3866,78.8331,2006,12,0.0,63.53,21.4,30.69,11.08
Rajanna Sircilla,18.3866,78.8331,2006,13,3.07,61.6,26.28,44.05,8.09
Rajanna Sircilla,18.3866,78.8331,2007,1,0.0,47.23,22.5,33.9,12.37
Rajanna Sircilla,18.3866,78.8331,2007,2,0.0,36.66,25.6,37.37,15.07
Rajanna Sircilla,18.3866,78.8331,2007,3,0.01,28.2,29.86,41.01,17.03
Rajanna Sircilla,18.3866,78.8331,2007,4,0.56,30.46,33.23,43.5,23.17
Rajanna Sircilla,18.3866,78.8331,2007,5,0.69,29.5,35.62,44.47,26.08
Rajanna Sircilla,18.3866,78.8331,2007,6,5.06,65.88,29.56,40.62,23.23
Rajanna Sircilla,18.3866,78.8331,2007,7,3.26,76.27,27.16,34.8,22.61
Rajanna Sircilla,18.3866,78.8331,2007,8,7.12,83.79,25.74,32.11,21.38
Rajanna Sircilla,18.3866,78.8331,2007,9,9.05,88.56,25.34,30.75,20.12
Rajanna Sircilla,18.3866,78.8331,2007,10,0.69,78.42,22.45,29.51,15.12
Rajanna Sircilla,18.3866,78.8331,2007,11,0.14,65.52,21.17,30.04,10.53
Rajanna Sircilla,18.3866,78.8331,2007,12,0.0,57.67,22.02,33.61,12.93
Rajanna Sircilla,18.3866,78.8331,2007,13,2.22,57.46,26.69,44.47,10.53
Rajanna Sircilla,18.3866,78.8331,2008,1,0.06,38.34,22.35,33.55,10.98
Rajanna Sircilla,18.3866,78.8331,2008,2,0.99,43.08,24.18,35.97,10.58
Rajanna Sircilla,18.3866,78.8331,2008,3,4.02,41.12,28.34,39.5,17.16
Rajanna Sircilla,18.3866,78.8331,2008,4,0.23,40.35,31.1,44.08,18.38
Rajanna Sircilla,18.3866,78.8331,2008,5,0.36,25.27,34.91,44.58,24.55
Rajanna Sircilla,18.3866,78.8331,2008,6,3.45,62.83,28.89,41.54,22.57
Rajanna Sircilla,18.3866,78.8331,2008,7,4.76,72.18,27.48,36.06,22.13
Rajanna Sircilla,18.3866,78.8331,2008,8,12.05,86.2,25.41,31.06,21.57
Rajanna Sircilla,18.3866,78.8331,2008,9,7.18,86.56,25.03,31.08,18.67
Rajanna Sircilla,18.3866,78.8331,2008,10,1.32,77.74,23.85,30.53,14.32
Rajanna Sircilla,18.3866,78.8331,2008,11,0.88,70.46,22.58,31.45,12.93
Rajanna Sircilla,18.3866,78.8331,2008,12,0.01,52.96,22.33,32.46,13.07
Rajanna Sircilla,18.3866,78.8331,2008,13,2.95,58.1,26.38,44.58,10.58
Rajanna Sircilla,18.3866,78.8331,2009,1,0.0,45.24,23.46,37.03,12.73
Rajanna Sircilla,18.3866,78.8331,2009,2,0.0,27.98,27.31,39.89,16.18
Rajanna Sircilla,18.3866,78.8331,2009,3,0.17,24.32,30.25,41.36,19.55
Rajanna Sircilla,18.3866,78.8331,2009,4,0.41,24.1,33.39,44.29,21.56
Rajanna Sircilla,18.3866,78.8331,2009,5,0.88,32.26,34.83,45.06,25.52
Rajanna Sircilla,18.3866,78.8331,2009,6,3.58,56.81,30.9,42.42,23.65
Rajanna Sircilla,18.3866,78.8331,2009,7,4.4,75.04,27.09,34.07,22.59
Rajanna Sircilla,18.3866,78.8331,2009,8,8.82,78.23,26.98,35.41,22.13
Rajanna Sircilla,18.3866,78.8331,2009,9,3.52,83.9,26.19,32.11,21.23
Rajanna Sircilla,18.3866,78.8331,2009,10,2.22,72.84,24.47,31.5,14.92
Rajanna Sircilla,18.3866,78.8331,2009,11,1.77,69.49,23.12,33.53,11.25
Rajanna Sircilla,18.3866,78.8331,2009,12,0.09,58.38,21.82,31.46,11.85
Rajanna Sircilla,18.3866,78.8331,2009,13,2.17,54.21,27.48,45.06,11.25
Rajanna Sircilla,18.3866,78.8331,2010,1,0.3,42.89,21.51,32.32,10.75
Rajanna Sircilla,18.3866,78.8331,2010,2,0.55,37.54,26.94,37.59,15.46
Rajanna Sircilla,18.3866,78.8331,2010,3,0.01,25.38,31.63,42.4,18.64
Rajanna Sircilla,18.3866,78.8331,2010,4,0.04,24.09,34.95,44.46,21.1
Rajanna Sircilla,18.3866,78.8331,2010,5,0.34,31.48,35.54,45.95,24.68
Rajanna Sircilla,18.3866,78.8331,2010,6,4.3,56.07,31.37,43.97,24.19
Rajanna Sircilla,18.3866,78.8331,2010,7,10.76,85.36,25.94,31.49,22.1
Rajanna Sircilla,18.3866,78.8331,2010,8,9.58,87.47,25.74,31.15,20.36
Rajanna Sircilla,18.3866,78.8331,2010,9,7.13,88.48,25.07,29.95,19.94
Rajanna Sircilla,18.3866,78.8331,2010,10,2.42,85.8,24.11,30.38,15.49
Rajanna Sircilla,18.3866,78.8331,2010,11,1.24,85.32,23.42,29.61,17.48
Rajanna Sircilla,18.3866,78.8331,2010,12,0.28,72.35,19.49,28.44,9.01
Rajanna Sircilla,18.3866,78.8331,2010,13,3.1,60.34,27.13,45.95,9.01
Rajanna Sircilla,18.3866,78.8331,2011,1,0.01,52.88,20.28,32.84,8.92
Rajanna Sircilla,18.3866,78.8331,2011,2,0.29,45.95,24.78,34.89,14.65
Rajanna Sircilla,18.3866,78.8331,2011,3,0.11,27.3,29.67,40.61,17.64
Rajanna Sircilla,18.3866,78.8331,2011,4,0.11,34.24,32.13,42.8,20.53
Rajanna Sircilla,18.3866,78.8331,2011,5,0.21,28.43,35.17,44.78,25.98
Rajanna Sircilla,18.3866,78.8331,2011,6,2.35,59.25,30.0,40.19,24.05
Rajanna Sircilla,18.3866,78.8331,2011,7,8.5,78.84,26.69,34.96,22.17
Rajanna Sircilla,18.3866,78.8331,2011,8,7.35,85.35,25.64,31.95,21.44
Rajanna Sircilla,18.3866,78.8331,2011,9,2.84,85.28,25.39,30.9,21.03
Rajanna Sircilla,18.3866,78.8331,2011,10,1.08,74.48,25.03,32.26,16.78
Rajanna Sircilla,18.3866,78.8331,2011,11,0.05,56.74,23.56,33.49,14.38
Rajanna Sircilla,18.3866,78.8331,2011,12,0.01,39.83,22.19,33.64,11.8
Rajanna Sircilla,18.3866,78.8331,2011,13,1.93,55.76,26.72,44.78,8.92
Rajanna Sircilla,18.3866,78.8331,2012,1,0.05,39.95,23.34,34.97,8.9
Rajanna Sircilla,18.3866,78.8331,2012,2,0.0,27.84,25.95,38.77,12.37
Rajanna Sircilla,18.3866,78.8331,2012,3,0.0,16.85,28.91,41.09,14.75
Rajanna Sircilla,18.3866,78.8331,2012,4,0.21,29.58,33.86,42.74,23.5
Rajanna Sircilla,18.3866,78.8331,2012,5,0.17,24.79,35.82,44.97,25.16
Rajanna Sircilla,18.3866,78.8331,2012,6,3.5,56.09,30.44,44.06,23.15
Rajanna Sircilla,18.3866,78.8331,2012,7,7.15,78.81,26.37,34.59,21.47
Rajanna Sircilla,18.3866,78.8331,2012,8,5.6,83.16,25.78,31.54,21.65
Rajanna Sircilla,18.3866,78.8331,2012,9,5.2,86.1,25.39,30.93,20.69
Rajanna Sircilla,18.3866,78.8331,2012,10,1.79,76.82,24.05,31.29,14.63
Rajanna Sircilla,18.3866,78.8331,2012,11,0.63,70.25,22.85,32.08,11.11
Rajanna Sircilla,18.3866,78.8331,2012,12,0.0,51.74,22.82,34.33,11.5
Rajanna Sircilla,18.3866,78.8331,2012,13,2.03,53.56,27.13,44.97,8.9
Rajanna Sircilla,18.3866,78.8331,2013,1,0.26,43.86,23.87,34.87,13.18
Rajanna Sircilla,18.3866,78.8331,2013,2,0.79,45.15,25.36,36.21,11.62
Rajanna Sircilla,18.3866,78.8331,2013,3,0.02,28.4,29.8,41.01,14.43
Rajanna Sircilla,18.3866,78.8331,2013,4,1.2,35.38,32.59,42.37,22.37
Rajanna Sircilla,18.3866,78.8331,2013,5,0.34,29.92,35.81,46.81,25.66
Rajanna Sircilla,18.3866,78.8331,2013,6,6.8,74.44,27.53,36.84,22.35
Rajanna Sircilla,18.3866,78.8331,2013,7,14.09,85.28,25.42,31.96,21.53
Rajanna Sircilla,18.3866,78.8331,2013,8,4.26,87.76,24.97,30.41,21.61
Rajanna Sircilla,18.3866,78.8331,2013,9,4.17,85.85,25.41,30.16,20.19
Rajanna Sircilla,18.3866,78.8331,2013,10,5.26,84.91,24.23,30.21,16.69
Rajanna Sircilla,18.3866,78.8331,2013,11,0.32,79.95,21.11,29.21,11.34
Rajanna Sircilla,18.3866,78.8331,2013,12,0.0,66.7,19.62,29.48,9.89
Rajanna Sircilla,18.3866,78.8331,2013,13,3.15,62.37,26.31,46.81,9.89
Rajanna Sircilla,18.3866,78.8331,2014,1,0.0,59.12,21.92,31.1,12.08
Rajanna Sircilla,18.3866,78.8331,2014,2,0.3,39.71,24.39,34.71,12.32
Rajanna Sircilla,18.3866,78.8331,2014,3,2.28,52.12,27.24,41.2,15.43
Rajanna Sircilla,18.3866,78.8331,2014,4,0.37,28.11,33.33,42.87,22.07
Rajanna Sircilla,18.3866,78.8331,2014,5,1.74,41.0,33.18,43.65,22.71
Rajanna Sircilla,18.3866,78.8331,2014,6,2.13,48.27,32.5,44.35,24.59
Rajanna Sircilla,18.3866,78.8331,2014,7,5.14,71.07,27.69,38.65,22.71
Rajanna Sircilla,18.3866,78.8331,2014,8,5.26,76.62,27.04,34.47,22.35
Rajanna Sircilla,18.3866,78.8331,2014,9,3.57,82.25,25.24,31.7,19.77
Rajanna Sircilla,18.3866,78.8331,2014,10,0.45,68.51,25.51,35.08,14.99
Rajanna Sircilla,18.3866,78.8331,2014,11,0.14,52.12,24.11,33.91,14.5
Rajanna Sircilla,18.3866,78.8331,2014,12,0.08,43.92,21.57,33.05,9.72
Rajanna Sircilla,18.3866,78.8331,2014,13,1.8,55.39,26.98,44.35,9.72
Rajanna Sircilla,18.3866,78.8331,2015,1,0.66,47.76,20.78,33.58,8.97
Rajanna Sircilla,18.3866,78.8331,2015,2,0.28,32.93,25.35,37.03,13.18
Rajanna Sircilla,18.3866,78.8331,2015,3,0.72,40.71,28.42,40.16,14.62
Rajanna Sircilla,18.3866,78.8331,2015,4,1.9,42.05,30.75,42.17,18.71
Rajanna Sircilla,18.3866,78.8331,2015,5,0.21,30.48,35.07,46.29,24.22
Rajanna Sircilla,18.3866,78.8331,2015,6,4.2,62.29,29.61,40.33,23.12
Rajanna Sircilla,18.3866,78.8331,2015,7,2.52,66.38,28.67,36.2,22.54
Rajanna Sircilla,18.3866,78.8331,2015,8,4.17,76.72,27.0,35.17,22.45
Rajanna Sircilla,18.3866,78.8331,2015,9,2.92,75.65,26.96,34.71,19.13
Rajanna Sircilla,18.3866,78.8331,2015,10,0.28,58.74,27.71,36.62,20.49
Rajanna Sircilla,18.3866,78.8331,2015,11,0.01,52.52,26.21,35.1,18.01
Rajanna Sircilla,18.3866,78.8331,2015,12,0.0,40.2,25.01,36.06,10.97
Rajanna Sircilla,18.3866,78.8331,2015,13,1.49,52.3,27.64,46.29,8.97
Rajanna Sircilla,18.3866,78.8331,2016,1,0.05,34.31,23.17,36.39,10.97
Rajanna Sircilla,18.3866,78.8331,2016,2,0.21,34.42,27.86,39.53,15.0
Rajanna Sircilla,18.3866,78.8331,2016,3,0.09,32.45,30.88,41.71,20.77
Rajanna Sircilla,18.3866,78.8331,2016,4,0.26,25.41,34.89,44.27,22.97
Rajanna Sircilla,18.3866,78.8331,2016,5,1.12,36.8,34.69,44.04,24.12
Rajanna Sircilla,18.3866,78.8331,2016,6,5.31,62.69,29.99,42.36,23.47
Rajanna Sircilla,18.3866,78.8331,2016,7,7.96,81.27,26.33,32.52,22.02
Rajanna Sircilla,18.3866,78.8331,2016,8,2.59,80.44,26.3,32.88,21.75
Rajanna Sircilla,18.3866,78.8331,2016,9,8.77,85.76,25.2,31.24,20.04
Rajanna Sircilla,18.3866,78.8331,2016,10,2.25,78.38,23.31,30.16,14.04
Rajanna Sircilla,18.3866,78.8331,2016,11,0.0,65.69,20.75,31.58,11.64
Rajanna Sircilla,18.3866,78.8331,2016,12,0.0,52.06,20.42,31.59,10.02
Rajanna Sircilla,18.3866,78.8331,2016,13,2.38,55.88,26.97,44.27,10.02
Rajanna Sircilla,18.3866,78.8331,2017,1,0.0,38.57,21.91,34.38,10.85
Rajanna Sircilla,18.3866,78.8331,2017,2,0.0,25.82,25.85,38.47,15.14
Rajanna Sircilla,18.3866,78.8331,2017,3,0.51,28.31,29.15,42.59,16.23
Rajanna Sircilla,18.3866,78.8331,2017,4,0.03,18.44,33.9,44.54,21.03
Rajanna Sircilla,18.3866,78.8331,2017,5,0.55,29.73,35.71,45.05,25.63
Rajanna Sircilla,18.3866,78.8331,2017,6,5.25,67.21,29.2,42.27,22.74
Rajanna Sircilla,18.3866,78.8331,2017,7,6.15,75.01,27.2,34.26,22.49
Rajanna Sircilla,18.3866,78.8331,2017,8,5.01,80.41,26.19,32.58,20.24
Rajanna Sircilla,18.3866,78.8331,2017,9,3.01,81.51,26.43,32.37,21.26
Rajanna Sircilla,18.3866,78.8331,2017,10,2.8,76.94,25.38,32.73,16.66
Rajanna Sircilla,18.3866,78.8331,2017,11,0.21,64.37,23.1,33.23,12.92
Rajanna Sircilla,18.3866,78.8331,2017,12,0.0,46.4,21.26,32.31,11.92
Rajanna Sircilla,18.3866,78.8331,2017,13,1.97,52.89,27.11,45.05,10.85
Rajanna Sircilla,18.3866,78.8331,2018,1,0.0,28.5,21.92,32.99,11.63
Rajanna Sircilla,18.3866,78.8331,2018,2,0.05,30.81,25.62,37.36,14.64
Rajanna Sircilla,18.3866,78.8331,2018,3,0.08,24.28,30.07,41.94,19.52
Rajanna Sircilla,18.3866,78.8331,2018,4,0.48,31.17,33.32,44.81,22.25
Rajanna Sircilla,18.3866,78.8331,2018,5,0.89,35.25,35.03,44.23,25.38
Rajanna Sircilla,18.3866,78.8331,2018,6,4.93,65.2,29.21,40.01,23.03
Rajanna Sircilla,18.3866,78.8331,2018,7,5.03,77.45,26.51,34.67,22.23
Rajanna Sircilla,18.3866,78.8331,2018,8,9.01,81.61,25.81,33.41,21.54
Rajanna Sircilla,18.3866,78.8331,2018,9,2.1,80.52,25.46,31.75,19.13
Rajanna Sircilla,18.3866,78.8331,2018,10,0.16,62.8,25.82,35.24,16.0
Rajanna Sircilla,18.3866,78.8331,2018,11,0.0,47.77,25.33,35.32,14.35
Rajanna Sircilla,18.3866,78.8331,2018,12,0.47,49.98,21.6,33.11,8.18
Rajanna Sircilla,18.3866,78.8331,2018,13,1.95,51.39,27.14,44.81,8.18
Rajanna Sircilla,18.3866,78.8331,2019,1,0.47,40.47,21.11,32.89,8.31
Rajanna Sircilla,18.3866,78.8331,2019,2,0.03,36.41,25.3,39.17,9.72
Rajanna Sircilla,18.3866,78.8331,2019,3,0.07,28.17,30.27,42.72,16.39
Rajanna Sircilla,18.3866,78.8331,2019,4,0.42,27.93,34.14,44.76,23.72
Rajanna Sircilla,18.3866,78.8331,2019,5,0.13,24.08,36.31,45.39,26.49
Rajanna Sircilla,18.3866,78.8331,2019,6,2.38,49.58,32.76,44.31,23.28
Rajanna Sircilla,18.3866,78.8331,2019,7,7.43,74.84,27.41,35.3,22.45
Rajanna Sircilla,18.3866,78.8331,2019,8,8.7,85.78,25.75,31.53,22.07
Rajanna Sircilla,18.3866,78.8331,2019,9,6.83,87.5,25.68,30.6,21.94
Rajanna Sircilla,18.3866,78.8331,2019,10,4.55,87.57,24.48,29.57,19.9
Rajanna Sircilla,18.3866,78.8331,2019,11,0.15,83.32,21.65,29.03,14.17
Rajanna Sircilla,18.3866,78.8331,2019,12,0.05,77.4,20.4,28.44,8.84
Rajanna Sircilla,18.3866,78.8331,2019,13,2.62,58.73,27.1,45.39,8.31
Rajanna Sircilla,18.3866,78.8331,2020,1,0.37,64.13,21.59,33.17,10.04
Rajanna Sircilla,18.3866,78.8331,2020,2,0.13,47.95,24.26,35.65,13.65
Rajanna Sircilla,18.3866,78.8331,2020,3,0.57,39.41,29.42,39.74,18.98
Rajanna Sircilla,18.3866,78.8331,2020,4,0.48,33.0,33.34,42.35,24.29
Rajanna Sircilla,18.3866,78.8331,2020,5,1.18,32.3,35.04,45.26,25.25
Rajanna Sircilla,18.3866,78.8331,2020,6,5.98,70.78,28.46,38.16,22.43
Rajanna Sircilla,18.3866,78.8331,2020,7,7.99,83.17,26.62,33.11,21.59
Rajanna Sircilla,18.3866,78.8331,2020,8,11.12,87.74,25.83,31.34,22.12
Rajanna Sircilla,18.3866,78.8331,2020,9,7.01,87.73,25.97,30.65,21.98
Rajanna Sircilla,18.3866,78.8331,2020,10,3.61,85.98,24.49,30.3,17.39
Rajanna Sircilla,18.3866,78.8331,2020,11,0.1,81.64,21.22,29.95,11.58
Rajanna Sircilla,18.3866,78.8331,2020,12,0.0,68.93,20.04,29.03,9.39
Rajanna Sircilla,18.3866,78.8331,2020,13,3.23,65.29,26.36,45.26,9.39
Rajanna Sircilla,18.3866,78.8331,2021,1,0.03,60.62,22.97,33.42,13.81
Rajanna Sircilla,18.3866,78.8331,2021,2,0.04,35.86,24.18,37.52,11.66
Rajanna Sircilla,18.3866,78.8331,2021,3,0.0,24.17,29.64,41.83,16.8
Rajanna Sircilla,18.3866,78.8331,2021,4,0.37,29.85,32.68,42.09,22.34
Rajanna Sircilla,18.3866,78.8331,2021,5,1.29,44.22,32.91,41.81,24.51
Rajanna Sircilla,18.3866,78.8331,2021,6,7.04,74.42,27.74,37.9,22.49
Rajanna Sircilla,18.3866,78.8331,2021,7,12.09,85.14,26.32,31.98,22.03
Rajanna Sircilla,18.3866,78.8331,2021,8,5.71,86.23,25.88,31.28,21.39
Rajanna Sircilla,18.3866,78.8331,2021,9,10.01,88.74,25.5,30.28,19.99
Rajanna Sircilla,18.3866,78.8331,2021,10,1.38,83.56,24.31,30.54,16.34
Rajanna Sircilla,18.3866,78.8331,2021,11,0.84,83.33,22.74,30.4,13.24
Rajanna Sircilla,18.3866,78.8331,2021,12,0.03,70.54,20.51,29.88,9.23
Rajanna Sircilla,18.3866,78.8331,2021,13,3.25,64.06,26.29,42.09,9.23
Rajanna Sircilla,18.3866,78.8331,2022,1,1.33,65.0,20.37,31.58,7.9
Rajanna Sircilla,18.3866,78.8331,2022,2,0.01,45.24,23.56,35.61,10.93
Rajanna Sircilla,18.3866,78.8331,2022,3,0.0,25.83,30.32,42.52,17.37
Rajanna Sircilla,18.3866,78.8331,2022,4,0.02,29.73,34.31,44.23,23.0
Rajanna Sircilla,18.3866,78.8331,2022,5,0.88,39.8,33.96,43.97,25.19
Rajanna Sircilla,18.3866,78.8331,2022,6,4.03,60.16,30.49,43.66,23.5
Rajanna Sircilla,18.3866,78.8331,2022,7,20.91,87.41,25.65,35.22,21.56
Rajanna Sircilla,18.3866,78.8331,2022,8,5.83,87.5,25.62,30.55,21.57
Rajanna Sircilla,18.3866,78.8331,2022,9,6.84,87.44,25.5,31.7,20.46
Rajanna Sircilla,18.3866,78.8331,2022,10,2.04,83.9,23.56,29.82,13.73
Rajanna Sircilla,18.3866,78.8331,2022,11,0.0,74.08,20.87,29.8,11.76
Rajanna Sircilla,18.3866,78.8331,2022,12,0.05,63.79,22.8,33.06,11.75
Rajanna Sircilla,18.3866,78.8331,2022,13,3.53,62.63,26.43,44.23,7.9
Rajanna Sircilla,18.3866,78.8331,2023,1,0.0,49.51,22.71,33.08,10.03
Rajanna Sircilla,18.3866,78.8331,2023,2,0.0,23.28,25.62,38.05,12.81
Rajanna Sircilla,18.3866,78.8331,2023,3,1.05,37.87,28.35,39.45,18.52
Rajanna Sircilla,18.3866,78.8331,2023,4,2.9,37.36,31.83,42.57,21.52
Rajanna Sircilla,18.3866,78.8331,2023,5,1.51,47.32,32.1,42.3,22.45
Rajanna Sircilla,18.3866,78.8331,2023,6,1.75,46.13,32.57,42.53,22.01
Rajanna Sircilla,18.3866,78.8331,2023,7,18.88,81.67,26.56,35.03,22.19
Rajanna Sircilla,18.3866,78.8331,2023,8,2.32,85.26,25.77,30.35,21.53
Rajanna Sircilla,18.3866,78.8331,2023,9,7.66,87.36,25.86,30.88,21.54
Rajanna Sircilla,18.3866,78.8331,2023,10,0.05,77.2,23.93,30.46,13.58
Rajanna Sircilla,18.3866,78.8331,2023,11,0.92,74.05,23.31,31.87,15.06
Rajanna Sircilla,18.3866,78.8331,2023,12,0.18,63.05,20.93,31.94,10.72
Rajanna Sircilla,18.3866,78.8331,2023,13,3.12,59.44,26.62,42.57,10.03
Rajanna Sircilla,18.3866,78.8331,2024,1,0.0,52.04,23.33,33.23,12.86
Rajanna Sircilla,18.3866,78.8331,2024,2,0.0,38.05,26.73,36.34,16.31
Rajanna Sircilla,18.3866,78.8331,2024,3,0.44,32.67,30.62,42.11,19.18
Rajanna Sircilla,18.3866,78.8331,2024,4,0.31,30.41,34.43,44.45,24.66
Rajanna Sircilla,18.3866,78.8331,2024,5,2.42,44.68,33.22,44.4,23.16
Rajanna Sircilla,18.3866,78.8331,2024,6,4.41,65.93,29.69,41.8,22.44
Rajanna Sircilla,18.3866,78.8331,2024,7,9.66,82.33,26.54,34.27,21.78
Rajanna Sircilla,18.3866,78.8331,2024,8,8.04,86.83,26.32,31.14,22.46
Rajanna Sircilla,18.3866,78.8331,2024,9,6.66,88.07,25.5,30.77,20.75
Rajanna Sircilla,18.3866,78.8331,2024,10,1.48,85.54,25.47,31.2,18.68
Rajanna Sircilla,18.3866,78.8331,2024,11,0.09,75.32,21.38,30.06,12.63
Rajanna Sircilla,18.3866,78.8331,2024,12,0.24,67.72,22.08,31.75,8.98
Rajanna Sircilla,18.3866,78.8331,2024,13,2.83,62.57,27.1,44.45,8.98
Rangareddy,17.3616,78.483,2000,1,0.0,37.94,22.8,35.3,11.28
Rangareddy,17.3616,78.483,2000,2,2.06,53.24,25.01,34.75,14.85
Rangareddy,17.3616,78.483,2000,3,0.02,34.76,27.41,38.82,14.87
Rangareddy,17.3616,78.483,2000,4,0.02,29.76,33.39,44.23,19.56
Rangareddy,17.3616,78.483,2000,5,1.56,48.14,31.21,43.74,23.4
Rangareddy,17.3616,78.483,2000,6,8.3,75.32,26.32,34.54,21.26
Rangareddy,17.3616,78.483,2000,7,2.65,78.96,25.5,31.39,20.86
Rangareddy,17.3616,78.483,2000,8,13.01,82.6,25.09,31.41,20.37
Rangareddy,17.3616,78.483,2000,9,1.94,83.35,24.9,30.61,19.93
Rangareddy,17.3616,78.483,2000,10,0.88,72.96,24.66,31.98,16.14
Rangareddy,17.3616,78.483,2000,11,0.16,64.91,22.83,32.25,14.29
Rangareddy,17.3616,78.483,2000,12,0.02,37.84,21.47,31.8,12.66
Rangareddy,17.3616,78.483,2000,13,2.55,58.29,25.88,44.23,11.28
Rangareddy,17.3616,78.483,2001,1,0.24,43.86,22.53,34.05,11.96
Rangareddy,17.3616,78.483,2001,2,0.0,27.56,25.82,38.89,14.09
Rangareddy,17.3616,78.483,2001,3,1.26,42.28,28.73,39.8,17.8
Rangareddy,17.3616,78.483,2001,4,0.82,43.59,30.97,43.0,20.47
Rangareddy,17.3616,78.483,2001,5,0.1,32.39,34.31,44.53,25.45
Rangareddy,17.3616,78.483,2001,6,6.26,68.39,27.15,39.0,20.61
Rangareddy,17.3616,78.483,2001,7,1.95,68.77,26.92,35.53,20.83
Rangareddy,17.3616,78.483,2001,8,7.13,82.64,24.87,30.4,20.73
Rangareddy,17.3616,78.483,2001,9,4.26,81.91,25.43,32.44,20.99
Rangareddy,17.3616,78.483,2001,10,3.71,82.51,23.67,30.19,15.44
Rangareddy,17.3616,78.483,2001,11,0.09,74.41,22.5,30.28,13.02
Rangareddy,17.3616,78.483,2001,12,0.02,58.36,20.36,30.78,12.36
Rangareddy,17.3616,78.483,2001,13,2.16,59.06,26.1,44.53,11.96
Rangareddy,17.3616,78.483,2002,1,0.49,56.22,21.82,35.08,10.23
Rangareddy,17.3616,78.483,2002,2,0.03,45.92,25.08,36.54,16.21
Rangareddy,17.3616,78.483,2002,3,0.36,34.22,29.26,40.46,19.0
Rangareddy,17.3616,78.483,2002,4,0.07,32.63,33.16,42.77,22.7
Rangareddy,17.3616,78.483,2002,5,2.14,41.7,33.29,44.12,23.6
Rangareddy,17.3616,78.483,2002,6,5.23,66.91,28.42,37.09,22.56
Rangareddy,17.3616,78.483,2002,7,2.46,68.57,27.43,35.3,21.91
Rangareddy,17.3616,78.483,2002,8,6.97,80.59,25.19,31.19,20.25
Rangareddy,17.3616,78.483,2002,9,1.21,73.2,26.15,34.97,20.06
Rangareddy,17.3616,78.483,2002,10,3.39,71.69,24.89,36.38,16.79
Rangareddy,17.3616,78.483,2002,11,0.09,55.8,22.89,33.29,13.33
Rangareddy,17.3616,78.483,2002,12,0.03,49.77,22.38,33.28,13.11
Rangareddy,17.3616,78.483,2002,13,1.89,56.51,26.67,44.12,10.23
Rangareddy,17.3616,78.483,2003,1,0.0,47.55,22.94,34.66,10.68
Rangareddy,17.3616,78.483,2003,2,0.22,48.46,26.38,36.13,16.56
Rangareddy,17.3616,78.483,2003,3,0.35,39.06,29.05,39.97,16.04
Rangareddy,17.3616,78.483,2003,4,0.77,36.42,32.06,42.51,21.18
Rangareddy,17.3616,78.483,2003,5,0.04,24.21,34.56,43.67,23.12
Rangareddy,17.3616,78.483,2003,6,2.46,53.4,30.4,44.46,22.44
Rangareddy,17.3616,78.483,2003,7,8.35,79.62,25.76,33.66,21.9
Rangareddy,17.3616,78.483,2003,8,5.01,83.37,25.04,31.54,19.7
Rangareddy,17.3616,78.483,2003,9,2.2,83.32,25.13,30.77,20.89
Rangareddy,17.3616,78.483,2003,10,4.79,80.77,24.24,31.41,14.24
Rangareddy,17.3616,78.483,2003,11,0.03,73.7,21.42,29.45,13.7
Rangareddy,17.3616,78.483,2003,12,0.16,63.56,20.19,30.23,11.12
Rangareddy,17.3616,78.483,2003,13,2.05,59.52,26.42,44.46,10.68
Rangareddy,17.3616,78.483,2004,1,1.1,61.98,21.08,32.08,11.71
Rangareddy,17.3616,78.483,2004,2,0.19,46.96,23.33,36.95,9.58
Rangareddy,17.3616,78.483,2004,3,0.68,33.38,29.31,41.23,17.43
Rangareddy,17.3616,78.483,2004,4,1.81,44.62,30.89,41.97,20.09
Rangareddy,17.3616,78.483,2004,5,1.41,57.48,29.79,40.35,22.49
Rangareddy,17.3616,78.483,2004,6,1.19,59.93,28.83,38.01,22.14
Rangareddy,17.3616,78.483,2004,7,7.34,78.12,25.65,32.82,21.39
Rangareddy,17.3616,78.483,2004,8,2.09,77.36,25.74,32.64,21.3
Rangareddy,17.3616,78.483,2004,9,3.95,81.29,25.37,32.42,20.42
Rangareddy,17.3616,78.483,2004,10,2.39,77.12,24.07,30.8,14.5
Rangareddy,17.3616,78.483,2004,11,0.04,63.51,22.64,31.73,13.08
Rangareddy,17.3616,78.483,2004,12,0.0,52.71,21.07,31.86,12.45
Rangareddy,17.3616,78.483,2004,13,1.86,61.27,25.65,41.97,9.58
Rangareddy,17.3616,78.483,2005,1,1.29,53.75,22.65,32.95,12.32
Rangareddy,17.3616,78.483,2005,2,0.05,44.95,25.12,37.93,11.78
Rangareddy,17.3616,78.483,2005,3,0.45,36.85,28.44,40.36,16.72
Rangareddy,17.3616,78.483,2005,4,0.8,43.06,31.25,40.64,22.36
Rangareddy,17.3616,78.483,2005,5,0.97,36.86,33.22,44.4,23.03
Rangareddy,17.3616,78.483,2005,6,3.46,59.27,29.81,41.27,21.86
Rangareddy,17.3616,78.483,2005,7,11.49,81.17,25.61,33.39,21.38
Rangareddy,17.3616,78.483,2005,8,4.32,85.29,24.88,29.95,21.36
Rangareddy,17.3616,78.483,2005,9,7.4,87.62,24.72,29.65,20.68
Rangareddy,17.3616,78.483,2005,10,6.98,86.01,23.59,30.16,17.53
Rangareddy,17.3616,78.483,2005,11,0.04,77.95,18.71,26.23,10.66
Rangareddy,17.3616,78.483,2005,12,0.06,70.86,18.58,27.1,9.3
Rangareddy,17.3616,78.483,2005,13,3.14,63.75,25.55,44.4,9.3
Rangareddy,17.3616,78.483,2006,1,0.0,59.83,19.88,31.28,8.09
Rangareddy,17.3616,78.483,2006,2,0.0,42.71,24.16,36.22,13.6
Rangareddy,17.3616,78.483,2006,3,1.34,47.97,27.47,39.38,15.43
Rangareddy,17.3616,78.483,2006,4,1.97,42.17,31.15,41.79,20.78
Rangareddy,17.3616,78.483,2006,5,2.89,51.76,31.02,42.15,23.3
Rangareddy,17.3616,78.483,2006,6,3.14,68.58,27.81,36.56,22.81
Rangareddy,17.3616,78.483,2006,7,5.85,72.37,26.66,34.48,20.86
Rangareddy,17.3616,78.483,2006,8,6.6,83.46,24.81,30.98,20.01
Rangareddy,17.3616,78.483,2006,9,7.48,84.76,24.93,31.53,19.95
Rangareddy,17.3616,78.483,2006,10,1.04,80.29,24.01,30.43,16.96
Rangareddy,17.3616,78.483,2006,11,1.89,81.41,21.64,28.86,14.11
Rangareddy,17.3616,78.483,2006,12,0.0,71.41,20.4,28.98,11.83
Rangareddy,17.3616,78.483,2006,13,2.7,65.71,25.33,42.15,8.09
Rangareddy,17.3616,78.483,2007,1,0.0,59.06,21.3,32.56,12.04
Rangareddy,17.3616,78.483,2007,2,0.01,45.43,24.57,35.73,14.81
Rangareddy,17.3616,78.483,2007,3,0.0,36.66,28.99,39.83,17.17
Rangareddy,17.3616,78.483,2007,4,0.68,37.89,31.72,42.35,21.96
Rangareddy,17.3616,78.483,2007,5,0.58,33.96,34.1,43.75,24.97
Rangareddy,17.3616,78.483,2007,6,5.57,68.25,28.29,38.81,22.29
Rangareddy,17.3616,78.483,2007,7,3.07,77.0,26.29,33.57,22.03
Rangareddy,17.3616,78.483,2007,8,7.14,81.58,25.37,32.38,20.99
Rangareddy,17.3616,78.483,2007,9,8.49,87.57,24.77,31.14,18.79
Rangareddy,17.3616,78.483,2007,10,1.07,79.65,22.14,29.26,15.55
Rangareddy,17.3616,78.483,2007,11,0.13,71.17,20.43,28.78,9.81
Rangareddy,17.3616,78.483,2007,12,0.0,66.33,20.98,32.0,13.04
Rangareddy,17.3616,78.483,2007,13,2.23,62.14,25.75,43.75,9.81
Rangareddy,17.3616,78.483,2008,1,0.01,49.22,21.28,32.27,10.99
Rangareddy,17.3616,78.483,2008,2,1.69,55.22,23.79,34.4,11.48
Rangareddy,17.3616,78.483,2008,3,4.94,49.41,26.68,38.04,15.9
Rangareddy,17.3616,78.483,2008,4,0.38,47.95,29.43,41.07,18.49
Rangareddy,17.3616,78.483,2008,5,0.53,31.17,33.0,42.52,23.52
Rangareddy,17.3616,78.483,2008,6,1.87,60.04,28.45,39.49,21.81
Rangareddy,17.3616,78.483,2008,7,3.64,66.04,27.55,36.3,21.76
Rangareddy,17.3616,78.483,2008,8,13.54,84.75,24.91,31.67,20.83
Rangareddy,17.3616,78.483,2008,9,6.22,85.21,24.51,30.32,18.42
Rangareddy,17.3616,78.483,2008,10,1.57,79.83,23.35,30.39,14.15
Rangareddy,17.3616,78.483,2008,11,1.56,76.42,21.44,28.91,12.3
Rangareddy,17.3616,78.483,2008,12,0.01,66.91,21.12,30.29,12.65
Rangareddy,17.3616,78.483,2008,13,3.01,62.67,25.46,42.52,10.99
Rangareddy,17.3616,78.483,2009,1,0.0,58.62,21.83,34.78,13.63
Rangareddy,17.3616,78.483,2009,2,0.0,37.83,26.27,39.36,16.45
Rangareddy,17.3616,78.483,2009,3,0.13,30.0,29.22,40.5,19.08
Rangareddy,17.3616,78.483,2009,4,0.64,32.54,32.23,42.48,20.81
Rangareddy,17.3616,78.483,2009,5,1.04,36.92,33.42,43.91,24.71
Rangareddy,17.3616,78.483,2009,6,2.71,62.22,28.92,40.71,22.41
Rangareddy,17.3616,78.483,2009,7,2.15,68.17,27.22,35.46,21.66
Rangareddy,17.3616,78.483,2009,8,10.01,74.17,26.64,36.49,20.88
Rangareddy,17.3616,78.483,2009,9,4.5,83.14,25.58,31.55,21.17
Rangareddy,17.3616,78.483,2009,10,1.91,75.29,23.85,30.47,14.78
Rangareddy,17.3616,78.483,2009,11,1.35,75.31,22.54,30.96,11.57
Rangareddy,17.3616,78.483,2009,12,0.1,66.35,21.13,29.97,11.22
Rangareddy,17.3616,78.483,2009,13,2.06,58.49,26.57,43.91,11.22
Rangareddy,17.3616,78.483,2010,1,0.23,54.61,21.34,32.01,9.95
Rangareddy,17.3616,78.483,2010,2,0.23,44.44,25.99,37.29,14.07
Rangareddy,17.3616,78.483,2010,3,0.0,31.68,30.58,41.15,18.33
Rangareddy,17.3616,78.483,2010,4,0.1,32.17,33.52,42.94,21.21
Rangareddy,17.3616,78.483,2010,5,0.74,37.43,34.02,44.28,24.41
Rangareddy,17.3616,78.483,2010,6,4.28,61.06,29.7,41.8,23.07
Rangareddy,17.3616,78.483,2010,7,10.24,82.65,25.44,32.43,20.98
Rangareddy,17.3616,78.483,2010,8,7.23,85.2,25.25,31.06,19.33
Rangareddy,17.3616,78.483,2010,9,6.56,87.3,24.6,29.87,19.86
Rangareddy,17.3616,78.483,2010,10,2.17,85.72,23.74,30.13,15.55
Rangareddy,17.3616,78.483,2010,11,1.41,87.1,22.73,28.9,17.23
Rangareddy,17.3616,78.483,2010,12,0.41,77.03,18.82,27.39,8.96
Rangareddy,17.3616,78.483,2010,13,2.82,63.99,26.3,44.28,8.96
Rangareddy,17.3616,78.483,2011,1,0.0,62.45,19.45,31.13,9.0
Rangareddy,17.3616,78.483,2011,2,0.21,57.85,23.49,32.77,13.85
Rangareddy,17.3616,78.483,2011,3,0.06,35.7,28.38,39.85,17.66
Rangareddy,17.3616,78.483,2011,4,0.16,40.16,30.71,41.55,20.36
Rangareddy,17.3616,78.483,2011,5,0.33,33.23,33.65,42.59,25.45
Rangareddy,17.3616,78.483,2011,6,1.61,57.78,29.19,38.06,22.69
Rangareddy,17.3616,78.483,2011,7,6.76,76.1,26.2,34.78,21.33
Rangareddy,17.3616,78.483,2011,8,6.51,81.34,25.46,33.08,20.45
Rangareddy,17.3616,78.483,2011,9,1.98,82.37,25.11,31.41,20.14
Rangareddy,17.3616,78.483,2011,10,1.57,74.92,24.78,31.79,18.1
Rangareddy,17.3616,78.483,2011,11,0.13,61.33,22.97,32.5,13.59
Rangareddy,17.3616,78.483,2011,12,0.02,48.19,21.97,32.44,12.02
Rangareddy,17.3616,78.483,2011,13,1.63,59.28,25.96,42.59,9.0
Rangareddy,17.3616,78.483,2012,1,0.08,47.56,22.83,34.62,9.9
Rangareddy,17.3616,78.483,2012,2,0.0,34.77,25.36,38.3,13.88
Rangareddy,17.3616,78.483,2012,3,0.01,22.75,28.46,40.08,15.89
Rangareddy,17.3616,78.483,2012,4,0.57,37.9,32.17,41.14,21.64
Rangareddy,17.3616,78.483,2012,5,0.23,29.55,34.61,43.64,25.89
Rangareddy,17.3616,78.483,2012,6,3.5,55.18,29.59,42.24,21.88
Rangareddy,17.3616,78.483,2012,7,6.42,76.08,26.02,34.8,21.17
Rangareddy,17.3616,78.483,2012,8,4.38,79.72,25.43,31.5,20.48
Rangareddy,17.3616,78.483,2012,9,3.96,83.39,25.03,30.69,20.66
Rangareddy,17.3616,78.483,2012,10,2.17,76.78,23.53,30.82,15.63
Rangareddy,17.3616,78.483,2012,11,1.14,70.89,22.6,31.61,11.04
Rangareddy,17.3616,78.483,2012,12,0.0,60.61,22.05,32.93,11.8
Rangareddy,17.3616,78.483,2012,13,1.88,56.32,26.47,43.64,9.9
Rangareddy,17.3616,78.483,2013,1,0.07,50.86,23.22,33.89,13.34
Rangareddy,17.3616,78.483,2013,2,0.79,50.27,24.43,35.11,12.4
Rangareddy,17.3616,78.483,2013,3,0.01,35.16,28.62,39.64,14.72
Rangareddy,17.3616,78.483,2013,4,1.63,42.33,31.08,41.13,21.56
Rangareddy,17.3616,78.483,2013,5,0.5,36.8,33.94,44.87,25.2
Rangareddy,17.3616,78.483,2013,6,5.73,73.45,26.75,33.92,21.84
Rangareddy,17.3616,78.483,2013,7,7.55,80.21,25.26,31.88,20.81
Rangareddy,17.3616,78.483,2013,8,4.61,83.95,24.73,30.86,20.93
Rangareddy,17.3616,78.483,2013,9,5.12,85.32,24.74,29.92,19.04
Rangareddy,17.3616,78.483,2013,10,6.63,85.48,23.73,29.81,15.44
Rangareddy,17.3616,78.483,2013,11,0.39,82.29,20.8,28.15,11.92
Rangareddy,17.3616,78.483,2013,12,0.0,72.01,18.63,28.04,10.18
Rangareddy,17.3616,78.483,2013,13,2.76,64.9,25.5,44.87,10.18
Rangareddy,17.3616,78.483,2014,1,0.0,69.34,20.69,29.05,13.33
Rangareddy,17.3616,78.483,2014,2,0.14,50.75,23.25,33.26,13.23
Rangareddy,17.3616,78.483,2014,3,1.65,50.89,26.56,40.31,16.07
Rangareddy,17.3616,78.483,2014,4,0.42,32.41,31.98,41.16,21.73
Rangareddy,17.3616,78.483,2014,5,1.53,44.7,31.96,42.6,22.67
Rangareddy,17.3616,78.483,2014,6,1.49,49.82,31.23,41.22,24.17
Rangareddy,17.3616,78.483,2014,7,4.54,69.77,27.22,37.99,21.74
Rangareddy,17.3616,78.483,2014,8,6.68,73.79,26.62,34.94,21.71
Rangareddy,17.3616,78.483,2014,9,2.79,82.52,24.75,30.93,19.13
Rangareddy,17.3616,78.483,2014,10,1.21,71.62,24.66,33.43,14.8
Rangareddy,17.3616,78.483,2014,11,0.21,61.79,22.76,32.06,13.85
Rangareddy,17.3616,78.483,2014,12,0.09,52.65,21.21,31.95,11.27
Rangareddy,17.3616,78.483,2014,13,1.75,59.27,26.08,42.6,11.27
Rangareddy,17.3616,78.483,2015,1,0.16,47.63,20.86,32.65,9.68
Rangareddy,17.3616,78.483,2015,2,0.07,41.55,24.18,35.63,14.53
Rangareddy,17.3616,78.483,2015,3,0.61,42.92,27.81,39.58,15.77
Rangareddy,17.3616,78.483,2015,4,2.24,46.74,29.75,40.8,17.39
Rangareddy,17.3616,78.483,2015,5,0.23,35.58,33.52,45.0,23.73
Rangareddy,17.3616,78.483,2015,6,3.08,63.14,28.56,38.75,22.75
Rangareddy,17.3616,78.483,2015,7,1.46,61.02,28.71,37.1,22.15
Rangareddy,17.3616,78.483,2015,8,2.6,70.43,27.22,35.21,22.09
Rangareddy,17.3616,78.483,2015,9,3.63,74.72,26.41,35.4,19.63
Rangareddy,17.3616,78.483,2015,10,0.29,60.99,26.9,35.82,19.41
Rangareddy,17.3616,78.483,2015,11,0.13,59.34,25.2,34.1,17.01
Rangareddy,17.3616,78.483,2015,12,0.01,49.01,24.04,35.27,11.55
Rangareddy,17.3616,78.483,2015,13,1.21,54.46,26.95,45.0,9.68
Rangareddy,17.3616,78.483,2016,1,0.06,42.58,22.78,35.58,11.68
Rangareddy,17.3616,78.483,2016,2,0.03,42.25,26.78,39.05,15.73
Rangareddy,17.3616,78.483,2016,3,0.01,38.06,29.83,40.48,18.75
Rangareddy,17.3616,78.483,2016,4,0.15,30.92,33.42,42.74,22.59
Rangareddy,17.3616,78.483,2016,5,2.21,44.3,32.57,42.77,23.57
Rangareddy,17.3616,78.483,2016,6,4.38,66.43,28.33,40.8,22.49
Rangareddy,17.3616,78.483,2016,7,4.76,76.62,26.21,33.6,21.83
Rangareddy,17.3616,78.483,2016,8,2.61,74.94,26.36,34.38,21.54
Rangareddy,17.3616,78.483,2016,9,8.71,84.28,24.64,31.5,19.58
Rangareddy,17.3616,78.483,2016,10,1.39,78.69,22.7,29.76,15.31
Rangareddy,17.3616,78.483,2016,11,0.0,64.8,20.71,31.29,11.38
Rangareddy,17.3616,78.483,2016,12,0.03,54.15,20.53,30.55,10.4
Rangareddy,17.3616,78.483,2016,13,2.03,58.22,26.23,42.77,10.4
Rangareddy,17.3616,78.483,2017,1,0.0,44.12,21.47,33.27,11.58
Rangareddy,17.3616,78.483,2017,2,0.0,31.45,25.1,37.98,14.6
Rangareddy,17.3616,78.483,2017,3,0.24,33.95,28.55,41.04,15.73
Rangareddy,17.3616,78.483,2017,4,0.1,25.41,33.1,43.31,21.41
Rangareddy,17.3616,78.483,2017,5,1.21,37.28,33.7,43.38,23.39
Rangareddy,17.3616,78.483,2017,6,4.48,67.75,28.21,40.65,21.86
Rangareddy,17.3616,78.483,2017,7,5.78,73.68,26.6,34.01,21.85
Rangareddy,17.3616,78.483,2017,8,5.51,80.73,25.35,31.89,19.49
Rangareddy,17.3616,78.483,2017,9,5.38,83.81,25.36,30.67,19.83
Rangareddy,17.3616,78.483,2017,10,2.94,82.78,24.13,30.78,15.88
Rangareddy,17.3616,78.483,2017,11,0.05,74.24,21.74,30.7,12.55
Rangareddy,17.3616,78.483,2017,12,0.0,58.17,20.06,30.49,11.6
Rangareddy,17.3616,78.483,2017,13,2.15,57.94,26.11,43.38,11.58
Rangareddy,17.3616,78.483,2018,1,0.0,37.82,21.33,32.32,11.25
Rangareddy,17.3616,78.483,2018,2,0.0,35.41,24.8,36.72,13.45
Rangareddy,17.3616,78.483,2018,3,0.02,28.87,29.18,40.96,18.96
Rangareddy,17.3616,78.483,2018,4,1.14,40.87,31.6,43.29,20.45
Rangareddy,17.3616,78.483,2018,5,0.89,42.01,33.01,43.24,23.42
Rangareddy,17.3616,78.483,2018,6,3.77,63.4,28.61,39.45,22.22
Rangareddy,17.3616,78.483,2018,7,3.23,70.94,26.63,34.67,21.47
Rangareddy,17.3616,78.483,2018,8,4.65,75.86,25.79,33.3,21.38
Rangareddy,17.3616,78.483,2018,9,2.94,75.51,25.76,33.75,19.43
Rangareddy,17.3616,78.483,2018,10,0.74,63.08,25.44,34.32,15.66
Rangareddy,17.3616,78.483,2018,11,0.01,54.91,24.46,34.09,14.59
Rangareddy,17.3616,78.483,2018,12,0.64,55.68,21.66,32.1,8.43
Rangareddy,17.3616,78.483,2018,13,1.51,53.79,26.52,43.29,8.43
Rangareddy,17.3616,78.483,2019,1,0.72,47.38,20.99,32.15,8.11
Rangareddy,17.3616,78.483,2019,2,0.02,47.07,24.88,37.86,11.92
Rangareddy,17.3616,78.483,2019,3,0.05,34.51,29.73,41.72,17.23
Rangareddy,17.3616,78.483,2019,4,0.91,35.4,32.53,43.23,22.39
Rangareddy,17.3616,78.483,2019,5,0.48,31.48,34.72,44.09,25.39
Rangareddy,17.3616,78.483,2019,6,2.03,54.38,30.77,42.23,22.74
Rangareddy,17.3616,78.483,2019,7,3.78,69.98,27.33,36.06,22.0
Rangareddy,17.3616,78.483,2019,8,5.83,79.89,25.83,32.72,21.7
Rangareddy,17.3616,78.483,2019,9,6.5,83.41,25.53,31.91,20.68
Rangareddy,17.3616,78.483,2019,10,3.99,87.28,24.12,29.34,20.21
Rangareddy,17.3616,78.483,2019,11,0.13,81.25,21.99,29.75,14.65
Rangareddy,17.3616,78.483,2019,12,0.17,75.87,20.95,28.69,11.57
Rangareddy,17.3616,78.483,2019,13,2.06,60.74,26.62,44.09,8.11
Rangareddy,17.3616,78.483,2020,1,0.42,65.19,21.89,32.68,11.55
Rangareddy,17.3616,78.483,2020,2,0.13,50.19,24.23,35.03,14.55
Rangareddy,17.3616,78.483,2020,3,0.54,43.91,28.59,38.93,19.62
Rangareddy,17.3616,78.483,2020,4,0.72,38.48,31.88,41.06,22.2
Rangareddy,17.3616,78.483,2020,5,1.43,38.17,33.54,44.14,24.63
Rangareddy,17.3616,78.483,2020,6,5.84,70.25,27.81,36.88,22.13
Rangareddy,17.3616,78.483,2020,7,8.06,82.83,25.73,32.46,20.87
Rangareddy,17.3616,78.483,2020,8,9.41,86.98,25.18,31.0,21.74
Rangareddy,17.3616,78.483,2020,9,7.16,88.31,25.05,31.19,20.58
Rangareddy,17.3616,78.483,2020,10,5.85,86.68,23.98,29.44,17.39
Rangareddy,17.3616,78.483,2020,11,0.44,84.97,21.19,28.35,12.04
Rangareddy,17.3616,78.483,2020,12,0.0,79.0,19.0,27.02,9.94
Rangareddy,17.3616,78.483,2020,13,3.35,67.98,25.67,44.14,9.94
Rangareddy,17.3616,78.483,2021,1,0.04,75.42,21.26,30.56,13.32
Rangareddy,17.3616,78.483,2021,2,0.07,52.76,22.47,35.29,11.1
Rangareddy,17.3616,78.483,2021,3,0.0,31.57,28.08,41.17,16.65
Rangareddy,17.3616,78.483,2021,4,0.65,36.99,31.31,40.76,22.01
Rangareddy,17.3616,78.483,2021,5,1.11,47.65,31.71,40.71,23.99
Rangareddy,17.3616,78.483,2021,6,5.55,71.49,27.31,36.62,21.37
Rangareddy,17.3616,78.483,2021,7,9.77,82.65,25.81,31.95,21.76
Rangareddy,17.3616,78.483,2021,8,5.61,84.65,25.34,31.17,20.57
Rangareddy,17.3616,78.483,2021,9,7.92,87.01,24.99,29.82,18.7
Rangareddy,17.3616,78.483,2021,10,3.0,84.84,23.98,29.82,16.49
Rangareddy,17.3616,78.483,2021,11,0.84,86.61,22.39,29.14,13.47
Rangareddy,17.3616,78.483,2021,12,0.0,77.18,19.98,28.06,9.39
Rangareddy,17.3616,78.483,2021,13,2.89,68.34,25.4,41.17,9.39
Rangareddy,17.3616,78.483,2022,1,0.96,68.61,20.13,30.69,8.32
Rangareddy,17.3616,78.483,2022,2,0.0,55.32,22.64,33.92,11.03
Rangareddy,17.3616,78.483,2022,3,0.0,33.79,29.19,41.43,15.72
Rangareddy,17.3616,78.483,2022,4,0.07,35.16,32.82,43.02,23.3
Rangareddy,17.3616,78.483,2022,5,1.13,47.56,32.05,42.66,24.23
Rangareddy,17.3616,78.483,2022,6,3.15,62.37,29.06,41.4,22.35
Rangareddy,17.3616,78.483,2022,7,12.87,83.28,25.38,34.41,21.2
Rangareddy,17.3616,78.483,2022,8,4.21,85.1,25.25,30.64,20.98
Rangareddy,17.3616,78.483,2022,9,5.4,86.05,25.0,30.48,20.16
Rangareddy,17.3616,78.483,2022,10,3.41,84.8,23.01,29.03,12.94
Rangareddy,17.3616,78.483,2022,11,0.07,78.27,20.69,28.12,11.86
Rangareddy,17.3616,78.483,2022,12,0.14,73.03,21.94,31.43,12.11
Rangareddy,17.3616,78.483,2022,13,2.64,66.21,25.61,43.02,8.32
Rangareddy,17.3616,78.483,2023,1,0.0,60.95,21.53,31.36,9.18
Rangareddy,17.3616,78.483,2023,2,0.0,31.51,24.94,36.83,12.87
Rangareddy,17.3616,78.483,2023,3,1.37,44.69,27.26,38.0,17.31
Rangareddy,17.3616,78.483,2023,4,3.08,42.83,30.54,41.71,21.54
Rangareddy,17.3616,78.483,2023,5,1.41,50.49,31.05,40.67,21.21
Rangareddy,17.3616,78.483,2023,6,1.73,48.43,31.45,41.05,21.9
Rangareddy,17.3616,78.483,2023,7,12.36,77.25,26.28,35.38,21.14
Rangareddy,17.3616,78.483,2023,8,1.38,81.41,25.69,31.07,21.45
Rangareddy,17.3616,78.483,2023,9,7.31,85.86,25.37,31.44,21.0
Rangareddy,17.3616,78.483,2023,10,0.1,76.52,23.6,30.45,14.19
Rangareddy,17.3616,78.483,2023,11,0.84,74.96,23.47,31.25,15.38
Rangareddy,17.3616,78.483,2023,12,0.4,68.16,20.68,31.43,10.72
Rangareddy,17.3616,78.483,2023,13,2.51,62.16,25.98,41.71,9.18
Rangareddy,17.3616,78.483,2024,1,0.0,59.56,22.67,32.56,12.78
Rangareddy,17.3616,78.483,2024,2,0.0,45.52,26.03,36.1,16.19
Rangareddy,17.3616,78.483,2024,3,0.15,37.79,30.04,41.11,20.33
Rangareddy,17.3616,78.483,2024,4,0.11,32.4,33.56,43.52,23.2
Rangareddy,17.3616,78.483,2024,5,2.84,50.7,32.01,43.88,22.58
Rangareddy,17.3616,78.483,2024,6,3.94,69.47,28.17,39.06,21.64
Rangareddy,17.3616,78.483,2024,7,5.51,78.37,26.16,34.03,21.61
Rangareddy,17.3616,78.483,2024,8,7.75,83.67,26.05,31.48,21.9
Rangareddy,17.3616,78.483,2024,9,7.33,85.87,25.06,30.28,19.98
Rangareddy,17.3616,78.483,2024,10,2.0,86.0,24.85,31.15,17.88
Rangareddy,17.3616,78.483,2024,11,0.27,79.26,21.05,28.8,12.6
Rangareddy,17.3616,78.483,2024,12,0.39,72.91,21.73,29.77,8.96
Rangareddy,17.3616,78.483,2024,13,2.53,65.22,26.45,43.88,8.96
Sangareddy,17.624,78.0874,2000,1,0.0,33.57,22.88,35.22,10.64
Sangareddy,17.624,78.0874,2000,2,1.99,47.24,24.78,34.92,13.93
Sangareddy,17.624,78.0874,2000,3,0.02,31.28,27.23,39.29,14.79
Sangareddy,17.624,78.0874,2000,4,0.02,26.56,33.25,43.76,19.57
Sangareddy,17.624,78.0874,2000,5,1.61,48.14,30.76,43.29,23.09
Sangareddy,17.624,78.0874,2000,6,8.54,76.24,25.84,33.96,20.65
Sangareddy,17.624,78.0874,2000,7,2.62,79.41,25.02,31.23,20.48
Sangareddy,17.624,78.0874,2000,8,13.34,82.95,24.63,31.03,20.04
Sangareddy,17.624,78.0874,2000,9,1.99,82.86,24.57,30.48,19.26
Sangareddy,17.624,78.0874,2000,10,0.94,71.72,24.36,31.8,15.15
Sangareddy,17.624,78.0874,2000,11,0.17,62.0,22.72,32.63,13.57
Sangareddy,17.624,78.0874,2000,12,0.02,34.7,21.25,32.38,11.69
Sangareddy,17.624,78.0874,2000,13,2.61,56.38,25.6,43.76,10.64
Sangareddy,17.624,78.0874,2001,1,0.24,40.01,22.75,34.38,11.9
Sangareddy,17.624,78.0874,2001,2,0.0,23.33,25.83,38.28,14.05
Sangareddy,17.624,78.0874,2001,3,1.28,37.91,28.6,39.35,18.2
Sangareddy,17.624,78.0874,2001,4,0.75,40.08,31.14,42.58,20.54
Sangareddy,17.624,78.0874,2001,5,0.12,32.45,33.62,43.98,24.58
Sangareddy,17.624,78.0874,2001,6,6.35,69.22,26.68,38.46,20.6
Sangareddy,17.624,78.0874,2001,7,2.03,69.77,26.41,34.93,20.15
Sangareddy,17.624,78.0874,2001,8,7.18,83.11,24.41,30.37,20.33
Sangareddy,17.624,78.0874,2001,9,4.5,82.15,25.01,31.91,20.55
Sangareddy,17.624,78.0874,2001,10,3.86,83.07,23.15,29.59,14.8
Sangareddy,17.624,78.0874,2001,11,0.05,73.97,22.04,30.51,12.57
Sangareddy,17.624,78.0874,2001,12,0.01,55.36,20.23,30.79,11.63
Sangareddy,17.624,78.0874,2001,13,2.21,57.72,25.82,43.98,11.63
Sangareddy,17.624,78.0874,2002,1,0.45,52.26,21.69,34.76,9.38
Sangareddy,17.624,78.0874,2002,2,0.04,41.54,25.37,36.61,16.17
Sangareddy,17.624,78.0874,2002,3,0.38,30.1,29.24,40.19,19.02
Sangareddy,17.624,78.0874,2002,4,0.07,28.67,33.18,42.52,20.94
Sangareddy,17.624,78.0874,2002,5,2.32,43.31,32.64,43.31,22.35
Sangareddy,17.624,78.0874,2002,6,5.27,68.28,27.83,36.66,21.88
Sangareddy,17.624,78.0874,2002,7,2.56,69.58,26.94,34.91,21.4
Sangareddy,17.624,78.0874,2002,8,6.98,81.19,24.73,30.93,19.96
Sangareddy,17.624,78.0874,2002,9,1.26,74.15,25.69,34.74,19.16
Sangareddy,17.624,78.0874,2002,10,3.52,70.1,24.65,36.47,15.85
Sangareddy,17.624,78.0874,2002,11,0.06,53.58,22.72,33.46,12.78
Sangareddy,17.624,78.0874,2002,12,0.01,45.51,22.47,33.5,13.92
Sangareddy,17.624,78.0874,2002,13,1.93,54.95,26.43,43.31,9.38
Sangareddy,17.624,78.0874,2003,1,0.0,43.02,23.15,34.76,10.22
Sangareddy,17.624,78.0874,2003,2,0.23,42.32,26.72,36.57,16.71
Sangareddy,17.624,78.0874,2003,3,0.38,35.45,29.14,39.53,17.12
Sangareddy,17.624,78.0874,2003,4,0.79,33.54,32.11,41.71,21.19
Sangareddy,17.624,78.0874,2003,5,0.06,22.65,34.39,43.31,23.49
Sangareddy,17.624,78.0874,2003,6,2.51,54.1,29.91,43.64,21.58
Sangareddy,17.624,78.0874,2003,7,8.34,79.8,25.37,33.57,21.51
Sangareddy,17.624,78.0874,2003,8,5.13,83.11,24.67,31.47,19.14
Sangareddy,17.624,78.0874,2003,9,2.23,82.95,24.8,30.66,20.2
Sangareddy,17.624,78.0874,2003,10,4.82,79.93,23.95,31.39,13.94
Sangareddy,17.624,78.0874,2003,11,0.03,72.36,21.29,30.11,13.16
Sangareddy,17.624,78.0874,2003,12,0.05,60.17,20.25,30.73,11.13
Sangareddy,17.624,78.0874,2003,13,2.07,57.54,26.3,43.64,10.22
Sangareddy,17.624,78.0874,2004,1,1.08,55.59,21.58,32.8,11.57
Sangareddy,17.624,78.0874,2004,2,0.18,41.67,23.63,37.47,9.68
Sangareddy,17.624,78.0874,2004,3,0.7,28.67,29.52,40.93,18.05
Sangareddy,17.624,78.0874,2004,4,1.92,43.36,30.62,41.71,18.48
Sangareddy,17.624,78.0874,2004,5,1.5,57.35,29.56,39.73,21.66
Sangareddy,17.624,78.0874,2004,6,1.19,62.12,28.19,36.97,21.35
Sangareddy,17.624,78.0874,2004,7,7.5,79.4,25.1,31.85,20.91
Sangareddy,17.624,78.0874,2004,8,2.07,78.36,25.2,32.06,20.8
Sangareddy,17.624,78.0874,2004,9,4.14,81.23,25.02,32.31,19.77
Sangareddy,17.624,78.0874,2004,10,2.34,75.77,23.82,31.42,14.14
Sangareddy,17.624,78.0874,2004,11,0.03,60.23,22.74,32.66,12.51
Sangareddy,17.624,78.0874,2004,12,0.0,46.57,21.32,32.28,11.94
Sangareddy,17.624,78.0874,2004,13,1.9,59.26,25.52,41.71,9.68
Sangareddy,17.624,78.0874,2005,1,1.28,49.22,22.8,32.62,12.37
Sangareddy,17.624,78.0874,2005,2,0.05,41.11,25.25,37.71,12.15
Sangareddy,17.624,78.0874,2005,3,0.45,32.09,28.48,40.0,16.29
Sangareddy,17.624,78.0874,2005,4,0.87,41.13,31.01,40.06,21.89
Sangareddy,17.624,78.0874,2005,5,1.05,35.78,32.86,43.69,22.32
Sangareddy,17.624,78.0874,2005,6,3.53,61.23,29.13,41.14,21.39
Sangareddy,17.624,78.0874,2005,7,11.78,81.76,25.19,32.66,21.03
Sangareddy,17.624,78.0874,2005,8,4.52,85.9,24.38,29.65,20.8
Sangareddy,17.624,78.0874,2005,9,7.39,87.58,24.35,29.66,19.86
Sangareddy,17.624,78.0874,2005,10,7.01,85.65,23.2,29.89,16.62
Sangareddy,17.624,78.0874,2005,11,0.02,78.34,18.28,26.62,9.75
Sangareddy,17.624,78.0874,2005,12,0.05,70.78,18.27,27.57,8.48
Sangareddy,17.624,78.0874,2005,13,3.19,62.67,25.26,43.69,8.48
Sangareddy,17.624,78.0874,2006,1,0.0,59.17,19.54,31.56,7.77
Sangareddy,17.624,78.0874,2006,2,0.0,39.53,24.01,36.81,13.27
Sangareddy,17.624,78.0874,2006,3,1.35,44.99,27.37,39.03,15.66
Sangareddy,17.624,78.0874,2006,4,1.98,38.87,31.15,41.53,20.52
Sangareddy,17.624,78.0874,2006,5,3.0,48.99,30.99,42.19,22.71
Sangareddy,17.624,78.0874,2006,6,3.26,70.1,27.27,35.6,21.92
Sangareddy,17.624,78.0874,2006,7,5.93,74.47,25.98,33.56,20.37
Sangareddy,17.624,78.0874,2006,8,6.55,83.73,24.38,30.62,19.62
Sangareddy,17.624,78.0874,2006,9,7.6,84.9,24.58,31.75,19.49
Sangareddy,17.624,78.0874,2006,10,0.75,80.79,23.55,30.08,16.52
Sangareddy,17.624,78.0874,2006,11,1.99,80.44,21.36,29.62,13.7
Sangareddy,17.624,78.0874,2006,12,0.0,68.15,20.37,29.54,12.04
Sangareddy,17.624,78.0874,2006,13,2.71,64.67,25.04,42.19,7.77
Sangareddy,17.624,78.0874,2007,1,0.0,53.01,21.64,33.45,12.42
Sangareddy,17.624,78.0874,2007,2,0.0,39.51,24.63,35.93,15.13
Sangareddy,17.624,78.0874,2007,3,0.0,31.73,29.23,40.1,17.11
Sangareddy,17.624,78.0874,2007,4,0.7,34.3,31.74,41.89,22.28
Sangareddy,17.624,78.0874,2007,5,0.63,33.68,33.66,43.05,24.24
Sangareddy,17.624,78.0874,2007,6,6.09,69.27,27.84,38.85,21.99
Sangareddy,17.624,78.0874,2007,7,3.08,78.08,25.76,32.88,21.46
Sangareddy,17.624,78.0874,2007,8,7.43,82.0,24.93,31.96,20.52
Sangareddy,17.624,78.0874,2007,9,8.63,87.88,24.3,30.78,18.2
Sangareddy,17.624,78.0874,2007,10,1.02,79.39,21.87,29.02,15.12
Sangareddy,17.624,78.0874,2007,11,0.12,71.5,19.93,28.81,9.49
Sangareddy,17.624,78.0874,2007,12,0.0,64.68,20.79,32.02,12.48
Sangareddy,17.624,78.0874,2007,13,2.31,60.53,25.53,43.05,9.49
Sangareddy,17.624,78.0874,2008,1,0.01,44.89,21.27,32.18,10.85
Sangareddy,17.624,78.0874,2008,2,1.65,51.27,23.65,34.62,11.38
Sangareddy,17.624,78.0874,2008,3,4.94,46.58,26.72,37.66,15.8
Sangareddy,17.624,78.0874,2008,4,0.39,45.46,29.25,41.58,17.4
Sangareddy,17.624,78.0874,2008,5,0.55,31.66,32.55,42.32,22.49
Sangareddy,17.624,78.0874,2008,6,1.82,61.65,27.91,39.26,21.0
Sangareddy,17.624,78.0874,2008,7,3.71,66.04,27.23,36.84,21.42
Sangareddy,17.624,78.0874,2008,8,13.75,85.02,24.54,31.38,20.58
Sangareddy,17.624,78.0874,2008,9,6.31,85.08,24.17,30.36,18.1
Sangareddy,17.624,78.0874,2008,10,1.62,79.78,22.9,30.28,13.36
Sangareddy,17.624,78.0874,2008,11,1.54,76.11,21.06,28.89,11.78
Sangareddy,17.624,78.0874,2008,12,0.01,65.69,20.7,30.43,11.9
Sangareddy,17.624,78.0874,2008,13,3.04,61.6,25.17,42.32,10.85
Sangareddy,17.624,78.0874,2009,1,0.0,54.69,21.86,35.53,12.94
Sangareddy,17.624,78.0874,2009,2,0.0,33.75,26.38,38.86,16.55
Sangareddy,17.624,78.0874,2009,3,0.14,27.03,29.25,40.34,19.2
Sangareddy,17.624,78.0874,2009,4,0.65,29.34,32.15,42.56,21.24
Sangareddy,17.624,78.0874,2009,5,1.09,35.47,33.09,43.44,23.64
Sangareddy,17.624,78.0874,2009,6,2.82,64.74,28.12,39.7,22.02
Sangareddy,17.624,78.0874,2009,7,2.1,70.33,26.54,34.8,21.12
Sangareddy,17.624,78.0874,2009,8,10.13,73.97,26.29,35.94,20.58
Sangareddy,17.624,78.0874,2009,9,4.66,83.06,25.16,31.29,20.54
Sangareddy,17.624,78.0874,2009,10,2.02,75.96,23.32,30.08,14.11
Sangareddy,17.624,78.0874,2009,11,1.25,74.04,22.33,31.51,11.3
Sangareddy,17.624,78.0874,2009,12,0.09,63.6,21.19,30.38,11.64
Sangareddy,17.624,78.0874,2009,13,2.09,57.3,26.3,43.44,11.3
Sangareddy,17.624,78.0874,2010,1,0.26,50.9,21.58,31.91,10.37
Sangareddy,17.624,78.0874,2010,2,0.23,39.16,26.36,37.35,14.72
Sangareddy,17.624,78.0874,2010,3,0.0,28.16,30.6,40.66,18.48
Sangareddy,17.624,78.0874,2010,4,0.11,29.2,33.38,42.65,20.75
Sangareddy,17.624,78.0874,2010,5,0.63,35.76,33.8,43.95,23.18
Sangareddy,17.624,78.0874,2010,6,4.63,62.68,29.08,41.14,21.88
Sangareddy,17.624,78.0874,2010,7,10.37,83.18,24.98,31.52,20.12
Sangareddy,17.624,78.0874,2010,8,7.66,85.85,24.8,30.66,18.81
Sangareddy,17.624,78.0874,2010,9,6.79,87.66,24.25,29.73,19.2
Sangareddy,17.624,78.0874,2010,10,2.05,85.44,23.31,29.9,15.12
Sangareddy,17.624,78.0874,2010,11,1.41,86.39,22.52,28.87,15.36
Sangareddy,17.624,78.0874,2010,12,0.35,75.86,18.61,27.01,8.44
Sangareddy,17.624,78.0874,2010,13,2.89,62.67,26.09,43.95,8.44
Sangareddy,17.624,78.0874,2011,1,0.0,59.81,19.42,31.36,8.96
Sangareddy,17.624,78.0874,2011,2,0.22,53.4,23.51,33.02,13.73
Sangareddy,17.624,78.0874,2011,3,0.07,30.7,28.59,39.4,17.88
Sangareddy,17.624,78.0874,2011,4,0.18,35.47,30.8,41.26,19.96
Sangareddy,17.624,78.0874,2011,5,0.36,33.57,33.11,42.38,24.87
Sangareddy,17.624,78.0874,2011,6,1.61,60.71,28.34,37.59,22.27
Sangareddy,17.624,78.0874,2011,7,7.02,76.95,25.7,34.92,20.57
Sangareddy,17.624,78.0874,2011,8,6.73,82.22,24.96,32.46,20.09
Sangareddy,17.624,78.0874,2011,9,2.1,83.33,24.59,30.52,19.99
Sangareddy,17.624,78.0874,2011,10,1.64,76.68,24.17,30.95,17.85
Sangareddy,17.624,78.0874,2011,11,0.14,60.65,22.59,32.14,13.06
Sangareddy,17.624,78.0874,2011,12,0.01,44.6,21.98,32.72,11.67
Sangareddy,17.624,78.0874,2011,13,1.69,58.19,25.65,42.38,8.96
Sangareddy,17.624,78.0874,2012,1,0.04,42.14,22.83,34.42,9.89
Sangareddy,17.624,78.0874,2012,2,0.0,31.72,25.4,37.53,14.36
Sangareddy,17.624,78.0874,2012,3,0.0,19.54,28.31,40.05,14.72
Sangareddy,17.624,78.0874,2012,4,0.7,36.31,31.94,40.71,21.87
Sangareddy,17.624,78.0874,2012,5,0.22,27.53,34.17,42.82,24.05
Sangareddy,17.624,78.0874,2012,6,3.62,56.29,29.04,41.68,21.05
Sangareddy,17.624,78.0874,2012,7,6.72,77.06,25.53,33.77,20.76
Sangareddy,17.624,78.0874,2012,8,4.54,80.34,24.99,31.34,19.92
Sangareddy,17.624,78.0874,2012,9,4.01,83.64,24.62,30.3,19.85
Sangareddy,17.624,78.0874,2012,10,2.07,76.64,23.17,30.81,15.24
Sangareddy,17.624,78.0874,2012,11,1.11,69.31,22.43,31.39,10.87
Sangareddy,17.624,78.0874,2012,12,0.0,56.19,22.25,33.0,11.41
Sangareddy,17.624,78.0874,2012,13,1.92,54.78,26.22,42.82,9.89
Sangareddy,17.624,78.0874,2013,1,0.08,46.33,23.47,33.92,13.68
Sangareddy,17.624,78.0874,2013,2,0.71,45.58,24.84,35.4,12.18
Sangareddy,17.624,78.0874,2013,3,0.01,31.28,28.86,39.51,15.37
Sangareddy,17.624,78.0874,2013,4,1.72,40.35,30.95,40.6,21.37
Sangareddy,17.624,78.0874,2013,5,0.64,35.5,33.72,43.84,24.42
Sangareddy,17.624,78.0874,2013,6,5.65,74.28,26.33,33.47,21.52
Sangareddy,17.624,78.0874,2013,7,7.97,81.25,24.79,31.46,20.2
Sangareddy,17.624,78.0874,2013,8,4.0,84.02,24.36,30.71,20.66
Sangareddy,17.624,78.0874,2013,9,5.49,85.44,24.39,29.81,18.56
Sangareddy,17.624,78.0874,2013,10,6.02,85.5,23.35,29.49,14.72
Sangareddy,17.624,78.0874,2013,11,0.35,81.8,20.46,28.16,11.03
Sangareddy,17.624,78.0874,2013,12,0.0,69.01,18.57,28.14,9.41
Sangareddy,17.624,78.0874,2013,13,2.73,63.43,25.34,43.84,9.41
Sangareddy,17.624,78.0874,2014,1,0.0,65.21,20.87,29.78,12.24
Sangareddy,17.624,78.0874,2014,2,0.15,43.97,23.63,34.04,13.32
Sangareddy,17.624,78.0874,2014,3,1.73,48.5,26.61,40.08,16.41
Sangareddy,17.624,78.0874,2014,4,0.55,30.99,31.91,40.41,22.12
Sangareddy,17.624,78.0874,2014,5,1.6,43.88,31.69,41.97,21.31
Sangareddy,17.624,78.0874,2014,6,1.68,51.47,30.69,41.04,23.54
Sangareddy,17.624,78.0874,2014,7,4.83,71.61,26.63,37.26,20.98
Sangareddy,17.624,78.0874,2014,8,7.65,74.49,26.18,34.61,21.14
Sangareddy,17.624,78.0874,2014,9,2.66,83.09,24.29,30.37,18.15
Sangareddy,17.624,78.0874,2014,10,1.04,72.15,24.07,32.54,14.32
Sangareddy,17.624,78.0874,2014,11,0.21,59.76,22.54,32.44,13.47
Sangareddy,17.624,78.0874,2014,12,0.12,49.24,21.24,32.23,10.6
Sangareddy,17.624,78.0874,2014,13,1.87,57.99,25.86,41.97,10.6
Sangareddy,17.624,78.0874,2015,1,0.13,44.13,21.14,32.02,9.73
Sangareddy,17.624,78.0874,2015,2,0.13,37.17,24.26,35.52,13.99
Sangareddy,17.624,78.0874,2015,3,0.83,41.97,27.61,39.48,14.69
Sangareddy,17.624,78.0874,2015,4,2.79,46.6,29.24,39.92,16.83
Sangareddy,17.624,78.0874,2015,5,0.33,36.06,32.98,44.11,22.59
Sangareddy,17.624,78.0874,2015,6,2.55,62.15,28.37,39.51,21.91
Sangareddy,17.624,78.0874,2015,7,1.69,61.44,28.31,37.15,21.41
Sangareddy,17.624,78.0874,2015,8,3.47,72.29,26.56,34.67,21.35
Sangareddy,17.624,78.0874,2015,9,4.71,77.8,25.62,34.85,18.7
Sangareddy,17.624,78.0874,2015,10,0.43,62.55,26.23,34.86,18.73
Sangareddy,17.624,78.0874,2015,11,0.1,57.49,25.01,33.92,16.29
Sangareddy,17.624,78.0874,2015,12,0.01,45.08,24.1,35.02,11.02
Sangareddy,17.624,78.0874,2015,13,1.43,53.78,26.63,44.11,9.73
Sangareddy,17.624,78.0874,2016,1,0.06,39.34,22.7,35.66,12.38
Sangareddy,17.624,78.0874,2016,2,0.01,37.49,26.87,38.71,15.63
Sangareddy,17.624,78.0874,2016,3,0.05,32.71,30.05,40.25,19.57
Sangareddy,17.624,78.0874,2016,4,0.26,27.16,33.66,42.66,22.57
Sangareddy,17.624,78.0874,2016,5,1.76,41.39,32.84,42.54,22.9
Sangareddy,17.624,78.0874,2016,6,4.71,68.19,27.75,39.99,22.04
Sangareddy,17.624,78.0874,2016,7,5.5,78.5,25.59,32.92,21.37
Sangareddy,17.624,78.0874,2016,8,2.52,77.49,25.61,32.75,20.71
Sangareddy,17.624,78.0874,2016,9,10.35,85.12,24.14,30.76,18.93
Sangareddy,17.624,78.0874,2016,10,1.22,79.32,22.26,29.21,13.36
Sangareddy,17.624,78.0874,2016,11,0.0,66.61,19.92,30.72,10.63
Sangareddy,17.624,78.0874,2016,12,0.01,54.49,20.1,30.99,9.27
Sangareddy,17.624,78.0874,2016,13,2.2,57.38,25.95,42.66,9.27
Sangareddy,17.624,78.0874,2017,1,0.0,41.78,21.38,33.69,10.95
Sangareddy,17.624,78.0874,2017,2,0.0,27.88,25.08,37.95,14.72
Sangareddy,17.624,78.0874,2017,3,0.32,30.47,28.37,41.28,16.0
Sangareddy,17.624,78.0874,2017,4,0.12,22.19,32.82,42.95,21.61
Sangareddy,17.624,78.0874,2017,5,0.96,33.94,33.75,43.1,23.18
Sangareddy,17.624,78.0874,2017,6,4.85,69.24,27.63,39.93,21.72
Sangareddy,17.624,78.0874,2017,7,4.63,74.54,26.13,33.13,21.48
Sangareddy,17.624,78.0874,2017,8,4.92,79.25,25.21,31.82,18.52
Sangareddy,17.624,78.0874,2017,9,5.0,82.6,25.17,30.88,19.33
Sangareddy,17.624,78.0874,2017,10,3.42,81.69,23.85,30.46,15.3
Sangareddy,17.624,78.0874,2017,11,0.01,70.83,21.75,31.04,12.65
Sangareddy,17.624,78.0874,2017,12,0.0,53.98,20.28,30.93,10.88
Sangareddy,17.624,78.0874,2017,13,2.03,55.87,25.95,43.1,10.88
Sangareddy,17.624,78.0874,2018,1,0.0,33.71,21.6,33.1,12.18
Sangareddy,17.624,78.0874,2018,2,0.0,32.02,24.94,36.58,13.65
Sangareddy,17.624,78.0874,2018,3,0.0,25.69,29.08,40.73,18.46
Sangareddy,17.624,78.0874,2018,4,1.0,35.94,31.79,43.14,20.91
Sangareddy,17.624,78.0874,2018,5,0.89,38.45,33.19,43.01,23.63
Sangareddy,17.624,78.0874,2018,6,2.75,64.46,28.08,39.35,21.7
Sangareddy,17.624,78.0874,2018,7,2.93,71.07,26.25,34.58,21.11
Sangareddy,17.624,78.0874,2018,8,4.48,75.67,25.46,33.58,20.91
Sangareddy,17.624,78.0874,2018,9,2.78,73.18,25.66,34.3,19.37
Sangareddy,17.624,78.0874,2018,10,0.94,60.63,25.36,34.24,14.79
Sangareddy,17.624,78.0874,2018,11,0.01,50.81,24.47,34.38,14.41
Sangareddy,17.624,78.0874,2018,12,0.52,52.28,21.66,32.79,8.52
Sangareddy,17.624,78.0874,2018,13,1.37,51.26,26.46,43.14,8.52
Sangareddy,17.624,78.0874,2019,1,0.5,42.9,21.07,32.2,8.18
Sangareddy,17.624,78.0874,2019,2,0.02,40.14,25.17,37.84,12.16
Sangareddy,17.624,78.0874,2019,3,0.1,30.37,29.74,41.18,16.91
Sangareddy,17.624,78.0874,2019,4,0.66,30.26,32.89,43.56,23.13
Sangareddy,17.624,78.0874,2019,5,0.46,27.87,34.59,43.46,24.16
Sangareddy,17.624,78.0874,2019,6,2.07,55.29,30.4,41.36,21.84
Sangareddy,17.624,78.0874,2019,7,3.53,71.4,26.8,34.77,21.48
Sangareddy,17.624,78.0874,2019,8,4.85,80.03,25.42,32.3,21.12
Sangareddy,17.624,78.0874,2019,9,6.49,83.42,25.13,31.48,20.17
Sangareddy,17.624,78.0874,2019,10,3.61,86.54,23.91,29.06,19.8
Sangareddy,17.624,78.0874,2019,11,0.1,77.83,22.28,30.2,14.06
Sangareddy,17.624,78.0874,2019,12,0.11,70.85,21.54,30.3,11.84
Sangareddy,17.624,78.0874,2019,13,1.89,58.18,26.58,43.56,8.18
Sangareddy,17.624,78.0874,2020,1,0.39,58.98,22.56,34.02,12.43
Sangareddy,17.624,78.0874,2020,2,0.05,43.9,24.87,35.18,15.26
Sangareddy,17.624,78.0874,2020,3,0.53,38.54,28.98,39.04,18.49
Sangareddy,17.624,78.0874,2020,4,0.58,35.24,32.06,41.17,22.01
Sangareddy,17.624,78.0874,2020,5,1.61,37.32,33.3,43.9,24.11
Sangareddy,17.624,78.0874,2020,6,5.62,70.29,27.45,36.57,22.24
Sangareddy,17.624,78.0874,2020,7,8.17,83.36,25.25,32.13,20.57
Sangareddy,17.624,78.0874,2020,8,6.71,86.79,24.85,30.78,21.59
Sangareddy,17.624,78.0874,2020,9,8.0,87.82,24.74,31.35,19.94
Sangareddy,17.624,78.0874,2020,10,5.91,86.14,23.77,29.3,16.95
Sangareddy,17.624,78.0874,2020,11,0.23,83.97,20.91,28.52,11.38
Sangareddy,17.624,78.0874,2020,12,0.0,78.36,18.78,27.09,9.89
Sangareddy,17.624,78.0874,2020,13,3.16,65.98,25.62,43.9,9.89
Sangareddy,17.624,78.0874,2021,1,0.06,71.31,21.64,31.56,13.68
Sangareddy,17.624,78.0874,2021,2,0.06,47.95,22.69,36.08,11.56
Sangareddy,17.624,78.0874,2021,3,0.0,27.05,28.53,40.83,16.7
Sangareddy,17.624,78.0874,2021,4,0.86,35.05,31.16,40.92,21.38
Sangareddy,17.624,78.0874,2021,5,1.62,49.49,30.96,40.22,23.46
Sangareddy,17.624,78.0874,2021,6,4.64,71.43,26.94,36.4,20.48
Sangareddy,17.624,78.0874,2021,7,9.38,82.77,25.42,32.16,21.31
Sangareddy,17.624,78.0874,2021,8,5.56,84.79,24.89,30.73,20.53
Sangareddy,17.624,78.0874,2021,9,8.68,87.35,24.48,29.59,18.02
Sangareddy,17.624,78.0874,2021,10,3.28,84.88,23.62,29.64,16.18
Sangareddy,17.624,78.0874,2021,11,0.67,86.27,22.15,29.14,13.17
Sangareddy,17.624,78.0874,2021,12,0.0,76.68,19.91,27.82,9.76
Sangareddy,17.624,78.0874,2021,13,2.92,67.21,25.21,40.92,9.76
Sangareddy,17.624,78.0874,2022,1,0.37,65.52,20.31,31.29,8.74
Sangareddy,17.624,78.0874,2022,2,0.0,48.88,23.31,35.06,11.58
Sangareddy,17.624,78.0874,2022,3,0.02,29.47,29.36,41.1,16.62
Sangareddy,17.624,78.0874,2022,4,0.18,33.16,32.82,42.62,22.91
Sangareddy,17.624,78.0874,2022,5,1.31,46.07,31.82,42.02,22.64
Sangareddy,17.624,78.0874,2022,6,2.71,63.41,28.47,40.79,21.77
Sangareddy,17.624,78.0874,2022,7,12.42,83.29,25.03,34.02,20.8
Sangareddy,17.624,78.0874,2022,8,4.06,85.21,24.85,30.39,20.8
Sangareddy,17.624,78.0874,2022,9,5.89,86.28,24.6,30.78,19.6
Sangareddy,17.624,78.0874,2022,10,3.27,84.17,22.77,29.02,12.73
Sangareddy,17.624,78.0874,2022,11,0.02,78.37,20.31,28.16,11.58
Sangareddy,17.624,78.0874,2022,12,0.12,70.88,21.92,31.59,11.44
Sangareddy,17.624,78.0874,2022,13,2.56,64.68,25.47,42.62,8.74
Sangareddy,17.624,78.0874,2023,1,0.0,56.09,21.8,32.13,8.94
Sangareddy,17.624,78.0874,2023,2,0.0,27.67,25.08,37.21,13.54
Sangareddy,17.624,78.0874,2023,3,1.42,40.74,27.18,37.75,16.56
Sangareddy,17.624,78.0874,2023,4,3.81,41.94,30.14,40.8,20.48
Sangareddy,17.624,78.0874,2023,5,1.71,51.89,30.4,40.0,20.36
Sangareddy,17.624,78.0874,2023,6,1.75,51.13,30.55,40.34,21.45
Sangareddy,17.624,78.0874,2023,7,11.19,78.32,25.78,34.45,20.54
Sangareddy,17.624,78.0874,2023,8,0.92,80.88,25.38,31.04,20.87
Sangareddy,17.624,78.0874,2023,9,7.85,85.82,24.97,31.38,20.84
Sangareddy,17.624,78.0874,2023,10,0.16,76.39,23.24,30.05,13.87
Sangareddy,17.624,78.0874,2023,11,1.07,73.77,23.34,31.43,15.55
Sangareddy,17.624,78.0874,2023,12,0.1,64.92,20.8,31.16,10.88
Sangareddy,17.624,78.0874,2023,13,2.51,61.04,25.71,40.8,8.94
Sangareddy,17.624,78.0874,2024,1,0.0,53.56,23.1,32.97,13.86
Sangareddy,17.624,78.0874,2024,2,0.0,40.46,26.15,36.05,16.33
Sangareddy,17.624,78.0874,2024,3,0.26,34.35,30.05,41.15,19.78
Sangareddy,17.624,78.0874,2024,4,0.26,31.36,33.32,43.14,23.1
Sangareddy,17.624,78.0874,2024,5,2.42,47.62,32.05,43.55,22.86
Sangareddy,17.624,78.0874,2024,6,4.66,71.94,27.41,40.46,21.0
Sangareddy,17.624,78.0874,2024,7,5.78,80.47,25.51,32.92,20.93
Sangareddy,17.624,78.0874,2024,8,7.26,83.94,25.66,31.38,21.51
Sangareddy,17.624,78.0874,2024,9,8.78,85.84,24.66,30.15,19.25
Sangareddy,17.624,78.0874,2024,10,2.31,85.8,24.54,30.84,17.68
Sangareddy,17.624,78.0874,2024,11,0.09,79.51,20.58,28.66,12.2
Sangareddy,17.624,78.0874,2024,12,0.28,72.03,21.51,29.97,8.62
Sangareddy,17.624,78.0874,2024,13,2.68,64.0,26.21,43.55,8.62
Siddipet,18.1018,78.8521,2000,1,0.0,33.85,22.85,35.52,10.85
Siddipet,18.1018,78.8521,2000,2,1.91,49.51,24.86,35.0,13.58
Siddipet,18.1018,78.8521,2000,3,0.02,29.52,27.53,39.21,14.6
Siddipet,18.1018,78.8521,2000,4,0.02,26.36,33.85,44.49,19.68
Siddipet,18.1018,78.8521,2000,5,1.38,45.37,31.79,44.13,23.55
Siddipet,18.1018,78.8521,2000,6,7.58,74.61,26.67,34.13,21.58
Siddipet,18.1018,78.8521,2000,7,3.5,80.0,25.55,31.31,20.86
Siddipet,18.1018,78.8521,2000,8,12.51,83.57,25.17,31.63,20.3
Siddipet,18.1018,78.8521,2000,9,1.96,83.87,24.95,30.78,19.84
Siddipet,18.1018,78.8521,2000,10,0.67,70.06,25.06,33.19,16.43
Siddipet,18.1018,78.8521,2000,11,0.09,59.52,23.17,32.93,13.65
Siddipet,18.1018,78.8521,2000,12,0.04,28.21,21.79,32.32,11.61
Siddipet,18.1018,78.8521,2000,13,2.48,55.34,26.1,44.49,10.85
Siddipet,18.1018,78.8521,2001,1,0.24,39.39,22.75,34.52,11.73
Siddipet,18.1018,78.8521,2001,2,0.0,24.31,25.96,38.56,13.43
Siddipet,18.1018,78.8521,2001,3,1.14,38.96,29.04,39.83,19.06
Siddipet,18.1018,78.8521,2001,4,1.07,41.28,31.37,43.44,20.95
Siddipet,18.1018,78.8521,2001,5,0.09,31.01,34.7,44.54,26.3
Siddipet,18.1018,78.8521,2001,6,5.89,69.12,27.2,39.38,20.73
Siddipet,18.1018,78.8521,2001,7,2.32,70.34,26.91,35.8,21.14
Siddipet,18.1018,78.8521,2001,8,7.59,84.68,24.77,29.82,20.67
Siddipet,18.1018,78.8521,2001,9,3.8,82.03,25.5,32.51,21.05
Siddipet,18.1018,78.8521,2001,10,3.59,82.71,23.69,29.77,15.46
Siddipet,18.1018,78.8521,2001,11,0.05,71.14,22.67,31.04,12.73
Siddipet,18.1018,78.8521,2001,12,0.0,51.51,20.54,31.31,12.6
Siddipet,18.1018,78.8521,2001,13,2.16,57.38,26.26,44.54,11.73
Siddipet,18.1018,78.8521,2002,1,0.67,51.56,21.9,34.79,10.36
Siddipet,18.1018,78.8521,2002,2,0.03,41.49,25.59,36.95,16.02
Siddipet,18.1018,78.8521,2002,3,0.3,30.65,29.6,40.31,18.84
Siddipet,18.1018,78.8521,2002,4,0.08,29.34,33.69,43.14,22.42
Siddipet,18.1018,78.8521,2002,5,1.78,38.58,34.01,44.32,24.2
Siddipet,18.1018,78.8521,2002,6,5.71,66.08,28.81,37.37,22.75
Siddipet,18.1018,78.8521,2002,7,2.72,70.25,27.39,35.1,22.04
Siddipet,18.1018,78.8521,2002,8,8.49,83.21,25.04,30.7,20.04
Siddipet,18.1018,78.8521,2002,9,1.33,77.36,25.63,34.08,19.81
Siddipet,18.1018,78.8521,2002,10,2.7,69.69,24.98,35.89,16.19
Siddipet,18.1018,78.8521,2002,11,0.05,51.32,22.98,33.41,12.85
Siddipet,18.1018,78.8521,2002,12,0.02,43.41,22.76,33.68,13.13
Siddipet,18.1018,78.8521,2002,13,2.01,54.5,26.87,44.32,10.36
Siddipet,18.1018,78.8521,2003,1,0.0,41.52,23.14,34.81,9.72
Siddipet,18.1018,78.8521,2003,2,0.21,44.38,26.74,36.84,17.07
Siddipet,18.1018,78.8521,2003,3,0.33,36.0,29.35,40.11,15.66
Siddipet,18.1018,78.8521,2003,4,0.72,33.2,32.74,43.0,21.29
Siddipet,18.1018,78.8521,2003,5,0.01,22.62,34.81,43.74,23.92
Siddipet,18.1018,78.8521,2003,6,2.76,53.0,30.71,44.62,22.46
Siddipet,18.1018,78.8521,2003,7,9.64,81.27,25.78,33.46,22.12
Siddipet,18.1018,78.8521,2003,8,5.77,85.86,24.93,30.95,19.85
Siddipet,18.1018,78.8521,2003,9,2.35,85.59,24.99,30.22,21.01
Siddipet,18.1018,78.8521,2003,10,4.59,82.67,24.0,30.61,13.84
Siddipet,18.1018,78.8521,2003,11,0.01,73.19,21.33,29.61,13.67
Siddipet,18.1018,78.8521,2003,12,0.09,62.25,20.09,30.56,10.73
Siddipet,18.1018,78.8521,2003,13,2.23,58.55,26.54,44.62,9.72
Siddipet,18.1018,78.8521,2004,1,1.17,59.4,21.18,32.63,11.71
Siddipet,18.1018,78.8521,2004,2,0.36,45.23,23.2,37.41,8.99
Siddipet,18.1018,78.8521,2004,3,0.59,29.35,29.79,41.63,18.17
Siddipet,18.1018,78.8521,2004,4,1.43,41.02,31.44,42.56,19.72
Siddipet,18.1018,78.8521,2004,5,1.19,53.12,30.73,41.19,23.14
Siddipet,18.1018,78.8521,2004,6,1.34,58.15,29.41,39.02,22.34
Siddipet,18.1018,78.8521,2004,7,8.07,79.88,25.63,33.15,21.42
Siddipet,18.1018,78.8521,2004,8,2.36,80.35,25.53,31.62,21.16
Siddipet,18.1018,78.8521,2004,9,3.73,82.02,25.4,31.49,20.64
Siddipet,18.1018,78.8521,2004,10,2.4,76.04,24.09,31.38,14.11
Siddipet,18.1018,78.8521,2004,11,0.07,61.78,22.79,31.94,13.48
Siddipet,18.1018,78.8521,2004,12,0.0,47.36,21.32,31.98,12.29
Siddipet,18.1018,78.8521,2004,13,1.9,59.54,25.88,42.56,8.99
Siddipet,18.1018,78.8521,2005,1,1.42,49.38,22.72,33.34,11.61
Siddipet,18.1018,78.8521,2005,2,0.05,43.52,25.18,37.74,11.26
Siddipet,18.1018,78.8521,2005,3,0.41,33.56,28.76,40.61,16.77
Siddipet,18.1018,78.8521,2005,4,0.65,39.22,31.79,41.44,22.78
Siddipet,18.1018,78.8521,2005,5,0.77,32.58,33.9,44.49,22.96
Siddipet,18.1018,78.8521,2005,6,4.1,56.8,30.51,41.8,21.95
Siddipet,18.1018,78.8521,2005,7,12.32,82.3,25.68,33.77,21.13
Siddipet,18.1018,78.8521,2005,8,4.59,86.76,24.9,29.88,21.57
Siddipet,18.1018,78.8521,2005,9,7.98,88.46,24.8,29.71,20.5
Siddipet,18.1018,78.8521,2005,10,6.48,86.18,23.53,29.96,16.96
Siddipet,18.1018,78.8521,2005,11,0.02,76.29,18.68,26.49,10.52
Siddipet,18.1018,78.8521,2005,12,0.1,68.69,18.42,27.31,8.82
Siddipet,18.1018,78.8521,2005,13,3.27,62.09,25.74,44.49,8.82
Siddipet,18.1018,78.8521,2006,1,0.0,55.58,20.08,31.96,7.54
Siddipet,18.1018,78.8521,2006,2,0.0,37.82,24.77,37.14,13.98
Siddipet,18.1018,78.8521,2006,3,1.41,45.96,27.73,39.36,15.37
Siddipet,18.1018,78.8521,2006,4,1.86,38.99,31.62,42.48,20.98
Siddipet,18.1018,78.8521,2006,5,2.77,50.15,31.36,42.87,23.67
Siddipet,18.1018,78.8521,2006,6,3.16,66.44,28.32,36.84,23.04
Siddipet,18.1018,78.8521,2006,7,6.32,73.49,26.7,34.77,21.17
Siddipet,18.1018,78.8521,2006,8,8.2,85.04,24.82,30.9,20.23
Siddipet,18.1018,78.8521,2006,9,8.37,86.33,24.89,31.23,19.81
Siddipet,18.1018,78.8521,2006,10,0.94,80.33,24.04,30.65,16.59
Siddipet,18.1018,78.8521,2006,11,1.67,79.78,21.55,29.03,13.77
Siddipet,18.1018,78.8521,2006,12,0.0,68.6,20.54,29.39,11.21
Siddipet,18.1018,78.8521,2006,13,2.91,64.22,25.53,42.87,7.54
Siddipet,18.1018,78.8521,2007,1,0.0,54.68,21.56,32.98,11.99
Siddipet,18.1018,78.8521,2007,2,0.01,40.96,24.88,36.3,14.65
Siddipet,18.1018,78.8521,2007,3,0.0,32.15,29.22,40.15,16.61
Siddipet,18.1018,78.8521,2007,4,0.64,34.18,32.27,42.68,22.34
Siddipet,18.1018,78.8521,2007,5,0.6,31.64,34.64,43.8,25.55
Siddipet,18.1018,78.8521,2007,6,5.0,66.78,28.79,39.4,22.61
Siddipet,18.1018,78.8521,2007,7,3.18,76.13,26.63,34.26,22.32
Siddipet,18.1018,78.8521,2007,8,7.27,82.74,25.37,31.94,21.05
Siddipet,18.1018,78.8521,2007,9,9.03,88.41,24.84,30.64,19.21
Siddipet,18.1018,78.8521,2007,10,0.91,79.49,22.05,29.05,15.06
Siddipet,18.1018,78.8521,2007,11,0.12,68.4,20.53,28.86,10.01
Siddipet,18.1018,78.8521,2007,12,0.0,63.47,21.17,32.28,12.79
Siddipet,18.1018,78.8521,2007,13,2.23,60.03,26.0,43.8,10.01
Siddipet,18.1018,78.8521,2008,1,0.03,44.04,21.61,32.58,10.63
Siddipet,18.1018,78.8521,2008,2,1.46,49.77,23.73,34.97,10.78
Siddipet,18.1018,78.8521,2008,3,4.68,45.31,27.31,38.66,16.51
Siddipet,18.1018,78.8521,2008,4,0.34,44.19,30.02,42.34,18.52
Siddipet,18.1018,78.8521,2008,5,0.47,28.28,33.67,43.32,23.51
Siddipet,18.1018,78.8521,2008,6,2.53,61.13,28.54,40.24,22.09
Siddipet,18.1018,78.8521,2008,7,4.18,68.82,27.37,36.05,21.83
Siddipet,18.1018,78.8521,2008,8,13.79,85.88,24.93,31.3,21.18
Siddipet,18.1018,78.8521,2008,9,6.82,86.37,24.52,30.49,18.21
Siddipet,18.1018,78.8521,2008,10,1.49,79.56,23.33,30.34,14.08
Siddipet,18.1018,78.8521,2008,11,1.28,74.53,21.65,29.42,12.89
Siddipet,18.1018,78.8521,2008,12,0.01,62.15,21.32,30.85,12.42
Siddipet,18.1018,78.8521,2008,13,3.1,60.83,25.67,43.32,10.63
Siddipet,18.1018,78.8521,2009,1,0.0,53.67,22.28,35.76,12.74
Siddipet,18.1018,78.8521,2009,2,0.0,32.82,26.65,39.28,16.48
Siddipet,18.1018,78.8521,2009,3,0.15,27.02,29.56,40.72,19.09
Siddipet,18.1018,78.8521,2009,4,0.58,28.56,32.54,43.07,20.97
Siddipet,18.1018,78.8521,2009,5,0.88,34.55,33.89,44.24,25.16
Siddipet,18.1018,78.8521,2009,6,3.03,59.82,29.67,41.48,22.59
Siddipet,18.1018,78.8521,2009,7,3.06,70.61,27.11,35.06,21.95
Siddipet,18.1018,78.8521,2009,8,10.13,76.42,26.6,35.96,21.33
Siddipet,18.1018,78.8521,2009,9,4.02,84.27,25.62,31.47,20.95
Siddipet,18.1018,78.8521,2009,10,2.09,74.74,23.9,30.52,14.58
Siddipet,18.1018,78.8521,2009,11,1.52,72.48,22.58,31.99,11.25
Siddipet,18.1018,78.8521,2009,12,0.09,62.91,21.19,30.32,11.31
Siddipet,18.1018,78.8521,2009,13,2.14,56.63,26.79,44.24,11.25
Siddipet,18.1018,78.8521,2010,1,0.24,49.03,21.21,31.84,10.39
Siddipet,18.1018,78.8521,2010,2,0.41,40.79,26.33,37.15,14.46
Siddipet,18.1018,78.8521,2010,3,0.0,28.06,31.0,41.52,18.26
Siddipet,18.1018,78.8521,2010,4,0.06,28.29,33.98,43.48,20.69
Siddipet,18.1018,78.8521,2010,5,0.52,34.78,34.49,44.89,24.16
Siddipet,18.1018,78.8521,2010,6,4.49,59.16,30.25,42.53,23.45
Siddipet,18.1018,78.8521,2010,7,10.67,84.54,25.44,31.8,21.17
Siddipet,18.1018,78.8521,2010,8,8.48,86.91,25.23,30.88,19.65
Siddipet,18.1018,78.8521,2010,9,6.99,88.28,24.61,29.54,19.49
Siddipet,18.1018,78.8521,2010,10,2.34,86.4,23.68,29.92,15.11
Siddipet,18.1018,78.8521,2010,11,1.33,86.9,22.82,28.93,17.12
Siddipet,18.1018,78.8521,2010,12,0.35,76.22,18.73,27.14,8.61
Siddipet,18.1018,78.8521,2010,13,3.01,62.59,26.47,44.89,8.61
Siddipet,18.1018,78.8521,2011,1,0.0,59.8,19.38,31.16,9.15
Siddipet,18.1018,78.8521,2011,2,0.25,53.99,23.67,33.22,13.64
Siddipet,18.1018,78.8521,2011,3,0.09,31.54,28.81,39.89,17.78
Siddipet,18.1018,78.8521,2011,4,0.13,37.32,31.16,42.03,20.21
Siddipet,18.1018,78.8521,2011,5,0.23,31.02,34.09,43.6,25.4
Siddipet,18.1018,78.8521,2011,6,1.97,58.58,29.41,38.57,23.33
Siddipet,18.1018,78.8521,2011,7,7.78,78.14,26.18,34.67,21.58
Siddipet,18.1018,78.8521,2011,8,7.05,83.97,25.3,32.22,20.53
Siddipet,18.1018,78.8521,2011,9,2.42,84.5,24.98,30.64,20.52
Siddipet,18.1018,78.8521,2011,10,1.37,75.49,24.63,31.69,17.22
Siddipet,18.1018,78.8521,2011,11,0.1,59.71,22.91,32.37,13.98
Siddipet,18.1018,78.8521,2011,12,0.01,43.09,21.82,32.67,11.9
Siddipet,18.1018,78.8521,2011,13,1.8,58.11,26.04,43.6,9.15
Siddipet,18.1018,78.8521,2012,1,0.05,43.63,22.96,34.56,9.33
Siddipet,18.1018,78.8521,2012,2,0.0,30.96,25.48,38.44,12.84
Siddipet,18.1018,78.8521,2012,3,0.01,19.13,28.45,40.27,15.02
Siddipet,18.1018,78.8521,2012,4,0.36,33.84,32.81,41.61,22.72
Siddipet,18.1018,78.8521,2012,5,0.19,27.3,34.93,44.08,25.12
Siddipet,18.1018,78.8521,2012,6,3.61,55.95,29.74,43.08,22.18
Siddipet,18.1018,78.8521,2012,7,6.76,77.59,26.0,34.46,21.13
Siddipet,18.1018,78.8521,2012,8,4.95,81.97,25.37,31.33,20.71
Siddipet,18.1018,78.8521,2012,9,4.56,85.28,24.96,30.6,20.46
Siddipet,18.1018,78.8521,2012,10,2.02,77.34,23.53,30.75,14.78
Siddipet,18.1018,78.8521,2012,11,0.85,70.72,22.53,31.31,11.04
Siddipet,18.1018,78.8521,2012,12,0.0,56.77,22.18,33.25,11.55
Siddipet,18.1018,78.8521,2012,13,1.95,55.1,26.57,44.08,9.33
Siddipet,18.1018,78.8521,2013,1,0.16,47.23,23.41,34.03,13.23
Siddipet,18.1018,78.8521,2013,2,0.77,47.55,24.72,35.49,11.6
Siddipet,18.1018,78.8521,2013,3,0.01,31.68,29.03,40.12,14.42
Siddipet,18.1018,78.8521,2013,4,1.48,39.3,31.55,41.4,21.56
Siddipet,18.1018,78.8521,2013,5,0.41,33.72,34.6,45.66,25.46
Siddipet,18.1018,78.8521,2013,6,6.34,74.47,26.88,33.9,21.92
Siddipet,18.1018,78.8521,2013,7,10.7,83.24,25.12,31.19,20.89
Siddipet,18.1018,78.8521,2013,8,4.27,86.62,24.58,30.22,21.16
Siddipet,18.1018,78.8521,2013,9,4.72,86.05,24.85,29.91,19.26
Siddipet,18.1018,78.8521,2013,10,6.16,85.79,23.72,29.61,15.33
Siddipet,18.1018,78.8521,2013,11,0.37,82.32,20.61,28.14,11.11
Siddipet,18.1018,78.8521,2013,12,0.0,70.72,18.69,28.1,9.68
Siddipet,18.1018,78.8521,2013,13,2.96,64.12,25.65,45.66,9.68
Siddipet,18.1018,78.8521,2014,1,0.0,66.37,20.83,29.51,12.14
Siddipet,18.1018,78.8521,2014,2,0.22,46.0,23.51,33.74,12.48
Siddipet,18.1018,78.8521,2014,3,2.05,51.79,26.65,40.29,15.46
Siddipet,18.1018,78.8521,2014,4,0.4,30.19,32.44,41.59,22.14
Siddipet,18.1018,78.8521,2014,5,1.71,43.42,32.24,42.72,22.35
Siddipet,18.1018,78.8521,2014,6,1.78,49.46,31.54,42.77,24.07
Siddipet,18.1018,78.8521,2014,7,4.81,70.5,27.25,37.96,21.99
Siddipet,18.1018,78.8521,2014,8,6.02,74.93,26.67,35.08,21.96
Siddipet,18.1018,78.8521,2014,9,2.91,82.57,24.76,30.98,19.01
Siddipet,18.1018,78.8521,2014,10,0.71,69.27,24.94,34.24,14.58
Siddipet,18.1018,78.8521,2014,11,0.16,56.91,23.22,32.71,13.94
Siddipet,18.1018,78.8521,2014,12,0.08,46.48,21.38,32.51,10.24
Siddipet,18.1018,78.8521,2014,13,1.75,57.45,26.29,42.77,10.24
Siddipet,18.1018,78.8521,2015,1,0.37,46.75,20.69,33.15,9.34
Siddipet,18.1018,78.8521,2015,2,0.17,36.67,24.63,36.17,13.77
Siddipet,18.1018,78.8521,2015,3,0.67,41.45,27.97,39.61,14.79
Siddipet,18.1018,78.8521,2015,4,2.09,44.3,30.01,40.77,17.88
Siddipet,18.1018,78.8521,2015,5,0.22,33.24,34.01,45.47,23.81
Siddipet,18.1018,78.8521,2015,6,3.55,62.83,28.88,39.31,22.81
Siddipet,18.1018,78.8521,2015,7,1.82,63.63,28.51,36.38,22.32
Siddipet,18.1018,78.8521,2015,8,3.25,73.65,26.93,34.98,22.06
Siddipet,18.1018,78.8521,2015,9,3.13,75.29,26.47,34.83,19.37
Siddipet,18.1018,78.8521,2015,10,0.27,59.85,27.06,35.89,19.57
Siddipet,18.1018,78.8521,2015,11,0.03,55.63,25.57,34.37,17.45
Siddipet,18.1018,78.8521,2015,12,0.0,44.25,24.4,35.52,11.1
Siddipet,18.1018,78.8521,2015,13,1.3,53.19,27.11,45.47,9.34
Siddipet,18.1018,78.8521,2016,1,0.05,38.0,22.81,35.87,11.19
Siddipet,18.1018,78.8521,2016,2,0.1,38.29,27.16,39.22,15.26
Siddipet,18.1018,78.8521,2016,3,0.02,34.85,30.22,40.85,19.74
Siddipet,18.1018,78.8521,2016,4,0.19,27.86,33.98,43.02,23.25
Siddipet,18.1018,78.8521,2016,5,1.59,40.36,33.38,43.06,23.62
Siddipet,18.1018,78.8521,2016,6,4.82,64.8,28.93,41.31,22.78
Siddipet,18.1018,78.8521,2016,7,6.13,79.03,26.07,33.01,21.68
Siddipet,18.1018,78.8521,2016,8,2.6,77.51,26.21,33.75,21.51
Siddipet,18.1018,78.8521,2016,9,9.16,85.33,24.72,31.07,19.59
Siddipet,18.1018,78.8521,2016,10,1.99,79.32,22.72,29.6,14.29
Siddipet,18.1018,78.8521,2016,11,0.0,66.15,20.37,30.87,10.83
Siddipet,18.1018,78.8521,2016,12,0.01,55.13,20.03,30.37,9.63
Siddipet,18.1018,78.8521,2016,13,2.22,57.28,26.37,43.06,9.63
Siddipet,18.1018,78.8521,2017,1,0.0,41.92,21.39,33.69,10.96
Siddipet,18.1018,78.8521,2017,2,0.0,28.24,25.3,38.05,14.77
Siddipet,18.1018,78.8521,2017,3,0.38,30.91,28.65,41.56,16.68
Siddipet,18.1018,78.8521,2017,4,0.07,21.79,33.27,43.63,21.5
Siddipet,18.1018,78.8521,2017,5,0.88,33.54,34.48,43.77,24.12
Siddipet,18.1018,78.8521,2017,6,4.86,67.7,28.47,41.41,22.15
Siddipet,18.1018,78.8521,2017,7,6.06,74.72,26.66,33.85,21.96
Siddipet,18.1018,78.8521,2017,8,5.43,81.23,25.49,32.22,19.49
Siddipet,18.1018,78.8521,2017,9,3.92,83.18,25.65,31.25,20.18
Siddipet,18.1018,78.8521,2017,10,2.93,80.45,24.45,31.25,15.94
Siddipet,18.1018,78.8521,2017,11,0.13,69.34,22.19,31.8,12.51
Siddipet,18.1018,78.8521,2017,12,0.0,52.58,20.42,31.12,11.75
Siddipet,18.1018,78.8521,2017,13,2.07,55.64,26.37,43.77,10.96
Siddipet,18.1018,78.8521,2018,1,0.0,31.95,21.53,32.59,11.31
Siddipet,18.1018,78.8521,2018,2,0.01,32.72,25.05,36.74,14.38
Siddipet,18.1018,78.8521,2018,3,0.04,26.15,29.42,41.21,19.65
Siddipet,18.1018,78.8521,2018,4,0.87,36.39,32.15,43.81,20.81
Siddipet,18.1018,78.8521,2018,5,0.88,39.01,33.71,43.35,23.95
Siddipet,18.1018,78.8521,2018,6,4.42,64.13,28.75,39.37,22.38
Siddipet,18.1018,78.8521,2018,7,3.92,74.03,26.42,34.45,21.89
Siddipet,18.1018,78.8521,2018,8,6.59,79.38,25.56,33.09,21.19
Siddipet,18.1018,78.8521,2018,9,2.47,78.85,25.31,32.54,19.44
Siddipet,18.1018,78.8521,2018,10,0.46,63.48,25.34,34.51,15.26
Siddipet,18.1018,78.8521,2018,11,0.0,52.15,24.58,34.38,14.36
Siddipet,18.1018,78.8521,2018,12,0.57,53.02,21.43,32.38,7.94
Siddipet,18.1018,78.8521,2018,13,1.7,52.71,26.6,43.81,7.94
Siddipet,18.1018,78.8521,2019,1,0.56,43.4,20.91,32.4,7.89
Siddipet,18.1018,78.8521,2019,2,0.02,41.14,25.0,38.34,10.51
Siddipet,18.1018,78.8521,2019,3,0.07,31.06,29.83,42.1,16.47
Siddipet,18.1018,78.8521,2019,4,0.73,32.15,33.05,43.8,22.95
Siddipet,18.1018,78.8521,2019,5,0.28,27.93,35.25,44.35,25.74
Siddipet,18.1018,78.8521,2019,6,2.2,52.35,31.47,43.56,22.79
Siddipet,18.1018,78.8521,2019,7,5.66,72.34,27.19,35.49,21.85
Siddipet,18.1018,78.8521,2019,8,7.69,84.14,25.44,31.39,21.74
Siddipet,18.1018,78.8521,2019,9,6.96,86.24,25.35,30.71,21.33
Siddipet,18.1018,78.8521,2019,10,4.53,87.97,24.06,29.04,19.85
Siddipet,18.1018,78.8521,2019,11,0.17,83.88,21.43,28.98,13.96
Siddipet,18.1018,78.8521,2019,12,0.09,78.5,20.21,28.26,9.57
Siddipet,18.1018,78.8521,2019,13,2.43,60.21,26.6,44.35,7.89
Siddipet,18.1018,78.8521,2020,1,0.37,66.54,21.33,32.18,10.5
Siddipet,18.1018,78.8521,2020,2,0.12,50.79,23.83,35.01,13.78
Siddipet,18.1018,78.8521,2020,3,0.54,41.42,28.83,39.22,19.4
Siddipet,18.1018,78.8521,2020,4,0.65,35.96,32.4,41.26,22.87
Siddipet,18.1018,78.8521,2020,5,1.4,35.74,34.02,44.32,24.58
Siddipet,18.1018,78.8521,2020,6,6.11,70.82,27.89,37.18,22.17
Siddipet,18.1018,78.8521,2020,7,8.03,83.24,25.96,32.69,20.93
Siddipet,18.1018,78.8521,2020,8,11.16,87.82,25.29,30.81,21.87
Siddipet,18.1018,78.8521,2020,9,7.49,88.58,25.28,30.8,21.2
Siddipet,18.1018,78.8521,2020,10,4.62,86.99,23.98,29.58,17.46
Siddipet,18.1018,78.8521,2020,11,0.22,84.35,20.91,28.79,11.46
Siddipet,18.1018,78.8521,2020,12,0.0,75.61,19.15,26.95,9.53
Siddipet,18.1018,78.8521,2020,13,3.41,67.38,25.74,44.32,9.53
Siddipet,18.1018,78.8521,2021,1,0.03,70.5,21.67,31.44,13.37
Siddipet,18.1018,78.8521,2021,2,0.06,45.23,23.0,36.22,10.99
Siddipet,18.1018,78.8521,2021,3,0.0,27.56,28.68,41.17,16.54
Siddipet,18.1018,78.8521,2021,4,0.49,33.4,31.79,41.13,21.85
Siddipet,18.1018,78.8521,2021,5,1.21,45.85,32.12,40.93,24.03
Siddipet,18.1018,78.8521,2021,6,6.39,73.58,27.24,36.26,21.82
Siddipet,18.1018,78.8521,2021,7,11.4,84.5,25.81,31.43,21.63
Siddipet,18.1018,78.8521,2021,8,5.75,86.16,25.36,31.0,20.71
Siddipet,18.1018,78.8521,2021,9,9.18,88.49,25.01,29.91,19.04
Siddipet,18.1018,78.8521,2021,10,2.24,84.85,23.88,30.09,16.08
Siddipet,18.1018,78.8521,2021,11,0.85,86.02,22.29,29.41,12.86
Siddipet,18.1018,78.8521,2021,12,0.01,75.4,19.89,28.17,9.34
Siddipet,18.1018,78.8521,2021,13,3.15,66.93,25.57,41.17,9.34
Siddipet,18.1018,78.8521,2022,1,1.01,67.74,19.92,30.84,7.81
Siddipet,18.1018,78.8521,2022,2,0.0,51.88,22.71,34.35,10.71
Siddipet,18.1018,78.8521,2022,3,0.0,29.97,29.47,41.71,16.26
Siddipet,18.1018,78.8521,2022,4,0.03,32.74,33.32,43.4,23.02
Siddipet,18.1018,78.8521,2022,5,0.94,43.53,32.81,43.08,24.57
Siddipet,18.1018,78.8521,2022,6,3.58,61.44,29.59,42.38,22.69
Siddipet,18.1018,78.8521,2022,7,16.91,85.86,25.27,34.71,21.31
Siddipet,18.1018,78.8521,2022,8,5.09,86.95,25.19,30.81,21.15
Siddipet,18.1018,78.8521,2022,9,6.35,87.45,24.97,30.97,20.07
Siddipet,18.1018,78.8521,2022,10,2.66,84.96,23.01,29.09,12.7
Siddipet,18.1018,78.8521,2022,11,0.03,77.54,20.35,28.09,11.83
Siddipet,18.1018,78.8521,2022,12,0.07,70.44,21.89,31.42,11.39
Siddipet,18.1018,78.8521,2022,13,3.09,65.15,25.72,43.4,7.81
Siddipet,18.1018,78.8521,2023,1,0.0,57.54,21.71,31.74,9.26
Siddipet,18.1018,78.8521,2023,2,0.0,27.65,25.01,37.29,12.44
Siddipet,18.1018,78.8521,2023,3,1.36,41.58,27.55,38.11,17.73
Siddipet,18.1018,78.8521,2023,4,3.24,40.55,30.9,41.98,21.49
Siddipet,18.1018,78.8521,2023,5,1.46,49.83,31.18,40.96,21.1
Siddipet,18.1018,78.8521,2023,6,1.77,48.1,31.67,41.52,21.76
Siddipet,18.1018,78.8521,2023,7,16.48,79.97,26.16,34.77,21.7
Siddipet,18.1018,78.8521,2023,8,1.79,84.53,25.39,30.26,21.31
Siddipet,18.1018,78.8521,2023,9,7.7,87.46,25.34,30.55,21.05
Siddipet,18.1018,78.8521,2023,10,0.05,78.77,23.29,29.95,13.2
Siddipet,18.1018,78.8521,2023,11,0.82,76.74,22.94,30.72,14.76
Siddipet,18.1018,78.8521,2023,12,0.25,66.98,20.39,31.18,10.19
Siddipet,18.1018,78.8521,2023,13,2.93,61.9,25.95,41.98,9.26
Siddipet,18.1018,78.8521,2024,1,0.0,57.22,22.59,32.39,12.55
Siddipet,18.1018,78.8521,2024,2,0.0,41.58,26.11,35.88,16.39
Siddipet,18.1018,78.8521,2024,3,0.29,35.01,30.13,41.5,19.65
Siddipet,18.1018,78.8521,2024,4,0.18,31.19,33.86,43.89,23.68
Siddipet,18.1018,78.8521,2024,5,2.81,48.29,32.27,43.78,22.78
Siddipet,18.1018,78.8521,2024,6,4.36,68.86,28.56,39.98,21.76
Siddipet,18.1018,78.8521,2024,7,7.37,80.66,26.14,34.12,21.42
Siddipet,18.1018,78.8521,2024,8,8.3,85.66,25.96,31.22,22.08
Siddipet,18.1018,78.8521,2024,9,7.28,87.5,25.04,30.44,20.04
Siddipet,18.1018,78.8521,2024,10,1.81,86.25,24.95,30.89,18.17
Siddipet,18.1018,78.8521,2024,11,0.17,78.6,20.77,28.66,12.44
Siddipet,18.1018,78.8521,2024,12,0.33,72.27,21.45,30.18,8.59
Siddipet,18.1018,78.8521,2024,13,2.75,64.53,26.48,43.89,8.59
Suryapet,17.1411,79.6218,2000,1,0.0,47.46,24.62,36.57,12.67
Suryapet,17.1411,79.6218,2000,2,2.01,59.69,26.97,36.81,16.63
Suryapet,17.1411,79.6218,2000,3,0.01,45.02,28.98,40.15,16.79
Suryapet,17.1411,79.6218,2000,4,0.05,38.4,34.49,46.02,22.01
Suryapet,17.1411,79.6218,2000,5,1.55,48.08,32.98,45.33,25.16
Suryapet,17.1411,79.6218,2000,6,7.07,72.36,28.08,36.38,22.98
Suryapet,17.1411,79.6218,2000,7,2.95,75.95,27.39,33.47,22.73
Suryapet,17.1411,79.6218,2000,8,11.32,80.49,26.78,33.64,22.28
Suryapet,17.1411,79.6218,2000,9,2.42,82.42,26.58,32.3,22.15
Suryapet,17.1411,79.6218,2000,10,1.16,75.81,26.03,32.97,16.94
Suryapet,17.1411,79.6218,2000,11,0.36,69.42,24.33,32.94,16.32
Suryapet,17.1411,79.6218,2000,12,0.09,52.09,22.71,32.28,12.48
Suryapet,17.1411,79.6218,2000,13,2.42,62.24,27.49,46.02,12.48
Suryapet,17.1411,79.6218,2001,1,0.17,50.89,24.14,35.28,12.77
Suryapet,17.1411,79.6218,2001,2,0.0,37.26,27.09,40.92,15.09
Suryapet,17.1411,79.6218,2001,3,0.85,46.73,30.37,41.87,18.76
Suryapet,17.1411,79.6218,2001,4,1.59,50.88,31.56,43.52,21.77
Suryapet,17.1411,79.6218,2001,5,0.2,34.79,35.94,46.42,26.2
Suryapet,17.1411,79.6218,2001,6,4.56,63.8,29.34,41.36,22.7
Suryapet,17.1411,79.6218,2001,7,2.05,63.67,29.19,37.95,23.33
Suryapet,17.1411,79.6218,2001,8,5.89,78.94,26.86,33.49,22.54
Suryapet,17.1411,79.6218,2001,9,4.14,79.09,27.29,34.54,22.8
Suryapet,17.1411,79.6218,2001,10,3.96,81.51,25.52,32.1,17.23
Suryapet,17.1411,79.6218,2001,11,0.45,74.67,24.41,31.75,15.52
Suryapet,17.1411,79.6218,2001,12,0.19,63.7,21.99,32.2,13.5
Suryapet,17.1411,79.6218,2001,13,2.01,60.61,27.81,46.42,12.77
Suryapet,17.1411,79.6218,2002,1,0.61,61.89,23.4,36.96,12.34
Suryapet,17.1411,79.6218,2002,2,0.02,51.65,26.52,37.75,17.71
Suryapet,17.1411,79.6218,2002,3,0.28,42.17,30.55,42.13,19.59
Suryapet,17.1411,79.6218,2002,4,0.07,40.57,33.89,44.09,22.68
Suryapet,17.1411,79.6218,2002,5,1.86,41.32,35.14,46.77,25.25
Suryapet,17.1411,79.6218,2002,6,3.94,64.19,30.27,39.53,24.4
Suryapet,17.1411,79.6218,2002,7,2.25,63.59,29.63,38.05,23.96
Suryapet,17.1411,79.6218,2002,8,6.31,76.36,27.26,33.83,22.27
Suryapet,17.1411,79.6218,2002,9,1.04,68.54,28.5,37.95,21.97
Suryapet,17.1411,79.6218,2002,10,4.44,74.68,26.37,38.12,18.27
Suryapet,17.1411,79.6218,2002,11,0.39,63.41,24.17,34.56,13.76
Suryapet,17.1411,79.6218,2002,12,0.2,59.56,23.44,33.67,14.69
Suryapet,17.1411,79.6218,2002,13,1.8,59.05,28.27,46.77,12.34
Suryapet,17.1411,79.6218,2003,1,0.02,57.23,24.3,36.43,14.69
Suryapet,17.1411,79.6218,2003,2,0.12,54.65,27.75,37.75,17.63
Suryapet,17.1411,79.6218,2003,3,0.34,45.55,30.27,41.35,18.83
Suryapet,17.1411,79.6218,2003,4,0.51,42.3,33.29,44.54,22.99
Suryapet,17.1411,79.6218,2003,5,0.09,28.85,36.12,45.68,24.87
Suryapet,17.1411,79.6218,2003,6,2.41,51.47,32.36,46.35,23.9
Suryapet,17.1411,79.6218,2003,7,6.92,76.51,27.58,34.8,23.62
Suryapet,17.1411,79.6218,2003,8,4.17,80.0,27.01,33.73,21.72
Suryapet,17.1411,79.6218,2003,9,2.74,79.91,27.06,33.8,22.52
Suryapet,17.1411,79.6218,2003,10,4.89,79.36,26.09,33.26,16.02
Suryapet,17.1411,79.6218,2003,11,0.08,73.37,23.31,31.03,15.06
Suryapet,17.1411,79.6218,2003,12,0.98,66.79,21.8,31.53,13.07
Suryapet,17.1411,79.6218,2003,13,1.96,61.38,28.07,46.35,13.07
Suryapet,17.1411,79.6218,2004,1,0.89,66.97,22.41,32.94,13.11
Suryapet,17.1411,79.6218,2004,2,0.16,52.95,25.0,37.71,11.58
Suryapet,17.1411,79.6218,2004,3,0.46,41.86,30.45,42.16,19.14
Suryapet,17.1411,79.6218,2004,4,1.58,46.69,32.71,44.67,23.22
Suryapet,17.1411,79.6218,2004,5,1.52,58.54,31.22,42.53,24.84
Suryapet,17.1411,79.6218,2004,6,1.37,57.96,30.58,40.28,24.48
Suryapet,17.1411,79.6218,2004,7,5.82,73.87,27.74,35.38,22.82
Suryapet,17.1411,79.6218,2004,8,1.98,70.98,28.14,35.87,23.19
Suryapet,17.1411,79.6218,2004,9,3.85,78.21,27.36,35.15,22.16
Suryapet,17.1411,79.6218,2004,10,2.84,77.63,25.77,32.18,16.8
Suryapet,17.1411,79.6218,2004,11,0.19,65.87,24.01,33.1,14.52
Suryapet,17.1411,79.6218,2004,12,0.0,59.09,22.68,32.84,13.78
Suryapet,17.1411,79.6218,2004,13,1.73,62.61,27.34,44.67,11.58
Suryapet,17.1411,79.6218,2005,1,0.97,59.19,24.59,33.88,15.12
Suryapet,17.1411,79.6218,2005,2,0.07,48.95,26.93,39.87,13.54
Suryapet,17.1411,79.6218,2005,3,0.31,45.07,30.21,42.08,18.7
Suryapet,17.1411,79.6218,2005,4,0.74,46.42,32.67,42.03,24.62
Suryapet,17.1411,79.6218,2005,5,1.24,42.61,34.49,46.09,24.48
Suryapet,17.1411,79.6218,2005,6,2.88,57.96,31.47,42.79,23.89
Suryapet,17.1411,79.6218,2005,7,9.12,77.98,27.45,35.39,22.66
Suryapet,17.1411,79.6218,2005,8,3.73,82.33,26.73,32.14,23.06
Suryapet,17.1411,79.6218,2005,9,7.25,85.73,26.39,31.99,22.33
Suryapet,17.1411,79.6218,2005,10,7.86,86.15,25.39,32.12,19.6
Suryapet,17.1411,79.6218,2005,11,0.33,79.22,20.63,28.27,13.6
Suryapet,17.1411,79.6218,2005,12,0.11,73.66,20.21,28.41,11.25
Suryapet,17.1411,79.6218,2005,13,2.91,65.55,27.26,46.09,11.25
Suryapet,17.1411,79.6218,2006,1,0.0,62.62,21.64,32.71,10.62
Suryapet,17.1411,79.6218,2006,2,0.0,47.78,25.61,38.01,15.63
Suryapet,17.1411,79.6218,2006,3,1.2,52.41,29.11,41.38,18.7
Suryapet,17.1411,79.6218,2006,4,1.62,46.06,32.54,44.23,22.65
Suryapet,17.1411,79.6218,2006,5,2.39,54.05,32.55,44.04,25.1
Suryapet,17.1411,79.6218,2006,6,3.24,67.04,29.51,38.85,24.6
Suryapet,17.1411,79.6218,2006,7,4.78,67.22,28.94,36.95,22.59
Suryapet,17.1411,79.6218,2006,8,5.25,80.15,26.67,33.02,21.83
Suryapet,17.1411,79.6218,2006,9,6.7,82.05,26.72,33.45,22.02
Suryapet,17.1411,79.6218,2006,10,3.67,78.58,25.92,32.41,19.58
Suryapet,17.1411,79.6218,2006,11,2.24,83.26,23.33,29.29,16.11
Suryapet,17.1411,79.6218,2006,12,0.02,74.7,21.78,29.55,13.16
Suryapet,17.1411,79.6218,2006,13,2.6,66.44,27.03,44.23,10.62
Suryapet,17.1411,79.6218,2007,1,0.0,65.33,22.63,33.32,13.7
Suryapet,17.1411,79.6218,2007,2,0.06,54.14,25.81,36.95,16.7
Suryapet,17.1411,79.6218,2007,3,0.0,45.39,30.21,41.49,19.46
Suryapet,17.1411,79.6218,2007,4,0.57,44.23,32.88,43.46,23.05
Suryapet,17.1411,79.6218,2007,5,0.67,36.6,35.55,45.91,25.77
Suryapet,17.1411,79.6218,2007,6,6.95,68.19,29.66,40.49,23.56
Suryapet,17.1411,79.6218,2007,7,3.67,76.39,27.81,34.56,23.52
Suryapet,17.1411,79.6218,2007,8,6.26,79.94,27.07,33.68,22.21
Suryapet,17.1411,79.6218,2007,9,7.26,86.29,26.33,31.87,20.92
Suryapet,17.1411,79.6218,2007,10,1.83,80.38,23.88,30.94,17.63
Suryapet,17.1411,79.6218,2007,11,0.19,73.45,22.2,29.97,11.83
Suryapet,17.1411,79.6218,2007,12,0.05,68.19,22.61,33.24,13.63
Suryapet,17.1411,79.6218,2007,13,2.29,64.93,27.23,45.91,11.83
Suryapet,17.1411,79.6218,2008,1,0.01,56.14,22.96,33.37,12.95
Suryapet,17.1411,79.6218,2008,2,1.54,60.32,25.7,35.73,14.42
Suryapet,17.1411,79.6218,2008,3,4.6,53.89,28.11,39.85,17.97
Suryapet,17.1411,79.6218,2008,4,0.25,51.98,30.93,42.84,21.44
Suryapet,17.1411,79.6218,2008,5,0.45,31.31,35.06,44.4,25.37
Suryapet,17.1411,79.6218,2008,6,2.08,57.64,30.26,40.61,23.53
Suryapet,17.1411,79.6218,2008,7,3.79,64.53,29.32,37.86,23.36
Suryapet,17.1411,79.6218,2008,8,10.59,82.22,26.67,33.55,22.73
Suryapet,17.1411,79.6218,2008,9,5.37,82.85,26.33,31.8,20.42
Suryapet,17.1411,79.6218,2008,10,1.63,79.34,25.19,31.61,14.54
Suryapet,17.1411,79.6218,2008,11,2.08,76.22,23.28,30.55,14.12
Suryapet,17.1411,79.6218,2008,12,0.0,70.55,22.93,31.37,14.47
Suryapet,17.1411,79.6218,2008,13,2.71,63.9,27.23,44.4,12.95
Suryapet,17.1411,79.6218,2009,1,0.0,61.7,23.64,35.93,15.6
Suryapet,17.1411,79.6218,2009,2,0.0,44.68,27.7,40.75,18.45
Suryapet,17.1411,79.6218,2009,3,0.11,37.44,30.57,41.92,19.7
Suryapet,17.1411,79.6218,2009,4,0.43,38.65,33.66,44.33,23.77
Suryapet,17.1411,79.6218,2009,5,1.73,43.97,34.33,45.78,26.15
Suryapet,17.1411,79.6218,2009,6,2.69,61.94,30.35,42.45,24.05
Suryapet,17.1411,79.6218,2009,7,2.0,63.6,29.3,37.76,23.14
Suryapet,17.1411,79.6218,2009,8,7.9,70.87,28.58,38.5,22.6
Suryapet,17.1411,79.6218,2009,9,4.7,81.32,27.28,33.36,23.18
Suryapet,17.1411,79.6218,2009,10,1.4,73.78,25.79,32.35,16.81
Suryapet,17.1411,79.6218,2009,11,2.09,77.13,24.21,32.44,12.87
Suryapet,17.1411,79.6218,2009,12,0.19,69.37,22.86,31.46,11.99
Suryapet,17.1411,79.6218,2009,13,1.95,60.45,28.19,45.78,11.99
Suryapet,17.1411,79.6218,2010,1,0.2,59.37,23.55,33.98,12.31
Suryapet,17.1411,79.6218,2010,2,0.07,51.27,27.31,38.96,16.37
Suryapet,17.1411,79.6218,2010,3,0.0,39.91,31.64,42.49,19.96
Suryapet,17.1411,79.6218,2010,4,0.26,39.82,34.68,44.82,23.81
Suryapet,17.1411,79.6218,2010,5,2.1,42.78,35.06,45.56,25.97
Suryapet,17.1411,79.6218,2010,6,2.61,60.2,31.13,42.95,25.0
Suryapet,17.1411,79.6218,2010,7,9.2,78.63,27.41,35.88,22.82
Suryapet,17.1411,79.6218,2010,8,5.14,81.16,27.24,33.65,20.74
Suryapet,17.1411,79.6218,2010,9,5.45,84.62,26.41,32.18,22.23
Suryapet,17.1411,79.6218,2010,10,2.97,83.95,25.58,31.74,18.13
Suryapet,17.1411,79.6218,2010,11,1.69,85.99,24.44,30.23,18.43
Suryapet,17.1411,79.6218,2010,12,0.73,75.9,20.86,29.81,10.52
Suryapet,17.1411,79.6218,2010,13,2.56,65.39,27.93,45.56,10.52
Suryapet,17.1411,79.6218,2011,1,0.0,64.66,21.47,32.64,10.6
Suryapet,17.1411,79.6218,2011,2,0.33,58.56,25.52,35.33,15.2
Suryapet,17.1411,79.6218,2011,3,0.03,43.06,29.8,41.77,19.61
Suryapet,17.1411,79.6218,2011,4,0.2,46.84,31.99,42.31,22.29
Suryapet,17.1411,79.6218,2011,5,0.63,36.96,35.21,44.36,26.8
Suryapet,17.1411,79.6218,2011,6,1.7,53.87,31.24,40.43,24.5
Suryapet,17.1411,79.6218,2011,7,4.82,69.37,28.6,36.58,22.82
Suryapet,17.1411,79.6218,2011,8,5.13,75.68,27.71,37.05,22.09
Suryapet,17.1411,79.6218,2011,9,1.04,75.37,27.6,35.92,21.58
Suryapet,17.1411,79.6218,2011,10,1.42,68.8,27.47,35.7,19.49
Suryapet,17.1411,79.6218,2011,11,0.11,60.34,25.39,34.95,15.44
Suryapet,17.1411,79.6218,2011,12,0.09,53.29,24.5,34.46,13.87
Suryapet,17.1411,79.6218,2011,13,1.31,58.9,28.05,44.36,10.6
Suryapet,17.1411,79.6218,2012,1,0.38,56.8,24.06,35.47,9.99
Suryapet,17.1411,79.6218,2012,2,0.0,42.2,26.77,39.83,15.12
Suryapet,17.1411,79.6218,2012,3,0.05,35.15,30.13,41.65,17.68
Suryapet,17.1411,79.6218,2012,4,0.53,42.16,33.41,42.93,22.71
Suryapet,17.1411,79.6218,2012,5,0.56,35.58,35.81,45.71,27.43
Suryapet,17.1411,79.6218,2012,6,2.65,51.71,31.74,44.24,23.95
Suryapet,17.1411,79.6218,2012,7,5.28,71.7,28.12,37.97,23.23
Suryapet,17.1411,79.6218,2012,8,3.81,75.25,27.45,34.89,22.67
Suryapet,17.1411,79.6218,2012,9,4.07,79.32,27.06,33.22,22.97
Suryapet,17.1411,79.6218,2012,10,2.72,75.83,25.34,32.48,17.51
Suryapet,17.1411,79.6218,2012,11,1.87,73.36,23.87,32.25,12.88
Suryapet,17.1411,79.6218,2012,12,0.0,65.38,23.42,33.79,13.42
Suryapet,17.1411,79.6218,2012,13,1.83,58.76,28.1,45.71,9.99
Suryapet,17.1411,79.6218,2013,1,0.01,56.48,24.66,34.77,14.07
Suryapet,17.1411,79.6218,2013,2,1.24,55.44,25.75,35.72,14.05
Suryapet,17.1411,79.6218,2013,3,0.0,43.7,29.66,41.17,17.64
Suryapet,17.1411,79.6218,2013,4,1.11,45.63,32.56,43.4,23.32
Suryapet,17.1411,79.6218,2013,5,0.38,38.98,35.48,46.92,26.36
Suryapet,17.1411,79.6218,2013,6,4.85,68.79,28.86,36.78,23.71
Suryapet,17.1411,79.6218,2013,7,4.5,73.88,27.5,34.82,23.03
Suryapet,17.1411,79.6218,2013,8,7.29,79.55,26.82,34.38,22.53
Suryapet,17.1411,79.6218,2013,9,4.7,83.65,26.39,31.48,20.72
Suryapet,17.1411,79.6218,2013,10,8.77,84.86,25.41,31.59,17.97
Suryapet,17.1411,79.6218,2013,11,0.64,81.77,22.71,29.41,14.3
Suryapet,17.1411,79.6218,2013,12,0.0,74.19,20.34,29.14,11.4
Suryapet,17.1411,79.6218,2013,13,2.8,65.61,27.19,46.92,11.4
Suryapet,17.1411,79.6218,2014,1,0.0,71.23,22.4,30.46,14.56
Suryapet,17.1411,79.6218,2014,2,0.09,55.5,24.87,34.88,14.74
Suryapet,17.1411,79.6218,2014,3,0.94,48.36,28.75,42.14,18.02
Suryapet,17.1411,79.6218,2014,4,0.16,36.09,33.42,43.25,23.22
Suryapet,17.1411,79.6218,2014,5,1.4,46.24,33.6,44.71,25.15
Suryapet,17.1411,79.6218,2014,6,0.86,45.8,33.5,42.58,27.17
Suryapet,17.1411,79.6218,2014,7,3.63,63.69,29.64,40.1,23.93
Suryapet,17.1411,79.6218,2014,8,4.95,70.71,28.48,36.78,23.05
Suryapet,17.1411,79.6218,2014,9,3.98,79.87,26.75,32.91,21.74
Suryapet,17.1411,79.6218,2014,10,2.89,72.07,26.51,35.04,16.64
Suryapet,17.1411,79.6218,2014,11,0.51,67.94,23.85,32.72,15.12
Suryapet,17.1411,79.6218,2014,12,0.09,61.25,22.66,32.78,12.98
Suryapet,17.1411,79.6218,2014,13,1.64,59.96,27.88,44.71,12.98
Suryapet,17.1411,79.6218,2015,1,0.07,50.9,22.73,33.98,11.58
Suryapet,17.1411,79.6218,2015,2,0.0,49.06,25.67,36.82,16.78
Suryapet,17.1411,79.6218,2015,3,0.28,45.89,29.46,40.98,19.07
Suryapet,17.1411,79.6218,2015,4,1.3,48.36,31.69,43.27,19.88
Suryapet,17.1411,79.6218,2015,5,0.14,38.29,35.07,47.0,25.53
Suryapet,17.1411,79.6218,2015,6,3.91,64.16,29.7,39.22,23.57
Suryapet,17.1411,79.6218,2015,7,1.77,59.1,30.52,39.04,23.97
Suryapet,17.1411,79.6218,2015,8,2.67,68.49,29.01,37.42,23.83
Suryapet,17.1411,79.6218,2015,9,3.28,72.27,28.27,36.11,21.93
Suryapet,17.1411,79.6218,2015,10,0.56,62.64,28.49,37.53,20.86
Suryapet,17.1411,79.6218,2015,11,0.61,64.4,26.3,35.68,17.96
Suryapet,17.1411,79.6218,2015,12,0.04,56.76,25.08,36.05,13.45
Suryapet,17.1411,79.6218,2015,13,1.22,56.69,28.52,47.0,11.58
Suryapet,17.1411,79.6218,2016,1,0.04,50.28,24.49,36.67,13.27
Suryapet,17.1411,79.6218,2016,2,0.03,49.95,27.9,40.21,17.2
Suryapet,17.1411,79.6218,2016,3,0.01,45.54,30.79,42.39,19.34
Suryapet,17.1411,79.6218,2016,4,0.03,39.83,34.14,45.04,22.39
Suryapet,17.1411,79.6218,2016,5,2.42,47.12,33.8,44.7,25.15
Suryapet,17.1411,79.6218,2016,6,4.86,66.77,29.53,41.35,23.86
Suryapet,17.1411,79.6218,2016,7,3.51,72.08,28.29,35.97,23.2
Suryapet,17.1411,79.6218,2016,8,2.8,69.96,28.54,37.36,23.37
Suryapet,17.1411,79.6218,2016,9,6.17,81.19,26.5,33.76,21.54
Suryapet,17.1411,79.6218,2016,10,0.96,73.46,25.13,32.29,17.8
Suryapet,17.1411,79.6218,2016,11,0.0,60.4,23.6,33.67,14.04
Suryapet,17.1411,79.6218,2016,12,0.09,51.19,23.11,33.02,12.89
Suryapet,17.1411,79.6218,2016,13,1.74,59.0,27.98,45.04,12.89
Suryapet,17.1411,79.6218,2017,1,0.0,47.95,23.66,34.41,13.79
Suryapet,17.1411,79.6218,2017,2,0.0,41.33,26.54,39.03,16.39
Suryapet,17.1411,79.6218,2017,3,0.14,41.48,30.31,42.56,16.8
Suryapet,17.1411,79.6218,2017,4,0.04,33.97,34.58,44.87,23.1
Suryapet,17.1411,79.6218,2017,5,1.71,42.77,34.55,45.36,24.81
Suryapet,17.1411,79.6218,2017,6,4.48,65.49,30.01,42.24,23.55
Suryapet,17.1411,79.6218,2017,7,6.87,70.58,28.49,35.82,23.42
Suryapet,17.1411,79.6218,2017,8,6.19,79.41,27.1,33.64,21.47
Suryapet,17.1411,79.6218,2017,9,5.88,83.34,26.87,32.22,21.85
Suryapet,17.1411,79.6218,2017,10,2.35,83.02,25.8,31.92,17.55
Suryapet,17.1411,79.6218,2017,11,0.09,76.29,23.44,31.56,14.55
Suryapet,17.1411,79.6218,2017,12,0.0,62.79,21.58,31.41,12.43
Suryapet,17.1411,79.6218,2017,13,2.33,60.82,27.74,45.36,12.43
Suryapet,17.1411,79.6218,2018,1,0.0,46.08,22.86,33.64,13.12
Suryapet,17.1411,79.6218,2018,2,0.0,42.16,26.06,38.39,14.71
Suryapet,17.1411,79.6218,2018,3,0.03,36.64,30.58,41.9,19.55
Suryapet,17.1411,79.6218,2018,4,0.97,45.85,33.0,44.72,22.98
Suryapet,17.1411,79.6218,2018,5,0.84,46.96,33.97,44.55,25.2
Suryapet,17.1411,79.6218,2018,6,3.78,61.29,30.32,40.0,24.0
Suryapet,17.1411,79.6218,2018,7,3.72,67.43,28.62,36.8,23.58
Suryapet,17.1411,79.6218,2018,8,4.62,72.53,27.71,35.26,23.08
Suryapet,17.1411,79.6218,2018,9,2.53,73.21,27.73,35.13,20.79
Suryapet,17.1411,79.6218,2018,10,0.52,63.49,27.27,36.02,17.51
Suryapet,17.1411,79.6218,2018,11,0.12,57.03,26.52,35.66,15.94
Suryapet,17.1411,79.6218,2018,12,0.89,59.65,23.62,33.43,10.56
Suryapet,17.1411,79.6218,2018,13,1.51,56.1,28.19,44.72,10.56
Suryapet,17.1411,79.6218,2019,1,1.03,55.69,22.59,33.09,10.32
Suryapet,17.1411,79.6218,2019,2,0.02,54.93,26.38,39.21,13.93
Suryapet,17.1411,79.6218,2019,3,0.08,42.42,31.01,43.27,19.73
Suryapet,17.1411,79.6218,2019,4,0.97,41.68,33.5,43.94,23.05
Suryapet,17.1411,79.6218,2019,5,0.8,38.55,35.75,45.43,27.27
Suryapet,17.1411,79.6218,2019,6,2.4,55.01,32.14,42.25,25.06
Suryapet,17.1411,79.6218,2019,7,3.23,66.2,29.36,38.96,23.93
Suryapet,17.1411,79.6218,2019,8,5.23,74.44,28.04,35.14,23.59
Suryapet,17.1411,79.6218,2019,9,5.55,80.78,27.25,34.87,22.5
Suryapet,17.1411,79.6218,2019,10,3.8,85.73,25.86,32.16,21.56
Suryapet,17.1411,79.6218,2019,11,0.11,78.25,24.12,31.79,16.79
Suryapet,17.1411,79.6218,2019,12,0.27,73.49,23.17,30.85,15.08
Suryapet,17.1411,79.6218,2019,13,1.97,62.31,28.27,45.43,10.32
Suryapet,17.1411,79.6218,2020,1,0.34,63.71,24.21,34.89,12.53
Suryapet,17.1411,79.6218,2020,2,0.24,52.55,26.18,36.55,15.44
Suryapet,17.1411,79.6218,2020,3,0.5,48.52,29.97,40.87,20.91
Suryapet,17.1411,79.6218,2020,4,0.63,42.37,33.19,43.22,24.16
Suryapet,17.1411,79.6218,2020,5,0.82,39.75,35.16,45.96,26.19
Suryapet,17.1411,79.6218,2020,6,5.44,68.01,29.67,39.61,23.02
Suryapet,17.1411,79.6218,2020,7,8.56,80.84,27.44,33.94,22.7
Suryapet,17.1411,79.6218,2020,8,8.94,85.21,26.78,32.93,22.99
Suryapet,17.1411,79.6218,2020,9,6.85,87.13,26.58,31.77,21.89
Suryapet,17.1411,79.6218,2020,10,6.02,85.93,25.6,30.79,18.85
Suryapet,17.1411,79.6218,2020,11,1.4,85.6,23.15,29.75,14.06
Suryapet,17.1411,79.6218,2020,12,0.0,79.18,20.83,28.2,11.58
Suryapet,17.1411,79.6218,2020,13,3.33,68.29,27.4,45.96,11.58
Suryapet,17.1411,79.6218,2021,1,0.02,76.83,22.92,31.59,14.82
Suryapet,17.1411,79.6218,2021,2,0.09,57.2,24.31,36.97,12.99
Suryapet,17.1411,79.6218,2021,3,0.0,38.34,29.61,43.47,18.02
Suryapet,17.1411,79.6218,2021,4,0.58,41.51,32.81,42.98,23.64
Suryapet,17.1411,79.6218,2021,5,1.26,50.91,32.84,42.71,25.13
Suryapet,17.1411,79.6218,2021,6,5.41,67.39,29.38,38.63,23.71
Suryapet,17.1411,79.6218,2021,7,8.14,79.28,27.6,34.47,23.32
Suryapet,17.1411,79.6218,2021,8,5.41,80.94,27.32,33.08,22.21
Suryapet,17.1411,79.6218,2021,9,6.58,83.71,26.85,32.51,20.91
Suryapet,17.1411,79.6218,2021,10,2.02,83.74,25.81,31.27,18.71
Suryapet,17.1411,79.6218,2021,11,1.57,85.95,24.2,30.41,17.08
Suryapet,17.1411,79.6218,2021,12,0.0,74.95,21.89,30.59,9.76
Suryapet,17.1411,79.6218,2021,13,2.6,68.47,27.14,43.47,9.76
Suryapet,17.1411,79.6218,2022,1,1.36,67.52,22.2,32.57,10.48
Suryapet,17.1411,79.6218,2022,2,0.0,56.58,24.8,36.24,12.43
Suryapet,17.1411,79.6218,2022,3,0.0,39.03,30.98,42.48,17.52
Suryapet,17.1411,79.6218,2022,4,0.03,40.55,33.97,44.58,24.02
Suryapet,17.1411,79.6218,2022,5,1.79,53.04,32.73,44.88,25.42
Suryapet,17.1411,79.6218,2022,6,2.99,61.64,30.45,42.41,24.33
Suryapet,17.1411,79.6218,2022,7,10.32,79.67,27.27,36.27,22.91
Suryapet,17.1411,79.6218,2022,8,4.36,82.49,27.01,32.66,22.51
Suryapet,17.1411,79.6218,2022,9,3.87,82.97,26.85,32.24,21.67
Suryapet,17.1411,79.6218,2022,10,4.31,84.37,24.72,31.19,15.35
Suryapet,17.1411,79.6218,2022,11,0.26,78.07,22.82,30.02,13.74
Suryapet,17.1411,79.6218,2022,12,0.41,74.32,23.75,33.05,15.01
Suryapet,17.1411,79.6218,2022,13,2.5,66.78,27.3,44.88,10.48
Suryapet,17.1411,79.6218,2023,1,0.0,62.76,23.37,33.0,11.02
Suryapet,17.1411,79.6218,2023,2,0.0,40.45,26.62,37.92,15.54
Suryapet,17.1411,79.6218,2023,3,1.13,49.45,28.9,39.95,19.22
Suryapet,17.1411,79.6218,2023,4,1.16,42.26,32.57,43.54,23.24
Suryapet,17.1411,79.6218,2023,5,1.6,47.79,33.33,43.84,23.47
Suryapet,17.1411,79.6218,2023,6,1.53,44.67,33.99,43.8,24.13
Suryapet,17.1411,79.6218,2023,7,8.75,71.9,28.38,37.78,23.2
Suryapet,17.1411,79.6218,2023,8,1.65,75.97,28.05,33.94,23.27
Suryapet,17.1411,79.6218,2023,9,5.7,82.32,27.31,34.22,22.83
Suryapet,17.1411,79.6218,2023,10,0.36,70.69,26.41,33.82,17.08
Suryapet,17.1411,79.6218,2023,11,1.18,70.85,25.93,34.17,18.23
Suryapet,17.1411,79.6218,2023,12,1.74,71.26,22.53,33.76,13.11
Suryapet,17.1411,79.6218,2023,13,2.08,61.04,28.11,43.84,11.02
Suryapet,17.1411,79.6218,2024,1,0.0,64.72,24.12,33.6,15.95
Suryapet,17.1411,79.6218,2024,2,0.0,52.96,27.62,38.08,17.3
Suryapet,17.1411,79.6218,2024,3,0.01,44.07,31.23,42.47,21.75
Suryapet,17.1411,79.6218,2024,4,0.05,36.61,34.72,45.22,24.48
Suryapet,17.1411,79.6218,2024,5,2.83,54.22,33.37,46.04,24.71
Suryapet,17.1411,79.6218,2024,6,3.94,66.89,29.95,38.52,23.53
Suryapet,17.1411,79.6218,2024,7,4.71,72.89,28.33,36.56,23.86
Suryapet,17.1411,79.6218,2024,8,7.15,79.82,28.01,34.73,23.76
Suryapet,17.1411,79.6218,2024,9,6.67,83.89,26.77,32.4,22.0
Suryapet,17.1411,79.6218,2024,10,2.41,84.69,26.45,32.9,20.33
Suryapet,17.1411,79.6218,2024,11,0.46,78.52,23.51,30.41,15.38
Suryapet,17.1411,79.6218,2024,12,0.49,72.45,24.04,31.94,11.26
Suryapet,17.1411,79.6218,2024,13,2.4,66.04,28.17,46.04,11.26
Vikarabad,17.3371,77.9047,2000,1,0.0,33.57,22.88,35.22,10.64
Vikarabad,17.3371,77.9047,2000,2,1.99,47.24,24.78,34.92,13.93
Vikarabad,17.3371,77.9047,2000,3,0.02,31.28,27.23,39.29,14.79
Vikarabad,17.3371,77.9047,2000,4,0.02,26.56,33.25,43.76,19.57
Vikarabad,17.3371,77.9047,2000,5,1.61,48.14,30.76,43.29,23.09
Vikarabad,17.3371,77.9047,2000,6,8.54,76.24,25.84,33.96,20.65
Vikarabad,17.3371,77.9047,2000,7,2.62,79.41,25.02,31.23,20.48
Vikarabad,17.3371,77.9047,2000,8,13.34,82.95,24.63,31.03,20.04
Vikarabad,17.3371,77.9047,2000,9,1.99,82.86,24.57,30.48,19.26
Vikarabad,17.3371,77.9047,2000,10,0.94,71.72,24.36,31.8,15.15
Vikarabad,17.3371,77.9047,2000,11,0.17,62.0,22.72,32.63,13.57
Vikarabad,17.3371,77.9047,2000,12,0.02,34.7,21.25,32.38,11.69
Vikarabad,17.3371,77.9047,2000,13,2.61,56.38,25.6,43.76,10.64
Vikarabad,17.3371,77.9047,2001,1,0.24,40.01,22.75,34.38,11.9
Vikarabad,17.3371,77.9047,2001,2,0.0,23.33,25.83,38.28,14.05
Vikarabad,17.3371,77.9047,2001,3,1.28,37.91,28.6,39.35,18.2
Vikarabad,17.3371,77.9047,2001,4,0.75,40.08,31.14,42.58,20.54
Vikarabad,17.3371,77.9047,2001,5,0.12,32.45,33.62,43.98,24.58
Vikarabad,17.3371,77.9047,2001,6,6.35,69.22,26.68,38.46,20.6
Vikarabad,17.3371,77.9047,2001,7,2.03,69.77,26.41,34.93,20.15
Vikarabad,17.3371,77.9047,2001,8,7.18,83.11,24.41,30.37,20.33
Vikarabad,17.3371,77.9047,2001,9,4.5,82.15,25.01,31.91,20.55
Vikarabad,17.3371,77.9047,2001,10,3.86,83.07,23.15,29.59,14.8
Vikarabad,17.3371,77.9047,2001,11,0.05,73.97,22.04,30.51,12.57
Vikarabad,17.3371,77.9047,2001,12,0.01,55.36,20.23,30.79,11.63
Vikarabad,17.3371,77.9047,2001,13,2.21,57.72,25.82,43.98,11.63
Vikarabad,17.3371,77.9047,2002,1,0.45,52.26,21.69,34.76,9.38
Vikarabad,17.3371,77.9047,2002,2,0.04,41.54,25.37,36.61,16.17
Vikarabad,17.3371,77.9047,2002,3,0.38,30.1,29.24,40.19,19.02
Vikarabad,17.3371,77.9047,2002,4,0.07,28.67,33.18,42.52,20.94
Vikarabad,17.3371,77.9047,2002,5,2.32,43.31,32.64,43.31,22.35
Vikarabad,17.3371,77.9047,2002,6,5.27,68.28,27.83,36.66,21.88
Vikarabad,17.3371,77.9047,2002,7,2.56,69.58,26.94,34.91,21.4
Vikarabad,17.3371,77.9047,2002,8,6.98,81.19,24.73,30.93,19.96
Vikarabad,17.3371,77.9047,2002,9,1.26,74.15,25.69,34.74,19.16
Vikarabad,17.3371,77.9047,2002,10,3.52,70.1,24.65,36.47,15.85
Vikarabad,17.3371,77.9047,2002,11,0.06,53.58,22.72,33.46,12.78
Vikarabad,17.3371,77.9047,2002,12,0.01,45.51,22.47,33.5,13.92
Vikarabad,17.3371,77.9047,2002,13,1.93,54.95,26.43,43.31,9.38
Vikarabad,17.3371,77.9047,2003,1,0.0,43.02,23.15,34.76,10.22
Vikarabad,17.3371,77.9047,2003,2,0.23,42.32,26.72,36.57,16.71
Vikarabad,17.3371,77.9047,2003,3,0.38,35.45,29.14,39.53,17.12
Vikarabad,17.3371,77.9047,2003,4,0.79,33.54,32.11,41.71,21.19
Vikarabad,17.3371,77.9047,2003,5,0.06,22.65,34.39,43.31,23.49
Vikarabad,17.3371,77.9047,2003,6,2.51,54.1,29.91,43.64,21.58
Vikarabad,17.3371,77.9047,2003,7,8.34,79.8,25.37,33.57,21.51
Vikarabad,17.3371,77.9047,2003,8,5.13,83.11,24.67,31.47,19.14
Vikarabad,17.3371,77.9047,2003,9,2.23,82.95,24.8,30.66,20.2
Vikarabad,17.3371,77.9047,2003,10,4.82,79.93,23.95,31.39,13.94
Vikarabad,17.3371,77.9047,2003,11,0.03,72.36,21.29,30.11,13.16
Vikarabad,17.3371,77.9047,2003,12,0.05,60.17,20.25,30.73,11.13
Vikarabad,17.3371,77.9047,2003,13,2.07,57.54,26.3,43.64,10.22
Vikarabad,17.3371,77.9047,2004,1,1.08,55.59,21.58,32.8,11.57
Vikarabad,17.3371,77.9047,2004,2,0.18,41.67,23.63,37.47,9.68
Vikarabad,17.3371,77.9047,2004,3,0.7,28.67,29.52,40.93,18.05
Vikarabad,17.3371,77.9047,2004,4,1.92,43.36,30.62,41.71,18.48
Vikarabad,17.3371,77.9047,2004,5,1.5,57.35,29.56,39.73,21.66
Vikarabad,17.3371,77.9047,2004,6,1.19,62.12,28.19,36.97,21.35
Vikarabad,17.3371,77.9047,2004,7,7.5,79.4,25.1,31.85,20.91
Vikarabad,17.3371,77.9047,2004,8,2.07,78.36,25.2,32.06,20.8
Vikarabad,17.3371,77.9047,2004,9,4.14,81.23,25.02,32.31,19.77
Vikarabad,17.3371,77.9047,2004,10,2.34,75.77,23.82,31.42,14.14
Vikarabad,17.3371,77.9047,2004,11,0.03,60.23,22.74,32.66,12.51
Vikarabad,17.3371,77.9047,2004,12,0.0,46.57,21.32,32.28,11.94
Vikarabad,17.3371,77.9047,2004,13,1.9,59.26,25.52,41.71,9.68
Vikarabad,17.3371,77.9047,2005,1,1.28,49.22,22.8,32.62,12.37
Vikarabad,17.3371,77.9047,2005,2,0.05,41.11,25.25,37.71,12.15
Vikarabad,17.3371,77.9047,2005,3,0.45,32.09,28.48,40.0,16.29
Vikarabad,17.3371,77.9047,2005,4,0.87,41.13,31.01,40.06,21.89
Vikarabad,17.3371,77.9047,2005,5,1.05,35.78,32.86,43.69,22.32
Vikarabad,17.3371,77.9047,2005,6,3.53,61.23,29.13,41.14,21.39
Vikarabad,17.3371,77.9047,2005,7,11.78,81.76,25.19,32.66,21.03
Vikarabad,17.3371,77.9047,2005,8,4.52,85.9,24.38,29.65,20.8
Vikarabad,17.3371,77.9047,2005,9,7.39,87.58,24.35,29.66,19.86
Vikarabad,17.3371,77.9047,2005,10,7.01,85.65,23.2,29.89,16.62
Vikarabad,17.3371,77.9047,2005,11,0.02,78.34,18.28,26.62,9.75
Vikarabad,17.3371,77.9047,2005,12,0.05,70.78,18.27,27.57,8.48
Vikarabad,17.3371,77.9047,2005,13,3.19,62.67,25.26,43.69,8.48
Vikarabad,17.3371,77.9047,2006,1,0.0,59.17,19.54,31.56,7.77
Vikarabad,17.3371,77.9047,2006,2,0.0,39.53,24.01,36.81,13.27
Vikarabad,17.3371,77.9047,2006,3,1.35,44.99,27.37,39.03,15.66
Vikarabad,17.3371,77.9047,2006,4,1.98,38.87,31.15,41.53,20.52
Vikarabad,17.3371,77.9047,2006,5,3.0,48.99,30.99,42.19,22.71
Vikarabad,17.3371,77.9047,2006,6,3.26,70.1,27.27,35.6,21.92
Vikarabad,17.3371,77.9047,2006,7,5.93,74.47,25.98,33.56,20.37
Vikarabad,17.3371,77.9047,2006,8,6.55,83.73,24.38,30.62,19.62
Vikarabad,17.3371,77.9047,2006,9,7.6,84.9,24.58,31.75,19.49
Vikarabad,17.3371,77.9047,2006,10,0.75,80.79,23.55,30.08,16.52
Vikarabad,17.3371,77.9047,2006,11,1.99,80.44,21.36,29.62,13.7
Vikarabad,17.3371,77.9047,2006,12,0.0,68.15,20.37,29.54,12.04
Vikarabad,17.3371,77.9047,2006,13,2.71,64.67,25.04,42.19,7.77
Vikarabad,17.3371,77.9047,2007,1,0.0,53.01,21.64,33.45,12.42
Vikarabad,17.3371,77.9047,2007,2,0.0,39.51,24.63,35.93,15.13
Vikarabad,17.3371,77.9047,2007,3,0.0,31.73,29.23,40.1,17.11
Vikarabad,17.3371,77.9047,2007,4,0.7,34.3,31.74,41.89,22.28
Vikarabad,17.3371,77.9047,2007,5,0.63,33.68,33.66,43.05,24.24
Vikarabad,17.3371,77.9047,2007,6,6.09,69.27,27.84,38.85,21.99
Vikarabad,17.3371,77.9047,2007,7,3.08,78.08,25.76,32.88,21.46
Vikarabad,17.3371,77.9047,2007,8,7.43,82.0,24.93,31.96,20.52
Vikarabad,17.3371,77.9047,2007,9,8.63,87.88,24.3,30.78,18.2
Vikarabad,17.3371,77.9047,2007,10,1.02,79.39,21.87,29.02,15.12
Vikarabad,17.3371,77.9047,2007,11,0.12,71.5,19.93,28.81,9.49
Vikarabad,17.3371,77.9047,2007,12,0.0,64.68,20.79,32.02,12.48
Vikarabad,17.3371,77.9047,2007,13,2.31,60.53,25.53,43.05,9.49
Vikarabad,17.3371,77.9047,2008,1,0.01,44.89,21.27,32.18,10.85
Vikarabad,17.3371,77.9047,2008,2,1.65,51.27,23.65,34.62,11.38
Vikarabad,17.3371,77.9047,2008,3,4.94,46.58,26.72,37.66,15.8
Vikarabad,17.3371,77.9047,2008,4,0.39,45.46,29.25,41.58,17.4
Vikarabad,17.3371,77.9047,2008,5,0.55,31.66,32.55,42.32,22.49
Vikarabad,17.3371,77.9047,2008,6,1.82,61.65,27.91,39.26,21.0
Vikarabad,17.3371,77.9047,2008,7,3.71,66.04,27.23,36.84,21.42
Vikarabad,17.3371,77.9047,2008,8,13.75,85.02,24.54,31.38,20.58
Vikarabad,17.3371,77.9047,2008,9,6.31,85.08,24.17,30.36,18.1
Vikarabad,17.3371,77.9047,2008,10,1.62,79.78,22.9,30.28,13.36
Vikarabad,17.3371,77.9047,2008,11,1.54,76.11,21.06,28.89,11.78
Vikarabad,17.3371,77.9047,2008,12,0.01,65.69,20.7,30.43,11.9
Vikarabad,17.3371,77.9047,2008,13,3.04,61.6,25.17,42.32,10.85
Vikarabad,17.3371,77.9047,2009,1,0.0,54.69,21.86,35.53,12.94
Vikarabad,17.3371,77.9047,2009,2,0.0,33.75,26.38,38.86,16.55
Vikarabad,17.3371,77.9047,2009,3,0.14,27.03,29.25,40.34,19.2
Vikarabad,17.3371,77.9047,2009,4,0.65,29.34,32.15,42.56,21.24
Vikarabad,17.3371,77.9047,2009,5,1.09,35.47,33.09,43.44,23.64
Vikarabad,17.3371,77.9047,2009,6,2.82,64.74,28.12,39.7,22.02
Vikarabad,17.3371,77.9047,2009,7,2.1,70.33,26.54,34.8,21.12
Vikarabad,17.3371,77.9047,2009,8,10.13,73.97,26.29,35.94,20.58
Vikarabad,17.3371,77.9047,2009,9,4.66,83.06,25.16,31.29,20.54
Vikarabad,17.3371,77.9047,2009,10,2.02,75.96,23.32,30.08,14.11
Vikarabad,17.3371,77.9047,2009,11,1.25,74.04,22.33,31.51,11.3
Vikarabad,17.3371,77.9047,2009,12,0.09,63.6,21.19,30.38,11.64
Vikarabad,17.3371,77.9047,2009,13,2.09,57.3,26.3,43.44,11.3
Vikarabad,17.3371,77.9047,2010,1,0.26,50.9,21.58,31.91,10.37
Vikarabad,17.3371,77.9047,2010,2,0.23,39.16,26.36,37.35,14.72
Vikarabad,17.3371,77.9047,2010,3,0.0,28.16,30.6,40.66,18.48
Vikarabad,17.3371,77.9047,2010,4,0.11,29.2,33.38,42.65,20.75
Vikarabad,17.3371,77.9047,2010,5,0.63,35.76,33.8,43.95,23.18
Vikarabad,17.3371,77.9047,2010,6,4.63,62.68,29.08,41.14,21.88
Vikarabad,17.3371,77.9047,2010,7,10.37,83.18,24.98,31.52,20.12
Vikarabad,17.3371,77.9047,2010,8,7.66,85.85,24.8,30.66,18.81
Vikarabad,17.3371,77.9047,2010,9,6.79,87.66,24.25,29.73,19.2
Vikarabad,17.3371,77.9047,2010,10,2.05,85.44,23.31,29.9,15.12
Vikarabad,17.3371,77.9047,2010,11,1.41,86.39,22.52,28.87,15.36
Vikarabad,17.3371,77.9047,2010,12,0.35,75.86,18.61,27.01,8.44
Vikarabad,17.3371,77.9047,2010,13,2.89,62.67,26.09,43.95,8.44
Vikarabad,17.3371,77.9047,2011,1,0.0,59.81,19.42,31.36,8.96
Vikarabad,17.3371,77.9047,2011,2,0.22,53.4,23.51,33.02,13.73
Vikarabad,17.3371,77.9047,2011,3,0.07,30.7,28.59,39.4,17.88
Vikarabad,17.3371,77.9047,2011,4,0.18,35.47,30.8,41.26,19.96
Vikarabad,17.3371,77.9047,2011,5,0.36,33.57,33.11,42.38,24.87
Vikarabad,17.3371,77.9047,2011,6,1.61,60.71,28.34,37.59,22.27
Vikarabad,17.3371,77.9047,2011,7,7.02,76.95,25.7,34.92,20.57
Vikarabad,17.3371,77.9047,2011,8,6.73,82.22,24.96,32.46,20.09
Vikarabad,17.3371,77.9047,2011,9,2.1,83.33,24.59,30.52,19.99
Vikarabad,17.3371,77.9047,2011,10,1.64,76.68,24.17,30.95,17.85
Vikarabad,17.3371,77.9047,2011,11,0.14,60.65,22.59,32.14,13.06
Vikarabad,17.3371,77.9047,2011,12,0.01,44.6,21.98,32.72,11.67
Vikarabad,17.3371,77.9047,2011,13,1.69,58.19,25.65,42.38,8.96
Vikarabad,17.3371,77.9047,2012,1,0.04,42.14,22.83,34.42,9.89
Vikarabad,17.3371,77.9047,2012,2,0.0,31.72,25.4,37.53,14.36
Vikarabad,17.3371,77.9047,2012,3,0.0,19.54,28.31,40.05,14.72
Vikarabad,17.3371,77.9047,2012,4,0.7,36.31,31.94,40.71,21.87
Vikarabad,17.3371,77.9047,2012,5,0.22,27.53,34.17,42.82,24.05
Vikarabad,17.3371,77.9047,2012,6,3.62,56.29,29.04,41.68,21.05
Vikarabad,17.3371,77.9047,2012,7,6.72,77.06,25.53,33.77,20.76
Vikarabad,17.3371,77.9047,2012,8,4.54,80.34,24.99,31.34,19.92
Vikarabad,17.3371,77.9047,2012,9,4.01,83.64,24.62,30.3,19.85
Vikarabad,17.3371,77.9047,2012,10,2.07,76.64,23.17,30.81,15.24
Vikarabad,17.3371,77.9047,2012,11,1.11,69.31,22.43,31.39,10.87
Vikarabad,17.3371,77.9047,2012,12,0.0,56.19,22.25,33.0,11.41
Vikarabad,17.3371,77.9047,2012,13,1.92,54.78,26.22,42.82,9.89
Vikarabad,17.3371,77.9047,2013,1,0.08,46.33,23.47,33.92,13.68
Vikarabad,17.3371,77.9047,2013,2,0.71,45.58,24.84,35.4,12.18
Vikarabad,17.3371,77.9047,2013,3,0.01,31.28,28.86,39.51,15.37
Vikarabad,17.3371,77.9047,2013,4,1.72,40.35,30.95,40.6,21.37
Vikarabad,17.3371,77.9047,2013,5,0.64,35.5,33.72,43.84,24.42
Vikarabad,17.3371,77.9047,2013,6,5.65,74.28,26.33,33.47,21.52
Vikarabad,17.3371,77.9047,2013,7,7.97,81.25,24.79,31.46,20.2
Vikarabad,17.3371,77.9047,2013,8,4.0,84.02,24.36,30.71,20.66
Vikarabad,17.3371,77.9047,2013,9,5.49,85.44,24.39,29.81,18.56
Vikarabad,17.3371,77.9047,2013,10,6.02,85.5,23.35,29.49,14.72
Vikarabad,17.3371,77.9047,2013,11,0.35,81.8,20.46,28.16,11.03
Vikarabad,17.3371,77.9047,2013,12,0.0,69.01,18.57,28.14,9.41
Vikarabad,17.3371,77.9047,2013,13,2.73,63.43,25.34,43.84,9.41
Vikarabad,17.3371,77.9047,2014,1,0.0,65.21,20.87,29.78,12.24
Vikarabad,17.3371,77.9047,2014,2,0.15,43.97,23.63,34.04,13.32
Vikarabad,17.3371,77.9047,2014,3,1.73,48.5,26.61,40.08,16.41
Vikarabad,17.3371,77.9047,2014,4,0.55,30.99,31.91,40.41,22.12
Vikarabad,17.3371,77.9047,2014,5,1.6,43.88,31.69,41.97,21.31
Vikarabad,17.3371,77.9047,2014,6,1.68,51.47,30.69,41.04,23.54
Vikarabad,17.3371,77.9047,2014,7,4.83,71.61,26.63,37.26,20.98
Vikarabad,17.3371,77.9047,2014,8,7.65,74.49,26.18,34.61,21.14
Vikarabad,17.3371,77.9047,2014,9,2.66,83.09,24.29,30.37,18.15
Vikarabad,17.3371,77.9047,2014,10,1.04,72.15,24.07,32.54,14.32
Vikarabad,17.3371,77.9047,2014,11,0.21,59.76,22.54,32.44,13.47
Vikarabad,17.3371,77.9047,2014,12,0.12,49.24,21.24,32.23,10.6
Vikarabad,17.3371,77.9047,2014,13,1.87,57.99,25.86,41.97,10.6
Vikarabad,17.3371,77.9047,2015,1,0.13,44.13,21.14,32.02,9.73
Vikarabad,17.3371,77.9047,2015,2,0.13,37.17,24.26,35.52,13.99
Vikarabad,17.3371,77.9047,2015,3,0.83,41.97,27.61,39.48,14.69
Vikarabad,17.3371,77.9047,2015,4,2.79,46.6,29.24,39.92,16.83
Vikarabad,17.3371,77.9047,2015,5,0.33,36.06,32.98,44.11,22.59
Vikarabad,17.3371,77.9047,2015,6,2.55,62.15,28.37,39.51,21.91
Vikarabad,17.3371,77.9047,2015,7,1.69,61.44,28.31,37.15,21.41
Vikarabad,17.3371,77.9047,2015,8,3.47,72.29,26.56,34.67,21.35
Vikarabad,17.3371,77.9047,2015,9,4.71,77.8,25.62,34.85,18.7
Vikarabad,17.3371,77.9047,2015,10,0.43,62.55,26.23,34.86,18.73
Vikarabad,17.3371,77.9047,2015,11,0.1,57.49,25.01,33.92,16.29
Vikarabad,17.3371,77.9047,2015,12,0.01,45.08,24.1,35.02,11.02
Vikarabad,17.3371,77.9047,2015,13,1.43,53.78,26.63,44.11,9.73
Vikarabad,17.3371,77.9047,2016,1,0.06,39.34,22.7,35.66,12.38
Vikarabad,17.3371,77.9047,2016,2,0.01,37.49,26.87,38.71,15.63
Vikarabad,17.3371,77.9047,2016,3,0.05,32.71,30.05,40.25,19.57
Vikarabad,17.3371,77.9047,2016,4,0.26,27.16,33.66,42.66,22.57
Vikarabad,17.3371,77.9047,2016,5,1.76,41.39,32.84,42.54,22.9
Vikarabad,17.3371,77.9047,2016,6,4.71,68.19,27.75,39.99,22.04
Vikarabad,17.3371,77.9047,2016,7,5.5,78.5,25.59,32.92,21.37
Vikarabad,17.3371,77.9047,2016,8,2.52,77.49,25.61,32.75,20.71
Vikarabad,17.3371,77.9047,2016,9,10.35,85.12,24.14,30.76,18.93
Vikarabad,17.3371,77.9047,2016,10,1.22,79.32,22.26,29.21,13.36
Vikarabad,17.3371,77.9047,2016,11,0.0,66.61,19.92,30.72,10.63
Vikarabad,17.3371,77.9047,2016,12,0.01,54.49,20.1,30.99,9.27
Vikarabad,17.3371,77.9047,2016,13,2.2,57.38,25.95,42.66,9.27
Vikarabad,17.3371,77.9047,2017,1,0.0,41.78,21.38,33.69,10.95
Vikarabad,17.3371,77.9047,2017,2,0.0,27.88,25.08,37.95,14.72
Vikarabad,17.3371,77.9047,2017,3,0.32,30.47,28.37,41.28,16.0
Vikarabad,17.3371,77.9047,2017,4,0.12,22.19,32.82,42.95,21.61
Vikarabad,17.3371,77.9047,2017,5,0.96,33.94,33.75,43.1,23.18
Vikarabad,17.3371,77.9047,2017,6,4.85,69.24,27.63,39.93,21.72
Vikarabad,17.3371,77.9047,2017,7,4.63,74.54,26.13,33.13,21.48
Vikarabad,17.3371,77.9047,2017,8,4.92,79.25,25.21,31.82,18.52
Vikarabad,17.3371,77.9047,2017,9,5.0,82.6,25.17,30.88,19.33
Vikarabad,17.3371,77.9047,2017,10,3.42,81.69,23.85,30.46,15.3
Vikarabad,17.3371,77.9047,2017,11,0.01,70.83,21.75,31.04,12.65
Vikarabad,17.3371,77.9047,2017,12,0.0,53.98,20.28,30.93,10.88
Vikarabad,17.3371,77.9047,2017,13,2.03,55.87,25.95,43.1,10.88
Vikarabad,17.3371,77.9047,2018,1,0.0,33.71,21.6,33.1,12.18
Vikarabad,17.3371,77.9047,2018,2,0.0,32.02,24.94,36.58,13.65
Vikarabad,17.3371,77.9047,2018,3,0.0,25.69,29.08,40.73,18.46
Vikarabad,17.3371,77.9047,2018,4,1.0,35.94,31.79,43.14,20.91
Vikarabad,17.3371,77.9047,2018,5,0.89,38.45,33.19,43.01,23.63
Vikarabad,17.3371,77.9047,2018,6,2.75,64.46,28.08,39.35,21.7
Vikarabad,17.3371,77.9047,2018,7,2.93,71.07,26.25,34.58,21.11
Vikarabad,17.3371,77.9047,2018,8,4.48,75.67,25.46,33.58,20.91
Vikarabad,17.3371,77.9047,2018,9,2.78,73.18,25.66,34.3,19.37
Vikarabad,17.3371,77.9047,2018,10,0.94,60.63,25.36,34.24,14.79
Vikarabad,17.3371,77.9047,2018,11,0.01,50.81,24.47,34.38,14.41
Vikarabad,17.3371,77.9047,2018,12,0.52,52.28,21.66,32.79,8.52
Vikarabad,17.3371,77.9047,2018,13,1.37,51.26,26.46,43.14,8.52
Vikarabad,17.3371,77.9047,2019,1,0.5,42.9,21.07,32.2,8.18
Vikarabad,17.3371,77.9047,2019,2,0.02,40.14,25.17,37.84,12.16
Vikarabad,17.3371,77.9047,2019,3,0.1,30.37,29.74,41.18,16.91
Vikarabad,17.3371,77.9047,2019,4,0.66,30.26,32.89,43.56,23.13
Vikarabad,17.3371,77.9047,2019,5,0.46,27.87,34.59,43.46,24.16
Vikarabad,17.3371,77.9047,2019,6,2.07,55.29,30.4,41.36,21.84
Vikarabad,17.3371,77.9047,2019,7,3.53,71.4,26.8,34.77,21.48
Vikarabad,17.3371,77.9047,2019,8,4.85,80.03,25.42,32.3,21.12
Vikarabad,17.3371,77.9047,2019,9,6.49,83.42,25.13,31.48,20.17
Vikarabad,17.3371,77.9047,2019,10,3.61,86.54,23.91,29.06,19.8
Vikarabad,17.3371,77.9047,2019,11,0.1,77.83,22.28,30.2,14.06
Vikarabad,17.3371,77.9047,2019,12,0.11,70.85,21.54,30.3,11.84
Vikarabad,17.3371,77.9047,2019,13,1.89,58.18,26.58,43.56,8.18
Vikarabad,17.3371,77.9047,2020,1,0.39,58.98,22.56,34.02,12.43
Vikarabad,17.3371,77.9047,2020,2,0.05,43.9,24.87,35.18,15.26
Vikarabad,17.3371,77.9047,2020,3,0.53,38.54,28.98,39.04,18.49
Vikarabad,17.3371,77.9047,2020,4,0.58,35.24,32.06,41.17,22.01
Vikarabad,17.3371,77.9047,2020,5,1.61,37.32,33.3,43.9,24.11
Vikarabad,17.3371,77.9047,2020,6,5.62,70.29,27.45,36.57,22.24
Vikarabad,17.3371,77.9047,2020,7,8.17,83.36,25.25,32.13,20.57
Vikarabad,17.3371,77.9047,2020,8,6.71,86.79,24.85,30.78,21.59
Vikarabad,17.3371,77.9047,2020,9,8.0,87.82,24.74,31.35,19.94
Vikarabad,17.3371,77.9047,2020,10,5.91,86.14,23.77,29.3,16.95
Vikarabad,17.3371,77.9047,2020,11,0.23,83.97,20.91,28.52,11.38
Vikarabad,17.3371,77.9047,2020,12,0.0,78.36,18.78,27.09,9.89
Vikarabad,17.3371,77.9047,2020,13,3.16,65.98,25.62,43.9,9.89
Vikarabad,17.3371,77.9047,2021,1,0.06,71.31,21.64,31.56,13.68
Vikarabad,17.3371,77.9047,2021,2,0.06,47.95,22.69,36.08,11.56
Vikarabad,17.3371,77.9047,2021,3,0.0,27.05,28.53,40.83,16.7
Vikarabad,17.3371,77.9047,2021,4,0.86,35.05,31.16,40.92,21.38
Vikarabad,17.3371,77.9047,2021,5,1.62,49.49,30.96,40.22,23.46
Vikarabad,17.3371,77.9047,2021,6,4.64,71.43,26.94,36.4,20.48
Vikarabad,17.3371,77.9047,2021,7,9.38,82.77,25.42,32.16,21.31
Vikarabad,17.3371,77.9047,2021,8,5.56,84.79,24.89,30.73,20.53
Vikarabad,17.3371,77.9047,2021,9,8.68,87.35,24.48,29.59,18.02
Vikarabad,17.3371,77.9047,2021,10,3.28,84.88,23.62,29.64,16.18
Vikarabad,17.3371,77.9047,2021,11,0.67,86.27,22.15,29.14,13.17
Vikarabad,17.3371,77.9047,2021,12,0.0,76.68,19.91,27.82,9.76
Vikarabad,17.3371,77.9047,2021,13,2.92,67.21,25.21,40.92,9.76
Vikarabad,17.3371,77.9047,2022,1,0.37,65.52,20.31,31.29,8.74
Vikarabad,17.3371,77.9047,2022,2,0.0,48.88,23.31,35.06,11.58
Vikarabad,17.3371,77.9047,2022,3,0.02,29.47,29.36,41.1,16.62
Vikarabad,17.3371,77.9047,2022,4,0.18,33.16,32.82,42.62,22.91
Vikarabad,17.3371,77.9047,2022,5,1.31,46.07,31.82,42.02,22.64
Vikarabad,17.3371,77.9047,2022,6,2.71,63.41,28.47,40.79,21.77
Vikarabad,17.3371,77.9047,2022,7,12.42,83.29,25.03,34.02,20.8
Vikarabad,17.3371,77.9047,2022,8,4.06,85.21,24.85,30.39,20.8
Vikarabad,17.3371,77.9047,2022,9,5.89,86.28,24.6,30.78,19.6
Vikarabad,17.3371,77.9047,2022,10,3.27,84.17,22.77,29.02,12.73
Vikarabad,17.3371,77.9047,2022,11,0.02,78.37,20.31,28.16,11.58
Vikarabad,17.3371,77.9047,2022,12,0.12,70.88,21.92,31.59,11.44
Vikarabad,17.3371,77.9047,2022,13,2.56,64.68,25.47,42.62,8.74
Vikarabad,17.3371,77.9047,2023,1,0.0,56.09,21.8,32.13,8.94
Vikarabad,17.3371,77.9047,2023,2,0.0,27.67,25.08,37.21,13.54
Vikarabad,17.3371,77.9047,2023,3,1.42,40.74,27.18,37.75,16.56
Vikarabad,17.3371,77.9047,2023,4,3.81,41.94,30.14,40.8,20.48
Vikarabad,17.3371,77.9047,2023,5,1.71,51.89,30.4,40.0,20.36
Vikarabad,17.3371,77.9047,2023,6,1.75,51.13,30.55,40.34,21.45
Vikarabad,17.3371,77.9047,2023,7,11.19,78.32,25.78,34.45,20.54
Vikarabad,17.3371,77.9047,2023,8,0.92,80.88,25.38,31.04,20.87
Vikarabad,17.3371,77.9047,2023,9,7.85,85.82,24.97,31.38,20.84
Vikarabad,17.3371,77.9047,2023,10,0.16,76.39,23.24,30.05,13.87
Vikarabad,17.3371,77.9047,2023,11,1.07,73.77,23.34,31.43,15.55
Vikarabad,17.3371,77.9047,2023,12,0.1,64.92,20.8,31.16,10.88
Vikarabad,17.3371,77.9047,2023,13,2.51,61.04,25.71,40.8,8.94
Vikarabad,17.3371,77.9047,2024,1,0.0,53.56,23.1,32.97,13.86
Vikarabad,17.3371,77.9047,2024,2,0.0,40.46,26.15,36.05,16.33
Vikarabad,17.3371,77.9047,2024,3,0.26,34.35,30.05,41.15,19.78
Vikarabad,17.3371,77.9047,2024,4,0.26,31.36,33.32,43.14,23.1
Vikarabad,17.3371,77.9047,2024,5,2.42,47.62,32.05,43.55,22.86
Vikarabad,17.3371,77.9047,2024,6,4.66,71.94,27.41,40.46,21.0
Vikarabad,17.3371,77.9047,2024,7,5.78,80.47,25.51,32.92,20.93
Vikarabad,17.3371,77.9047,2024,8,7.26,83.94,25.66,31.38,21.51
Vikarabad,17.3371,77.9047,2024,9,8.78,85.84,24.66,30.15,19.25
Vikarabad,17.3371,77.9047,2024,10,2.31,85.8,24.54,30.84,17.68
Vikarabad,17.3371,77.9047,2024,11,0.09,79.51,20.58,28.66,12.2
Vikarabad,17.3371,77.9047,2024,12,0.28,72.03,21.51,29.97,8.62
Vikarabad,17.3371,77.9047,2024,13,2.68,64.0,26.21,43.55,8.62
Wanaparthy,16.3623,78.0654,2000,1,0.0,43.6,23.78,35.95,12.88
Wanaparthy,16.3623,78.0654,2000,2,1.16,51.87,26.06,35.9,14.83
Wanaparthy,16.3623,78.0654,2000,3,0.01,37.07,28.34,39.96,15.08
Wanaparthy,16.3623,78.0654,2000,4,0.03,31.04,33.68,44.68,21.01
Wanaparthy,16.3623,78.0654,2000,5,1.77,50.23,31.2,43.6,22.87
Wanaparthy,16.3623,78.0654,2000,6,7.2,75.49,26.37,34.1,21.66
Wanaparthy,16.3623,78.0654,2000,7,2.37,79.29,25.48,31.53,20.21
Wanaparthy,16.3623,78.0654,2000,8,10.92,82.02,24.99,32.36,20.67
Wanaparthy,16.3623,78.0654,2000,9,2.83,82.69,25.23,31.27,20.43
Wanaparthy,16.3623,78.0654,2000,10,1.61,76.01,24.68,31.69,16.11
Wanaparthy,16.3623,78.0654,2000,11,0.46,69.65,23.06,32.71,14.52
Wanaparthy,16.3623,78.0654,2000,12,0.06,51.43,21.66,32.83,11.9
Wanaparthy,16.3623,78.0654,2000,13,2.37,60.87,26.2,44.68,11.9
Wanaparthy,16.3623,78.0654,2001,1,0.14,48.15,23.42,34.81,12.89
Wanaparthy,16.3623,78.0654,2001,2,0.0,30.08,26.36,39.09,14.56
Wanaparthy,16.3623,78.0654,2001,3,0.66,38.23,29.61,40.79,16.65
Wanaparthy,16.3623,78.0654,2001,4,0.81,43.21,31.38,42.47,21.07
Wanaparthy,16.3623,78.0654,2001,5,0.39,34.57,33.95,44.56,24.65
Wanaparthy,16.3623,78.0654,2001,6,3.39,64.53,27.95,38.91,20.61
Wanaparthy,16.3623,78.0654,2001,7,2.67,64.35,27.7,35.84,21.13
Wanaparthy,16.3623,78.0654,2001,8,4.28,78.78,25.54,32.46,21.07
Wanaparthy,16.3623,78.0654,2001,9,5.73,79.88,25.81,32.55,21.43
Wanaparthy,16.3623,78.0654,2001,10,5.01,82.52,23.99,30.13,15.68
Wanaparthy,16.3623,78.0654,2001,11,0.15,77.48,22.87,30.32,14.12
Wanaparthy,16.3623,78.0654,2001,12,0.08,64.63,21.04,31.15,12.71
Wanaparthy,16.3623,78.0654,2001,13,1.95,59.02,26.63,44.56,12.71
Wanaparthy,16.3623,78.0654,2002,1,0.23,58.96,22.69,35.44,10.93
Wanaparthy,16.3623,78.0654,2002,2,0.04,47.44,25.64,37.03,15.97
Wanaparthy,16.3623,78.0654,2002,3,0.32,35.07,29.64,40.83,18.01
Wanaparthy,16.3623,78.0654,2002,4,0.06,33.04,33.24,42.77,22.08
Wanaparthy,16.3623,78.0654,2002,5,3.73,48.97,32.17,44.27,23.11
Wanaparthy,16.3623,78.0654,2002,6,3.05,70.74,27.9,36.39,22.6
Wanaparthy,16.3623,78.0654,2002,7,3.09,68.15,27.56,35.87,21.69
Wanaparthy,16.3623,78.0654,2002,8,5.08,78.19,25.69,32.39,20.65
Wanaparthy,16.3623,78.0654,2002,9,1.18,70.06,27.12,36.03,19.41
Wanaparthy,16.3623,78.0654,2002,10,5.59,74.63,25.32,37.98,17.9
Wanaparthy,16.3623,78.0654,2002,11,0.15,64.25,23.19,34.18,14.17
Wanaparthy,16.3623,78.0654,2002,12,0.03,56.29,22.76,33.64,13.71
Wanaparthy,16.3623,78.0654,2002,13,1.9,58.9,26.91,44.27,10.93
Wanaparthy,16.3623,78.0654,2003,1,0.0,53.0,23.72,35.1,13.52
Wanaparthy,16.3623,78.0654,2003,2,0.12,48.16,27.28,36.78,15.71
Wanaparthy,16.3623,78.0654,2003,3,0.36,39.42,29.81,40.21,19.28
Wanaparthy,16.3623,78.0654,2003,4,0.42,35.95,32.58,42.29,21.48
Wanaparthy,16.3623,78.0654,2003,5,0.3,25.25,35.07,44.59,23.81
Wanaparthy,16.3623,78.0654,2003,6,2.85,55.68,30.17,43.91,21.82
Wanaparthy,16.3623,78.0654,2003,7,4.94,77.37,26.11,33.46,21.92
Wanaparthy,16.3623,78.0654,2003,8,4.46,79.5,25.73,33.15,20.85
Wanaparthy,16.3623,78.0654,2003,9,3.05,77.65,25.95,33.48,21.39
Wanaparthy,16.3623,78.0654,2003,10,4.54,78.44,24.95,32.7,14.91
Wanaparthy,16.3623,78.0654,2003,11,0.11,72.29,22.67,31.54,13.54
Wanaparthy,16.3623,78.0654,2003,12,0.16,60.54,21.83,32.58,12.76
Wanaparthy,16.3623,78.0654,2003,13,1.79,58.67,27.15,44.59,12.76
Wanaparthy,16.3623,78.0654,2004,1,0.72,58.49,22.64,33.35,12.06
Wanaparthy,16.3623,78.0654,2004,2,0.04,44.85,24.93,37.85,13.14
Wanaparthy,16.3623,78.0654,2004,3,0.45,34.7,29.78,41.89,17.87
Wanaparthy,16.3623,78.0654,2004,4,2.85,44.42,31.4,43.5,20.22
Wanaparthy,16.3623,78.0654,2004,5,2.24,65.67,28.72,38.85,22.28
Wanaparthy,16.3623,78.0654,2004,6,0.96,65.96,27.94,36.67,21.77
Wanaparthy,16.3623,78.0654,2004,7,5.18,76.09,26.01,33.37,21.2
Wanaparthy,16.3623,78.0654,2004,8,1.28,71.59,26.62,34.59,21.45
Wanaparthy,16.3623,78.0654,2004,9,4.66,79.66,25.82,34.5,20.13
Wanaparthy,16.3623,78.0654,2004,10,2.45,75.98,24.85,32.34,15.88
Wanaparthy,16.3623,78.0654,2004,11,0.06,62.22,23.67,33.34,13.41
Wanaparthy,16.3623,78.0654,2004,12,0.0,53.91,22.19,33.13,12.68
Wanaparthy,16.3623,78.0654,2004,13,1.75,61.2,26.21,43.5,12.06
Wanaparthy,16.3623,78.0654,2005,1,0.77,55.86,23.82,33.09,13.92
Wanaparthy,16.3623,78.0654,2005,2,0.04,41.93,26.34,38.93,14.23
Wanaparthy,16.3623,78.0654,2005,3,0.24,35.65,29.32,41.55,17.01
Wanaparthy,16.3623,78.0654,2005,4,1.41,49.11,30.72,40.53,20.98
Wanaparthy,16.3623,78.0654,2005,5,2.34,45.89,32.18,43.43,21.79
Wanaparthy,16.3623,78.0654,2005,6,3.25,67.24,28.56,41.18,22.42
Wanaparthy,16.3623,78.0654,2005,7,9.13,80.98,25.73,33.27,20.57
Wanaparthy,16.3623,78.0654,2005,8,4.83,84.83,25.06,30.22,21.1
Wanaparthy,16.3623,78.0654,2005,9,5.45,86.12,25.07,30.94,20.81
Wanaparthy,16.3623,78.0654,2005,10,7.92,85.17,24.23,31.25,18.79
Wanaparthy,16.3623,78.0654,2005,11,0.12,79.72,19.67,27.81,11.78
Wanaparthy,16.3623,78.0654,2005,12,0.04,72.68,19.69,29.36,9.91
Wanaparthy,16.3623,78.0654,2005,13,2.99,65.57,25.86,43.43,9.91
Wanaparthy,16.3623,78.0654,2006,1,0.0,59.68,20.98,33.13,10.98
Wanaparthy,16.3623,78.0654,2006,2,0.0,40.55,24.82,37.75,14.17
Wanaparthy,16.3623,78.0654,2006,3,1.47,49.28,27.94,39.46,15.17
Wanaparthy,16.3623,78.0654,2006,4,1.3,40.11,31.89,43.0,20.84
Wanaparthy,16.3623,78.0654,2006,5,3.1,48.92,31.85,43.15,22.49
Wanaparthy,16.3623,78.0654,2006,6,3.92,73.64,27.26,35.81,22.16
Wanaparthy,16.3623,78.0654,2006,7,4.07,73.7,26.57,34.2,20.92
Wanaparthy,16.3623,78.0654,2006,8,3.58,80.13,25.27,31.92,20.55
Wanaparthy,16.3623,78.0654,2006,9,7.22,81.18,25.64,34.32,20.04
Wanaparthy,16.3623,78.0654,2006,10,1.03,79.74,24.61,31.0,18.3
Wanaparthy,16.3623,78.0654,2006,11,2.33,80.48,22.74,31.15,15.68
Wanaparthy,16.3623,78.0654,2006,12,0.01,69.16,21.52,30.85,12.44
Wanaparthy,16.3623,78.0654,2006,13,2.34,64.87,25.92,43.15,10.98
Wanaparthy,16.3623,78.0654,2007,1,0.0,55.43,22.8,34.48,13.16
Wanaparthy,16.3623,78.0654,2007,2,0.01,44.73,25.27,36.4,14.9
Wanaparthy,16.3623,78.0654,2007,3,0.0,37.37,29.86,40.89,18.2
Wanaparthy,16.3623,78.0654,2007,4,0.72,39.01,32.1,42.56,21.89
Wanaparthy,16.3623,78.0654,2007,5,1.51,40.71,33.13,44.02,23.46
Wanaparthy,16.3623,78.0654,2007,6,13.23,74.75,27.3,38.12,22.01
Wanaparthy,16.3623,78.0654,2007,7,2.65,80.82,25.84,32.47,21.53
Wanaparthy,16.3623,78.0654,2007,8,8.04,82.58,25.36,31.54,21.04
Wanaparthy,16.3623,78.0654,2007,9,6.83,87.88,24.71,31.3,20.04
Wanaparthy,16.3623,78.0654,2007,10,1.15,80.18,22.94,30.1,17.11
Wanaparthy,16.3623,78.0654,2007,11,0.15,73.34,21.05,30.01,10.2
Wanaparthy,16.3623,78.0654,2007,12,0.04,65.72,21.94,33.71,13.61
Wanaparthy,16.3623,78.0654,2007,13,2.86,63.64,26.03,44.02,10.2
Wanaparthy,16.3623,78.0654,2008,1,0.0,49.29,22.42,33.02,12.77
Wanaparthy,16.3623,78.0654,2008,2,0.97,55.8,25.13,36.05,14.61
Wanaparthy,16.3623,78.0654,2008,3,4.6,49.93,27.17,38.69,16.47
Wanaparthy,16.3623,78.0654,2008,4,0.19,50.35,29.37,41.83,18.29
Wanaparthy,16.3623,78.0654,2008,5,0.62,34.97,32.85,42.56,23.85
Wanaparthy,16.3623,78.0654,2008,6,1.8,64.79,27.9,36.53,21.29
Wanaparthy,16.3623,78.0654,2008,7,3.71,64.64,27.97,37.12,21.86
Wanaparthy,16.3623,78.0654,2008,8,8.14,83.27,25.22,31.03,21.16
Wanaparthy,16.3623,78.0654,2008,9,4.86,83.39,24.92,30.7,19.07
Wanaparthy,16.3623,78.0654,2008,10,1.71,78.25,24.12,31.18,14.37
Wanaparthy,16.3623,78.0654,2008,11,1.49,72.08,22.79,31.51,13.51
Wanaparthy,16.3623,78.0654,2008,12,0.0,66.31,22.25,32.15,12.91
Wanaparthy,16.3623,78.0654,2008,13,2.35,62.74,26.01,42.56,12.77
Wanaparthy,16.3623,78.0654,2009,1,0.0,55.64,23.1,36.09,14.05
Wanaparthy,16.3623,78.0654,2009,2,0.0,39.13,26.99,39.69,16.99
Wanaparthy,16.3623,78.0654,2009,3,0.18,31.55,29.82,40.23,18.55
Wanaparthy,16.3623,78.0654,2009,4,0.32,32.41,32.91,42.82,22.12
Wanaparthy,16.3623,78.0654,2009,5,2.98,41.09,32.99,44.4,23.82
Wanaparthy,16.3623,78.0654,2009,6,3.36,72.3,27.32,37.48,22.21
Wanaparthy,16.3623,78.0654,2009,7,1.26,70.45,26.93,35.06,21.47
Wanaparthy,16.3623,78.0654,2009,8,5.92,71.5,27.1,36.6,21.37
Wanaparthy,16.3623,78.0654,2009,9,6.53,81.23,25.91,32.94,21.02
Wanaparthy,16.3623,78.0654,2009,10,2.45,76.5,24.12,31.07,15.68
Wanaparthy,16.3623,78.0654,2009,11,1.17,77.16,23.39,31.31,13.21
Wanaparthy,16.3623,78.0654,2009,12,0.09,68.37,22.25,31.21,12.49
Wanaparthy,16.3623,78.0654,2009,13,2.03,59.88,26.9,44.4,12.49
Wanaparthy,16.3623,78.0654,2010,1,0.47,58.51,22.88,33.48,12.08
Wanaparthy,16.3623,78.0654,2010,2,0.03,44.76,26.72,38.34,15.03
Wanaparthy,16.3623,78.0654,2010,3,0.0,33.32,30.81,40.89,18.68
Wanaparthy,16.3623,78.0654,2010,4,0.44,34.55,33.51,43.33,21.63
Wanaparthy,16.3623,78.0654,2010,5,0.79,40.9,33.85,43.42,24.52
Wanaparthy,16.3623,78.0654,2010,6,3.27,62.27,29.42,40.97,22.64
Wanaparthy,16.3623,78.0654,2010,7,9.31,81.01,25.64,33.93,21.31
Wanaparthy,16.3623,78.0654,2010,8,5.87,83.98,25.6,31.72,19.17
Wanaparthy,16.3623,78.0654,2010,9,5.72,86.69,24.92,30.37,20.01
Wanaparthy,16.3623,78.0654,2010,10,1.75,83.08,24.47,31.06,16.77
Wanaparthy,16.3623,78.0654,2010,11,1.17,84.18,23.55,30.33,17.11
Wanaparthy,16.3623,78.0654,2010,12,0.36,70.07,20.83,30.33,9.74
Wanaparthy,16.3623,78.0654,2010,13,2.45,63.73,26.84,43.42,9.74
Wanaparthy,16.3623,78.0654,2011,1,0.0,56.23,21.84,34.15,11.0
Wanaparthy,16.3623,78.0654,2011,2,0.19,50.91,25.22,35.01,14.23
Wanaparthy,16.3623,78.0654,2011,3,0.02,35.79,29.12,40.77,17.82
Wanaparthy,16.3623,78.0654,2011,4,0.2,39.86,31.1,42.17,20.9
Wanaparthy,16.3623,78.0654,2011,5,1.21,38.26,33.23,42.7,24.2
Wanaparthy,16.3623,78.0654,2011,6,1.41,61.65,28.61,38.06,22.69
Wanaparthy,16.3623,78.0654,2011,7,3.87,70.82,26.88,35.55,21.14
Wanaparthy,16.3623,78.0654,2011,8,5.07,77.05,26.11,34.55,21.06
Wanaparthy,16.3623,78.0654,2011,9,1.14,75.8,26.22,34.54,20.67
Wanaparthy,16.3623,78.0654,2011,10,1.71,70.51,26.09,34.65,18.95
Wanaparthy,16.3623,78.0654,2011,11,0.14,59.1,24.44,34.19,14.77
Wanaparthy,16.3623,78.0654,2011,12,0.02,51.31,23.58,34.11,12.94
Wanaparthy,16.3623,78.0654,2011,13,1.26,57.31,26.88,42.7,11.0
Wanaparthy,16.3623,78.0654,2012,1,0.08,50.04,23.58,35.16,10.56
Wanaparthy,16.3623,78.0654,2012,2,0.0,37.79,26.09,38.26,15.54
Wanaparthy,16.3623,78.0654,2012,3,0.01,27.04,29.36,41.16,16.34
Wanaparthy,16.3623,78.0654,2012,4,1.54,44.3,31.45,41.42,21.4
Wanaparthy,16.3623,78.0654,2012,5,0.48,32.17,34.5,44.33,25.31
Wanaparthy,16.3623,78.0654,2012,6,2.01,54.96,29.56,40.66,22.13
Wanaparthy,16.3623,78.0654,2012,7,5.61,73.04,26.58,35.18,21.64
Wanaparthy,16.3623,78.0654,2012,8,3.07,75.72,26.09,33.94,20.48
Wanaparthy,16.3623,78.0654,2012,9,4.04,79.13,25.72,31.94,20.97
Wanaparthy,16.3623,78.0654,2012,10,2.2,74.13,24.41,32.53,17.02
Wanaparthy,16.3623,78.0654,2012,11,1.56,69.38,23.55,32.81,12.2
Wanaparthy,16.3623,78.0654,2012,12,0.01,59.36,23.46,34.27,13.3
Wanaparthy,16.3623,78.0654,2012,13,1.72,56.46,27.03,44.33,10.56
Wanaparthy,16.3623,78.0654,2013,1,0.0,51.24,24.21,34.59,14.26
Wanaparthy,16.3623,78.0654,2013,2,0.64,48.72,25.49,36.15,14.71
Wanaparthy,16.3623,78.0654,2013,3,0.04,36.23,29.25,39.92,16.38
Wanaparthy,16.3623,78.0654,2013,4,1.08,40.57,31.8,41.41,22.46
Wanaparthy,16.3623,78.0654,2013,5,1.03,40.9,33.6,44.17,24.26
Wanaparthy,16.3623,78.0654,2013,6,3.19,70.61,27.3,35.47,21.72
Wanaparthy,16.3623,78.0654,2013,7,4.64,76.68,25.8,32.29,20.99
Wanaparthy,16.3623,78.0654,2013,8,4.68,79.57,25.52,32.04,20.93
Wanaparthy,16.3623,78.0654,2013,9,6.49,84.39,25.0,31.89,19.24
Wanaparthy,16.3623,78.0654,2013,10,4.97,84.27,24.3,30.38,16.74
Wanaparthy,16.3623,78.0654,2013,11,0.23,79.15,21.94,29.94,13.56
Wanaparthy,16.3623,78.0654,2013,12,0.0,65.32,20.42,30.57,11.73
Wanaparthy,16.3623,78.0654,2013,13,2.26,63.2,26.22,44.17,11.73
Wanaparthy,16.3623,78.0654,2014,1,0.0,62.15,22.62,31.66,13.57
Wanaparthy,16.3623,78.0654,2014,2,0.03,45.9,24.95,34.9,15.03
Wanaparthy,16.3623,78.0654,2014,3,1.3,46.73,27.58,40.87,17.43
Wanaparthy,16.3623,78.0654,2014,4,0.52,33.53,32.25,41.33,22.5
Wanaparthy,16.3623,78.0654,2014,5,1.51,47.95,31.74,42.78,21.32
Wanaparthy,16.3623,78.0654,2014,6,1.5,53.77,30.85,40.38,24.16
Wanaparthy,16.3623,78.0654,2014,7,4.86,69.86,27.35,38.4,21.73
Wanaparthy,16.3623,78.0654,2014,8,7.56,75.13,26.51,35.46,21.39
Wanaparthy,16.3623,78.0654,2014,9,3.5,84.29,24.97,30.78,20.25
Wanaparthy,16.3623,78.0654,2014,10,2.2,77.12,24.38,31.5,14.9
Wanaparthy,16.3623,78.0654,2014,11,0.35,68.95,22.57,31.7,14.47
Wanaparthy,16.3623,78.0654,2014,12,0.13,60.03,21.82,32.5,12.7
Wanaparthy,16.3623,78.0654,2014,13,1.98,60.57,26.47,42.78,12.7
Wanaparthy,16.3623,78.0654,2015,1,0.04,48.19,22.16,32.31,10.93
Wanaparthy,16.3623,78.0654,2015,2,0.01,44.49,24.6,35.75,14.87
Wanaparthy,16.3623,78.0654,2015,3,0.68,43.9,28.31,40.3,16.84
Wanaparthy,16.3623,78.0654,2015,4,2.42,50.01,29.88,40.79,17.21
Wanaparthy,16.3623,78.0654,2015,5,0.74,40.84,32.94,44.09,22.79
Wanaparthy,16.3623,78.0654,2015,6,1.99,62.38,28.67,39.13,21.59
Wanaparthy,16.3623,78.0654,2015,7,1.87,60.45,28.92,38.04,21.51
Wanaparthy,16.3623,78.0654,2015,8,2.81,69.88,27.37,36.03,21.82
Wanaparthy,16.3623,78.0654,2015,9,5.37,78.19,26.1,35.18,19.32
Wanaparthy,16.3623,78.0654,2015,10,0.75,66.47,26.56,35.25,18.95
Wanaparthy,16.3623,78.0654,2015,11,0.52,64.51,25.19,33.98,17.23
Wanaparthy,16.3623,78.0654,2015,12,0.04,54.63,24.21,35.63,13.34
Wanaparthy,16.3623,78.0654,2015,13,1.44,57.02,27.09,44.09,10.93
Wanaparthy,16.3623,78.0654,2016,1,0.12,50.76,23.38,35.82,14.32
Wanaparthy,16.3623,78.0654,2016,2,0.0,45.17,27.16,39.01,16.2
Wanaparthy,16.3623,78.0654,2016,3,0.02,37.23,30.45,41.25,18.98
Wanaparthy,16.3623,78.0654,2016,4,0.08,31.18,33.81,43.74,21.52
Wanaparthy,16.3623,78.0654,2016,5,1.97,44.51,32.95,42.82,23.77
Wanaparthy,16.3623,78.0654,2016,6,4.03,72.28,27.29,38.01,21.99
Wanaparthy,16.3623,78.0654,2016,7,4.25,76.28,26.38,33.91,21.62
Wanaparthy,16.3623,78.0654,2016,8,2.95,76.05,26.32,34.02,21.69
Wanaparthy,16.3623,78.0654,2016,9,7.3,83.43,24.73,31.89,20.09
Wanaparthy,16.3623,78.0654,2016,10,0.53,75.27,23.52,31.13,15.6
Wanaparthy,16.3623,78.0654,2016,11,0.0,57.56,22.68,34.39,12.97
Wanaparthy,16.3623,78.0654,2016,12,0.04,46.95,22.88,33.49,12.22
Wanaparthy,16.3623,78.0654,2016,13,1.77,58.09,26.79,43.74,12.22
Wanaparthy,16.3623,78.0654,2017,1,0.0,44.59,23.01,34.22,13.15
Wanaparthy,16.3623,78.0654,2017,2,0.0,35.38,25.57,38.67,14.52
Wanaparthy,16.3623,78.0654,2017,3,0.45,36.73,29.14,41.42,15.53
Wanaparthy,16.3623,78.0654,2017,4,0.11,26.88,33.62,43.09,21.08
Wanaparthy,16.3623,78.0654,2017,5,0.7,37.22,34.01,43.35,24.33
Wanaparthy,16.3623,78.0654,2017,6,4.6,68.68,28.06,40.47,22.1
Wanaparthy,16.3623,78.0654,2017,7,3.01,72.39,26.86,34.2,22.14
Wanaparthy,16.3623,78.0654,2017,8,4.21,76.12,26.26,33.96,20.02
Wanaparthy,16.3623,78.0654,2017,9,6.03,81.94,25.76,32.05,20.24
Wanaparthy,16.3623,78.0654,2017,10,3.5,83.15,24.53,31.0,17.13
Wanaparthy,16.3623,78.0654,2017,11,0.01,72.77,22.9,31.75,14.04
Wanaparthy,16.3623,78.0654,2017,12,0.0,56.73,21.57,32.17,12.51
Wanaparthy,16.3623,78.0654,2017,13,1.89,57.85,26.78,43.35,12.51
Wanaparthy,16.3623,78.0654,2018,1,0.0,40.43,22.84,34.26,13.6
Wanaparthy,16.3623,78.0654,2018,2,0.0,36.28,25.35,37.13,13.41
Wanaparthy,16.3623,78.0654,2018,3,0.0,30.18,29.68,40.45,17.63
Wanaparthy,16.3623,78.0654,2018,4,0.6,36.88,32.85,43.88,22.36
Wanaparthy,16.3623,78.0654,2018,5,0.92,41.63,33.32,44.16,23.81
Wanaparthy,16.3623,78.0654,2018,6,2.08,66.87,28.02,38.82,22.48
Wanaparthy,16.3623,78.0654,2018,7,2.72,67.78,27.19,35.95,22.19
Wanaparthy,16.3623,78.0654,2018,8,3.48,72.55,26.28,33.74,21.36
Wanaparthy,16.3623,78.0654,2018,9,2.99,70.74,26.63,35.68,20.32
Wanaparthy,16.3623,78.0654,2018,10,0.76,60.85,26.42,35.99,16.63
Wanaparthy,16.3623,78.0654,2018,11,0.02,51.98,25.8,35.35,14.82
Wanaparthy,16.3623,78.0654,2018,12,0.23,54.19,23.5,33.47,11.31
Wanaparthy,16.3623,78.0654,2018,13,1.16,52.62,27.33,44.16,11.31
Wanaparthy,16.3623,78.0654,2019,1,0.78,49.63,22.23,32.92,10.64
Wanaparthy,16.3623,78.0654,2019,2,0.01,47.18,25.9,38.03,14.69
Wanaparthy,16.3623,78.0654,2019,3,0.03,34.86,30.55,41.26,19.15
Wanaparthy,16.3623,78.0654,2019,4,0.62,32.69,33.36,43.78,23.56
Wanaparthy,16.3623,78.0654,2019,5,0.7,31.38,35.28,44.48,24.73
Wanaparthy,16.3623,78.0654,2019,6,1.44,55.37,30.73,40.97,23.18
Wanaparthy,16.3623,78.0654,2019,7,2.27,69.37,27.68,36.9,22.47
Wanaparthy,16.3623,78.0654,2019,8,4.27,76.31,26.37,33.52,21.38
Wanaparthy,16.3623,78.0654,2019,9,5.43,81.36,25.82,33.06,20.48
Wanaparthy,16.3623,78.0654,2019,10,3.0,84.35,24.9,31.23,20.51
Wanaparthy,16.3623,78.0654,2019,11,0.05,73.02,24.2,32.61,15.89
Wanaparthy,16.3623,78.0654,2019,12,0.15,68.47,23.43,32.65,14.43
Wanaparthy,16.3623,78.0654,2019,13,1.57,58.74,27.54,44.48,10.64
Wanaparthy,16.3623,78.0654,2020,1,0.2,57.26,24.38,35.2,14.32
Wanaparthy,16.3623,78.0654,2020,2,0.04,47.32,25.91,36.23,16.28
Wanaparthy,16.3623,78.0654,2020,3,0.29,41.07,29.68,39.67,20.43
Wanaparthy,16.3623,78.0654,2020,4,0.51,37.25,32.47,41.94,22.34
Wanaparthy,16.3623,78.0654,2020,5,1.42,38.01,33.96,43.56,25.0
Wanaparthy,16.3623,78.0654,2020,6,4.63,70.9,27.77,36.11,22.24
Wanaparthy,16.3623,78.0654,2020,7,9.34,83.58,25.7,31.24,21.32
Wanaparthy,16.3623,78.0654,2020,8,4.81,86.87,25.29,31.29,21.82
Wanaparthy,16.3623,78.0654,2020,9,9.33,87.99,25.04,31.6,19.71
Wanaparthy,16.3623,78.0654,2020,10,5.6,85.17,24.53,29.92,18.32
Wanaparthy,16.3623,78.0654,2020,11,0.7,83.85,22.43,29.43,13.06
Wanaparthy,16.3623,78.0654,2020,12,0.01,77.95,20.14,28.46,11.29
Wanaparthy,16.3623,78.0654,2020,13,3.08,66.5,26.44,43.56,11.29
Wanaparthy,16.3623,78.0654,2021,1,0.1,68.99,23.1,32.99,14.23
Wanaparthy,16.3623,78.0654,2021,2,0.09,49.96,24.03,36.93,13.96
Wanaparthy,16.3623,78.0654,2021,3,0.0,31.85,28.93,42.13,16.83
Wanaparthy,16.3623,78.0654,2021,4,0.98,38.61,31.57,41.58,22.02
Wanaparthy,16.3623,78.0654,2021,5,1.54,53.7,30.97,40.1,23.77
Wanaparthy,16.3623,78.0654,2021,6,2.86,66.52,28.07,36.27,22.07
Wanaparthy,16.3623,78.0654,2021,7,5.82,79.67,26.22,34.84,21.62
Wanaparthy,16.3623,78.0654,2021,8,3.9,79.83,25.89,32.62,20.92
Wanaparthy,16.3623,78.0654,2021,9,4.72,82.75,25.48,31.33,19.27
Wanaparthy,16.3623,78.0654,2021,10,2.98,81.59,25.05,31.09,17.41
Wanaparthy,16.3623,78.0654,2021,11,1.47,81.76,23.82,31.03,15.8
Wanaparthy,16.3623,78.0654,2021,12,0.0,69.14,22.16,31.55,12.16
Wanaparthy,16.3623,78.0654,2021,13,2.05,65.47,26.28,42.13,12.16
Wanaparthy,16.3623,78.0654,2022,1,0.51,59.58,22.63,33.4,12.37
Wanaparthy,16.3623,78.0654,2022,2,0.0,47.03,25.39,36.93,13.62
Wanaparthy,16.3623,78.0654,2022,3,0.07,33.34,30.36,41.25,17.05
Wanaparthy,16.3623,78.0654,2022,4,0.34,36.6,33.02,42.62,23.37
Wanaparthy,16.3623,78.0654,2022,5,1.92,53.93,31.17,42.59,23.48
Wanaparthy,16.3623,78.0654,2022,6,3.15,65.19,28.42,39.31,22.11
Wanaparthy,16.3623,78.0654,2022,7,7.09,80.03,25.96,34.42,21.66
Wanaparthy,16.3623,78.0654,2022,8,4.93,83.68,25.44,31.26,21.01
Wanaparthy,16.3623,78.0654,2022,9,5.09,84.11,25.37,31.45,20.48
Wanaparthy,16.3623,78.0654,2022,10,3.6,83.35,23.76,30.29,14.69
Wanaparthy,16.3623,78.0654,2022,11,0.07,75.84,22.32,31.02,13.11
Wanaparthy,16.3623,78.0654,2022,12,0.39,70.21,23.57,33.59,13.63
Wanaparthy,16.3623,78.0654,2022,13,2.28,64.54,26.45,42.62,12.37
Wanaparthy,16.3623,78.0654,2023,1,0.0,56.69,23.08,33.35,11.17
Wanaparthy,16.3623,78.0654,2023,2,0.0,35.34,26.27,37.77,15.68
Wanaparthy,16.3623,78.0654,2023,3,0.73,42.12,28.22,39.65,16.97
Wanaparthy,16.3623,78.0654,2023,4,2.91,40.61,31.26,41.76,21.99
Wanaparthy,16.3623,78.0654,2023,5,1.68,54.73,30.85,40.77,22.42
Wanaparthy,16.3623,78.0654,2023,6,1.24,49.15,31.59,41.28,22.65
Wanaparthy,16.3623,78.0654,2023,7,6.86,74.22,26.71,35.64,21.54
Wanaparthy,16.3623,78.0654,2023,8,0.82,73.67,27.04,35.26,21.96
Wanaparthy,16.3623,78.0654,2023,9,4.34,78.74,26.35,35.75,21.32
Wanaparthy,16.3623,78.0654,2023,10,0.12,63.76,26.4,34.91,16.5
Wanaparthy,16.3623,78.0654,2023,11,1.45,68.83,25.51,34.62,17.5
Wanaparthy,16.3623,78.0654,2023,12,0.28,62.63,23.06,33.0,14.73
Wanaparthy,16.3623,78.0654,2023,13,1.71,58.55,27.19,41.76,11.17
Wanaparthy,16.3623,78.0654,2024,1,0.0,57.42,24.43,34.0,16.1
Wanaparthy,16.3623,78.0654,2024,2,0.0,46.66,27.11,37.02,16.27
Wanaparthy,16.3623,78.0654,2024,3,0.03,37.18,30.95,41.86,20.65
Wanaparthy,16.3623,78.0654,2024,4,0.14,32.78,33.71,43.65,23.23
Wanaparthy,16.3623,78.0654,2024,5,2.31,51.12,32.47,45.13,23.55
Wanaparthy,16.3623,78.0654,2024,6,4.07,72.51,27.55,39.76,21.43
Wanaparthy,16.3623,78.0654,2024,7,4.62,77.11,26.47,34.83,22.15
Wanaparthy,16.3623,78.0654,2024,8,6.8,82.14,26.45,32.83,22.33
Wanaparthy,16.3623,78.0654,2024,9,5.81,84.81,25.3,30.77,19.84
Wanaparthy,16.3623,78.0654,2024,10,2.72,84.04,25.34,32.22,18.45
Wanaparthy,16.3623,78.0654,2024,11,0.09,76.43,22.75,30.4,14.74
Wanaparthy,16.3623,78.0654,2024,12,0.3,69.28,23.72,32.3,11.58
Wanaparthy,16.3623,78.0654,2024,13,2.25,64.36,27.19,45.13,11.58
Warangal_Rural,17.98,79.59,2000,1,0.0,37.27,23.68,35.87,11.2
Warangal_Rural,17.98,79.59,2000,2,1.67,53.93,25.92,35.51,14.64
Warangal_Rural,17.98,79.59,2000,3,0.01,31.63,28.6,39.91,14.45
Warangal_Rural,17.98,79.59,2000,4,0.04,29.57,34.79,45.84,21.03
Warangal_Rural,17.98,79.59,2000,5,1.04,43.53,33.22,45.25,24.52
Warangal_Rural,17.98,79.59,2000,6,5.66,71.15,28.03,36.07,22.64
Warangal_Rural,17.98,79.59,2000,7,4.46,77.38,26.88,33.5,21.81
Warangal_Rural,17.98,79.59,2000,8,10.57,82.06,26.3,33.1,21.27
Warangal_Rural,17.98,79.59,2000,9,2.08,83.01,26.02,31.72,21.34
Warangal_Rural,17.98,79.59,2000,10,0.55,71.39,25.92,34.11,16.12
Warangal_Rural,17.98,79.59,2000,11,0.08,60.44,23.97,33.7,14.63
Warangal_Rural,17.98,79.59,2000,12,0.01,31.59,22.59,32.81,12.52
Warangal_Rural,17.98,79.59,2000,13,2.19,56.04,27.16,45.84,11.2
Warangal_Rural,17.98,79.59,2001,1,0.17,40.64,23.53,35.2,11.55
Warangal_Rural,17.98,79.59,2001,2,0.0,28.28,26.58,39.92,13.64
Warangal_Rural,17.98,79.59,2001,3,0.79,40.43,30.14,41.54,19.55
Warangal_Rural,17.98,79.59,2001,4,1.67,44.81,31.88,44.0,21.72
Warangal_Rural,17.98,79.59,2001,5,0.11,31.65,35.95,45.99,26.59
Warangal_Rural,17.98,79.59,2001,6,4.11,65.45,28.64,40.63,21.8
Warangal_Rural,17.98,79.59,2001,7,2.81,67.91,28.21,37.6,22.61
Warangal_Rural,17.98,79.59,2001,8,6.88,82.89,25.95,31.43,21.81
Warangal_Rural,17.98,79.59,2001,9,2.82,80.07,26.69,34.27,22.08
Warangal_Rural,17.98,79.59,2001,10,3.12,80.31,25.04,31.69,16.7
Warangal_Rural,17.98,79.59,2001,11,0.17,68.97,24.14,32.45,13.99
Warangal_Rural,17.98,79.59,2001,12,0.01,51.84,21.62,32.51,13.37
Warangal_Rural,17.98,79.59,2001,13,1.9,57.09,27.37,45.99,11.55
Warangal_Rural,17.98,79.59,2002,1,1.0,54.74,22.67,35.62,11.48
Warangal_Rural,17.98,79.59,2002,2,0.02,43.97,26.34,37.67,16.84
Warangal_Rural,17.98,79.59,2002,3,0.21,34.02,30.45,41.3,19.89
Warangal_Rural,17.98,79.59,2002,4,0.09,32.58,34.51,44.3,24.33
Warangal_Rural,17.98,79.59,2002,5,1.25,35.34,35.63,46.26,25.62
Warangal_Rural,17.98,79.59,2002,6,5.29,64.14,30.06,39.4,23.66
Warangal_Rural,17.98,79.59,2002,7,2.83,68.14,28.62,36.52,23.02
Warangal_Rural,17.98,79.59,2002,8,9.64,82.3,26.07,31.87,20.89
Warangal_Rural,17.98,79.59,2002,9,1.26,77.61,26.52,34.02,20.45
Warangal_Rural,17.98,79.59,2002,10,2.28,71.0,25.84,35.82,16.8
Warangal_Rural,17.98,79.59,2002,11,0.11,52.66,23.87,34.02,14.88
Warangal_Rural,17.98,79.59,2002,12,0.06,47.01,23.43,34.23,13.73
Warangal_Rural,17.98,79.59,2002,13,2.02,55.37,27.84,46.26,11.48
Warangal_Rural,17.98,79.59,2003,1,0.01,44.24,23.91,35.76,11.74
Warangal_Rural,17.98,79.59,2003,2,0.14,47.36,27.48,37.39,17.55
Warangal_Rural,17.98,79.59,2003,3,0.26,38.3,30.09,40.99,16.71
Warangal_Rural,17.98,79.59,2003,4,0.48,35.01,33.73,44.64,22.99
Warangal_Rural,17.98,79.59,2003,5,0.01,24.33,35.93,45.39,25.03
Warangal_Rural,17.98,79.59,2003,6,3.04,51.42,32.02,46.17,23.93
Warangal_Rural,17.98,79.59,2003,7,10.07,80.21,26.83,33.58,23.04
Warangal_Rural,17.98,79.59,2003,8,6.0,85.44,25.91,31.32,21.27
Warangal_Rural,17.98,79.59,2003,9,2.68,85.29,25.94,30.94,22.0
Warangal_Rural,17.98,79.59,2003,10,4.57,83.55,24.87,31.35,15.0
Warangal_Rural,17.98,79.59,2003,11,0.02,73.98,22.09,30.11,13.97
Warangal_Rural,17.98,79.59,2003,12,0.41,65.91,20.58,30.24,11.34
Warangal_Rural,17.98,79.59,2003,13,2.33,59.67,27.44,46.17,11.34
Warangal_Rural,17.98,79.59,2004,1,1.25,64.51,21.37,32.49,12.23
Warangal_Rural,17.98,79.59,2004,2,0.56,50.85,23.55,37.19,9.75
Warangal_Rural,17.98,79.59,2004,3,0.39,34.12,30.3,42.16,18.61
Warangal_Rural,17.98,79.59,2004,4,0.94,39.66,32.83,44.58,22.08
Warangal_Rural,17.98,79.59,2004,5,0.84,50.03,32.21,42.88,24.49
Warangal_Rural,17.98,79.59,2004,6,1.49,55.14,30.86,40.11,23.95
Warangal_Rural,17.98,79.59,2004,7,7.55,78.05,26.86,34.26,22.33
Warangal_Rural,17.98,79.59,2004,8,2.52,78.0,26.82,33.4,22.06
Warangal_Rural,17.98,79.59,2004,9,3.03,80.21,26.57,33.05,21.64
Warangal_Rural,17.98,79.59,2004,10,2.56,75.79,25.21,32.08,15.45
Warangal_Rural,17.98,79.59,2004,11,0.07,62.61,23.58,32.61,13.82
Warangal_Rural,17.98,79.59,2004,12,0.0,51.62,21.94,32.33,12.93
Warangal_Rural,17.98,79.59,2004,13,1.78,60.11,26.84,44.58,9.75
Warangal_Rural,17.98,79.59,2005,1,1.42,51.83,23.52,33.71,12.31
Warangal_Rural,17.98,79.59,2005,2,0.08,45.86,26.02,38.76,12.12
Warangal_Rural,17.98,79.59,2005,3,0.27,36.78,29.79,41.67,18.34
Warangal_Rural,17.98,79.59,2005,4,0.44,39.62,33.01,42.52,24.25
Warangal_Rural,17.98,79.59,2005,5,0.65,33.85,35.08,46.02,25.49
Warangal_Rural,17.98,79.59,2005,6,4.71,55.12,31.79,44.13,22.61
Warangal_Rural,17.98,79.59,2005,7,11.19,81.14,26.7,35.14,22.01
Warangal_Rural,17.98,79.59,2005,8,4.23,85.64,25.94,31.35,22.43
Warangal_Rural,17.98,79.59,2005,9,8.1,87.58,25.8,30.62,21.48
Warangal_Rural,17.98,79.59,2005,10,6.22,86.15,24.57,31.12,18.47
Warangal_Rural,17.98,79.59,2005,11,0.07,76.62,19.57,27.01,11.54
Warangal_Rural,17.98,79.59,2005,12,0.16,70.59,19.1,27.3,9.34
Warangal_Rural,17.98,79.59,2005,13,3.15,62.68,26.74,46.02,9.34
Warangal_Rural,17.98,79.59,2006,1,0.0,57.19,20.76,32.35,8.53
Warangal_Rural,17.98,79.59,2006,2,0.0,42.4,25.27,37.4,14.04
Warangal_Rural,17.98,79.59,2006,3,1.32,47.71,28.58,40.47,16.47
Warangal_Rural,17.98,79.59,2006,4,1.57,40.51,32.6,44.01,22.0
Warangal_Rural,17.98,79.59,2006,5,2.3,52.2,32.17,44.07,24.54
Warangal_Rural,17.98,79.59,2006,6,2.97,62.73,29.78,39.62,24.11
Warangal_Rural,17.98,79.59,2006,7,5.85,70.66,28.07,36.85,22.19
Warangal_Rural,17.98,79.59,2006,8,9.05,83.9,25.89,32.25,21.32
Warangal_Rural,17.98,79.59,2006,9,8.88,85.53,25.83,31.78,20.88
Warangal_Rural,17.98,79.59,2006,10,1.72,79.69,25.03,31.84,17.95
Warangal_Rural,17.98,79.59,2006,11,1.41,80.16,22.5,29.08,14.55
Warangal_Rural,17.98,79.59,2006,12,0.0,71.23,21.13,29.54,11.47
Warangal_Rural,17.98,79.59,2006,13,2.94,64.64,26.46,44.07,8.53
Warangal_Rural,17.98,79.59,2007,1,0.0,59.17,22.03,33.05,12.55
Warangal_Rural,17.98,79.59,2007,2,0.04,46.93,25.41,36.78,14.95
Warangal_Rural,17.98,79.59,2007,3,0.0,35.81,30.0,41.19,17.7
Warangal_Rural,17.98,79.59,2007,4,0.55,36.94,33.13,43.43,23.05
Warangal_Rural,17.98,79.59,2007,5,0.75,32.02,35.79,45.46,26.36
Warangal_Rural,17.98,79.59,2007,6,5.2,65.72,29.88,40.24,23.29
Warangal_Rural,17.98,79.59,2007,7,3.06,74.42,27.8,35.74,23.14
Warangal_Rural,17.98,79.59,2007,8,6.55,81.45,26.47,32.96,21.99
Warangal_Rural,17.98,79.59,2007,9,8.72,87.24,25.91,31.5,20.79
Warangal_Rural,17.98,79.59,2007,10,1.04,79.91,22.99,29.98,15.83
Warangal_Rural,17.98,79.59,2007,11,0.08,68.24,21.59,29.95,10.84
Warangal_Rural,17.98,79.59,2007,12,0.0,63.81,22.06,33.0,12.98
Warangal_Rural,17.98,79.59,2007,13,2.17,61.05,26.93,45.46,10.84
Warangal_Rural,17.98,79.59,2008,1,0.04,46.42,22.42,33.02,11.34
Warangal_Rural,17.98,79.59,2008,2,1.18,51.17,24.8,36.22,11.43
Warangal_Rural,17.98,79.59,2008,3,4.55,46.6,28.23,39.69,17.07
Warangal_Rural,17.98,79.59,2008,4,0.2,45.75,31.02,42.65,20.58
Warangal_Rural,17.98,79.59,2008,5,0.37,26.9,35.17,44.6,25.24
Warangal_Rural,17.98,79.59,2008,6,3.56,61.17,29.47,41.39,23.12
Warangal_Rural,17.98,79.59,2008,7,4.73,70.28,28.13,36.34,22.72
Warangal_Rural,17.98,79.59,2008,8,11.43,84.83,25.94,32.31,22.13
Warangal_Rural,17.98,79.59,2008,9,6.65,85.31,25.61,31.46,19.49
Warangal_Rural,17.98,79.59,2008,10,1.27,78.85,24.47,30.81,14.47
Warangal_Rural,17.98,79.59,2008,11,1.11,74.46,22.61,30.38,13.24
Warangal_Rural,17.98,79.59,2008,12,0.0,62.24,22.39,31.46,13.39
Warangal_Rural,17.98,79.59,2008,13,2.93,61.16,26.69,44.6,11.34
Warangal_Rural,17.98,79.59,2009,1,0.0,55.3,23.14,36.01,13.84
Warangal_Rural,17.98,79.59,2009,2,0.0,35.29,27.5,40.49,16.99
Warangal_Rural,17.98,79.59,2009,3,0.15,29.34,30.41,41.68,19.58
Warangal_Rural,17.98,79.59,2009,4,0.4,30.75,33.65,43.97,23.09
Warangal_Rural,17.98,79.59,2009,5,0.95,36.94,34.83,45.58,26.41
Warangal_Rural,17.98,79.59,2009,6,3.39,57.71,30.97,42.73,23.99
Warangal_Rural,17.98,79.59,2009,7,4.07,70.63,28.02,35.79,22.47
Warangal_Rural,17.98,79.59,2009,8,8.52,77.23,27.37,36.25,22.16
Warangal_Rural,17.98,79.59,2009,9,3.0,83.4,26.69,32.5,21.96
Warangal_Rural,17.98,79.59,2009,10,1.57,72.82,25.22,32.11,15.98
Warangal_Rural,17.98,79.59,2009,11,2.23,72.29,23.59,33.53,11.82
Warangal_Rural,17.98,79.59,2009,12,0.07,63.06,22.04,31.08,11.68
Warangal_Rural,17.98,79.59,2009,13,2.04,57.2,27.78,45.58,11.68
Warangal_Rural,17.98,79.59,2010,1,0.2,49.69,22.23,32.64,11.73
Warangal_Rural,17.98,79.59,2010,2,0.24,42.61,27.08,38.13,14.74
Warangal_Rural,17.98,79.59,2010,3,0.0,31.24,31.84,42.6,18.31
Warangal_Rural,17.98,79.59,2010,4,0.13,31.91,34.89,44.51,22.35
Warangal_Rural,17.98,79.59,2010,5,0.81,37.54,35.27,46.17,25.53
Warangal_Rural,17.98,79.59,2010,6,2.87,55.71,31.77,44.06,24.65
Warangal_Rural,17.98,79.59,2010,7,11.6,82.72,26.62,34.17,22.39
Warangal_Rural,17.98,79.59,2010,8,9.59,85.83,26.24,31.85,20.74
Warangal_Rural,17.98,79.59,2010,9,7.58,87.83,25.52,30.65,20.9
Warangal_Rural,17.98,79.59,2010,10,2.86,86.21,24.72,30.88,15.85
Warangal_Rural,17.98,79.59,2010,11,1.03,86.28,23.76,29.55,18.6
Warangal_Rural,17.98,79.59,2010,12,0.54,77.87,19.41,27.78,9.24
Warangal_Rural,17.98,79.59,2010,13,3.15,63.09,27.43,46.17,9.24
Warangal_Rural,17.98,79.59,2011,1,0.0,64.58,19.68,31.33,8.67
Warangal_Rural,17.98,79.59,2011,2,0.36,59.28,24.07,33.47,14.41
Warangal_Rural,17.98,79.59,2011,3,0.05,37.29,29.27,41.09,18.6
Warangal_Rural,17.98,79.59,2011,4,0.15,40.73,31.99,42.7,21.19
Warangal_Rural,17.98,79.59,2011,5,0.48,32.19,35.19,44.76,26.87
Warangal_Rural,17.98,79.59,2011,6,2.39,56.36,30.74,40.66,24.24
Warangal_Rural,17.98,79.59,2011,7,5.85,74.41,27.66,35.0,22.97
Warangal_Rural,17.98,79.59,2011,8,5.83,80.55,26.65,34.99,21.6
Warangal_Rural,17.98,79.59,2011,9,1.75,81.18,26.35,33.25,20.84
Warangal_Rural,17.98,79.59,2011,10,0.78,69.26,26.51,35.01,18.82
Warangal_Rural,17.98,79.59,2011,11,0.06,55.49,24.57,34.09,14.75
Warangal_Rural,17.98,79.59,2011,12,0.03,42.43,23.11,34.03,12.93
Warangal_Rural,17.98,79.59,2011,13,1.49,57.79,27.16,44.76,8.67
Warangal_Rural,17.98,79.59,2012,1,0.1,47.34,23.9,35.22,9.66
Warangal_Rural,17.98,79.59,2012,2,0.0,33.3,26.31,39.53,13.42
Warangal_Rural,17.98,79.59,2012,3,0.02,23.03,29.38,41.15,15.93
Warangal_Rural,17.98,79.59,2012,4,0.34,35.93,33.69,42.73,23.36
Warangal_Rural,17.98,79.59,2012,5,0.2,29.73,36.02,45.61,26.39
Warangal_Rural,17.98,79.59,2012,6,2.83,54.36,30.99,44.48,24.02
Warangal_Rural,17.98,79.59,2012,7,7.36,75.65,27.18,36.51,21.52
Warangal_Rural,17.98,79.59,2012,8,5.68,81.41,26.34,32.39,22.07
Warangal_Rural,17.98,79.59,2012,9,4.67,84.56,25.98,31.74,21.68
Warangal_Rural,17.98,79.59,2012,10,2.16,78.08,24.4,31.13,15.56
Warangal_Rural,17.98,79.59,2012,11,0.9,73.66,22.94,31.67,10.76
Warangal_Rural,17.98,79.59,2012,12,0.0,60.63,22.63,33.44,11.96
Warangal_Rural,17.98,79.59,2012,13,2.03,56.54,27.48,45.61,9.66
Warangal_Rural,17.98,79.59,2013,1,0.07,50.52,23.96,34.27,13.23
Warangal_Rural,17.98,79.59,2013,2,0.89,49.41,25.46,36.33,12.45
Warangal_Rural,17.98,79.59,2013,3,0.0,35.2,29.6,40.99,15.7
Warangal_Rural,17.98,79.59,2013,4,1.29,40.07,32.54,42.81,22.98
Warangal_Rural,17.98,79.59,2013,5,0.3,34.65,35.67,47.25,26.53
Warangal_Rural,17.98,79.59,2013,6,6.12,72.22,28.07,35.63,22.82
Warangal_Rural,17.98,79.59,2013,7,9.25,80.56,26.35,33.28,22.12
Warangal_Rural,17.98,79.59,2013,8,5.2,85.17,25.67,31.16,21.94
Warangal_Rural,17.98,79.59,2013,9,4.94,84.87,25.91,30.9,20.86
Warangal_Rural,17.98,79.59,2013,10,7.56,85.67,24.64,30.49,15.52
Warangal_Rural,17.98,79.59,2013,11,0.39,81.94,21.67,28.93,12.46
Warangal_Rural,17.98,79.59,2013,12,0.0,74.01,19.25,28.48,10.11
Warangal_Rural,17.98,79.59,2013,13,3.02,64.59,26.57,47.25,10.11
Warangal_Rural,17.98,79.59,2014,1,0.0,68.59,21.54,29.8,13.33
Warangal_Rural,17.98,79.59,2014,2,0.14,51.57,24.0,34.15,12.73
Warangal_Rural,17.98,79.59,2014,3,1.85,50.92,27.72,41.6,16.43
Warangal_Rural,17.98,79.59,2014,4,0.27,31.12,33.38,42.73,22.7
Warangal_Rural,17.98,79.59,2014,5,1.9,44.08,33.2,44.57,23.48
Warangal_Rural,17.98,79.59,2014,6,1.22,46.03,33.08,43.76,25.81
Warangal_Rural,17.98,79.59,2014,7,4.22,66.97,28.65,39.78,23.66
Warangal_Rural,17.98,79.59,2014,8,4.47,72.43,27.9,36.8,23.21
Warangal_Rural,17.98,79.59,2014,9,2.72,79.26,26.14,33.46,20.01
Warangal_Rural,17.98,79.59,2014,10,0.89,67.1,26.35,35.85,15.83
Warangal_Rural,17.98,79.59,2014,11,0.13,57.3,24.21,33.62,14.61
Warangal_Rural,17.98,79.59,2014,12,0.03,47.53,22.39,32.96,11.78
Warangal_Rural,17.98,79.59,2014,13,1.5,56.99,27.39,44.57,11.78
Warangal_Rural,17.98,79.59,2015,1,0.48,48.43,21.44,34.32,9.78
Warangal_Rural,17.98,79.59,2015,2,0.04,39.32,25.5,36.73,15.19
Warangal_Rural,17.98,79.59,2015,3,0.63,41.79,28.98,40.53,16.77
Warangal_Rural,17.98,79.59,2015,4,1.2,42.5,31.49,42.78,19.42
Warangal_Rural,17.98,79.59,2015,5,0.17,33.23,35.25,46.63,25.54
Warangal_Rural,17.98,79.59,2015,6,4.3,62.63,29.82,39.85,23.56
Warangal_Rural,17.98,79.59,2015,7,2.07,63.35,29.51,36.99,23.68
Warangal_Rural,17.98,79.59,2015,8,2.53,71.57,28.18,35.81,23.17
Warangal_Rural,17.98,79.59,2015,9,2.79,73.19,27.7,36.09,20.54
Warangal_Rural,17.98,79.59,2015,10,0.33,59.9,28.04,37.16,20.42
Warangal_Rural,17.98,79.59,2015,11,0.07,57.22,26.39,35.23,18.36
Warangal_Rural,17.98,79.59,2015,12,0.0,47.42,25.07,36.14,11.83
Warangal_Rural,17.98,79.59,2015,13,1.22,53.43,28.13,46.63,9.78
Warangal_Rural,17.98,79.59,2016,1,0.06,40.6,23.59,36.62,11.7
Warangal_Rural,17.98,79.59,2016,2,0.17,42.04,27.81,39.88,16.4
Warangal_Rural,17.98,79.59,2016,3,0.02,39.24,30.73,41.48,19.65
Warangal_Rural,17.98,79.59,2016,4,0.11,31.69,34.54,44.43,23.06
Warangal_Rural,17.98,79.59,2016,5,1.53,40.38,34.37,44.74,24.81
Warangal_Rural,17.98,79.59,2016,6,5.93,64.23,29.87,42.99,23.75
Warangal_Rural,17.98,79.59,2016,7,7.32,79.02,26.96,34.08,22.54
Warangal_Rural,17.98,79.59,2016,8,3.05,78.33,27.0,33.75,22.53
Warangal_Rural,17.98,79.59,2016,9,7.93,85.49,25.62,31.37,20.42
Warangal_Rural,17.98,79.59,2016,10,2.37,79.55,23.65,30.74,16.2
Warangal_Rural,17.98,79.59,2016,11,0.0,68.2,21.18,30.68,11.85
Warangal_Rural,17.98,79.59,2016,12,0.02,57.77,20.68,30.44,10.29
Warangal_Rural,17.98,79.59,2016,13,2.38,58.93,27.16,44.74,10.29
Warangal_Rural,17.98,79.59,2017,1,0.0,45.35,22.11,34.0,11.46
Warangal_Rural,17.98,79.59,2017,2,0.0,31.66,26.04,38.86,15.38
Warangal_Rural,17.98,79.59,2017,3,0.53,35.23,29.43,42.45,16.95
Warangal_Rural,17.98,79.59,2017,4,0.05,25.24,34.24,44.67,21.83
Warangal_Rural,17.98,79.59,2017,5,1.41,37.19,34.96,45.26,24.46
Warangal_Rural,17.98,79.59,2017,6,6.24,68.57,29.23,42.35,23.09
Warangal_Rural,17.98,79.59,2017,7,8.25,75.03,27.53,34.67,22.99
Warangal_Rural,17.98,79.59,2017,8,6.02,82.18,26.3,32.68,20.71
Warangal_Rural,17.98,79.59,2017,9,4.52,83.99,26.47,31.98,21.63
Warangal_Rural,17.98,79.59,2017,10,2.93,81.65,25.26,31.59,16.39
Warangal_Rural,17.98,79.59,2017,11,0.24,73.52,22.64,31.61,13.02
Warangal_Rural,17.98,79.59,2017,12,0.0,57.91,20.74,30.65,12.3
Warangal_Rural,17.98,79.59,2017,13,2.53,58.29,27.08,45.26,11.46
Warangal_Rural,17.98,79.59,2018,1,0.0,38.73,21.61,32.85,11.13
Warangal_Rural,17.98,79.59,2018,2,0.02,35.81,25.62,37.83,14.25
Warangal_Rural,17.98,79.59,2018,3,0.08,28.87,30.26,41.95,19.91
Warangal_Rural,17.98,79.59,2018,4,0.8,39.33,33.01,44.85,22.2
Warangal_Rural,17.98,79.59,2018,5,0.77,42.04,34.25,44.2,24.83
Warangal_Rural,17.98,79.59,2018,6,5.14,63.53,29.8,40.14,23.0
Warangal_Rural,17.98,79.59,2018,7,5.84,75.42,27.21,35.77,22.95
Warangal_Rural,17.98,79.59,2018,8,7.86,80.86,26.3,32.77,21.79
Warangal_Rural,17.98,79.59,2018,9,2.27,80.36,26.04,32.02,20.13
Warangal_Rural,17.98,79.59,2018,10,0.24,66.83,25.89,34.55,16.36
Warangal_Rural,17.98,79.59,2018,11,0.0,56.94,25.18,34.68,14.89
Warangal_Rural,17.98,79.59,2018,12,0.77,56.11,22.14,32.69,8.98
Warangal_Rural,17.98,79.59,2018,13,2.0,55.51,27.28,44.85,8.98
Warangal_Rural,17.98,79.59,2019,1,0.61,47.07,21.51,32.85,8.03
Warangal_Rural,17.98,79.59,2019,2,0.01,44.92,25.78,39.03,11.38
Warangal_Rural,17.98,79.59,2019,3,0.04,34.7,30.57,43.26,17.6
Warangal_Rural,17.98,79.59,2019,4,1.01,36.29,33.53,44.49,22.64
Warangal_Rural,17.98,79.59,2019,5,0.24,31.49,36.07,45.87,27.24
Warangal_Rural,17.98,79.59,2019,6,2.06,51.62,32.52,44.31,24.42
Warangal_Rural,17.98,79.59,2019,7,5.16,68.57,28.66,37.52,23.05
Warangal_Rural,17.98,79.59,2019,8,9.55,83.14,26.5,32.71,22.58
Warangal_Rural,17.98,79.59,2019,9,6.27,86.08,26.22,31.73,22.35
Warangal_Rural,17.98,79.59,2019,10,4.78,86.85,25.1,30.35,20.88
Warangal_Rural,17.98,79.59,2019,11,0.25,83.07,22.35,29.44,14.5
Warangal_Rural,17.98,79.59,2019,12,0.09,78.69,20.95,28.36,10.48
Warangal_Rural,17.98,79.59,2019,13,2.53,61.14,27.48,45.87,8.03
Warangal_Rural,17.98,79.59,2020,1,0.22,68.33,21.91,32.8,10.46
Warangal_Rural,17.98,79.59,2020,2,0.19,54.4,24.36,35.07,14.0
Warangal_Rural,17.98,79.59,2020,3,0.61,45.73,29.29,40.03,19.88
Warangal_Rural,17.98,79.59,2020,4,0.78,37.54,33.09,42.12,24.0
Warangal_Rural,17.98,79.59,2020,5,1.13,35.95,35.11,45.81,26.64
Warangal_Rural,17.98,79.59,2020,6,6.71,71.22,28.82,38.66,22.89
Warangal_Rural,17.98,79.59,2020,7,9.5,82.78,26.95,33.49,22.04
Warangal_Rural,17.98,79.59,2020,8,16.94,88.09,26.12,31.7,22.28
Warangal_Rural,17.98,79.59,2020,9,7.43,88.43,26.17,31.38,21.95
Warangal_Rural,17.98,79.59,2020,10,4.95,87.1,24.83,30.07,17.82
Warangal_Rural,17.98,79.59,2020,11,0.31,84.3,21.95,29.48,12.72
Warangal_Rural,17.98,79.59,2020,12,0.0,75.33,20.0,27.45,9.37
Warangal_Rural,17.98,79.59,2020,13,4.09,68.32,26.55,45.81,9.37
Warangal_Rural,17.98,79.59,2021,1,0.02,72.65,22.06,30.91,13.24
Warangal_Rural,17.98,79.59,2021,2,0.05,49.86,23.49,36.66,11.68
Warangal_Rural,17.98,79.59,2021,3,0.0,31.35,29.26,42.52,16.77
Warangal_Rural,17.98,79.59,2021,4,0.54,35.52,32.59,41.97,22.64
Warangal_Rural,17.98,79.59,2021,5,1.33,45.66,33.22,42.63,25.46
Warangal_Rural,17.98,79.59,2021,6,7.54,73.63,28.16,36.54,23.34
Warangal_Rural,17.98,79.59,2021,7,11.25,83.66,26.79,32.32,22.23
Warangal_Rural,17.98,79.59,2021,8,5.81,84.95,26.43,31.78,21.57
Warangal_Rural,17.98,79.59,2021,9,8.59,87.03,26.09,31.2,20.4
Warangal_Rural,17.98,79.59,2021,10,1.48,84.64,24.84,30.62,17.2
Warangal_Rural,17.98,79.59,2021,11,1.5,85.22,23.32,30.06,14.38
Warangal_Rural,17.98,79.59,2021,12,0.01,76.02,20.59,28.43,8.92
Warangal_Rural,17.98,79.59,2021,13,3.19,67.63,26.41,42.63,8.92
Warangal_Rural,17.98,79.59,2022,1,1.53,69.73,20.38,30.67,8.33
Warangal_Rural,17.98,79.59,2022,2,0.0,55.23,23.16,35.15,10.75
Warangal_Rural,17.98,79.59,2022,3,0.0,33.71,30.23,42.48,16.08
Warangal_Rural,17.98,79.59,2022,4,0.01,34.31,34.19,44.69,24.45
Warangal_Rural,17.98,79.59,2022,5,0.81,43.36,33.83,44.5,26.12
Warangal_Rural,17.98,79.59,2022,6,4.64,61.24,30.62,43.87,23.94
Warangal_Rural,17.98,79.59,2022,7,16.75,85.06,26.25,34.5,22.07
Warangal_Rural,17.98,79.59,2022,8,7.78,86.96,26.11,31.61,21.82
Warangal_Rural,17.98,79.59,2022,9,5.97,87.25,25.87,31.22,21.1
Warangal_Rural,17.98,79.59,2022,10,2.12,84.86,23.93,29.9,13.41
Warangal_Rural,17.98,79.59,2022,11,0.04,77.76,21.33,28.82,12.55
Warangal_Rural,17.98,79.59,2022,12,0.06,72.34,22.47,31.69,12.44
Warangal_Rural,17.98,79.59,2022,13,3.34,66.08,26.54,44.69,8.33
Warangal_Rural,17.98,79.59,2023,1,0.0,61.38,22.21,31.78,9.92
Warangal_Rural,17.98,79.59,2023,2,0.0,32.96,25.44,37.66,13.78
Warangal_Rural,17.98,79.59,2023,3,1.28,44.03,28.43,39.33,18.52
Warangal_Rural,17.98,79.59,2023,4,2.65,40.52,32.04,43.26,22.58
Warangal_Rural,17.98,79.59,2023,5,1.12,46.79,32.68,42.92,22.53
Warangal_Rural,17.98,79.59,2023,6,1.33,44.17,33.45,43.48,23.06
Warangal_Rural,17.98,79.59,2023,7,18.67,78.51,27.29,36.56,22.68
Warangal_Rural,17.98,79.59,2023,8,2.14,83.62,26.46,31.48,22.41
Warangal_Rural,17.98,79.59,2023,9,6.09,86.1,26.39,31.63,22.13
Warangal_Rural,17.98,79.59,2023,10,0.07,77.82,24.38,31.17,14.73
Warangal_Rural,17.98,79.59,2023,11,0.43,74.2,24.14,31.97,16.09
Warangal_Rural,17.98,79.59,2023,12,0.74,66.83,21.37,32.91,10.47
Warangal_Rural,17.98,79.59,2023,13,2.9,61.65,27.01,43.48,9.92
Warangal_Rural,17.98,79.59,2024,1,0.0,59.01,23.29,32.58,13.21
Warangal_Rural,17.98,79.59,2024,2,0.0,44.7,26.9,36.79,16.87
Warangal_Rural,17.98,79.59,2024,3,0.1,36.91,31.05,42.32,21.6
Warangal_Rural,17.98,79.59,2024,4,0.1,31.18,34.86,45.03,24.82
Warangal_Rural,17.98,79.59,2024,5,3.12,49.62,33.16,45.07,23.6
Warangal_Rural,17.98,79.59,2024,6,5.18,68.16,29.65,37.79,22.92
Warangal_Rural,17.98,79.59,2024,7,9.65,80.64,27.05,35.25,22.57
Warangal_Rural,17.98,79.59,2024,8,7.78,85.28,26.87,32.12,22.78
Warangal_Rural,17.98,79.59,2024,9,6.24,86.78,26.03,30.96,21.23
Warangal_Rural,17.98,79.59,2024,10,1.61,85.27,25.99,31.83,19.54
Warangal_Rural,17.98,79.59,2024,11,0.2,77.88,22.04,29.48,13.56
Warangal_Rural,17.98,79.59,2024,12,0.33,72.43,22.42,30.77,9.24
Warangal_Rural,17.98,79.59,2024,13,2.87,64.92,27.44,45.07,9.24
Warangal_Urban,17.9689,79.5941,2000,1,0.0,37.27,23.68,35.87,11.2
Warangal_Urban,17.9689,79.5941,2000,2,1.67,53.93,25.92,35.51,14.64
Warangal_Urban,17.9689,79.5941,2000,3,0.01,31.63,28.6,39.91,14.45
Warangal_Urban,17.9689,79.5941,2000,4,0.04,29.57,34.79,45.84,21.03
Warangal_Urban,17.9689,79.5941,2000,5,1.04,43.53,33.22,45.25,24.52
Warangal_Urban,17.9689,79.5941,2000,6,5.66,71.15,28.03,36.07,22.64
Warangal_Urban,17.9689,79.5941,2000,7,4.46,77.38,26.88,33.5,21.81
Warangal_Urban,17.9689,79.5941,2000,8,10.57,82.06,26.3,33.1,21.27
Warangal_Urban,17.9689,79.5941,2000,9,2.08,83.01,26.02,31.72,21.34
Warangal_Urban,17.9689,79.5941,2000,10,0.55,71.39,25.92,34.11,16.12
Warangal_Urban,17.9689,79.5941,2000,11,0.08,60.44,23.97,33.7,14.63
Warangal_Urban,17.9689,79.5941,2000,12,0.01,31.59,22.59,32.81,12.52
Warangal_Urban,17.9689,79.5941,2000,13,2.19,56.04,27.16,45.84,11.2
Warangal_Urban,17.9689,79.5941,2001,1,0.17,40.64,23.53,35.2,11.55
Warangal_Urban,17.9689,79.5941,2001,2,0.0,28.28,26.58,39.92,13.64
Warangal_Urban,17.9689,79.5941,2001,3,0.79,40.43,30.14,41.54,19.55
Warangal_Urban,17.9689,79.5941,2001,4,1.67,44.81,31.88,44.0,21.72
Warangal_Urban,17.9689,79.5941,2001,5,0.11,31.65,35.95,45.99,26.59
Warangal_Urban,17.9689,79.5941,2001,6,4.11,65.45,28.64,40.63,21.8
Warangal_Urban,17.9689,79.5941,2001,7,2.81,67.91,28.21,37.6,22.61
Warangal_Urban,17.9689,79.5941,2001,8,6.88,82.89,25.95,31.43,21.81
Warangal_Urban,17.9689,79.5941,2001,9,2.82,80.07,26.69,34.27,22.08
Warangal_Urban,17.9689,79.5941,2001,10,3.12,80.31,25.04,31.69,16.7
Warangal_Urban,17.9689,79.5941,2001,11,0.17,68.97,24.14,32.45,13.99
Warangal_Urban,17.9689,79.5941,2001,12,0.01,51.84,21.62,32.51,13.37
Warangal_Urban,17.9689,79.5941,2001,13,1.9,57.09,27.37,45.99,11.55
Warangal_Urban,17.9689,79.5941,2002,1,1.0,54.74,22.67,35.62,11.48
Warangal_Urban,17.9689,79.5941,2002,2,0.02,43.97,26.34,37.67,16.84
Warangal_Urban,17.9689,79.5941,2002,3,0.21,34.02,30.45,41.3,19.89
Warangal_Urban,17.9689,79.5941,2002,4,0.09,32.58,34.51,44.3,24.33
Warangal_Urban,17.9689,79.5941,2002,5,1.25,35.34,35.63,46.26,25.62
Warangal_Urban,17.9689,79.5941,2002,6,5.29,64.14,30.06,39.4,23.66
Warangal_Urban,17.9689,79.5941,2002,7,2.83,68.14,28.62,36.52,23.02
Warangal_Urban,17.9689,79.5941,2002,8,9.64,82.3,26.07,31.87,20.89
Warangal_Urban,17.9689,79.5941,2002,9,1.26,77.61,26.52,34.02,20.45
Warangal_Urban,17.9689,79.5941,2002,10,2.28,71.0,25.84,35.82,16.8
Warangal_Urban,17.9689,79.5941,2002,11,0.11,52.66,23.87,34.02,14.88
Warangal_Urban,17.9689,79.5941,2002,12,0.06,47.01,23.43,34.23,13.73
Warangal_Urban,17.9689,79.5941,2002,13,2.02,55.37,27.84,46.26,11.48
Warangal_Urban,17.9689,79.5941,2003,1,0.01,44.24,23.91,35.76,11.74
Warangal_Urban,17.9689,79.5941,2003,2,0.14,47.36,27.48,37.39,17.55
Warangal_Urban,17.9689,79.5941,2003,3,0.26,38.3,30.09,40.99,16.71
Warangal_Urban,17.9689,79.5941,2003,4,0.48,35.01,33.73,44.64,22.99
Warangal_Urban,17.9689,79.5941,2003,5,0.01,24.33,35.93,45.39,25.03
Warangal_Urban,17.9689,79.5941,2003,6,3.04,51.42,32.02,46.17,23.93
Warangal_Urban,17.9689,79.5941,2003,7,10.07,80.21,26.83,33.58,23.04
Warangal_Urban,17.9689,79.5941,2003,8,6.0,85.44,25.91,31.32,21.27
Warangal_Urban,17.9689,79.5941,2003,9,2.68,85.29,25.94,30.94,22.0
Warangal_Urban,17.9689,79.5941,2003,10,4.57,83.55,24.87,31.35,15.0
Warangal_Urban,17.9689,79.5941,2003,11,0.02,73.98,22.09,30.11,13.97
Warangal_Urban,17.9689,79.5941,2003,12,0.41,65.91,20.58,30.24,11.34
Warangal_Urban,17.9689,79.5941,2003,13,2.33,59.67,27.44,46.17,11.34
Warangal_Urban,17.9689,79.5941,2004,1,1.25,64.51,21.37,32.49,12.23
Warangal_Urban,17.9689,79.5941,2004,2,0.56,50.85,23.55,37.19,9.75
Warangal_Urban,17.9689,79.5941,2004,3,0.39,34.12,30.3,42.16,18.61
Warangal_Urban,17.9689,79.5941,2004,4,0.94,39.66,32.83,44.58,22.08
Warangal_Urban,17.9689,79.5941,2004,5,0.84,50.03,32.21,42.88,24.49
Warangal_Urban,17.9689,79.5941,2004,6,1.49,55.14,30.86,40.11,23.95
Warangal_Urban,17.9689,79.5941,2004,7,7.55,78.05,26.86,34.26,22.33
Warangal_Urban,17.9689,79.5941,2004,8,2.52,78.0,26.82,33.4,22.06
Warangal_Urban,17.9689,79.5941,2004,9,3.03,80.21,26.57,33.05,21.64
Warangal_Urban,17.9689,79.5941,2004,10,2.56,75.79,25.21,32.08,15.45
Warangal_Urban,17.9689,79.5941,2004,11,0.07,62.61,23.58,32.61,13.82
Warangal_Urban,17.9689,79.5941,2004,12,0.0,51.62,21.94,32.33,12.93
Warangal_Urban,17.9689,79.5941,2004,13,1.78,60.11,26.84,44.58,9.75
Warangal_Urban,17.9689,79.5941,2005,1,1.42,51.83,23.52,33.71,12.31
Warangal_Urban,17.9689,79.5941,2005,2,0.08,45.86,26.02,38.76,12.12
Warangal_Urban,17.9689,79.5941,2005,3,0.27,36.78,29.79,41.67,18.34
Warangal_Urban,17.9689,79.5941,2005,4,0.44,39.62,33.01,42.52,24.25
Warangal_Urban,17.9689,79.5941,2005,5,0.65,33.85,35.08,46.02,25.49
Warangal_Urban,17.9689,79.5941,2005,6,4.71,55.12,31.79,44.13,22.61
Warangal_Urban,17.9689,79.5941,2005,7,11.19,81.14,26.7,35.14,22.01
Warangal_Urban,17.9689,79.5941,2005,8,4.23,85.64,25.94,31.35,22.43
Warangal_Urban,17.9689,79.5941,2005,9,8.1,87.58,25.8,30.62,21.48
Warangal_Urban,17.9689,79.5941,2005,10,6.22,86.15,24.57,31.12,18.47
Warangal_Urban,17.9689,79.5941,2005,11,0.07,76.62,19.57,27.01,11.54
Warangal_Urban,17.9689,79.5941,2005,12,0.16,70.59,19.1,27.3,9.34
Warangal_Urban,17.9689,79.5941,2005,13,3.15,62.68,26.74,46.02,9.34
Warangal_Urban,17.9689,79.5941,2006,1,0.0,57.19,20.76,32.35,8.53
Warangal_Urban,17.9689,79.5941,2006,2,0.0,42.4,25.27,37.4,14.04
Warangal_Urban,17.9689,79.5941,2006,3,1.32,47.71,28.58,40.47,16.47
Warangal_Urban,17.9689,79.5941,2006,4,1.57,40.51,32.6,44.01,22.0
Warangal_Urban,17.9689,79.5941,2006,5,2.3,52.2,32.17,44.07,24.54
Warangal_Urban,17.9689,79.5941,2006,6,2.97,62.73,29.78,39.62,24.11
Warangal_Urban,17.9689,79.5941,2006,7,5.85,70.66,28.07,36.85,22.19
Warangal_Urban,17.9689,79.5941,2006,8,9.05,83.9,25.89,32.25,21.32
Warangal_Urban,17.9689,79.5941,2006,9,8.88,85.53,25.83,31.78,20.88
Warangal_Urban,17.9689,79.5941,2006,10,1.72,79.69,25.03,31.84,17.95
Warangal_Urban,17.9689,79.5941,2006,11,1.41,80.16,22.5,29.08,14.55
Warangal_Urban,17.9689,79.5941,2006,12,0.0,71.23,21.13,29.54,11.47
Warangal_Urban,17.9689,79.5941,2006,13,2.94,64.64,26.46,44.07,8.53
Warangal_Urban,17.9689,79.5941,2007,1,0.0,59.17,22.03,33.05,12.55
Warangal_Urban,17.9689,79.5941,2007,2,0.04,46.93,25.41,36.78,14.95
Warangal_Urban,17.9689,79.5941,2007,3,0.0,35.81,30.0,41.19,17.7
Warangal_Urban,17.9689,79.5941,2007,4,0.55,36.94,33.13,43.43,23.05
Warangal_Urban,17.9689,79.5941,2007,5,0.75,32.02,35.79,45.46,26.36
Warangal_Urban,17.9689,79.5941,2007,6,5.2,65.72,29.88,40.24,23.29
Warangal_Urban,17.9689,79.5941,2007,7,3.06,74.42,27.8,35.74,23.14
Warangal_Urban,17.9689,79.5941,2007,8,6.55,81.45,26.47,32.96,21.99
Warangal_Urban,17.9689,79.5941,2007,9,8.72,87.24,25.91,31.5,20.79
Warangal_Urban,17.9689,79.5941,2007,10,1.04,79.91,22.99,29.98,15.83
Warangal_Urban,17.9689,79.5941,2007,11,0.08,68.24,21.59,29.95,10.84
Warangal_Urban,17.9689,79.5941,2007,12,0.0,63.81,22.06,33.0,12.98
Warangal_Urban,17.9689,79.5941,2007,13,2.17,61.05,26.93,45.46,10.84
Warangal_Urban,17.9689,79.5941,2008,1,0.04,46.42,22.42,33.02,11.34
Warangal_Urban,17.9689,79.5941,2008,2,1.18,51.17,24.8,36.22,11.43
Warangal_Urban,17.9689,79.5941,2008,3,4.55,46.6,28.23,39.69,17.07
Warangal_Urban,17.9689,79.5941,2008,4,0.2,45.75,31.02,42.65,20.58
Warangal_Urban,17.9689,79.5941,2008,5,0.37,26.9,35.17,44.6,25.24
Warangal_Urban,17.9689,79.5941,2008,6,3.56,61.17,29.47,41.39,23.12
Warangal_Urban,17.9689,79.5941,2008,7,4.73,70.28,28.13,36.34,22.72
Warangal_Urban,17.9689,79.5941,2008,8,11.43,84.83,25.94,32.31,22.13
Warangal_Urban,17.9689,79.5941,2008,9,6.65,85.31,25.61,31.46,19.49
Warangal_Urban,17.9689,79.5941,2008,10,1.27,78.85,24.47,30.81,14.47
Warangal_Urban,17.9689,79.5941,2008,11,1.11,74.46,22.61,30.38,13.24
Warangal_Urban,17.9689,79.5941,2008,12,0.0,62.24,22.39,31.46,13.39
Warangal_Urban,17.9689,79.5941,2008,13,2.93,61.16,26.69,44.6,11.34
Warangal_Urban,17.9689,79.5941,2009,1,0.0,55.3,23.14,36.01,13.84
Warangal_Urban,17.9689,79.5941,2009,2,0.0,35.29,27.5,40.49,16.99
Warangal_Urban,17.9689,79.5941,2009,3,0.15,29.34,30.41,41.68,19.58
Warangal_Urban,17.9689,79.5941,2009,4,0.4,30.75,33.65,43.97,23.09
Warangal_Urban,17.9689,79.5941,2009,5,0.95,36.94,34.83,45.58,26.41
Warangal_Urban,17.9689,79.5941,2009,6,3.39,57.71,30.97,42.73,23.99
Warangal_Urban,17.9689,79.5941,2009,7,4.07,70.63,28.02,35.79,22.47
Warangal_Urban,17.9689,79.5941,2009,8,8.52,77.23,27.37,36.25,22.16
Warangal_Urban,17.9689,79.5941,2009,9,3.0,83.4,26.69,32.5,21.96
Warangal_Urban,17.9689,79.5941,2009,10,1.57,72.82,25.22,32.11,15.98
Warangal_Urban,17.9689,79.5941,2009,11,2.23,72.29,23.59,33.53,11.82
Warangal_Urban,17.9689,79.5941,2009,12,0.07,63.06,22.04,31.08,11.68
Warangal_Urban,17.9689,79.5941,2009,13,2.04,57.2,27.78,45.58,11.68
Warangal_Urban,17.9689,79.5941,2010,1,0.2,49.69,22.23,32.64,11.73
Warangal_Urban,17.9689,79.5941,2010,2,0.24,42.61,27.08,38.13,14.74
Warangal_Urban,17.9689,79.5941,2010,3,0.0,31.24,31.84,42.6,18.31
Warangal_Urban,17.9689,79.5941,2010,4,0.13,31.91,34.89,44.51,22.35
Warangal_Urban,17.9689,79.5941,2010,5,0.81,37.54,35.27,46.17,25.53
Warangal_Urban,17.9689,79.5941,2010,6,2.87,55.71,31.77,44.06,24.65
Warangal_Urban,17.9689,79.5941,2010,7,11.6,82.72,26.62,34.17,22.39
Warangal_Urban,17.9689,79.5941,2010,8,9.59,85.83,26.24,31.85,20.74
Warangal_Urban,17.9689,79.5941,2010,9,7.58,87.83,25.52,30.65,20.9
Warangal_Urban,17.9689,79.5941,2010,10,2.86,86.21,24.72,30.88,15.85
Warangal_Urban,17.9689,79.5941,2010,11,1.03,86.28,23.76,29.55,18.6
Warangal_Urban,17.9689,79.5941,2010,12,0.54,77.87,19.41,27.78,9.24
Warangal_Urban,17.9689,79.5941,2010,13,3.15,63.09,27.43,46.17,9.24
Warangal_Urban,17.9689,79.5941,2011,1,0.0,64.58,19.68,31.33,8.67
Warangal_Urban,17.9689,79.5941,2011,2,0.36,59.28,24.07,33.47,14.41
Warangal_Urban,17.9689,79.5941,2011,3,0.05,37.29,29.27,41.09,18.6
Warangal_Urban,17.9689,79.5941,2011,4,0.15,40.73,31.99,42.7,21.19
Warangal_Urban,17.9689,79.5941,2011,5,0.48,32.19,35.19,44.76,26.87
Warangal_Urban,17.9689,79.5941,2011,6,2.39,56.36,30.74,40.66,24.24
Warangal_Urban,17.9689,79.5941,2011,7,5.85,74.41,27.66,35.0,22.97
Warangal_Urban,17.9689,79.5941,2011,8,5.83,80.55,26.65,34.99,21.6
Warangal_Urban,17.9689,79.5941,2011,9,1.75,81.18,26.35,33.25,20.84
Warangal_Urban,17.9689,79.5941,2011,10,0.78,69.26,26.51,35.01,18.82
Warangal_Urban,17.9689,79.5941,2011,11,0.06,55.49,24.57,34.09,14.75
Warangal_Urban,17.9689,79.5941,2011,12,0.03,42.43,23.11,34.03,12.93
Warangal_Urban,17.9689,79.5941,2011,13,1.49,57.79,27.16,44.76,8.67
Warangal_Urban,17.9689,79.5941,2012,1,0.1,47.34,23.9,35.22,9.66
Warangal_Urban,17.9689,79.5941,2012,2,0.0,33.3,26.31,39.53,13.42
Warangal_Urban,17.9689,79.5941,2012,3,0.02,23.03,29.38,41.15,15.93
Warangal_Urban,17.9689,79.5941,2012,4,0.34,35.93,33.69,42.73,23.36
Warangal_Urban,17.9689,79.5941,2012,5,0.2,29.73,36.02,45.61,26.39
Warangal_Urban,17.9689,79.5941,2012,6,2.83,54.36,30.99,44.48,24.02
Warangal_Urban,17.9689,79.5941,2012,7,7.36,75.65,27.18,36.51,21.52
Warangal_Urban,17.9689,79.5941,2012,8,5.68,81.41,26.34,32.39,22.07
Warangal_Urban,17.9689,79.5941,2012,9,4.67,84.56,25.98,31.74,21.68
Warangal_Urban,17.9689,79.5941,2012,10,2.16,78.08,24.4,31.13,15.56
Warangal_Urban,17.9689,79.5941,2012,11,0.9,73.66,22.94,31.67,10.76
Warangal_Urban,17.9689,79.5941,2012,12,0.0,60.63,22.63,33.44,11.96
Warangal_Urban,17.9689,79.5941,2012,13,2.03,56.54,27.48,45.61,9.66
Warangal_Urban,17.9689,79.5941,2013,1,0.07,50.52,23.96,34.27,13.23
Warangal_Urban,17.9689,79.5941,2013,2,0.89,49.41,25.46,36.33,12.45
Warangal_Urban,17.9689,79.5941,2013,3,0.0,35.2,29.6,40.99,15.7
Warangal_Urban,17.9689,79.5941,2013,4,1.29,40.07,32.54,42.81,22.98
Warangal_Urban,17.9689,79.5941,2013,5,0.3,34.65,35.67,47.25,26.53
Warangal_Urban,17.9689,79.5941,2013,6,6.12,72.22,28.07,35.63,22.82
Warangal_Urban,17.9689,79.5941,2013,7,9.25,80.56,26.35,33.28,22.12
Warangal_Urban,17.9689,79.5941,2013,8,5.2,85.17,25.67,31.16,21.94
Warangal_Urban,17.9689,79.5941,2013,9,4.94,84.87,25.91,30.9,20.86
Warangal_Urban,17.9689,79.5941,2013,10,7.56,85.67,24.64,30.49,15.52
Warangal_Urban,17.9689,79.5941,2013,11,0.39,81.94,21.67,28.93,12.46
Warangal_Urban,17.9689,79.5941,2013,12,0.0,74.01,19.25,28.48,10.11
Warangal_Urban,17.9689,79.5941,2013,13,3.02,64.59,26.57,47.25,10.11
Warangal_Urban,17.9689,79.5941,2014,1,0.0,68.59,21.54,29.8,13.33
Warangal_Urban,17.9689,79.5941,2014,2,0.14,51.57,24.0,34.15,12.73
Warangal_Urban,17.9689,79.5941,2014,3,1.85,50.92,27.72,41.6,16.43
Warangal_Urban,17.9689,79.5941,2014,4,0.27,31.12,33.38,42.73,22.7
Warangal_Urban,17.9689,79.5941,2014,5,1.9,44.08,33.2,44.57,23.48
Warangal_Urban,17.9689,79.5941,2014,6,1.22,46.03,33.08,43.76,25.81
Warangal_Urban,17.9689,79.5941,2014,7,4.22,66.97,28.65,39.78,23.66
Warangal_Urban,17.9689,79.5941,2014,8,4.47,72.43,27.9,36.8,23.21
Warangal_Urban,17.9689,79.5941,2014,9,2.72,79.26,26.14,33.46,20.01
Warangal_Urban,17.9689,79.5941,2014,10,0.89,67.1,26.35,35.85,15.83
Warangal_Urban,17.9689,79.5941,2014,11,0.13,57.3,24.21,33.62,14.61
Warangal_Urban,17.9689,79.5941,2014,12,0.03,47.53,22.39,32.96,11.78
Warangal_Urban,17.9689,79.5941,2014,13,1.5,56.99,27.39,44.57,11.78
Warangal_Urban,17.9689,79.5941,2015,1,0.48,48.43,21.44,34.32,9.78
Warangal_Urban,17.9689,79.5941,2015,2,0.04,39.32,25.5,36.73,15.19
Warangal_Urban,17.9689,79.5941,2015,3,0.63,41.79,28.98,40.53,16.77
Warangal_Urban,17.9689,79.5941,2015,4,1.2,42.5,31.49,42.78,19.42
Warangal_Urban,17.9689,79.5941,2015,5,0.17,33.23,35.25,46.63,25.54
Warangal_Urban,17.9689,79.5941,2015,6,4.3,62.63,29.82,39.85,23.56
Warangal_Urban,17.9689,79.5941,2015,7,2.07,63.35,29.51,36.99,23.68
Warangal_Urban,17.9689,79.5941,2015,8,2.53,71.57,28.18,35.81,23.17
Warangal_Urban,17.9689,79.5941,2015,9,2.79,73.19,27.7,36.09,20.54
Warangal_Urban,17.9689,79.5941,2015,10,0.33,59.9,28.04,37.16,20.42
Warangal_Urban,17.9689,79.5941,2015,11,0.07,57.22,26.39,35.23,18.36
Warangal_Urban,17.9689,79.5941,2015,12,0.0,47.42,25.07,36.14,11.83
Warangal_Urban,17.9689,79.5941,2015,13,1.22,53.43,28.13,46.63,9.78
Warangal_Urban,17.9689,79.5941,2016,1,0.06,40.6,23.59,36.62,11.7
Warangal_Urban,17.9689,79.5941,2016,2,0.17,42.04,27.81,39.88,16.4
Warangal_Urban,17.9689,79.5941,2016,3,0.02,39.24,30.73,41.48,19.65
Warangal_Urban,17.9689,79.5941,2016,4,0.11,31.69,34.54,44.43,23.06
Warangal_Urban,17.9689,79.5941,2016,5,1.53,40.38,34.37,44.74,24.81
Warangal_Urban,17.9689,79.5941,2016,6,5.93,64.23,29.87,42.99,23.75
Warangal_Urban,17.9689,79.5941,2016,7,7.32,79.02,26.96,34.08,22.54
Warangal_Urban,17.9689,79.5941,2016,8,3.05,78.33,27.0,33.75,22.53
Warangal_Urban,17.9689,79.5941,2016,9,7.93,85.49,25.62,31.37,20.42
Warangal_Urban,17.9689,79.5941,2016,10,2.37,79.55,23.65,30.74,16.2
Warangal_Urban,17.9689,79.5941,2016,11,0.0,68.2,21.18,30.68,11.85
Warangal_Urban,17.9689,79.5941,2016,12,0.02,57.77,20.68,30.44,10.29
Warangal_Urban,17.9689,79.5941,2016,13,2.38,58.93,27.16,44.74,10.29
Warangal_Urban,17.9689,79.5941,2017,1,0.0,45.35,22.11,34.0,11.46
Warangal_Urban,17.9689,79.5941,2017,2,0.0,31.66,26.04,38.86,15.38
Warangal_Urban,17.9689,79.5941,2017,3,0.53,35.23,29.43,42.45,16.95
Warangal_Urban,17.9689,79.5941,2017,4,0.05,25.24,34.24,44.67,21.83
Warangal_Urban,17.9689,79.5941,2017,5,1.41,37.19,34.96,45.26,24.46
Warangal_Urban,17.9689,79.5941,2017,6,6.24,68.57,29.23,42.35,23.09
Warangal_Urban,17.9689,79.5941,2017,7,8.25,75.03,27.53,34.67,22.99
Warangal_Urban,17.9689,79.5941,2017,8,6.02,82.18,26.3,32.68,20.71
Warangal_Urban,17.9689,79.5941,2017,9,4.52,83.99,26.47,31.98,21.63
Warangal_Urban,17.9689,79.5941,2017,10,2.93,81.65,25.26,31.59,16.39
Warangal_Urban,17.9689,79.5941,2017,11,0.24,73.52,22.64,31.61,13.02
Warangal_Urban,17.9689,79.5941,2017,12,0.0,57.91,20.74,30.65,12.3
Warangal_Urban,17.9689,79.5941,2017,13,2.53,58.29,27.08,45.26,11.46
Warangal_Urban,17.9689,79.5941,2018,1,0.0,38.73,21.61,32.85,11.13
Warangal_Urban,17.9689,79.5941,2018,2,0.02,35.81,25.62,37.83,14.25
Warangal_Urban,17.9689,79.5941,2018,3,0.08,28.87,30.26,41.95,19.91
Warangal_Urban,17.9689,79.5941,2018,4,0.8,39.33,33.01,44.85,22.2
Warangal_Urban,17.9689,79.5941,2018,5,0.77,42.04,34.25,44.2,24.83
Warangal_Urban,17.9689,79.5941,2018,6,5.14,63.53,29.8,40.14,23.0
Warangal_Urban,17.9689,79.5941,2018,7,5.84,75.42,27.21,35.77,22.95
Warangal_Urban,17.9689,79.5941,2018,8,7.86,80.86,26.3,32.77,21.79
Warangal_Urban,17.9689,79.5941,2018,9,2.27,80.36,26.04,32.02,20.13
Warangal_Urban,17.9689,79.5941,2018,10,0.24,66.83,25.89,34.55,16.36
Warangal_Urban,17.9689,79.5941,2018,11,0.0,56.94,25.18,34.68,14.89
Warangal_Urban,17.9689,79.5941,2018,12,0.77,56.11,22.14,32.69,8.98
Warangal_Urban,17.9689,79.5941,2018,13,2.0,55.51,27.28,44.85,8.98
Warangal_Urban,17.9689,79.5941,2019,1,0.61,47.07,21.51,32.85,8.03
Warangal_Urban,17.9689,79.5941,2019,2,0.01,44.92,25.78,39.03,11.38
Warangal_Urban,17.9689,79.5941,2019,3,0.04,34.7,30.57,43.26,17.6
Warangal_Urban,17.9689,79.5941,2019,4,1.01,36.29,33.53,44.49,22.64
Warangal_Urban,17.9689,79.5941,2019,5,0.24,31.49,36.07,45.87,27.24
Warangal_Urban,17.9689,79.5941,2019,6,2.06,51.62,32.52,44.31,24.42
Warangal_Urban,17.9689,79.5941,2019,7,5.16,68.57,28.66,37.52,23.05
Warangal_Urban,17.9689,79.5941,2019,8,9.55,83.14,26.5,32.71,22.58
Warangal_Urban,17.9689,79.5941,2019,9,6.27,86.08,26.22,31.73,22.35
Warangal_Urban,17.9689,79.5941,2019,10,4.78,86.85,25.1,30.35,20.88
Warangal_Urban,17.9689,79.5941,2019,11,0.25,83.07,22.35,29.44,14.5
Warangal_Urban,17.9689,79.5941,2019,12,0.09,78.69,20.95,28.36,10.48
Warangal_Urban,17.9689,79.5941,2019,13,2.53,61.14,27.48,45.87,8.03
Warangal_Urban,17.9689,79.5941,2020,1,0.22,68.33,21.91,32.8,10.46
Warangal_Urban,17.9689,79.5941,2020,2,0.19,54.4,24.36,35.07,14.0
Warangal_Urban,17.9689,79.5941,2020,3,0.61,45.73,29.29,40.03,19.88
Warangal_Urban,17.9689,79.5941,2020,4,0.78,37.54,33.09,42.12,24.0
Warangal_Urban,17.9689,79.5941,2020,5,1.13,35.95,35.11,45.81,26.64
Warangal_Urban,17.9689,79.5941,2020,6,6.71,71.22,28.82,38.66,22.89
Warangal_Urban,17.9689,79.5941,2020,7,9.5,82.78,26.95,33.49,22.04
Warangal_Urban,17.9689,79.5941,2020,8,16.94,88.09,26.12,31.7,22.28
Warangal_Urban,17.9689,79.5941,2020,9,7.43,88.43,26.17,31.38,21.95
Warangal_Urban,17.9689,79.5941,2020,10,4.95,87.1,24.83,30.07,17.82
Warangal_Urban,17.9689,79.5941,2020,11,0.31,84.3,21.95,29.48,12.72
Warangal_Urban,17.9689,79.5941,2020,12,0.0,75.33,20.0,27.45,9.37
Warangal_Urban,17.9689,79.5941,2020,13,4.09,68.32,26.55,45.81,9.37
Warangal_Urban,17.9689,79.5941,2021,1,0.02,72.65,22.06,30.91,13.24
Warangal_Urban,17.9689,79.5941,2021,2,0.05,49.86,23.49,36.66,11.68
Warangal_Urban,17.9689,79.5941,2021,3,0.0,31.35,29.26,42.52,16.77
Warangal_Urban,17.9689,79.5941,2021,4,0.54,35.52,32.59,41.97,22.64
Warangal_Urban,17.9689,79.5941,2021,5,1.33,45.66,33.22,42.63,25.46
Warangal_Urban,17.9689,79.5941,2021,6,7.54,73.63,28.16,36.54,23.34
Warangal_Urban,17.9689,79.5941,2021,7,11.25,83.66,26.79,32.32,22.23
Warangal_Urban,17.9689,79.5941,2021,8,5.81,84.95,26.43,31.78,21.57
Warangal_Urban,17.9689,79.5941,2021,9,8.59,87.03,26.09,31.2,20.4
Warangal_Urban,17.9689,79.5941,2021,10,1.48,84.64,24.84,30.62,17.2
Warangal_Urban,17.9689,79.5941,2021,11,1.5,85.22,23.32,30.06,14.38
Warangal_Urban,17.9689,79.5941,2021,12,0.01,76.02,20.59,28.43,8.92
Warangal_Urban,17.9689,79.5941,2021,13,3.19,67.63,26.41,42.63,8.92
Warangal_Urban,17.9689,79.5941,2022,1,1.53,69.73,20.38,30.67,8.33
Warangal_Urban,17.9689,79.5941,2022,2,0.0,55.23,23.16,35.15,10.75
Warangal_Urban,17.9689,79.5941,2022,3,0.0,33.71,30.23,42.48,16.08
Warangal_Urban,17.9689,79.5941,2022,4,0.01,34.31,34.19,44.69,24.45
Warangal_Urban,17.9689,79.5941,2022,5,0.81,43.36,33.83,44.5,26.12
Warangal_Urban,17.9689,79.5941,2022,6,4.64,61.24,30.62,43.87,23.94
Warangal_Urban,17.9689,79.5941,2022,7,16.75,85.06,26.25,34.5,22.07
Warangal_Urban,17.9689,79.5941,2022,8,7.78,86.96,26.11,31.61,21.82
Warangal_Urban,17.9689,79.5941,2022,9,5.97,87.25,25.87,31.22,21.1
Warangal_Urban,17.9689,79.5941,2022,10,2.12,84.86,23.93,29.9,13.41
Warangal_Urban,17.9689,79.5941,2022,11,0.04,77.76,21.33,28.82,12.55
Warangal_Urban,17.9689,79.5941,2022,12,0.06,72.34,22.47,31.69,12.44
Warangal_Urban,17.9689,79.5941,2022,13,3.34,66.08,26.54,44.69,8.33
Warangal_Urban,17.9689,79.5941,2023,1,0.0,61.38,22.21,31.78,9.92
Warangal_Urban,17.9689,79.5941,2023,2,0.0,32.96,25.44,37.66,13.78
Warangal_Urban,17.9689,79.5941,2023,3,1.28,44.03,28.43,39.33,18.52
Warangal_Urban,17.9689,79.5941,2023,4,2.65,40.52,32.04,43.26,22.58
Warangal_Urban,17.9689,79.5941,2023,5,1.12,46.79,32.68,42.92,22.53
Warangal_Urban,17.9689,79.5941,2023,6,1.33,44.17,33.45,43.48,23.06
Warangal_Urban,17.9689,79.5941,2023,7,18.67,78.51,27.29,36.56,22.68
Warangal_Urban,17.9689,79.5941,2023,8,2.14,83.62,26.46,31.48,22.41
Warangal_Urban,17.9689,79.5941,2023,9,6.09,86.1,26.39,31.63,22.13
Warangal_Urban,17.9689,79.5941,2023,10,0.07,77.82,24.38,31.17,14.73
Warangal_Urban,17.9689,79.5941,2023,11,0.43,74.2,24.14,31.97,16.09
Warangal_Urban,17.9689,79.5941,2023,12,0.74,66.83,21.37,32.91,10.47
Warangal_Urban,17.9689,79.5941,2023,13,2.9,61.65,27.01,43.48,9.92
Warangal_Urban,17.9689,79.5941,2024,1,0.0,59.01,23.29,32.58,13.21
Warangal_Urban,17.9689,79.5941,2024,2,0.0,44.7,26.9,36.79,16.87
Warangal_Urban,17.9689,79.5941,2024,3,0.1,36.91,31.05,42.32,21.6
Warangal_Urban,17.9689,79.5941,2024,4,0.1,31.18,34.86,45.03,24.82
Warangal_Urban,17.9689,79.5941,2024,5,3.12,49.62,33.16,45.07,23.6
Warangal_Urban,17.9689,79.5941,2024,6,5.18,68.16,29.65,37.79,22.92
Warangal_Urban,17.9689,79.5941,2024,7,9.65,80.64,27.05,35.25,22.57
Warangal_Urban,17.9689,79.5941,2024,8,7.78,85.28,26.87,32.12,22.78
Warangal_Urban,17.9689,79.5941,2024,9,6.24,86.78,26.03,30.96,21.23
Warangal_Urban,17.9689,79.5941,2024,10,1.61,85.27,25.99,31.83,19.54
Warangal_Urban,17.9689,79.5941,2024,11,0.2,77.88,22.04,29.48,13.56
Warangal_Urban,17.9689,79.5941,2024,12,0.33,72.43,22.42,30.77,9.24
Warangal_Urban,17.9689,79.5941,2024,13,2.87,64.92,27.44,45.07,9.24
Yadadri Bhuvanagiri,17.5808,78.9218,2000,1,0.0,37.94,22.8,35.3,11.28
Yadadri Bhuvanagiri,17.5808,78.9218,2000,2,2.06,53.24,25.01,34.75,14.85
Yadadri Bhuvanagiri,17.5808,78.9218,2000,3,0.02,34.76,27.41,38.82,14.87
Yadadri Bhuvanagiri,17.5808,78.9218,2000,4,0.02,29.76,33.39,44.23,19.56
Yadadri Bhuvanagiri,17.5808,78.9218,2000,5,1.56,48.14,31.21,43.74,23.4
Yadadri Bhuvanagiri,17.5808,78.9218,2000,6,8.3,75.32,26.32,34.54,21.26
Yadadri Bhuvanagiri,17.5808,78.9218,2000,7,2.65,78.96,25.5,31.39,20.86
Yadadri Bhuvanagiri,17.5808,78.9218,2000,8,13.01,82.6,25.09,31.41,20.37
Yadadri Bhuvanagiri,17.5808,78.9218,2000,9,1.94,83.35,24.9,30.61,19.93
Yadadri Bhuvanagiri,17.5808,78.9218,2000,10,0.88,72.96,24.66,31.98,16.14
Yadadri Bhuvanagiri,17.5808,78.9218,2000,11,0.16,64.91,22.83,32.25,14.29
Yadadri Bhuvanagiri,17.5808,78.9218,2000,12,0.02,37.84,21.47,31.8,12.66
Yadadri Bhuvanagiri,17.5808,78.9218,2000,13,2.55,58.29,25.88,44.23,11.28
Yadadri Bhuvanagiri,17.5808,78.9218,2001,1,0.24,43.86,22.53,34.05,11.96
Yadadri Bhuvanagiri,17.5808,78.9218,2001,2,0.0,27.56,25.82,38.89,14.09
Yadadri Bhuvanagiri,17.5808,78.9218,2001,3,1.26,42.28,28.73,39.8,17.8
Yadadri Bhuvanagiri,17.5808,78.9218,2001,4,0.82,43.59,30.97,43.0,20.47
Yadadri Bhuvanagiri,17.5808,78.9218,2001,5,0.1,32.39,34.31,44.53,25.45
Yadadri Bhuvanagiri,17.5808,78.9218,2001,6,6.26,68.39,27.15,39.0,20.61
Yadadri Bhuvanagiri,17.5808,78.9218,2001,7,1.95,68.77,26.92,35.53,20.83
Yadadri Bhuvanagiri,17.5808,78.9218,2001,8,7.13,82.64,24.87,30.4,20.73
Yadadri Bhuvanagiri,17.5808,78.9218,2001,9,4.26,81.91,25.43,32.44,20.99
Yadadri Bhuvanagiri,17.5808,78.9218,2001,10,3.71,82.51,23.67,30.19,15.44
Yadadri Bhuvanagiri,17.5808,78.9218,2001,11,0.09,74.41,22.5,30.28,13.02
Yadadri Bhuvanagiri,17.5808,78.9218,2001,12,0.02,58.36,20.36,30.78,12.36
Yadadri Bhuvanagiri,17.5808,78.9218,2001,13,2.16,59.06,26.1,44.53,11.96
Yadadri Bhuvanagiri,17.5808,78.9218,2002,1,0.49,56.22,21.82,35.08,10.23
Yadadri Bhuvanagiri,17.5808,78.9218,2002,2,0.03,45.92,25.08,36.54,16.21
Yadadri Bhuvanagiri,17.5808,78.9218,2002,3,0.36,34.22,29.26,40.46,19.0
Yadadri Bhuvanagiri,17.5808,78.9218,2002,4,0.07,32.63,33.16,42.77,22.7
Yadadri Bhuvanagiri,17.5808,78.9218,2002,5,2.14,41.7,33.29,44.12,23.6
Yadadri Bhuvanagiri,17.5808,78.9218,2002,6,5.23,66.91,28.42,37.09,22.56
Yadadri Bhuvanagiri,17.5808,78.9218,2002,7,2.46,68.57,27.43,35.3,21.91
Yadadri Bhuvanagiri,17.5808,78.9218,2002,8,6.97,80.59,25.19,31.19,20.25
Yadadri Bhuvanagiri,17.5808,78.9218,2002,9,1.21,73.2,26.15,34.97,20.06
Yadadri Bhuvanagiri,17.5808,78.9218,2002,10,3.39,71.69,24.89,36.38,16.79
Yadadri Bhuvanagiri,17.5808,78.9218,2002,11,0.09,55.8,22.89,33.29,13.33
Yadadri Bhuvanagiri,17.5808,78.9218,2002,12,0.03,49.77,22.38,33.28,13.11
Yadadri Bhuvanagiri,17.5808,78.9218,2002,13,1.89,56.51,26.67,44.12,10.23
Yadadri Bhuvanagiri,17.5808,78.9218,2003,1,0.0,47.55,22.94,34.66,10.68
Yadadri Bhuvanagiri,17.5808,78.9218,2003,2,0.22,48.46,26.38,36.13,16.56
Yadadri Bhuvanagiri,17.5808,78.9218,2003,3,0.35,39.06,29.05,39.97,16.04
Yadadri Bhuvanagiri,17.5808,78.9218,2003,4,0.77,36.42,32.06,42.51,21.18
Yadadri Bhuvanagiri,17.5808,78.9218,2003,5,0.04,24.21,34.56,43.67,23.12
Yadadri Bhuvanagiri,17.5808,78.9218,2003,6,2.46,53.4,30.4,44.46,22.44
Yadadri Bhuvanagiri,17.5808,78.9218,2003,7,8.35,79.62,25.76,33.66,21.9
Yadadri Bhuvanagiri,17.5808,78.9218,2003,8,5.01,83.37,25.04,31.54,19.7
Yadadri Bhuvanagiri,17.5808,78.9218,2003,9,2.2,83.32,25.13,30.77,20.89
Yadadri Bhuvanagiri,17.5808,78.9218,2003,10,4.79,80.77,24.24,31.41,14.24
Yadadri Bhuvanagiri,17.5808,78.9218,2003,11,0.03,73.7,21.42,29.45,13.7
Yadadri Bhuvanagiri,17.5808,78.9218,2003,12,0.16,63.56,20.19,30.23,11.12
Yadadri Bhuvanagiri,17.5808,78.9218,2003,13,2.05,59.52,26.42,44.46,10.68
Yadadri Bhuvanagiri,17.5808,78.9218,2004,1,1.1,61.98,21.08,32.08,11.71
Yadadri Bhuvanagiri,17.5808,78.9218,2004,2,0.19,46.96,23.33,36.95,9.58
Yadadri Bhuvanagiri,17.5808,78.9218,2004,3,0.68,33.38,29.31,41.23,17.43
Yadadri Bhuvanagiri,17.5808,78.9218,2004,4,1.81,44.62,30.89,41.97,20.09
Yadadri Bhuvanagiri,17.5808,78.9218,2004,5,1.41,57.48,29.79,40.35,22.49
Yadadri Bhuvanagiri,17.5808,78.9218,2004,6,1.19,59.93,28.83,38.01,22.14
Yadadri Bhuvanagiri,17.5808,78.9218,2004,7,7.34,78.12,25.65,32.82,21.39
Yadadri Bhuvanagiri,17.5808,78.9218,2004,8,2.09,77.36,25.74,32.64,21.3
Yadadri Bhuvanagiri,17.5808,78.9218,2004,9,3.95,81.29,25.37,32.42,20.42
Yadadri Bhuvanagiri,17.5808,78.9218,2004,10,2.39,77.12,24.07,30.8,14.5
Yadadri Bhuvanagiri,17.5808,78.9218,2004,11,0.04,63.51,22.64,31.73,13.08
Yadadri Bhuvanagiri,17.5808,78.9218,2004,12,0.0,52.71,21.07,31.86,12.45
Yadadri Bhuvanagiri,17.5808,78.9218,2004,13,1.86,61.27,25.65,41.97,9.58
Yadadri Bhuvanagiri,17.5808,78.9218,2005,1,1.29,53.75,22.65,32.95,12.32
Yadadri Bhuvanagiri,17.5808,78.9218,2005,2,0.05,44.95,25.12,37.93,11.78
Yadadri Bhuvanagiri,17.5808,78.9218,2005,3,0.45,36.85,28.44,40.36,16.72
Yadadri Bhuvanagiri,17.5808,78.9218,2005,4,0.8,43.06,31.25,40.64,22.36
Yadadri Bhuvanagiri,17.5808,78.9218,2005,5,0.97,36.86,33.22,44.4,23.03
Yadadri Bhuvanagiri,17.5808,78.9218,2005,6,3.46,59.27,29.81,41.27,21.86
Yadadri Bhuvanagiri,17.5808,78.9218,2005,7,11.49,81.17,25.61,33.39,21.38
Yadadri Bhuvanagiri,17.5808,78.9218,2005,8,4.32,85.29,24.88,29.95,21.36
Yadadri Bhuvanagiri,17.5808,78.9218,2005,9,7.4,87.62,24.72,29.65,20.68
Yadadri Bhuvanagiri,17.5808,78.9218,2005,10,6.98,86.01,23.59,30.16,17.53
Yadadri Bhuvanagiri,17.5808,78.9218,2005,11,0.04,77.95,18.71,26.23,10.66
Yadadri Bhuvanagiri,17.5808,78.9218,2005,12,0.06,70.86,18.58,27.1,9.3
Yadadri Bhuvanagiri,17.5808,78.9218,2005,13,3.14,63.75,25.55,44.4,9.3
Yadadri Bhuvanagiri,17.5808,78.9218,2006,1,0.0,59.83,19.88,31.28,8.09
Yadadri Bhuvanagiri,17.5808,78.9218,2006,2,0.0,42.71,24.16,36.22,13.6
Yadadri Bhuvanagiri,17.5808,78.9218,2006,3,1.34,47.97,27.47,39.38,15.43
Yadadri Bhuvanagiri,17.5808,78.9218,2006,4,1.97,42.17,31.15,41.79,20.78
Yadadri Bhuvanagiri,17.5808,78.9218,2006,5,2.89,51.76,31.02,42.15,23.3
Yadadri Bhuvanagiri,17.5808,78.9218,2006,6,3.14,68.58,27.81,36.56,22.81
Yadadri Bhuvanagiri,17.5808,78.9218,2006,7,5.85,72.37,26.66,34.48,20.86
Yadadri Bhuvanagiri,17.5808,78.9218,2006,8,6.6,83.46,24.81,30.98,20.01
Yadadri Bhuvanagiri,17.5808,78.9218,2006,9,7.48,84.76,24.93,31.53,19.95
Yadadri Bhuvanagiri,17.5808,78.9218,2006,10,1.04,80.29,24.01,30.43,16.96
Yadadri Bhuvanagiri,17.5808,78.9218,2006,11,1.89,81.41,21.64,28.86,14.11
Yadadri Bhuvanagiri,17.5808,78.9218,2006,12,0.0,71.41,20.4,28.98,11.83
Yadadri Bhuvanagiri,17.5808,78.9218,2006,13,2.7,65.71,25.33,42.15,8.09
Yadadri Bhuvanagiri,17.5808,78.9218,2007,1,0.0,59.06,21.3,32.56,12.04
Yadadri Bhuvanagiri,17.5808,78.9218,2007,2,0.01,45.43,24.57,35.73,14.81
Yadadri Bhuvanagiri,17.5808,78.9218,2007,3,0.0,36.66,28.99,39.83,17.17
Yadadri Bhuvanagiri,17.5808,78.9218,2007,4,0.68,37.89,31.72,42.35,21.96
Yadadri Bhuvanagiri,17.5808,78.9218,2007,5,0.58,33.96,34.1,43.75,24.97
Yadadri Bhuvanagiri,17.5808,78.9218,2007,6,5.57,68.25,28.29,38.81,22.29
Yadadri Bhuvanagiri,17.5808,78.9218,2007,7,3.07,77.0,26.29,33.57,22.03
Yadadri Bhuvanagiri,17.5808,78.9218,2007,8,7.14,81.58,25.37,32.38,20.99
Yadadri Bhuvanagiri,17.5808,78.9218,2007,9,8.49,87.57,24.77,31.14,18.79
Yadadri Bhuvanagiri,17.5808,78.9218,2007,10,1.07,79.65,22.14,29.26,15.55
Yadadri Bhuvanagiri,17.5808,78.9218,2007,11,0.13,71.17,20.43,28.78,9.81
Yadadri Bhuvanagiri,17.5808,78.9218,2007,12,0.0,66.33,20.98,32.0,13.04
Yadadri Bhuvanagiri,17.5808,78.9218,2007,13,2.23,62.14,25.75,43.75,9.81
Yadadri Bhuvanagiri,17.5808,78.9218,2008,1,0.01,49.22,21.28,32.27,10.99
Yadadri Bhuvanagiri,17.5808,78.9218,2008,2,1.69,55.22,23.79,34.4,11.48
Yadadri Bhuvanagiri,17.5808,78.9218,2008,3,4.94,49.41,26.68,38.04,15.9
Yadadri Bhuvanagiri,17.5808,78.9218,2008,4,0.38,47.95,29.43,41.07,18.49
Yadadri Bhuvanagiri,17.5808,78.9218,2008,5,0.53,31.17,33.0,42.52,23.52
Yadadri Bhuvanagiri,17.5808,78.9218,2008,6,1.87,60.04,28.45,39.49,21.81
Yadadri Bhuvanagiri,17.5808,78.9218,2008,7,3.64,66.04,27.55,36.3,21.76
Yadadri Bhuvanagiri,17.5808,78.9218,2008,8,13.54,84.75,24.91,31.67,20.83
Yadadri Bhuvanagiri,17.5808,78.9218,2008,9,6.22,85.21,24.51,30.32,18.42
Yadadri Bhuvanagiri,17.5808,78.9218,2008,10,1.57,79.83,23.35,30.39,14.15
Yadadri Bhuvanagiri,17.5808,78.9218,2008,11,1.56,76.42,21.44,28.91,12.3
Yadadri Bhuvanagiri,17.5808,78.9218,2008,12,0.01,66.91,21.12,30.29,12.65
Yadadri Bhuvanagiri,17.5808,78.9218,2008,13,3.01,62.67,25.46,42.52,10.99
Yadadri Bhuvanagiri,17.5808,78.9218,2009,1,0.0,58.62,21.83,34.78,13.63
Yadadri Bhuvanagiri,17.5808,78.9218,2009,2,0.0,37.83,26.27,39.36,16.45
Yadadri Bhuvanagiri,17.5808,78.9218,2009,3,0.13,30.0,29.22,40.5,19.08
Yadadri Bhuvanagiri,17.5808,78.9218,2009,4,0.64,32.54,32.23,42.48,20.81
Yadadri Bhuvanagiri,17.5808,78.9218,2009,5,1.04,36.92,33.42,43.91,24.71
Yadadri Bhuvanagiri,17.5808,78.9218,2009,6,2.71,62.22,28.92,40.71,22.41
Yadadri Bhuvanagiri,17.5808,78.9218,2009,7,2.15,68.17,27.22,35.46,21.66
Yadadri Bhuvanagiri,17.5808,78.9218,2009,8,10.01,74.17,26.64,36.49,20.88
Yadadri Bhuvanagiri,17.5808,78.9218,2009,9,4.5,83.14,25.58,31.55,21.17
Yadadri Bhuvanagiri,17.5808,78.9218,2009,10,1.91,75.29,23.85,30.47,14.78
Yadadri Bhuvanagiri,17.5808,78.9218,2009,11,1.35,75.31,22.54,30.96,11.57
Yadadri Bhuvanagiri,17.5808,78.9218,2009,12,0.1,66.35,21.13,29.97,11.22
Yadadri Bhuvanagiri,17.5808,78.9218,2009,13,2.06,58.49,26.57,43.91,11.22
Yadadri Bhuvanagiri,17.5808,78.9218,2010,1,0.23,54.61,21.34,32.01,9.95
Yadadri Bhuvanagiri,17.5808,78.9218,2010,2,0.23,44.44,25.99,37.29,14.07
Yadadri Bhuvanagiri,17.5808,78.9218,2010,3,0.0,31.68,30.58,41.15,18.33
Yadadri Bhuvanagiri,17.5808,78.9218,2010,4,0.1,32.17,33.52,42.94,21.21
Yadadri Bhuvanagiri,17.5808,78.9218,2010,5,0.74,37.43,34.02,44.28,24.41
Yadadri Bhuvanagiri,17.5808,78.9218,2010,6,4.28,61.06,29.7,41.8,23.07
Yadadri Bhuvanagiri,17.5808,78.9218,2010,7,10.24,82.65,25.44,32.43,20.98
Yadadri Bhuvanagiri,17.5808,78.9218,2010,8,7.23,85.2,25.25,31.06,19.33
Yadadri Bhuvanagiri,17.5808,78.9218,2010,9,6.56,87.3,24.6,29.87,19.86
Yadadri Bhuvanagiri,17.5808,78.9218,2010,10,2.17,85.72,23.74,30.13,15.55
Yadadri Bhuvanagiri,17.5808,78.9218,2010,11,1.41,87.1,22.73,28.9,17.23
Yadadri Bhuvanagiri,17.5808,78.9218,2010,12,0.41,77.03,18.82,27.39,8.96
Yadadri Bhuvanagiri,17.5808,78.9218,2010,13,2.82,63.99,26.3,44.28,8.96
Yadadri Bhuvanagiri,17.5808,78.9218,2011,1,0.0,62.45,19.45,31.13,9.0
Yadadri Bhuvanagiri,17.5808,78.9218,2011,2,0.21,57.85,23.49,32.77,13.85
Yadadri Bhuvanagiri,17.5808,78.9218,2011,3,0.06,35.7,28.38,39.85,17.66
Yadadri Bhuvanagiri,17.5808,78.9218,2011,4,0.16,40.16,30.71,41.55,20.36
Yadadri Bhuvanagiri,17.5808,78.9218,2011,5,0.33,33.23,33.65,42.59,25.45
Yadadri Bhuvanagiri,17.5808,78.9218,2011,6,1.61,57.78,29.19,38.06,22.69
Yadadri Bhuvanagiri,17.5808,78.9218,2011,7,6.76,76.1,26.2,34.78,21.33
Yadadri Bhuvanagiri,17.5808,78.9218,2011,8,6.51,81.34,25.46,33.08,20.45
Yadadri Bhuvanagiri,17.5808,78.9218,2011,9,1.98,82.37,25.11,31.41,20.14
Yadadri Bhuvanagiri,17.5808,78.9218,2011,10,1.57,74.92,24.78,31.79,18.1
Yadadri Bhuvanagiri,17.5808,78.9218,2011,11,0.13,61.33,22.97,32.5,13.59
Yadadri Bhuvanagiri,17.5808,78.9218,2011,12,0.02,48.19,21.97,32.44,12.02
Yadadri Bhuvanagiri,17.5808,78.9218,2011,13,1.63,59.28,25.96,42.59,9.0
Yadadri Bhuvanagiri,17.5808,78.9218,2012,1,0.08,47.56,22.83,34.62,9.9
Yadadri Bhuvanagiri,17.5808,78.9218,2012,2,0.0,34.77,25.36,38.3,13.88
Yadadri Bhuvanagiri,17.5808,78.9218,2012,3,0.01,22.75,28.46,40.08,15.89
Yadadri Bhuvanagiri,17.5808,78.9218,2012,4,0.57,37.9,32.17,41.14,21.64
Yadadri Bhuvanagiri,17.5808,78.9218,2012,5,0.23,29.55,34.61,43.64,25.89
Yadadri Bhuvanagiri,17.5808,78.9218,2012,6,3.5,55.18,29.59,42.24,21.88
Yadadri Bhuvanagiri,17.5808,78.9218,2012,7,6.42,76.08,26.02,34.8,21.17
Yadadri Bhuvanagiri,17.5808,78.9218,2012,8,4.38,79.72,25.43,31.5,20.48
Yadadri Bhuvanagiri,17.5808,78.9218,2012,9,3.96,83.39,25.03,30.69,20.66
Yadadri Bhuvanagiri,17.5808,78.9218,2012,10,2.17,76.78,23.53,30.82,15.63
Yadadri Bhuvanagiri,17.5808,78.9218,2012,11,1.14,70.89,22.6,31.61,11.04
Yadadri Bhuvanagiri,17.5808,78.9218,2012,12,0.0,60.61,22.05,32.93,11.8
Yadadri Bhuvanagiri,17.5808,78.9218,2012,13,1.88,56.32,26.47,43.64,9.9
Yadadri Bhuvanagiri,17.5808,78.9218,2013,1,0.07,50.86,23.22,33.89,13.34
Yadadri Bhuvanagiri,17.5808,78.9218,2013,2,0.79,50.27,24.43,35.11,12.4
Yadadri Bhuvanagiri,17.5808,78.9218,2013,3,0.01,35.16,28.62,39.64,14.72
Yadadri Bhuvanagiri,17.5808,78.9218,2013,4,1.63,42.33,31.08,41.13,21.56
Yadadri Bhuvanagiri,17.5808,78.9218,2013,5,0.5,36.8,33.94,44.87,25.2
Yadadri Bhuvanagiri,17.5808,78.9218,2013,6,5.73,73.45,26.75,33.92,21.84
Yadadri Bhuvanagiri,17.5808,78.9218,2013,7,7.55,80.21,25.26,31.88,20.81
Yadadri Bhuvanagiri,17.5808,78.9218,2013,8,4.61,83.95,24.73,30.86,20.93
Yadadri Bhuvanagiri,17.5808,78.9218,2013,9,5.12,85.32,24.74,29.92,19.04
Yadadri Bhuvanagiri,17.5808,78.9218,2013,10,6.63,85.48,23.73,29.81,15.44
Yadadri Bhuvanagiri,17.5808,78.9218,2013,11,0.39,82.29,20.8,28.15,11.92
Yadadri Bhuvanagiri,17.5808,78.9218,2013,12,0.0,72.01,18.63,28.04,10.18
Yadadri Bhuvanagiri,17.5808,78.9218,2013,13,2.76,64.9,25.5,44.87,10.18
Yadadri Bhuvanagiri,17.5808,78.9218,2014,1,0.0,69.34,20.69,29.05,13.33
Yadadri Bhuvanagiri,17.5808,78.9218,2014,2,0.14,50.75,23.25,33.26,13.23
Yadadri Bhuvanagiri,17.5808,78.9218,2014,3,1.65,50.89,26.56,40.31,16.07
Yadadri Bhuvanagiri,17.5808,78.9218,2014,4,0.42,32.41,31.98,41.16,21.73
Yadadri Bhuvanagiri,17.5808,78.9218,2014,5,1.53,44.7,31.96,42.6,22.67
Yadadri Bhuvanagiri,17.5808,78.9218,2014,6,1.49,49.82,31.23,41.22,24.17
Yadadri Bhuvanagiri,17.5808,78.9218,2014,7,4.54,69.77,27.22,37.99,21.74
Yadadri Bhuvanagiri,17.5808,78.9218,2014,8,6.68,73.79,26.62,34.94,21.71
Yadadri Bhuvanagiri,17.5808,78.9218,2014,9,2.79,82.52,24.75,30.93,19.13
Yadadri Bhuvanagiri,17.5808,78.9218,2014,10,1.21,71.62,24.66,33.43,14.8
Yadadri Bhuvanagiri,17.5808,78.9218,2014,11,0.21,61.79,22.76,32.06,13.85
Yadadri Bhuvanagiri,17.5808,78.9218,2014,12,0.09,52.65,21.21,31.95,11.27
Yadadri Bhuvanagiri,17.5808,78.9218,2014,13,1.75,59.27,26.08,42.6,11.27
Yadadri Bhuvanagiri,17.5808,78.9218,2015,1,0.16,47.63,20.86,32.65,9.68
Yadadri Bhuvanagiri,17.5808,78.9218,2015,2,0.07,41.55,24.18,35.63,14.53
Yadadri Bhuvanagiri,17.5808,78.9218,2015,3,0.61,42.92,27.81,39.58,15.77
Yadadri Bhuvanagiri,17.5808,78.9218,2015,4,2.24,46.74,29.75,40.8,17.39
Yadadri Bhuvanagiri,17.5808,78.9218,2015,5,0.23,35.58,33.52,45.0,23.73
Yadadri Bhuvanagiri,17.5808,78.9218,2015,6,3.08,63.14,28.56,38.75,22.75
Yadadri Bhuvanagiri,17.5808,78.9218,2015,7,1.46,61.02,28.71,37.1,22.15
Yadadri Bhuvanagiri,17.5808,78.9218,2015,8,2.6,70.43,27.22,35.21,22.09
Yadadri Bhuvanagiri,17.5808,78.9218,2015,9,3.63,74.72,26.41,35.4,19.63
Yadadri Bhuvanagiri,17.5808,78.9218,2015,10,0.29,60.99,26.9,35.82,19.41
Yadadri Bhuvanagiri,17.5808,78.9218,2015,11,0.13,59.34,25.2,34.1,17.01
Yadadri Bhuvanagiri,17.5808,78.9218,2015,12,0.01,49.01,24.04,35.27,11.55
Yadadri Bhuvanagiri,17.5808,78.9218,2015,13,1.21,54.46,26.95,45.0,9.68
Yadadri Bhuvanagiri,17.5808,78.9218,2016,1,0.06,42.58,22.78,35.58,11.68
Yadadri Bhuvanagiri,17.5808,78.9218,2016,2,0.03,42.25,26.78,39.05,15.73
Yadadri Bhuvanagiri,17.5808,78.9218,2016,3,0.01,38.06,29.83,40.48,18.75
Yadadri Bhuvanagiri,17.5808,78.9218,2016,4,0.15,30.92,33.42,42.74,22.59
Yadadri Bhuvanagiri,17.5808,78.9218,2016,5,2.21,44.3,32.57,42.77,23.57
Yadadri Bhuvanagiri,17.5808,78.9218,2016,6,4.38,66.43,28.33,40.8,22.49
Yadadri Bhuvanagiri,17.5808,78.9218,2016,7,4.76,76.62,26.21,33.6,21.83
Yadadri Bhuvanagiri,17.5808,78.9218,2016,8,2.61,74.94,26.36,34.38,21.54
Yadadri Bhuvanagiri,17.5808,78.9218,2016,9,8.71,84.28,24.64,31.5,19.58
Yadadri Bhuvanagiri,17.5808,78.9218,2016,10,1.39,78.69,22.7,29.76,15.31
Yadadri Bhuvanagiri,17.5808,78.9218,2016,11,0.0,64.8,20.71,31.29,11.38
Yadadri Bhuvanagiri,17.5808,78.9218,2016,12,0.03,54.15,20.53,30.55,10.4
Yadadri Bhuvanagiri,17.5808,78.9218,2016,13,2.03,58.22,26.23,42.77,10.4
Yadadri Bhuvanagiri,17.5808,78.9218,2017,1,0.0,44.12,21.47,33.27,11.58
Yadadri Bhuvanagiri,17.5808,78.9218,2017,2,0.0,31.45,25.1,37.98,14.6
Yadadri Bhuvanagiri,17.5808,78.9218,2017,3,0.24,33.95,28.55,41.04,15.73
Yadadri Bhuvanagiri,17.5808,78.9218,2017,4,0.1,25.41,33.1,43.31,21.41
Yadadri Bhuvanagiri,17.5808,78.9218,2017,5,1.21,37.28,33.7,43.38,23.39
Yadadri Bhuvanagiri,17.5808,78.9218,2017,6,4.48,67.75,28.21,40.65,21.86
Yadadri Bhuvanagiri,17.5808,78.9218,2017,7,5.78,73.68,26.6,34.01,21.85
Yadadri Bhuvanagiri,17.5808,78.9218,2017,8,5.51,80.73,25.35,31.89,19.49
Yadadri Bhuvanagiri,17.5808,78.9218,2017,9,5.38,83.81,25.36,30.67,19.83
Yadadri Bhuvanagiri,17.5808,78.9218,2017,10,2.94,82.78,24.13,30.78,15.88
Yadadri Bhuvanagiri,17.5808,78.9218,2017,11,0.05,74.24,21.74,30.7,12.55
Yadadri Bhuvanagiri,17.5808,78.9218,2017,12,0.0,58.17,20.06,30.49,11.6
Yadadri Bhuvanagiri,17.5808,78.9218,2017,13,2.15,57.94,26.11,43.38,11.58
Yadadri Bhuvanagiri,17.5808,78.9218,2018,1,0.0,37.82,21.33,32.32,11.25
Yadadri Bhuvanagiri,17.5808,78.9218,2018,2,0.0,35.41,24.8,36.72,13.45
Yadadri Bhuvanagiri,17.5808,78.9218,2018,3,0.02,28.87,29.18,40.96,18.96
Yadadri Bhuvanagiri,17.5808,78.9218,2018,4,1.14,40.87,31.6,43.29,20.45
Yadadri Bhuvanagiri,17.5808,78.9218,2018,5,0.89,42.01,33.01,43.24,23.42
Yadadri Bhuvanagiri,17.5808,78.9218,2018,6,3.77,63.4,28.61,39.45,22.22
Yadadri Bhuvanagiri,17.5808,78.9218,2018,7,3.23,70.94,26.63,34.67,21.47
Yadadri Bhuvanagiri,17.5808,78.9218,2018,8,4.65,75.86,25.79,33.3,21.38
Yadadri Bhuvanagiri,17.5808,78.9218,2018,9,2.94,75.51,25.76,33.75,19.43
Yadadri Bhuvanagiri,17.5808,78.9218,2018,10,0.74,63.08,25.44,34.32,15.66
Yadadri Bhuvanagiri,17.5808,78.9218,2018,11,0.01,54.91,24.46,34.09,14.59
Yadadri Bhuvanagiri,17.5808,78.9218,2018,12,0.64,55.68,21.66,32.1,8.43
Yadadri Bhuvanagiri,17.5808,78.9218,2018,13,1.51,53.79,26.52,43.29,8.43
Yadadri Bhuvanagiri,17.5808,78.9218,2019,1,0.72,47.38,20.99,32.15,8.11
Yadadri Bhuvanagiri,17.5808,78.9218,2019,2,0.02,47.07,24.88,37.86,11.92
Yadadri Bhuvanagiri,17.5808,78.9218,2019,3,0.05,34.51,29.73,41.72,17.23
Yadadri Bhuvanagiri,17.5808,78.9218,2019,4,0.91,35.4,32.53,43.23,22.39
Yadadri Bhuvanagiri,17.5808,78.9218,2019,5,0.48,31.48,34.72,44.09,25.39
Yadadri Bhuvanagiri,17.5808,78.9218,2019,6,2.03,54.38,30.77,42.23,22.74
Yadadri Bhuvanagiri,17.5808,78.9218,2019,7,3.78,69.98,27.33,36.06,22.0
Yadadri Bhuvanagiri,17.5808,78.9218,2019,8,5.83,79.89,25.83,32.72,21.7
Yadadri Bhuvanagiri,17.5808,78.9218,2019,9,6.5,83.41,25.53,31.91,20.68
Yadadri Bhuvanagiri,17.5808,78.9218,2019,10,3.99,87.28,24.12,29.34,20.21
Yadadri Bhuvanagiri,17.5808,78.9218,2019,11,0.13,81.25,21.99,29.75,14.65
Yadadri Bhuvanagiri,17.5808,78.9218,2019,12,0.17,75.87,20.95,28.69,11.57
Yadadri Bhuvanagiri,17.5808,78.9218,2019,13,2.06,60.74,26.62,44.09,8.11
Yadadri Bhuvanagiri,17.5808,78.9218,2020,1,0.42,65.19,21.89,32.68,11.55
Yadadri Bhuvanagiri,17.5808,78.9218,2020,2,0.13,50.19,24.23,35.03,14.55
Yadadri Bhuvanagiri,17.5808,78.9218,2020,3,0.54,43.91,28.59,38.93,19.62
Yadadri Bhuvanagiri,17.5808,78.9218,2020,4,0.72,38.48,31.88,41.06,22.2
Yadadri Bhuvanagiri,17.5808,78.9218,2020,5,1.43,38.17,33.54,44.14,24.63
Yadadri Bhuvanagiri,17.5808,78.9218,2020,6,5.84,70.25,27.81,36.88,22.13
Yadadri Bhuvanagiri,17.5808,78.9218,2020,7,8.06,82.83,25.73,32.46,20.87
Yadadri Bhuvanagiri,17.5808,78.9218,2020,8,9.41,86.98,25.18,31.0,21.74
Yadadri Bhuvanagiri,17.5808,78.9218,2020,9,7.16,88.31,25.05,31.19,20.58
Yadadri Bhuvanagiri,17.5808,78.9218,2020,10,5.85,86.68,23.98,29.44,17.39
Yadadri Bhuvanagiri,17.5808,78.9218,2020,11,0.44,84.97,21.19,28.35,12.04
Yadadri Bhuvanagiri,17.5808,78.9218,2020,12,0.0,79.0,19.0,27.02,9.94
Yadadri Bhuvanagiri,17.5808,78.9218,2020,13,3.35,67.98,25.67,44.14,9.94
Yadadri Bhuvanagiri,17.5808,78.9218,2021,1,0.04,75.42,21.26,30.56,13.32
Yadadri Bhuvanagiri,17.5808,78.9218,2021,2,0.07,52.76,22.47,35.29,11.1
Yadadri Bhuvanagiri,17.5808,78.9218,2021,3,0.0,31.57,28.08,41.17,16.65
Yadadri Bhuvanagiri,17.5808,78.9218,2021,4,0.65,36.99,31.31,40.76,22.01
Yadadri Bhuvanagiri,17.5808,78.9218,2021,5,1.11,47.65,31.71,40.71,23.99
Yadadri Bhuvanagiri,17.5808,78.9218,2021,6,5.55,71.49,27.31,36.62,21.37
Yadadri Bhuvanagiri,17.5808,78.9218,2021,7,9.77,82.65,25.81,31.95,21.76
Yadadri Bhuvanagiri,17.5808,78.9218,2021,8,5.61,84.65,25.34,31.17,20.57
Yadadri Bhuvanagiri,17.5808,78.9218,2021,9,7.92,87.01,24.99,29.82,18.7
Yadadri Bhuvanagiri,17.5808,78.9218,2021,10,3.0,84.84,23.98,29.82,16.49
Yadadri Bhuvanagiri,17.5808,78.9218,2021,11,0.84,86.61,22.39,29.14,13.47
Yadadri Bhuvanagiri,17.5808,78.9218,2021,12,0.0,77.18,19.98,28.06,9.39
Yadadri Bhuvanagiri,17.5808,78.9218,2021,13,2.89,68.34,25.4,41.17,9.39
Yadadri Bhuvanagiri,17.5808,78.9218,2022,1,0.96,68.61,20.13,30.69,8.32
Yadadri Bhuvanagiri,17.5808,78.9218,2022,2,0.0,55.32,22.64,33.92,11.03
Yadadri Bhuvanagiri,17.5808,78.9218,2022,3,0.0,33.79,29.19,41.43,15.72
Yadadri Bhuvanagiri,17.5808,78.9218,2022,4,0.07,35.16,32.82,43.02,23.3
Yadadri Bhuvanagiri,17.5808,78.9218,2022,5,1.13,47.56,32.05,42.66,24.23
Yadadri Bhuvanagiri,17.5808,78.9218,2022,6,3.15,62.37,29.06,41.4,22.35
Yadadri Bhuvanagiri,17.5808,78.9218,2022,7,12.87,83.28,25.38,34.41,21.2
Yadadri Bhuvanagiri,17.5808,78.9218,2022,8,4.21,85.1,25.25,30.64,20.98
Yadadri Bhuvanagiri,17.5808,78.9218,2022,9,5.4,86.05,25.0,30.48,20.16
Yadadri Bhuvanagiri,17.5808,78.9218,2022,10,3.41,84.8,23.01,29.03,12.94
Yadadri Bhuvanagiri,17.5808,78.9218,2022,11,0.07,78.27,20.69,28.12,11.86
Yadadri Bhuvanagiri,17.5808,78.9218,2022,12,0.14,73.03,21.94,31.43,12.11
Yadadri Bhuvanagiri,17.5808,78.9218,2022,13,2.64,66.21,25.61,43.02,8.32
Yadadri Bhuvanagiri,17.5808,78.9218,2023,1,0.0,60.95,21.53,31.36,9.18
Yadadri Bhuvanagiri,17.5808,78.9218,2023,2,0.0,31.51,24.94,36.83,12.87
Yadadri Bhuvanagiri,17.5808,78.9218,2023,3,1.37,44.69,27.26,38.0,17.31
Yadadri Bhuvanagiri,17.5808,78.9218,2023,4,3.08,42.83,30.54,41.71,21.54
Yadadri Bhuvanagiri,17.5808,78.9218,2023,5,1.41,50.49,31.05,40.67,21.21
Yadadri Bhuvanagiri,17.5808,78.9218,2023,6,1.73,48.43,31.45,41.05,21.9
Yadadri Bhuvanagiri,17.5808,78.9218,2023,7,12.36,77.25,26.28,35.38,21.14
Yadadri Bhuvanagiri,17.5808,78.9218,2023,8,1.38,81.41,25.69,31.07,21.45
Yadadri Bhuvanagiri,17.5808,78.9218,2023,9,7.31,85.86,25.37,31.44,21.0
Yadadri Bhuvanagiri,17.5808,78.9218,2023,10,0.1,76.52,23.6,30.45,14.19
Yadadri Bhuvanagiri,17.5808,78.9218,2023,11,0.84,74.96,23.47,31.25,15.38
Yadadri Bhuvanagiri,17.5808,78.9218,2023,12,0.4,68.16,20.68,31.43,10.72
Yadadri Bhuvanagiri,17.5808,78.9218,2023,13,2.51,62.16,25.98,41.71,9.18
Yadadri Bhuvanagiri,17.5808,78.9218,2024,1,0.0,59.56,22.67,32.56,12.78
Yadadri Bhuvanagiri,17.5808,78.9218,2024,2,0.0,45.52,26.03,36.1,16.19
Yadadri Bhuvanagiri,17.5808,78.9218,2024,3,0.15,37.79,30.04,41.11,20.33
Yadadri Bhuvanagiri,17.5808,78.9218,2024,4,0.11,32.4,33.56,43.52,23.2
Yadadri Bhuvanagiri,17.5808,78.9218,2024,5,2.84,50.7,32.01,43.88,22.58
Yadadri Bhuvanagiri,17.5808,78.9218,2024,6,3.94,69.47,28.17,39.06,21.64
Yadadri Bhuvanagiri,17.5808,78.9218,2024,7,5.51,78.37,26.16,34.03,21.61
Yadadri Bhuvanagiri,17.5808,78.9218,2024,8,7.75,83.67,26.05,31.48,21.9
Yadadri Bhuvanagiri,17.5808,78.9218,2024,9,7.33,85.87,25.06,30.28,19.98
Yadadri Bhuvanagiri,17.5808,78.9218,2024,10,2.0,86.0,24.85,31.15,17.88
Yadadri Bhuvanagiri,17.5808,78.9218,2024,11,0.27,79.26,21.05,28.8,12.6
Yadadri Bhuvanagiri,17.5808,78.9218,2024,12,0.39,72.91,21.73,29.77,8.96
Yadadri Bhuvanagiri,17.5808,78.9218,2024,13,2.53,65.22,26.45,43.88,8.96
